CUSIP,TICKER,NAME
000307108,AACUSD,AAC HOLDINGS INC
00032Q104,WHWK,WHITEHAWK THERAPEUTICS INC
000360206,AAON,AAON INC
000361105,AIR,AAR CORP
000375204,ABBGBP,ABB LTD-SPON ADR
00039J103,YEAR,AB ULTRA SHORT INCOME ETF
00039J202,TAFIUSD,AB TAX AWARE SHORT DUR MUNI
00039J608,HYFI,AB HIGH YIELD ETF
00039J830,SYFI,AB SHRT DURATION HGH YLD ETF
00081T108,ACCO,ACCO BRANDS CORP
000868109,ACNB,ACNB CORP
000899104,ADMA,ADMA BIOLOGICS INC
00090Q103,ADT2USD,ADT INC
00091E109,ABSI,ABSCI CORP
00091G104,ACVA,ACV AUCTIONS INC-A
000957100,ABM,ABM INDUSTRIES INC
001055102,AFL,AFLAC INC
001084102,AGCO,AGCO CORP
00108J109,ACMR,ACM RESEARCH INC-CLASS A
00109K105,AFCG,ADVANCED FLOWER CAPITAL INC
00110G408,BTAL,AGF US MARKET NEUTRAL ANTI-B
001228105,MITTUSD,AG MORTGAGE INVESTMENT TRUST
001228501,MITT,TPG MORTGAGE INVESTMENT TRUS
00123Q104,AGNCGBP,AGNC INVESTMENT CORP
00130H105,AES,AES CORP
00130H204,AES 6.875 02/15/24,AES CORP/THE
001317205,AAGIYUSD,AIA GROUP LTD-SP ADR
00138L108,RERE,ATRENEW INC
00152K101,AKA2GBP,AKA BRANDS HOLDING CORP
001547108,AKS1USD,AK STEEL HOLDING CORP
00162Q106,RDOG,ALPS REIT DIVIDEND DOGS ETF
00162Q205,EQL,CI INV SP 500 EQU WEG IND-UI
00162Q346,SMTH,ALPS SMTH COR BD PLUS ETF
00162Q361,OGIG,ALPS OSHARES GLOBAL INTERNET
00162Q387,OUSA,ALPS OSHARES US QUALITY DIVI
00162Q395,OUSMUSD,ALPS OSHARES US SMALL-CAP QU
00162Q452,AMLP,ALERIAN MLP ETF
00162Q460,ACES,ALPS CLEAN ENERGY ETF
00162Q478,DTEC,ALPS DISRUPTIVE TECHNOLOGIES
00162Q593,SBIO,ALPS MEDICAL BREAKTHROUGHS
00162Q643,SGDMUSD,SPROTT GOLD MINERS ETF
00162Q676,ENFR,ALERIAN ENERGY INFRASTRUCTUR
00162Q718,IDOG,ALPS INTERNATIONAL SECTOR DI
00162Q726,BFOR,BARRON'S 400 ETF
00162Q783,RIGS,ALPS STRATEGIC INCME FD-USDI
00162Q858,SDOG,ALPS SECTOR DIVIDEND DOGS
00162Q866,AMLPUSD,ALERIAN MLP ETF
00163U106,AMAGUSD,AMAG PHARMACEUTICALS INC
00164V103,AMCX,AMC GLOBAL MEDIA INC
00165C302,AMC,AMC ENTERTAINMENT HLDS-CL A
00166B105,ALXO,ALX ONCOLOGY HOLDINGS INC
001744101,AMN,AMN HEALTHCARE SERVICES INC
00175J107,POWW,OUTDOOR HOLDING CO
00181T107,GOLD,GOLD.COM INC
00182C103,ANIP,ANI PHARMACEUTICALS INC
00183L102,ANGI1EUR,ANGI INC
00183L201,ANGI,ANGI INC
00187Y100,APG,API GROUP CORP
00191U102,EFOR,EVERFORTH INC
00206R102,T,AT&T INC
002120103,LIFE1EUR,ATYR PHARMA INC
002120202,ATYR,ATYR PHARMA INC
002121101,ATEN,A10 NETWORKS INC
00214Q104,ARKK,ARK INNOVATION ETF
00214Q203,ARKQ,ARK AUTONOMOUS TECH & ROBOT
00214Q302,ARKG,ARK GENOMIC REVOLUTION ETF
00214Q401,ARKW,ARK NEXT GENERATION INTERNET
00214Q500,PRNT1USD,THE 3D PRINTING ETF
00214Q609,IZRL,ARK ISRAEL INNOVATIVE TECHNO
00214Q708,ARKF,ARK BLOCKCHAIN & FINTECH INN
00214Q807,ARKX,ARK SPACE & DEFENSE INNOVATI
00215F107,ATNI,ATN INTERNATIONAL INC
00215W100,ASX,ASE TECHNOLOGY HOLDING -ADR
00217D100,ASTS,AST SPACEMOBILE INC
00217Y104,ATS,ATS CORP
00218A105,ASPI,ASP ISOTOPES INC
002255107,AUOUSD,AU OPTRONICS CORP-SPON ADR
00246W103,AXTI,AXT INC
002474104,AZZ,AZZ INC
002535300,AANUSD,AARON'S INC
00258Y104,ABX,ABACUS GLOBAL MANAGEMENT INC
002824100,ABT,ABBOTT LABORATORIES
00287Y109,ABBV,ABBVIE INC
00288U106,ABCL,ABCELLERA BIOLOGICS INC
002896207,ANF,ABERCROMBIE & FITCH CO-CL A
00289Y107,ABEO1EUR,ABEONA THERAPEUTICS INC
00289Y206,ABEO,ABEONA THERAPEUTICS INC
002942100,AARD,AARDVARK THERAPEUTICS INC
003009867,FAX,ABRDN ASIA-PACIFIC INCOME
003013109,XFCOX,ABRDN GLOBAL INCOME FUND INC
00301W105,AEF,ABRDN EMERGING MARKETS EX CH
00302L108,XAWPX,ABRDN GLOBAL PREMIER PROPERT
00302M106,AGD,ABRDN GLBL DYNM DIVID
003057106,ACP,ABRDN INCOME CREDIT STRAT
00306J109,XJEQX,ABRDN JAPAN EQUITY FUND INC
003260106,PPLT,ABRDN PHYSICAL PLATINUM SHRS
003261104,BCI,ABRDN BLOOMBERG ALL COMMODIT
003261203,BCD,ABRDN BLOOMBERG ALL COMMODIT
003262102,PALL,ABRDN PHYSICAL PALLADIUM SHS
003263100,GLTRUSD,ABERDEEN STANDARD PHYSICAL P
003264108,SIVRGBP,ABERDEEN STANDARD PHYSICAL S
00326A104,SGOLUSD,ABERDEEN STANDARD PHYSICAL G
00326L100,AOD,ABRDN TOTAL DYNAMIC DIVIDEND
00326W106,ASGI,ABRDN GLOBAL INFRASTRUCTURE
003654100,ABMDUSD,ABIOMED INC
00370M103,ABVX,ABIVAX SA-ADR
003830106,AXASUSD,ABRAXAS PETROLEUM CORP
00386B109,ABT2EUR,ABSOLUTE SOFTWARE CORPORATIO
003881307,ACTG,ACACIA RESEARCH CORP
00401C108,ACIAEUR,ACACIA COMMUNICATIONS INC
00402L107,ASOUSD,ACADEMY SPORTS & OUTDOORS IN
00404A109,ACHC,ACADIA HEALTHCARE CO INC
004225108,ACAD,ACADIA PHARMACEUTICALS INC
004239109,AKR1USD,ACADIA REALTY TRUST
00434H108,XLRNUSD,ACCELERON PHARMA INC
00436Q106,ACEL,ACCEL ENTERTAINMENT INC
00437E102,ACCDUSD,ACCOLADE INC
004397105,ARAY,ACCURAY INC
004446100,ACETUSD,ACETO CORP
004449104,AKAOUSD,ACHAOGEN INC
00444P108,OPXAUSD,ACER THERAPEUTICS INC
00444T100,ACRXUSD,ACELRX PHARMACEUTICALS INC
004468500,ACHV,ACHIEVE LIFE SCIENCES INC
00448Q201,ACHNUSD,ACHILLION PHARMACEUTICALS
004498101,ACIW,ACI WORLDWIDE INC
00461U105,ACRS,ACLARIS THERAPEUTICS INC
004816104,ACU,ACME UNITED CORP
00484MAA4,ACOR 1.75 06/15/21,ACORDA THERAPEUTICS INC
00486H105,ADTN,ADTRAN HOLDINGS INC
004890109,ACRV,ACRIVON THERAPEUTICS INC
00489Q102,ACR,ACRES COMMERCIAL REALTY CORP
00507V109,AIY,ACTIVISION BLIZZARD INC
00507W107,ATNMUSD,ACTINIUM PHARMACEUTICALS INC
00507W206,ATNM,ACTINIUM PHARMACEUTICALS INC
00508X203,ATUEUR,ACTUANT CORP-A
00508Y102,AYI,ACUITY INC
005098108,GOLF,ACUSHNET HOLDINGS CORP
00509G209,ABOS,ACUMEN PHARMACEUTICALS INC
00510N102,TIC,TIC SOLUTIONS INC
005111109,AFIBGBP,ACUTUS MEDICAL INC
00534A102,IVVD,INVIVYD INC
00548A106,ADMSUSD,ADAMAS PHARMACEUTICALS INC
00548F105,PEO,ADAMS NATURAL RESOURCES FUND
006212104,ADX,ADAMS DIVERSIFIED EQUITY
006351308,AEUSD,ADAMS RESOURCES & ENERGY INC
00650F109,ADPT,ADAPTIVE BIOTECHNOLOGIES
00653A107,ADAPUSD,ADAPTIMMUNE THERAPEUTICS-ADR
00653Q102,AHCO,ADAPTHEALTH CORP
006739106,ADUS,ADDUS HOMECARE CORP
00676P107,ADEA,ADEIA INC
006855100,ADPTEUR,ADEPTUS HEALTH INC-CLASS A
00687A107,ADDYYUSD,ADIDAS AG-SPONSORED ADR
00687D101,IOTSEUR,ADESTO TECHNOLOGIES CORP
007002108,TORCEUR,ADICET BIO INC
00724F101,ADBE,ADOBE INC
00737L103,CVSA,COVISTA INC
00738A106,ADTNEUR,ADTRAN INC
00739L101,ADROUSD,ADURO BIOTECH INC
00751Y106,AAP1USD,ADVANCE AUTO PARTS INC
00760J108,AEHR,AEHR TEST SYSTEMS
00764C109,AVK,ADVENT CONVERT & INCOME
00765F101,AAVGBP,ADVANTAGE OIL & GAS LTD
00766T100,ACM,AECOM
00768Y206,AADR,ADVISORSHARES DORSEY WRIGHT
00768Y453,MSOS,ADVISORSHARES PURE US CANN
00768Y495,YOLO,ADVISORSHARES PURE CANNABIS
00768Y560,CWS,ADVISORSHARES EQUITY FOCUSED
00768Y818,SURE,ADVISORSHARES INSIDER ADVANT
00768Y883,HDGEGBP,ADVISORSHARES RANGER EQ BEAR
0076CA104,AEG,AEGON LTD-NY REG SHR
00770C101,ARQ,ARQ INC
00770F104,AEGN,AEGION CORP
00770K202,AMTX,AEMETIS INC
00771V108,AERIUSD,AERIE PHARMACEUTICALS INC
00773J103,AGLEUSD,AEGLEA BIOTHERAPEUTICS INC
00773J202,SYRE,SPYRE THERAPEUTICS INC
00773T101,ASIX,ADVANSIX INC
00773U108,ADVMCHF,ADVERUM BIOTECHNOLOGIES INC
00773U207,AVU0,ADVERUM BIOTECHNOLOGIES INC
00776X109,ALMU,AELUMA INC
007786106,HIVEUSD,AEROHIVE NETWORKS INC
007800105,AJRDUSD,AEROJET ROCKETDYNE HOLDINGS
007903107,AMD,ADVANCED MICRO DEVICES
007903BD8,AMD 2.125 09/01/26,ADVANCED MICRO DEVICES
00790R104,WMS,ADVANCED DRAINAGE SYSTEMS IN
00790T100,AAAPGBP,ADVANCED ACCELERATOR APP-ADR
00790X101,ADSW,ADVANCED DISPOSAL SERVICES I
007973100,AEIS,ADVANCED ENERGY INDUSTRIES
007973AE0,AEIS 2.5 09/15/28,ADVANCED ENERGY IND
008064206,JBIO,JADE BIOSCIENCES INC
008073108,AVAV,AEROVIRONMENT INC
00808N202,AES 6.75 10/15/29,AES TRUST III
00810F106,ASLE,AERSALE CORP
008252108,AMG,AFFILIATED MANAGERS GROUP
00827B106,AFRM,AFFIRM HOLDINGS INC
00827BAB2,AFRM 0 11/15/26,AFFIRM HOLDINGS INC
00835P105,GNMXUSD,AEVI GENOMIC MEDICINE INC
00835Q202,AEVA,AEVA TECHNOLOGIES INC
00846U101,A,AGILENT TECHNOLOGIES INC
008474108,AEM,AGNICO EAGLE MINES LTD
00847G705,AGENEUR,AGENUS INC
00847G804,AGEN,AGENUS INC
00847J105,AGYS,AGILYSYS INC
00847L100,AGRXUSD,AGILE THERAPEUTICS INC
00847X104,AGIO,AGIOS PHARMACEUTICALS INC
00848H108,AGEGBP,AGEX THERAPEUTICS INC
008492100,ADCUSD,AGREE REALTY CORP
00851L103,API,AGORA INC-ADR
00856G109,AGFSUSD,AGROFRESH SOLUTIONS INC
00887A105,ALRNUSD,AILERON THERAPEUTICS INC
00888H208,APRW,ALLINZIM US EQ BFR20 APR-USD
00888H406,JULW,ALIANZIM US EQ BFR20 JUL-USD
00888H505,OCTW,ALIANZIM US EQ BFR20 OCT-USD
00888H687,SEPW,ALIANZIM US EQ BFR20 SEP-USD
00888H703,JANT,ALLIANZIM US EQ BFFR10 JN-US
00888H711,AUGW,ALIANZIM US EQ BFR20 AUG-USD
00888H786,FEBW,ALIANZIM US EQ BFR20 FEB-USD
00888H794,DECW,ALIANZIM US EQ BFR20 DEC-USD
00888H802,JANW,ALIANZIM US EQ BFR20 JAN-USD
00888H869,SIXJ,ALLIAN US EQU 6 MON BU10-USD
00888H877,SIXO,ALLIAN US EQU 6 MON BU10-USD
008940108,AISP,AIRSHIP AI HOLDINGS INC
00900T107,AIMTUSD,AIMMUNE THERAPEUTICS INC
00901B105,HEBCHF,AIM IMMUNOTECH INC
009066101,ABNB,AIRBNB INC-CLASS A
009066AB7,ABNB 0 03/15/26,AIRBNB INC
009126202,AIQUYUSD,AIR LIQUIDE-UNSPONSORED ADR
009158106,APDEUR,AIR PRODUCTS & CHEMICALS INC
00922R105,ATSG*,AIR TRANSPORT SERVICES GROUP
00922RAB1,ATSG 1.125 10/15/24,AIR TRANSPORT SERVICES G
009279100,EADSYUSD,AIRBUS SE - UNSP ADR
00938A104,AIRG,AIRGAIN INC
009422106,AIRO,AIRO GROUP HOLDINGS INC
009496100,AIRS,AIRSCULPT TECHNOLOGIES INC
00971T101,AKAM,AKAMAI TECHNOLOGIES INC
00971TAG6,AKAM 0 02/15/19,AKAMAI TECHNOLOGIES INC
00971TAJ0,AKAM 0.125 05/01/25,AKAMAI TECHNOLOGIES INC
00971TAL5,AKAM 0.375 09/01/27,AKAMAI TECHNOLOGIES INC
00971TAN1,AKAM 1.125 02/15/29,AKAMAI TECHNOLOGIES INC
009728106,AKRXUSD,AKORN INC
00972D105,AKBA,AKEBIA THERAPEUTICS INC
00972L107,AKCAUSD,AKCEA THERAPEUTICS INC
00973N102,AVH,AKOUSTIS TECHNOLOGIES INC
00973Y108,0K4,AKERO THERAPEUTICS INC
011311107,ALG,ALAMO GROUP INC
011532108,AGI,ALAMOS GOLD INC-CLASS A
011642105,ALRM,ALARM.COM HOLDINGS INC
011642AB1,ALRM 0 01/15/26,ALARM.COM HLDGS INC
011659109,ALK2USD,ALASKA AIR GROUP INC
01167P101,ALSKUSD,ALASKA COMM SYSTEMS GROUP
012348108,AIN,ALBANY INTL CORP-CL A
012653101,ALB,ALBEMARLE CORP
012653200,ALB 7.25 03/01/27,ALBEMARLE CORP
013091103,ACI,ALBERTSONS COS INC - CLASS A
01345P106,BDQM,ALBIREO PHARMA INC
01374T102,ABDCUSD,ALCENTRA CAPITAL CORP
013817309,ARNC 5.375 10/01/17 1,ALCOA INC
013872106,AA,ALCOA CORP
014339105,ALDR1USD,ALDER BIOPHARMACEUTICALS INC
01438T106,ALDX,ALDEYRA THERAPEUTICS INC
014442107,ALEC,ALECTOR INC
01446U103,ALRS,ALERUS FINANCIAL CORP
014491104,ABU,ALEXANDER & BALDWIN INC
014752109,ALXUSD,ALEXANDER'S INC
015271109,ARE1USD,ALEXANDRIA REAL ESTATE EQUIT
015351109,ALXNEUR,ALEXION PHARMACEUTICALS INC
01535P106,AXU,ALEXCO RESOURCE CORP
015658107,ASTL,ALGOMA STEEL GROUP INC
015857105,AQN,ALGONQUIN POWER & UTILITIES
015857873,AQNCN 7.75 06/15/24,ALGONQUIN PWR &
01609W102,BABA,ALIBABA GROUP HOLDING-SP ADR
01609WBG6,BABA 0.5 06/01/31,ALIBABA GROUP HOLDING
016230104,ALCO,ALICO INC
016255101,ALGN,ALIGN TECHNOLOGY INC
016259103,ALIMUSD,ALIMERA SCIENCES INC
01625V104,ALHC,ALIGNMENT HEALTHCARE INC
01626W101,ALITEUR,ALIGHT INC - CLASS A
01644J108,ALKT,ALKAMI TECHNOLOGY INC
01671P100,ALLKGUSD,ALLAKOS INC
01675A109,BIRDUSD,ALLBIRDS INC-CL A
017175100,YUSD,ALLEGHANY CORP
01741R102,ATI,ATI INC
01748X102,ALGT,ALLEGIANT TRAVEL CO
01749D105,ALGM,ALLEGRO MICROSYSTEMS INC
018119107,ALNAUSD,ALLENA PHARMACEUTICALS INC
018522300,AEBA,ALLETE INC
018581108,BFH,BREAD FINANCIAL HOLDINGS INC
01862Q107,ALH,ALLIANCE LAUNDRY HOLDINGS IN
01864U106,AFB,ALLIANCEBERSTEIN NTL MUNI
01877R108,ARLP,ALLIANCE RESOURCE PARTNERS
01879R106,AWF,ALLIANCEBERNSTEIN GL HI INC
018802108,LNT,ALLIANT ENERGY CORP
018802AC2,LNT 3.875 03/15/26,ALLIANT ENERGY CORP
01881G106,ABUSD,ALLIANCEBERNSTEIN HOLDING LP
01921D204,AAUC,ALLIED GOLD CORP
019330109,ALNT,ALLIENT INC
01973R101,ALSN,ALLISON TRANSMISSION HOLDING
019770106,ALLO,ALLOGENE THERAPEUTICS INC
01988P108,MDRXUSD,ALLSCRIPTS HEALTHCARE SOLUTI
01988PAD0,MDRX 1.25 07/01/20,ALLSCRIPTS HEALTHCARE SO
020002101,ALL,ALLSTATE CORP
02005N100,ALLY,ALLY FINANCIAL INC
020283305,AMM1GBP,ALMADEN MINERALS LTD - B
020398707,ALM,ALMONTY INDUSTRIES INC
02043Q107,ALNY,ALNYLAM PHARMACEUTICALS INC
02043QAB3,ALNY 1 09/15/27,ALNYLAM PHARMACEUTICALS
02052T109,ALDWUSD,ALON USA PARTNERS LP
02072L102,QVAL,ALPHA ARCH US QNT VALUE ETF
02072L201,IVAL,ALPHA ARCHI INTL QT VLU ETF
02072L409,QMOM,ALPHA US QUANT MOM ETF
02072L441,BUXX,STRIVE ENHANCED INCOME SHORT
02072L532,BSVO,EA Bridgeway Omni Sm-Cp Val
02072L565,BOXXUSD,ALPHA ARCHITECT 1-3 MNTH BOX
02072L607,FRDM,FREEDOM 100 EMEGING MRKT ETF
02072L680,STXF,STRIVE 500 ETF
02072L714,BBLU,EA BRIDGEWAY BLUE CHIP ETF
02072L722,DRLLUSD,STRIVE US ENERGY ETF
020764106,AMR,ALPHA METALLURGICAL RESOURCE
02076X102,ANRZQEUR,ALPHA NATURAL RESOURCES INC
020772109,APT,ALPHA PRO TECH LTD
02079K107,GOOG,ALPHABET INC-CL C
02079K305,GOOGL,ALPHABET INC-CL A
02080L102,TKNO,ALPHA TEKNOVA INC
02081G201,ATEC,ALPHATEC HOLDINGS INC
02083G100,NVLSUSD,ALPINE IMMUNE SCIENCES INC
02083X103,PINE,ALPINE INCOME PROPERTY TRUST
02128L106,ALTG,ALTA EQUIPMENT GROUP INC
02133L109,AMRQQ,ALTA MESA RESOURCES INC-A
021346101,AABAUSD,ALTABA INC
021369103,ALTREUR,ALTAIR ENGINEERING INC - A
021513106,ALTO,ALTO INGREDIENTS INC
02155H200,ALT,ALTIMMUNE INC
02156B103,AYXUSD,ALTERYX INC - CLASS A
02156BAD5,AYX 0.5 08/01/24,ALTERYX INC
02156BAF0,AYX 1 08/01/26,ALTERYX INC
02156K103,OPTU,OPTIMUM COMMUNICATIONS INC-A
02156U101,ATERUSD,ATERIAN INC
02156V109,OKLO,OKLO INC
02157E106,ALTI,ALTI GLOBAL INC
02157M108,AEAE,ALTENERGY ACQUISITION CORP-A
02157Q109,ANRO,ALTO NEUROSCIENCE INC
02208R106,AIMCEUR,ALTRA INDUSTRIAL MOTION CORP
02209S103,MO,ALTRIA GROUP INC
02215L209,KNTK,KINETIK HOLDINGS INC
02217A102,AMPSUSD,ALTUS POWER INC
022276109,ACHUSD,ALUMINUM CORP OF CHINA-ADR
022307102,ALMS,ALUMIS INC
022663108,AMALEUR,AMALGAMATED BK OF NEW YORK-A
022671101,AMAL,AMALGAMATED FINANCIAL CORP
023111404,AMRN,AMARIN CORP PLC -ADR
023135106,AMZN,AMAZON.COM INC
023139884,OSG,OCTAVE SPECIALTY GROUP INC
02318Y108,AMBRUSD,AMBER ROAD INC
023193105,AMBQ,AMBIQ MICRO INC
02319V103,ABEVUSD,AMBEV SA-ADR
023436108,ADY,AMEDISYS INC
023576101,AMTB,AMERANT BANCORP INC
023586100,UHAL,U-HAUL HOLDING CO
023586506,UHAL/B,U-HAUL HOLDING CO-NON VOTING
023608102,AEE,AMEREN CORPORATION
02361E108,AMRC,AMERESCO INC-CL A
02364V206,GHI,GREYSTONE HOUSING IMPACT INV
02364W105,AMXN,AMERICA MOVIL-SPN ADR CL L
02376R102,AAL,AMERICAN AIRLINES GROUP INC
02376RAF9,AAL 6.5 07/01/25,AMERICAN AIRLINES GROUP
02390A101,AMX2EUR,AMERICA MOVIL SAB DE CV
023939101,AMTM,AMENTUM HOLDINGS INC
024013104,AAT,AMERICAN ASSETS TRUST INC
024061103,DCH,DAUCH CORPORATION
02451V309,ABAT,AMERICAN BATTERY TECHNOLOGY
024835100,ACCUSD,AMERICAN CAMPUS COMMUNITIES
025072109,KORP,AMERICAN CENTURY DIVERSIFIED
025072158,AVLC,AVANTIS US LG CAP EQ ETF
025072232,AVGEUSD,AVANTIS ALL EQTY MRKTS ETF
025072281,AVSU,AVANTIS RESP US EQUITY ETF
025072299,AVSD,AVANTIS REPS INTERN EQUI ETF
025072307,QGRO,AMERICAN CENTURY US QUALITY
025072323,AVSC,AVANTIS US SMALL CAP EQUITY
025072349,AVLV,AVANTIS US LARGE CAP VALUE
025072356,AVRE,AVANTIS REAL ESTATE ETF
025072364,AVIV,AVANTIS INT LRG CAP VAL ETF
025072372,AVES,AVANTIS EMERGING MARKETS VAL
025072406,QINT,AMERICAN CENTURY QLTY DIVER
025072505,TAXF,AMERICAN CENTURY DIVER MUNI
025072562,AVIG,AVANTIS CORE FIXED INCOME
025072604,AVEM,AVANTIS EMERGING MARKETS EQ
025072687,AVSF,AVANTIS SHORT-TERM FIXED INC
025072703,AVDE,AVANTIS INTERNATIONAL EQUITY
025072802,AVDV,AVANTIS INTL S/C VALUE ETF
025072810,FDG,AMERICAN CENTURY FOCUSED DYN
025072877,AVUV,AVANTIS US SMALL CAP VALUE
025072885,AVUS,AVANTIS U.S. EQUITY ETF
025537101,AEP,AMERICAN ELECTRIC POWER
025537127,AEP 6.125 03/15/22,AMERICAN ELECTRIC POWER
02553E106,AEO,AMERICAN EAGLE OUTFITTERS
025676206,AELEUR,AMERICAN EQUITY INVT LIFE HL
025816109,AXP,AMERICAN EXPRESS CO
025932104,AFG,AMERICAN FINANCIAL GROUP INC
02607T109,AFINUSD,NECESSITY RETAIL REIT INC/TH
02665T306,AMH,AMERICAN HOMES 4 RENT- A
026874784,AIG,AMERICAN INTERNATIONAL GROUP
026948109,AII,AMERICAN INTEGRITY INSURANCE
027259209,LI1USD,AMERICAN LITHIUM CORP
02752P100,AMIDUSD,AMERICAN MIDSTREAM PARTNERS
02772A109,ANAT1USD,AMERICAN NATIONAL GROUP INC
027745108,AMNBUSD,AMER NATL BNKSHS/DANVILLE VA
028591105,ANATUSD,AMERICAN NATIONAL INSURANCE
02874P103,AOBCUSD,AMERICAN OUTDOOR BRANDS CORP
02875D109,AOUT,AMERICAN OUTDOOR BRANDS INC
02913V103,APEI,AMERICAN PUBLIC EDUCATION
029174109,ARL,AMERICAN REALTY INVESTORS IN
02917TAA2,VER 3 08/01/18,VEREIT INC
02917TAB0,VER 3.75 12/15/20,VEREIT INC
029227105,ARAUSD,AMERICAN RENAL ASSOCIATES HO
02927U208,AREC,AMERICAN RESOURCES CORP
029683109,AMSWAUSD,AMERICAN SOFTWARE INC-CL A
029899101,AWR,AMERICAN STATES WATER CO
030111207,AMSC,AMERICAN SUPERCONDUCTOR CORP
03027X100,AMT1USD,AMERICAN TOWER CORP
03027X308,AMT 5.25 05/15/17 A,AMERICAN TOWER CORP
03027X407,AMT 5.5 02/15/18,AMERICAN TOWER CORP
030371108,AVD,AMERICAN VANGUARD CORP
03040WBE4,AWK 3.625 06/15/26,AMERICAN WATER CAPITAL C
030420103,AWK,AMERICAN WATER WORKS CO INC
03044L204,AMWL,AMERICAN WELL CORP-CLASS A
030506109,AHQ,AMERICAN WOODMARK CORP
03062D100,SPMEUR,AMERICAS GOLD AND SILVER COR
03062D803,USAS,AMERICAS GOLD AND SILVER COR
03062T105,CRMT,AMERICA'S CAR-MART INC
03064D108,COLDEUR,AMERICOLD REALTY TRUST INC
03071H100,AMSF,AMERISAFE INC
03073E105,COR,CENCORA INC
03074A102,ASRV,AMERISERV FINANCIAL INC
03076C106,AMP,AMERIPRISE FINANCIAL INC
03076K108,ABCB,AMERIS BANCORP
030975106,APU,AMERIGAS PARTNERS LP
031001100,ATLO,AMES NATIONAL CORP
031100100,AME,AMETEK INC
031162100,AMGN,AMGEN INC
03152W109,FOLDUSD,AMICUS THERAPEUTICS INC
031652100,AMKRUSD,AMKOR TECHNOLOGY INC
03168L105,AMRX,AMNEAL PHARMACEUTICALS INC
032037103,AP,AMPCO-PITTSBURGH CORP
032095101,APH,AMPHENOL CORP-CL A
03209R103,AMPH,AMPHASTAR PHARMACEUTICALS IN
032108102,IBUY,AMPLIFY ONLINE RETAIL ETF
032108409,DIVO,AMPLIFY CWP ENHAN DIVID ETF
032108474,MJ,AMPLIFY ALTERNAT HARVEST ETF
032108607,BLOKUSD,AMPLIFY TRANSFOR DATA SHARIN
032108649,SILJ,AMPLIFY JUNIOR SILVER MINERS
032108656,IPAY,AMPLIFY DIGITAL PAYMENTS ETF
032108664,HACK,AMPLIFY CYBERSECURITY ETF
032108722,IDVO,AMPLIFY CWP INTL ENH DVD INC
032108805,BATT,AMPLIFY LITHIUM BATTERY TECH
032108847,YYY,AMPLIFY CEF HIGH INCOME ETF
032108888,SWAN,AMPLIFY BLCKSWN GROW TRSRY
03211L102,BETRUSD,AMPLIFY SNACK BRANDS INC
03212B103,AMPY,AMPLIFY ENERGY CORP
03213A104,AMPLGBX,AMPLITUDE INC-CLASS A
03214Q108,AMPX,AMPRIUS TECHNOLOGIES INC
03232P405,AMSGEUR,AMSURG CORP
032332504,ASYS,AMTECH SYSTEMS INC
03236M200,AMRSUSD,AMYRIS INC
03237H101,AMLX,AMYLYX PHARMACEUTICALS INC
032511107,APC3EUR,ANADARKO PETROLEUM CORP
032654105,ADI,ANALOG DEVICES INC
032724106,ANAB,ANAPTYSBIO INC
03272L108,PLANUSD,ANAPLAN INC
032797300,AVXL,ANAVEX LIFE SCIENCES CORP
03350F106,ANDX,ANDEAVOR LOGISTICS LP
034164103,ANDE,ANDERSONS INC/THE
03463K752,UYLD,ANGEL OAK ULTRASHORT INCOME
03463K760,CARY,ANGEL OAK INCOME ETF
03464A100,FINS,ANGEL OAK FINANC STRAT INC
03464Y108,AOMRUSD,ANGEL OAK MORTGAGE REIT INC
03475V101,ANGO,ANGIODYNAMICS INC
034948109,ANGX,ANGEL STUDIOS INC
035128206,AU3EUR,ANGLOGOLD ASHANTI-SPON ADR
03524A108,BUD,ANHEUSER-BUSCH INBEV-SPN ADR
035255108,ANIK,ANIKA THERAPEUTICS INC
03528H109,ANIX,ANIXA BIOSCIENCES INC
035290105,AXE3EUR,ANIXTER INTERNATIONAL INC
035710409,NLYUSD,ANNALY CAPITAL MANAGEMENT IN
035710839,NLY,ANNALY CAPITAL MANAGEMENT IN
03589W102,ANNX,ANNEXON INC
03615A108,ANVS,ANNOVIS BIO
03662Q105,ANSSEUR,ANSYS INC
036642106,ATRS1USD,ANTARES PHARMA INC
03674X106,AR,ANTERO RESOURCES CORP
036752103,ELV,ELEVANCE HEALTH INC
036752202,ELV 5.25 05/01/18,ANTHEM INC
03675P102,AVR,ANTERIS TECHNOLOGIES GLOBAL
03676B102,AMGPUSD,ANTERO MIDSTREAM CORP
03676C100,ATEX,ANTERIX INC
037326105,ANTX,AN2 THERAPEUTICS INC
037347101,ANH1USD,ANWORTH MORTGAGE ASSET CORP
03737A200,9EOA,ANZU SPECIAL ACQUISITION COR
037411105,9990302D,APACHE CORP
03743Q108,APA,APA CORP
03748R747,AIV,APARTMENT INVT & MGMT CO -A
03748R754,AIVUSD,APARTMENT INVT & MGMT CO -A
03750L109,AIRCUSD,APARTMENT INCOME REIT CO
03753U106,1JK,APELLIS PHARMACEUTICALS INC
03755L104,APY1USD,APERGY CORP
037598109,APOG,APOGEE ENTERPRISES INC
03761U502,MFIC,MIDCAP FINANCIAL INVESTMENT
03762U105,ARI,APOLLO COMMERCIAL REAL ESTAT
03762UAB1,ARI 4.75 08/23/22,APOLLO CMMRL REAL EST FI
03763A207,ASTH,ASTRANA HEALTH INC
03765K104,APH1CAD,APHRIA INC
03767D108,APEN1USD,APOLLO ENDOSURGERY INC
03768E105,APOGBP,APOLLO ASSET MANAGEMENT INC
03769M106,APO,APOLLO GLOBAL MANAGEMENT INC
03769M304,APO 6.75 07/31/26,APOLLO GLOBAL MANAGEMENT
03770N101,APGE,APOGEE THERAPEUTICS INC
03782L101,APPN,APPIAN CORP-A
037833100,AAPL,APPLE INC
03783C100,APPF,APPFOLIO INC - A
03783T103,APPHEUR,APPHARVEST INC
03784Y200,APLEEUR,APPLE HOSPITALITY REIT INC
038169207,APLD,APPLIED DIGITAL CORP
03820C105,AIT,APPLIED INDUSTRIAL TECH INC
03820J100,2GT,APPLIED GENETIC TECHNOLOGIES
038222105,AMAT,APPLIED MATERIALS INC
03823U102,AAOI,APPLIED OPTOELECTRONICS INC
03828A101,2UV,APPLIED THERAPEUTICS INC
03831W108,APP,APPLOVIN CORP-CLASS A
038336103,ATR,APTARGROUP INC
03834A103,AREXUSD,APPROACH RESOURCES INC
03837C106,APYX,APYX MEDICAL CORP
03837J101,AQMSEUR,AQUA METALS INC
03842K200,ABTUEUR,AQUABOUNTY TECHNOLOGIES
03842Q108,AQGBP,AQUANTIA CORP
03843E104,AQST,AQUESTIVE THERAPEUTICS INC
03852U106,ARMK,ARAMARK
03874P101,PETXEUR,ARATANA THERAPEUTICS INC
03879J100,ABUS,ARBUTUS BIOPHARMA CORP
03890D108,VSARUSD,ARAVIVE INC
038923108,ABR,ARBOR REALTY TRUST INC
03937C105,ARCB,ARCBEST CORP
039380407,ARCH1USD,ARCH COAL INC - A
03938L203,MT,ARCELORMITTAL-NY REGISTERED
03940C100,ACLXGBX,ARCELLX INC
03940F103,LFG1USD,ARCHAEA ENERGY INC
03940R107,ARCH1USD,ARCH RESOURCES INC
03945R102,ACHR,ARCHER AVIATION INC-A
039483102,ADM,ARCHER-DANIELS-MIDLAND CO
03957W106,AROC,ARCHROCK INC
039587100,FUVEUR,ARCIMOTO INC
039653100,ACA,ARCOSA INC
03965L100,ARNCCHF,ARCONIC INC
03966V107,ARNC1USD,ARCONIC CORP
039697107,ARDX,ARDELYX INC
03969F109,RCUS,ARCUS BIOSCIENCES INC
03969K108,ARQT,ARCUTIS BIOTHERAPEUTICS INC
03969T109,ARCT,ARCTURUS THERAPEUTICS HOLDIN
03980N107,ARDT,ARDENT HEALTH INC
03990B101,ARES,ARES MANAGEMENT CORP - A
03990B309,ARES 6.75 10/01/27 B,ARES MANAGEMENT CORP
040044109,AREN,ARENA GROUP HOLDINGS INC/THE
040047607,ARNAUSD,ARENA PHARMACEUTICALS INC
04010E109,AGX,ARGAN INC
04010L103,ARCC,ARES CAPITAL CORP
04010LAB9,ARCC 5.75 02/01/16,ARES CAPITAL CORP
04010LAT0,ARCC 3.75 02/01/22,ARES CAPITAL CORP
04010LAW3,ARCC 4.625 03/01/24,ARES CAPITAL CORP
04013V108,ACRE,ARES COMMERCIAL REAL ESTATE
04014F102,ARDC,ARES DYNAMIC CREDIT ALL
04016X101,ARGX1GBP,ARGENX SE - ADR
04035M102,ARHS,ARHAUS INC
04040Y109,ARIS,ARIS MINING CORP
040413106,ANETEUR,ARISTA NETWORKS INC
040413205,ANET,ARISTA NETWORKS INC
04041L106,ARISUSD,ARIS WATER SOLUTIONS INC-A
040919102,ARKB,ARK 21SHARES BITCOIN ETF
041242108,ARKO,ARKO CORP
041356205,AI1USD,ARLINGTON ASSET INVESTMENT-A
042068205,ARM,ARM HOLDINGS PLC-ADR
04206A101,ARLO,ARLO TECHNOLOGIES INC
04208T108,AHHEUR,AH REALTY TRUST INC
042315507,ARRUSD,ARMOUR RESIDENTIAL REIT INC
042315705,ARR,ARMOUR RESIDENTIAL REIT INC
04238R106,AFI1USD,ARMSTRONG FLOORING INC
04247X102,AWI,ARMSTRONG WORLD INDUSTRIES
04269E107,ARQLUSD,ARQULE INC
04269X105,ARRYEUR,ARRAY BIOPHARMA INC
04271T100,ARRY,ARRAY TECHNOLOGIES INC
04271TAB6,ARRY 1 12/01/28,ARRAY TECHNOLOGIES INC
04272N102,AVBP,ARRIVENT BIOPHARMA INC
042735100,ARW,ARROW ELECTRONICS INC
04273H104,GYLDUSD,ARROW DOW JONES GLOBAL YIELD
042744102,AROW,ARROW FINANCIAL CORP
04280A100,ARWR,ARROWHEAD PHARMACEUTICALS IN
04302A104,AIP,ARTERIS INC
043113208,ARTNA,ARTESIAN RESOURCES CORP-CL A
04316A108,APAM,ARTISAN PARTNERS ASSET MA -A
04335A105,ARVN,ARVINAS INC
04341Y105,AKG1GBP,ASANKO GOLD INC
04342Y104,ASAN,ASANA INC - CL A
043436104,ABG,ASBURY AUTOMOTIVE GROUP
04351G101,ASNAUSD,ASCENA RETAIL GROUP INC
043632108,ASCMA,ASCENT CAPITAL GROUP INC-A
04367G103,TRXCEUR,ASENSUS SURGICAL INC
044104107,9YY,ASHFORD INC
044186104,ASH,ASHLAND INC
04523Y105,ASPN,ASPEN AEROGELS INC
04530L203,ASPUGBP,ASPEN GROUP INC
045327103,AZPNUSD,ASPEN TECHNOLOGY INC
045396207,ASMB,ASSEMBLY BIOSCIENCES INC
04545L107,DEPOUSD,ASSERTIO THERAPEUTICS INC
04546L106,AMKUSD,ASSETMARK FINANCIAL HOLDINGS
045487105,ASB,ASSOCIATED BANC-CORP
045528106,AC1EUR,ASSOCIATED CAPITAL GROUP - A
04621X108,AIZ,ASSURANT INC
046224101,ASTE,ASTEC INDUSTRIES INC
04626A103,ALAB,ASTERA LABS INC
046353108,AZNN,ASTRAZENECA PLC-SPONS ADR
04635X102,CATBUSD,ASTRIA THERAPEUTICS INC
04638F108,ALOT,ASTRONOVA INC
046433108,ATRO,ASTRONICS CORP
04649U102,ASUR,ASURE SOFTWARE INC
04650F101,ATAI,ATAIBECKLEY INC
04650Y100,HOME1USD,AT HOME GROUP INC
046513107,ATRAGBX,ATARA BIOTHERAPEUTICS INC
04681Y103,ASIC,ATEGRITY SPECIALTY HOLDINGS
04683R106,AVIR,ATEA PHARMACEUTICALS INC
04685N103,ATNXUSD,ATHENEX INC
04744L106,ATHXUSD,ATHERSYS INC
047649108,ATKR,ATKORE INC
047726104,BATRA,ATLANTA BRAVES HOLDINGS IN-A
047726302,BATRK,ATLANTA BRAVES HOLDINGS IN-C
048269203,ACBIUSD,ATLANTIC CAPITAL BANCSHARES
048453104,1ZR,ATLANTIC COASTAL ACQUISITI-A
048453203,1ZR0,ATLANTIC COASTAL ACQUISITION
04878Q863,ATP1GBP,ATLANTIC POWER CORP
04911A107,AUB,ATLANTIC UNION BANKSHARES CO
04914Y102,ATLC,ATLANTICUS HOLDINGS CORP
049164205,AAWWUSD,ATLAS AIR WORLDWIDE HOLDINGS
049164BH8,AAWW 2.25 06/01/22,ATLAS AIR WORLDWIDE HLDG
049164BJ4,AAWW 1.875 06/01/24,ATLAS AIR WORLDWIDE HLDG
04929Q102,ATLS,ATLAS ENERGY GROUP LLC
049468101,TEAM,ATLASSIAN CORP-CL A
049560105,ATO,ATMOS ENERGY CORP
04956D107,ATMU,ATMUS FILTRATION TECHNOLOGIE
04962H506,ATOSEUR,ATOSSA THERAPEUTICS INC
04963C209,ATRC,ATRICURE INC
04965B100,ATOM,ATOMERA INC
04965G109,BCELUSD,ATRECA INC - A
04965M106,ATAT,ATOUR LIFESTYLE HOLDINGS-ADR
04965N104,RNA,ATRIUM THERAPEUTICS INC
049904105,ATRIUSD,ATRION CORPORATION
050473107,AUBN,AUBURN NATL BANCORPORATION
05070R104,BOLDEUR,AUDENTES THERAPEUTICS INC
050734201,AEYE,AUDIOEYE INC
05105P107,AUGX,AUGMEDIX INC
05153U107,AURA,AURA BIOSCIENCES INC
05156V102,AUPH,AURINIA PHARMACEUTICALS INC
05156X850,ACB,AURORA CANNABIS INC
051774107,AUR,AURORA INNOVATION INC
052769106,ADSK,AUTODESK INC
05278C107,ATHM,AUTOHOME INC-ADR
052800109,ALV,AUTOLIV INC
05280R100,AUTL,AUTOLUS THERAPEUTICS PLC
053015103,ADP,AUTOMATIC DATA PROCESSING
05329W102,AN,AUTONATION INC
053332102,AZO,AUTOZONE INC
05335B100,ABTLEUR,AUTOWEB INC
05338F306,AVTX,AVALO THERAPEUTICS INC
05338G106,AVLRUSD,AVALARA INC
053484101,AVB,AVALONBAY COMMUNITIES INC
05350V106,8HH,AVANOS MEDICAL INC
05351W103,AGRUSD,AVANGRID INC
05351X101,AVYAUSD,AVAYA HOLDINGS CORP
05352A100,AVTR,AVANTOR INC
05356F105,AVAH,AVEANNA HEALTHCARE HOLDINGS
053588109,AVEOUSD,AVEO PHARMACEUTICALS INC
053588307,VPA,AVEO PHARMACEUTICALS INC
053604104,AVPT,AVEPOINT INC
053611109,AVY,AVERY DENNISON CORP
05366Y201,AVNW,AVIAT NETWORKS INC
05368J103,AVBH,AVIDBANK HOLDINGS INC
05368M106,PPHMUSD,AVID BIOSERVICES INC
05368V106,AVNT,AVIENT CORP
05368X102,AVDX,AVIDXCHANGE HOLDINGS INC
05370A108,RNAGBP,AVIDITY BIOSCIENCES INC
053774105,CAR,AVIS BUDGET GROUP INC
05379B107,AVAUSD,AVISTA CORP
053807103,AVT1USD,AVNET INC
05380C102,RCEL,AVITA MEDICAL INC
05382A104,AVVIYUSD,AVIVA PLC - SPON ADR
053906103,ASM,AVINO SILVER & GOLD MINES
054303102,AVPUSD,AVON PRODUCTS INC
054536107,AXAHYUSD,AXA -SPONS ADR
05453N100,AWRE,AWARE INC/MASS
054540208,ACLS,AXCELIS TECHNOLOGIES INC
05463X106,AXGN,AXOGEN INC
05464C101,AXON,AXON ENTERPRISE INC
05464CAB7,AXON 0.5 12/15/27,AXON ENTERPRISE INC
05464T104,AXSM,AXSOME THERAPEUTICS INC
05465C100,AX,AXOS FINANCIAL INC
05465P101,AXNX*,AXONICS INC
054754700,AYTUUSD,AYTU BIOSCIENCE INC
054754874,AYTUUSD,AYTU BIOSCIENCE INC
05478C105,AZEKGBP,AZEK CO INC/THE
05491G109,BATS1EUR,BATS GLOBAL MARKETS INC
05491N104,BBX1EUR,BLUEGREEN VACATIONS HOLDING
054937107,BBTUSD,BB&T CORP
05508R106,BGS,B&G FOODS INC
05523R107,BAESYEUR,BAE SYSTEMS PLC -SPON ADR
055262505,BASA,BASF SE-SPON ADR
055298103,BCBP,BCB BANCORP INC
05534B760,BCE,BCE INC
05541T101,BGCPUSD,BGC PARTNERS INC-CL A
05544A109,BGSFUSD,BG STAFFING INC
05545E209,BIL1,BHP GROUP PLC-ADR
055477103,BCAX,BICARA THERAPEUTICS INC
05550J101,BJ,BJ'S WHOLESALE CLUB HOLDINGS
05561Q201,BOKF,BOK FINANCIAL CORPORATION
055622104,BP,BP PLC-SPONS ADR
055630107,BMI,BP PRUDHOE BAY ROYALTY TRUST
055645303,BRT,BRT APARTMENTS CORP
05565A202,BNPQYUSD,BNP PARIBAS-ADR
05577E101,BTUSD,BT GROUP PLC-SPON ADR
05577W200,DOO,BRP INC/CA- SUB VOTING
05580M108,RILY,BRC GROUP HOLDINGS INC
05581M404,BTCS,BTCS INC
055869101,BTQ,BTQ TECHNOLOGIES CORP
05587G203,BKTI,BK TECHNOLOGIES CORP
05588W108,LEO,BNY MELLON STRATEGIC MUNI
05589G102,BWIN,BALDWIN INSURANCE GROUP INC/
05591B109,BMCHAUD,BMC STOCK HOLDINGS INC
05601C105,BGSF,BGSF INC
05601U105,BRCC,BRC INC-A
05603E208,BVFL,BV FINANCIAL INC
05603J108,BKV,BKV CORPORATION
05605H100,BWXT,BWX TECHNOLOGIES INC
05614L100,BWUSD,BABCOCK & WILCOX ENTERPR
05614L209,BW,BABCOCK & WILCOX ENTERPR
05637B105,BLZE,BACKBLAZE INC-A
056525108,BMI,BADGER METER INC
056752108,BIDU,BAIDU INC - SPON ADR
05684B107,BCSF,BAIN CAPITAL SPECIALTY FINAN
05722G100,BKR,BAKER HUGHES CO
05759B305,BKKT,BAKKT INC
057665200,BCPC,BALCHEM CORP
058498106,BALL,BALL CORP
058586108,BLDP,BALLARD POWER SYSTEMS INC
05875B106,TRWHUSD,BALLY'S CORP
058934100,BBAR,BBVA ARGENTINA SA-ADR
05945F103,BANF,BANCFIRST CORP
059460303,BBDUSD,BANCO BRADESCO-ADR
059460402,BBDO,BANCO BRADESCO-ADR
05946K101,BBVA,BANCO BILBAO VIZCAYA-SP ADR
059520106,BCH,BANCO DE CHILE-ADR
05961W105,BMA,BANCO MACRO SA-ADR
05964H105,SAN,BANCO SANTANDER SA-SPON ADR
05965X109,BSAC,BANCO SANTANDER-CHILE-ADR
05967A107,BSBRUSD,BANCO SANTANDER BRASIL-ADS
05968L102,CIBEUR,BANCOLOMBIA S.A.-SPONS ADR
059695106,BCV,BANCROFT FUND LTD
05969A105,TBBK,BANCORP INC/THE
05969B103,BSMXUSD,BANCO SANTANDER MEXICO -ADR
05988J103,BAND,BANDWIDTH INC-CLASS A
05990K106,BANC,BANC OF CALIFORNIA INC
060505104,BAC,BANK OF AMERICA CORP
060505682,BAC 7.25 PERP L,BANK OF AMERICA CORP
06211J100,BFC,BANK FIRST CORP
062540109,BOH,BANK OF HAWAII CORP
063425102,BMRC,BANK OF MARIN BANCORP/CA
063671101,BMO,BANK OF MONTREAL
06368B504,FNGS,MICROSECTORS FANG+ ETNS
064058100,BNY,BANK OF NEW YORK MELLON CORP
064149107,BNS,BANK OF NOVA SCOTIA
06417N103,OZK,BANK OZK
064520109,BPRNUSD,THE BANK OF PRINCETON
06643P104,BFINUSD,BANKFINANCIAL CORP
06652K103,BKU,BANKUNITED INC
06652N107,BSVN,BANK7 CORP
06652V208,BANR,BANNER CORPORATION
06654A103,BWFG,BANKWELL FINANCIAL GROUP INC
066849100,BHB,BAR HARBOR BANKSHARES
06684L103,BZUN,BAOZUN INC-SPN ADR
06690B107,PNSTQ,PINSTRIPES HOLDINGS INC
067383109,BCRUSD,CR BARD INC
06738C778,DJP,IPATH BLOOMBERG COMMODITY IN
06738C786,OILUSD,IPATH S&P GSCI CRUDE OIL TR
06738E204,BCS,BARCLAYS PLC-SPONS ADR
06739F390,BACR 6.625 PERP 2,BARCLAYS BANK PLC
06739H297,JOUSD,IPATH BLOOMBERG COFFEE SUBIN
06739H313,NIBUSD,IPATH BLOOMBERG COCOA SUBIND
06739H362,BACR 8.125 PERP 5,BARCLAYS BANK PLC
06739H511,BACR 7.75 PERP 4,BARCLAYS BANK PLC
06739H776,BACR 7.1 PERP 3,BARCLAYS BANK PLC
06742A669,CAPEUSD,BARCLAYS ETN+ SHILLER CAPE
06742C723,ATMP,IPATH SELECT MLP ETN
06748M196,VXX,IPATH SERIES B S&P 500 VIX
06759L103,BBDC,BARINGS BDC INC
06759X107,MCI,BARINGS CORPORATE INVESTORS
06760L100,BGH,BARINGS GLBL SHRT DUR HI YLD
06761A103,MPV,BARINGS PARTICIPATION INVEST
06777U101,BNEDUSD,BARNES & NOBLE EDUCATION INC
06777U200,BNED,BARNES & NOBLE EDUCATION INC
067806109,BUSD,BARNES GROUP INC
067901108,ABX,BARRICK GOLD CORP
068463108,BBSI,BARRETT BUSINESS SVCS INC
06846N104,BBG1USD,BILL BARRETT CORP
06849F108,B,BARRICK MINING CORP
06985P209,BAS1USD,BASIC ENERGY SERVICES INC
070203104,BSET,BASSETT FURNITURE INDS
070830104,BBWI,BATH & BODY WORKS INC
07134L107,BATL,BATTALION OIL CORP
071705107,BLCO,BAUSCH + LOMB CORP
071734107,BHC,BAUSCH HEALTH COS INC
071813109,BAX,BAXTER INTERNATIONAL INC
07272M107,BCML,BAYCOM CORP
072730302,BAYA,BAYER AG-SPONSORED ADR
07317Q105,BTE,BAYTEX ENERGY CORP
07329M100,BFRUSD,BBVA ARGENTINA SA-ADR
073685109,BECNUSD,BEACON ROOFING SUPPLY INC
07373B109,BEEM,BEAM GLOBAL
07373V105,BEAM,BEAM THERAPEUTICS INC
074014101,BBGIEUR,BEASLEY BROADCAST GRP INC -A
07556Q881,BZH,BEAZER HOMES USA INC
075887109,BDX,BECTON DICKINSON AND CO
075887208,BDX 6.125 05/01/20 A,BECTON DICKINSON AND CO
075887406,BDX 6 06/01/23 B,BECTON DICKINSON & CO
075896100,BBBYGBP,20230930-DK-BUTTERFLY-1 INC
07725L102,ONC,BEONE MEDICINES LTD-ADR
077347201,BELFA,BEL FUSE INC-CL A
077347300,BELFB,BEL FUSE INC-CL B
077454106,BDC,BELDEN INC
07782B104,BLTE,BELITE BIO INC - ADR
07831C103,BRBR,BELLRING BRANDS INC
079823100,BRBR1GBP,BELLRING INTERMEDIATE HOLDIN
07987C204,BLUN,BELLUS HEALTH INC
080694102,OZ,BELPOINTE PREP LLC- CLASS A
08160H101,BHE,BENCHMARK ELECTRONICS INC
08180D106,BNFTEUR,BENEFITFOCUS INC
08182C106,HIIQEUR,BENEFYTT TECHNOLOGIES INC
08205P209,BNTC,BENITEC BIOPHARMA INC
08265T208,BSY,BENTLEY SYSTEMS INC-CLASS B
08265TAB5,BSY 0.125 01/15/26,BENTLEY SYSTEMS INC
08265TAD1,BSY 0.375 07/01/27,BENTLEY SYSTEMS
084310101,BLIUSD,BERKELEY LIGHTS INC
084423102,WRB,WR BERKLEY CORP
084670108,BRK/A,BERKSHIRE HATHAWAY INC-CL A
084670702,BRK/B,BERKSHIRE HATHAWAY INC-CL B
084680107,BBT,BEACON FINANCIAL CORP
08579W103,BERY*,BERRY GLOBAL GROUP INC
08579X101,BRYGBP,BERRY CORP
086516101,BBY,BEST BUY CO INC
08653C106,BSTIN,BEST INC - ADR
08659B102,BBNX,BETA BIONICS INC
086921103,BETA,BETA TECHNOLOGIES INC -CL A
08774B508,BETR,BETTER HOME & FINANCE HOLDIN
088606108,BHPUSD,BHP GROUP LTD-SPON ADR
08862E109,BYNDHUF,BEYOND MEAT INC
08862EAB5,BYND 0 03/15/27,BEYOND MEAT INC
088786108,BCYC,BICYCLE THERAPEUTICS PLC-ADR
088929104,BGC,BGC GROUP INC-A
08915P101,BGFVEUR,BIG 5 SPORTING GOODS CORP
089302103,BIG1GBP,BIG LOTS INC
08975B109,BBAI,BIGBEAR.AI HOLDINGS INC
08975P108,CMRC,COMMERCE.COM INC
08986R309,BH,BIGLARI HOLDINGS INC-B
08986R408,BH/A,BIGLARI HOLDINGS INC-A
090040106,BILI,BILIBILI INC-SPONSORED ADR
090043100,BILL,BILL HOLDINGS INC
090043AB6,BILL 0 12/01/25,BILL HOLDINGS INC
090168105,BLLN,BILLIONTOONE INC CL A
090572207,BIO,BIO-RAD LABORATORIES-A
09058V103,BCRX,BIOCRYST PHARMACEUTICALS INC
09060J106,BDSIUSD,BIODELIVERY SCIENCES INTL
09061G101,BMRN,BIOMARIN PHARMACEUTICAL INC
09061GAE1,BMRN 0.75 10/15/18,BIOMARIN PHARMACEUTICAL
09061GAF8,BMRN 1.5 10/15/20,BIOMARIN PHARMACEUTICAL
09061GAH4,BMRN 0.599 08/01/24,BIOMARIN PHARMACEUTICAL
09061GAK7,BMRN 1.25 05/15/27,BIOMARIN PHARMACEUTICAL
09061H307,BMRAUSD,BIOMERICA INC
09062W204,BLFS,BIOLIFE SOLUTIONS INC
09062X103,BIIB,BIOGEN INC
09066L105,BTXUSD,BIOTIME INC
090672106,BEATUSD,BIOTELEMETRY INC
090683103,BTMD,BIOTE CORP -A
09069N108,BIOSUSD,BIOSCRIP INC
09073M104,TECH,BIO-TECHNE CORP
09075A108,BVS,BIOVENTUS INC - A
09075F107,BNGOUSD,BIONANO GENOMICS INC
09075F305,BNGOUSD,BIONANO GENOMICS INC
09075P105,BTAIEUR,BIOXCEL THERAPEUTICS INC
09075V102,BNTX,BIONTECH SE-ADR
09077A106,BMEA,BIOMEA FUSION INC
09077B104,BCABGBP,BIOATLA INC
09077V100,BIOA,BIOAGE LABS INC
090911207,BIOLUSD,BIOLASE INC
090931106,BSTC,BIOSPECIFICS TECHNOLOGIES LL
091727107,BITAUSD,BITAUTO HOLDINGS LTD-ADR
09173B107,1B2,BITFARMS LTD/CANADA
091749101,BITW,BITWISE 10 CRYPTO INDEX ETF
09174C104,BITB,BITWISE BITCOIN ETF
09175A206,BMNR,BITMINE IMMERSION TECHNOLOGI
09175C103,BITQ,BITWISE CRYPTO INDU INNO ETF
09180C106,BJRI,BJ'S RESTAURANTS INC
091941104,BGT,BLACKROCK FLTNG RT INC TR
091955104,ETHW,BITWISE ETHEREUM ETF
09203E105,BDTX,BLACK DIAMOND THERAPEUTICS I
092113109,BKH,BLACK HILLS CORP
09215C105,BKIEUR,BLACK KNIGHT INC
092244102,BRCB,BLACK ROCK COFFEE BAR INC-A
09225M101,BSM,BLACK STONE MINERALS LP
09227Q100,BLKB,BLACKBAUD INC
09228F103,BB,BLACKBERRY LTD
09239B109,BL,BLACKLINE INC
09239BAD1,BL 0 03/15/26,BLACKLINE INC
09247D105,XBKNX,BLACKROCK INVEST QLTY MUNI
09247F209,BKT,BLACKROCK INCOME TRUST
09247X101,BLKUSD,BLACKROCK INC
09248D104,BUI,BLCKRCK UTIL INFRA & PWR OPP
09248E102,XBFZX,BLACKROCK CA MUNI INC TR
09248L106,2655389D,BLACKROCK NEW YORK MUNI INC
09248X100,BBN,BLACKROCK TAXABLE MUNI BND
09249E101,BHK,BLACKROCK CORE BOND TRUST
09249N101,BLE,BLACKROCK MUNI INC TR II
09249W101,BLW,BLACKROCK LTD DURAT INC TR
09249X109,BKK,BLACKROCK MUNI 2020 TERM TR
092501105,BOE,BLACKROCK ENH GLBL DVD TR
092508100,BTZ,BLACKROCK CREDIT ALLOCATION
09250B103,XBTAX,BLACKROCK LNG-TRM MUNI ADV
09250U101,BGR,BLACKROCK ENRGY & RES TR
09250W107,BME,BLACKROCK HEALTH SCIENCES
09251A104,BDJ,BLACKROCK ENHANCED EQTY DVD
092524107,BGY,BLACKROCK ENH INTL DVD TR
092528108,SHYM,ISHARES SHORT DURATION HIGH
092528207,INMU,ISHARES INTERMEDIATE MUNI IN
092528504,CLOAUSD,BLACKROCK AAA CLO ETF
092528603,BINCUSD,BLACKROCK FLEXIBLE INC ETF
092528843,HIMU,ISHARES HIGH YILD MUNI A ETF
092528884,CALI,ISHRS SH-TRM CA MUNI ACT ETF
092533108,BKCCUSD,BLACKROCK CAPITAL INVESTMENT
09253N104,MHD,BLACKROCK MUNIHOLDINGS FUND
09253R105,XMVFX,BLACKROCK MUNIVEST FUND
09253T101,XMVTX,BLACKROCK MUNIVEST FUND II
09253U108,BXUSD,BLACKSTONE INC
09253W104,XMYDX,BLACKROCK MUNIYIELD FUND
09253X102,XMUIX,BLACKROCK MUNICIPAL INCOME
09254A101,XMUSX,BLACKROCK MUNIHOLDINGS QUALI
09254E103,MYI,BLACKROCK MUNIYIELD QLTY III
09254F100,MQY,BLACKROCK MUNIYIELD QUALITY
09254G108,XMQTX,BLACKROCK MUNIYIELD QLTY II
09254J102,MUA,BLACKROCK MUNIASSETS FUND
09254L107,MUC,BLACKROCK MUNIHOLD CA QLTY
09254V105,MIY,BLACKROCK MUNIYIELD MI QLTY
09254X101,MUJ,BLACKROCK MUNIHOLD NJ QLTY
09255E102,MYN,BLACKROCK MUNIYIELD NY QLTY
09255G107,MPA,BLACKROCK MUNIYIELD PA QLTYV
09255P107,HYT,BLACKROCK CORP HI YLD
09255R202,DSU,BLACKROCK DEBT STRATEGIES
09255X100,FRA,BLACKROCK FLTNG RT INC STRAT
09256A109,CII,BLACKROCK ENHAN LRG CAP CORE
09256U105,BSL,BLACKSTONE SNR FLTNG RT
09257A108,BCX,BLACKROCK RESOURCES & COMMOD
09257D102,BGX,BLACKSTONE LONG-SHORT CREDIT
09257P105,BTT,BLACKROCK 2030 MUNI TRGT TRM
09257R101,BGB,BLACKSTONE STRATEGIC CREDIT
09257W100,BXMTUSD,BLACKSTONE MORTGAGE TRU-CL A
09257WAB6,BXMT 4.375 05/05/22,BLACKSTONE MORTGAGE TR
09257WAC4,BXMT 4.75 03/15/23,BLACKSTONE MORTGAGE TR
09257WAE0,BXMT 5.5 03/15/27,BLACKSTONE MORTGAGE TR
09258A107,BIT,BLACKROCK MULTI-SECTOR INC
09258G104,BST,BLACKROCK SCIENCE & TECH TR
09259E108,TCPC,BLACKROCK TCP CAPITAL CORP
09260D107,BX,BLACKSTONE INC
09260E105,BMEZ,BLACKROCK HLTH SCI TRM TR II
09260K101,BSTZ,BLACKROCK SCI & TECH TRM TR
09260Q108,BTX,BLACKROCK TECH & PRIV EQTY
09260U109,BCAT,BLACKROCK CAPITAL ALLOC TR
09261X102,BXSL,BLACKSTONE SECURED LENDING F
09262F100,ECAT,BLACKROCK ESG CAP ALL TRM TR
09263B207,BKSY,BLACKSKY TECHNOLOGY INC
092667104,SRTA,STRATA CRITICAL MEDICAL INC
09290C103,DYNF,ISHRS US E F R A ETF-USD INC
09290C509,LCTU,ISHARES U.S. CARBON TRANSITI
09290C608,LCTD,ISHARES WORLD EX U.S. CARBON
09290C699,IDEF,ISHARES DEF INDUSTRIALS ACT
09290C715,BDVL,ISHARES DV EQUITY ACTIVE ETF
09290C723,BDYN,ISHARES DYN ACT ETF
09290C764,CORO,ISH INTL CTRY ROT ACT ETF
09290C780,BAI,ISHRS AI IN AND TECH ACT ETF
09290C806,THROUSD,ISHARES U.S. THEMATIC ROTATI
09290C848,BIDD,ISHARES INTERNATIONAL DIVIDE
09290C855,BLCR,ISHARES LRG CP CR ACT ETF-UI
09290C863,BALI,IS US LRG CP PRE INC ACT-USD
09290D101,BLK,BLACKROCK INC
092915107,BZAI,BLAIZE HOLDINGS INC
09352U108,BLND,BLEND LABS INC-A
09354A100,BLNK,BLINK CHARGING CO
093671105,HRB,H&R BLOCK INC
093712107,BE,BLOOM ENERGY CORP- A
094235108,BLMN,BLOOMIN' BRANDS INC
095229100,BCORUSD,BLUCORA INC
095306106,BLBD,BLUE BIRD CORP
09549B104,5P8,BLUE FOUNDRY BANCORP
09581B103,OWL,BLUE OWL CAPITAL INC
095825105,BRBS,BLUE RIDGE BANKSHARES INC
095924106,OTF,BLUE OWL TECHNOLOGY FINANCE
09609G209,BLE0,BLUEBIRD BIO INC
09624H208,BXC,BLUELINX HOLDINGS INC
09625U109,BKEPUSD,BLUEKNIGHT ENERGY PARTNERS L
09627J102,BKO,BLUEROCK RESIDENTIAL GROWTH
09627Y109,BPMCGBX,BLUEPRINT MEDICINES CORP
09629F108,BXGEUR,BLUEGREEN VACATIONS CORP
096308101,BBX1USD,BLUEGREEN VACATIONS HOLDING
09631H100,BHM,BLUEROCK HOMES TRUST INC
09631P102,BPRE,BLUEROCK PRIVATE REAL ESTATE
09660L105,DHF,BNYM HIGH YIELD STRATEGIES
09661T107,BKLC,BNY MELLON US LRG CAP COR
09661T404,BKIE,BNY MELLON INTL EQTY ETF
09661T602,BKAG,BNY MELLON CORE BOND ETF
09661T800,BKHY,BNY MELLON HIGH YIELD ETF
09661T826,BKGI,BNY MELLON GLBL INFRA INC
09662E109,DSM,BNYM STRAT MUNI BND
09662W109,DMB,BNY MELLON MUNI BND INFRA
096761101,BOBEUSD,BOB EVANS FARMS
097023105,BA,BOEING CO/THE
097023204,BA 6 10/15/27,BOEING CO/THE
09739C102,WIFIUSD,BOINGO WIRELESS INC
09739D100,BCC,BOISE CASCADE CO
097702104,BOLT1EUR,BOLT BIOTHERAPEUTICS INC
09776J101,BONTQ,BON-TON STORES INC/THE
09789C788,XHLF,BONDBLOXX BBG 6 MTH US TREAS
09789C812,XTEN,BONDBLOXX BBG 10Y US TSY ETF
09789C861,XONE,BONDBLOXX BBG 1 DUR US TREAS
09857L108,BKNG,BOOKING HOLDINGS INC
09857LAN8,BKNG 0.75 05/01/25,BOOKING HOLDINGS INC
099406100,BOOT,BOOT BARN HOLDINGS INC
099502106,BAH,BOOZ ALLEN HAMILTON HOLDINGS
099724106,BWA,BORGWARNER INC
100557107,SAM,BOSTON BEER COMPANY INC-A
101044105,BOC,BOSTON OMAHA CORP-CL A
101119105,BPFH,BOSTON PRIVATE FINL HOLDING
101121101,BXP1USD,BOSTON PROPERTIES INC
101137107,BSX2USD,BOSTON SCIENTIFIC CORP
101388106,EPAYEUR,BOTTOMLINE TECHNOLOGIES (DE)
101507101,STEW,SRH TOTAL RETURN FUND INC
10170A100,BOLD,BOUNDLESS BIO INC
10240L102,BOW,BOWHEAD SPECIALTY HOLDINGS I
10258P102,LUCK,LUCKY STRIKE ENTERTAINMENT C
103002101,BWMN,BOWMAN CONSULTING GROUP LTD
10316T104,BOX,BOX INC - CLASS A
103304101,BYD,BOYD GAMING CORP
103310108,BGSI,BOYD GROUP SERVICES INC
104674106,BRC,BRADY CORPORATION - CL A
10482B101,BHR,BRAEMAR HOTELS & RESORTS INC
10501E201,BCLIEUR,BRAINSTORM CELL THERAPEUTICS
10501L106,BWAY,BRAINSWAY LTD-ADR
105368203,BDN,BRANDYWINE REALTY TRUST
10537L104,BWG,BRANDYWINEGLOBAL GLOBAL INCO
10552T107,BRFSUSD,BRF SA-ADR
105532105,BAK,BRASKEM SA-CLASS A- ADR
10576N102,BRZE,BRAZE INC-A
105861306,ATLX,ATLAS LITHIUM INC
106776107,BBEPQUSD,BREITBURN ENERGY PARTNERS LP
10806B100,53S,BRIDGE INVESTMENT GRP HDS-A
10806X102,BBIO,BRIDGEBIO PHARMA INC
10806XAB8,BBIO 2.5 03/15/27,BRIDGEBIO PHARMA INC
10806XAD4,BBIO 2.25 02/01/29,BRIDGEBIO PHARMA INC
108621103,BWB,BRIDGEWATER BANCSHARES INC
109043109,BGGUSD,BRIGGS & STRATTON
10918L103,MNRLUSD,BRIGHAM MINERALS INC-CL A
109194100,BFAM,BRIGHT HORIZONS FAMILY SOLUT
109199109,BEDUUSD,BRIGHT SCHOLAR EDUCATION-ADR
10919W405,DRUG,BRIGHT MINDS BIOSCIENCES INC
10921T101,BCOVUSD,BRIGHTCOVE
10922N103,BHFWVUSD,BRIGHTHOUSE FINANCIAL INC
10948C107,BV,BRIGHTVIEW HOLDINGS INC
10948W103,AAMI,ACADIAN ASSET MANAGEMENT INC
10949T109,BRSP,BRIGHTSPIRE CAPITAL INC
109504100,BRLT,BRILLIANT EARTH GROUP INC-A
10950A106,BTSG,BRIGHTSPRING HEALTH SERVICES
109641100,EAT,BRINKER INTERNATIONAL INC
109696104,BCO,BRINK'S CO/THE
110122108,BMY,BRISTOL-MYERS SQUIBB CO
110122157,BMY-R,BRISTOL-MYERS SQUIBB-CVR
110394103,BRS1USD,BRISTOW GROUP INC
11040G103,VTOL,BRISTOW GROUP INC
110448107,BTIUSD,BRITISH AMERICAN TOB-SP ADR
11120U105,BRX,BRIXMOR PROPERTY GROUP INC
11133T103,BR,BROADRIDGE FINANCIAL SOLUTIO
11135E104,BNLEUR,BROADSTONE NET LEASE INC-A
11135E203,BNLEUR,BROADSTONE NET LEASE INC
11135F101,AVGO,BROADCOM INC
11135F200,AVGO 8 09/30/22 A,BROADCOM INC
11161T207,BWEN,BROADWIND INC
112463104,BKD,BROOKDALE SENIOR LIVING INC
11271J107,BN,BROOKFIELD CORP
11275Q107,1939900D,BROOKFIELD INFRASTRUCTURE-A
11276H106,BIPC,BROOKFIELD INFRASTRUCTURE-A
112830104,RA,BROOKFIELD REAL ASSETS INCOM
11285B108,BEPC,BROOKFIELD RENEWABLE CORP
113004105,BAM,BROOKFIELD ASSET MGMT-A
113006100,BBUC,BROOKFIELD BUSINESS CORP-A
11373M107,BB3,BROOKLINE BANCORP INC
114340102,AZTA,AZENTA INC
115236101,BRO,BROWN & BROWN INC
115637100,BF/A,BROWN-FORMAN CORP-CLASS A
115637209,BF/BUSD,BROWN-FORMAN CORP-CLASS B
116794108,BRKR,BRUKER CORP
117043109,BC,BRUNSWICK CORP
117665109,BMTCUSD,BRYN MAWR BANK CORP
11777Q209,BTG,B2GOLD CORP
11778X104,SMMCUSD,BTRS HOLDINGS INC-CL 1
118230101,BPLUSD,BUCKEYE PARTNERS LP
118440106,BKE,BUCKLE INC/THE
120076104,BBW,BUILD-A-BEAR WORKSHOP INC
12008R107,BLDR,BUILDERS FIRSTSOURCE INC
12047B105,BMBL,BUMBLE INC-A
12135Y108,BHRB,BURKE & HERBERT FINANCIAL SE
122017106,BURL,BURLINGTON STORES INC
122017AB2,BURL 2.25 04/15/25,BURLINGTON STORES INC
12233L107,BNR,BURNING ROCK BIOTECH LTD-ADR
12326C105,BFST,BUSINESS FIRST BANCSHARES
124155102,BFLY,BUTTERFLY NETWORK INC
124411109,BY,BYLINE BANCORP INC
12448X201,BYRN,BYRNA TECHNOLOGIES INC
12466Q104,CFFI,C & F FINANCIAL CORP
12468P104,AI,C3.AI INC-A
124765108,CAE,CAE INC
12477X106,CAI1USD,CAI INTERNATIONAL INC
12479G101,CBFV,CB FINANCIAL SERVICES INC
124805102,CBZ,CBIZ INC
12482W101,LEVBUSD,CBDMD INC
124830878,CBL,CBL & ASSOCIATES PROPERTIES
124857103,CBS/AEUR,CBS CORP-CLASS A VOTING
12503M108,CBOE,CBOE GLOBAL MARKETS INC
12504G100,IGR,CBRE GLOBAL REAL ESTATE INC
12504L109,CBRE,CBRE GROUP INC - A
12508E101,CDKGBX,CDK GLOBAL INC
12510Q100,CCC,CCC INTELLIGENT SOLUTIONS HO
125141101,CECO,CECO ENVIRONMENTAL CORP
12514G108,CDW,CDW CORP/DE
12520L109,CFBK,CF BANKSHARES INC
125269100,CF,CF INDUSTRIES HOLDINGS INC
12529R107,CCCC,C4 THERAPEUTICS INC
12532H104,GIB/ACAD,CGI INC
12541W209,CHRWUSD,C.H. ROBINSON WORLDWIDE INC
125523100,CI,THE CIGNA GROUP
125581801,CITUSD,CIT GROUP INC
12558Y106,CHPM,CHP MERGER CORP-CLASS A
12559C103,CIIC,CIIG MERGER CORP-CL A
12571T100,CCMP,CMC MATERIALS INC
12572Q105,CME,CME GROUP INC
125896100,CMS,CMS ENERGY CORP
125896BX7,CMS 3.375 05/01/28,CMS ENERGY CORP
125919308,CVU,CPI AEROSTRUCTURES INC
126117100,CNA,CNA FINANCIAL CORP
126128107,CCNE,CNB FINANCIAL CORP/PA
126132109,CEOUSD,CNOOC LTD-SPON ADR
126153105,CPLUSD,CPFL ENERGIA SA-ADR
12618T105,CRAI,CRA INTERNATIONAL INC
12619F104,CPSH,CPS TECHNOLOGIES CORP
12621E103,CNO,CNO FINANCIAL GROUP INC
12626F105,CRHEUR,CRH MEDICAL CORP
126327105,LAW,CS DISCO INC
12634H200,PMTS,CPI CARD GROUP INC
126389105,CSPI,CSP INC
126402106,CSW,CSW INDUSTRIALS INC
126408103,CSX,CSX CORP
12642X106,CTCMEUR,CTC MEDIA INC
12648L601,CTIC1USD,CTI BIOPHARMA CORP
126501105,CTS,CTS CORP
12653C108,CNX,CNX RESOURCES CORP
126600105,CVBF,CVB FINANCIAL CORP
126601103,CVV,CVD EQUIPMENT CORP
12662P108,CVI,CVR ENERGY INC
126633106,UANEUR,CVR PARTNERS LP
126633205,UAN,CVR PARTNERS LP
126638105,CVRX,CVRX INC
126650100,CVS,CVS HEALTH CORP
12674R100,CJ1EUR,C&J ENERGY SERVICES INC
12674W109,CABA,CABALETTA BIO INC
12685J105,CABO,CABLE ONE INC
12685JAE5,CABO 0 03/15/26,CABLE ONE INC
12685JAG0,CABO 1.125 03/15/28,CABLE ONE INC
12686C109,CVCEUR,CABLEVISION SYSTEMS-NY GRP-A
127055101,CBT,CABOT CORP
127097103,XCQ,COTERRA ENERGY INC
12709P103,CCMPUSD,CABOT MICROELECTRONICS CORP
127190304,CACI,CACI INTERNATIONAL INC -CL A
127203107,WHD,CACTUS INC - A
127387108,CDNS,CADENCE DESIGN SYS INC
12738K109,CDLR,CADELER A/S-ADR
12739A100,CADEEUR,CADENCE BANCORP
12740C103,BXSEUR,CADENCE BANK
127537207,CDZI,CADIZ INC
12763L105,CDRE,CADRE HOLDINGS INC
127686103,CZRUSD,CAESARS ENTERTAINMENT CORP
127686AA1,CZR 5 10/01/24,CAESARS HOLDINGS INC
12769G100,CZR,CAESARS ENTERTAINMENT INC
12802T101,CDVIQ,CAL DIVE INTERNATIONAL INC
128030202,CALM,CAL-MAINE FOODS INC
128117108,CHI,CALAMOS CONVERT OPPORT & INC
128118106,CGO,CALAMOS GLOBAL TOTAL RETURN
12811L107,CHW,CALAMOS GLOBAL DYNAMIC INCOM
12811P108,CHY,CALAMOS CONVERT & HIGH INC
12811T571,CAIE,CALAMOS AUTOCALLABLE INC ETF
12811V105,CCD,CALAMOS DYN CONVERT & INC
128125101,CSQ,CALAMOS STRAT TTL RTRN FND
128126109,CAMPUSD,CALAMP CORP
12812C106,CPZ,CALAMOS LNG/SHRT EQTY & DYN
129500104,CAL,CALERES INC
13057Q206,CRCGBP,CALIFORNIA RESOURCES CORP
13057Q305,CRC,CALIFORNIA RESOURCES CORP
130788102,CWT,CALIFORNIA WATER SERVICE GRP
13089P101,CALAUSD,CALITHERA BIOSCIENCES INC
13100M509,CALX,CALIX INC
131193104,CALY,CALLAWAY GOLF COMPANY
13123E500,CALD,CALLIDUS SOFTWARE INC
13123X102,CPE3USD,CALLON PETROLEUM CO
13123X508,CPE*,CALLON PETROLEUM CO
131428104,CLMT,CALUMET INC
131476103,CLMTUSD,CALUMET SPECIALTY PRODUCTS
132011107,CBM1EUR,CAMBREX CORP
132061201,SYLD,CAMBRIA SHAREHOLDER YIELD ET
132061300,FYLD,CAMBRIA FOREIGN SHAREHOLDER
132061409,GVAL,CAMBRIA GLOBAL VALUE ETF
132061508,GMOM,CAMBRIA GLOBAL MOMENTUM ETF
132061706,EYLD,CAMBRIA EMERG SHRHLDR YIELD
132061862,TAIL,CAMBRIA TAIL RISK ETF
133034108,CAC,CAMDEN NATIONAL CORP
133131102,CPTUSD,CAMDEN PROPERTY TRUST
13321L108,CCJ,CAMECO CORP
134429109,CPB,THE CAMPBELL'S COMPANY
13462K109,CWH,CAMPING WORLD HOLDINGS INC-A
134748102,CAN,CANAAN INC
135086106,GOOS,CANADA GOOSE HOLDINGS INC
136069101,CM,CAN IMPERIAL BK OF COMMERCE
136375102,CNR2CAD,CANADIAN NATL RAILWAY CO
136385101,CNQ,CANADIAN NATURAL RESOURCES
13646K108,CP,CANADIAN PACIFIC KANSAS CITY
136635109,CSIQ,CANADIAN SOLAR INC
13739U104,CGIXUSD,CANCER GENETICS INC
137404109,CADL,CANDEL THERAPEUTICS INC
137586103,9C0A,CANGO INC/KY - ADR
13765N107,CNNE,CANNAE HOLDINGS INC
137800207,CNTTQ,CANNTRUST HOLDINGS INC
138006309,CAJUSD,CANON INC-SPONS ADR
138035704,CGC,CANOPY GROWTH CORP
138098108,CMD1EUR,CANTEL MEDICAL CORP
138103106,UTE0,CANTALOUPE INC
139674105,CCBG,CAPITAL CITY BANK GROUP INC
139737100,CBNK,CAPITAL BANCORP INC/MD
14019W109,CGXU,CAP GROUP INTL FOCUS
14020G101,CGGRUSD,CAPITAL GROUP GROWTH
14020R107,CGGE,CAP GROUP GLOBAL EQ
14020U100,CGCV,CAP GROUP CONSERVATIVE EQ
14020V108,CGUSUSD,CAPITAL GROUP CORE EQUITY
14020W106,CGDV,CAP GROUP DIVIDEND VALUE
14020X104,CGGOUSD,CAPITAL GROUP GLOBAL GROWTH
14020Y102,CGCP,CAP GROUP CORE PLUS INCOME
14020Y201,CGMU,CAP GROUP MUNICIPAL INCOME
14020Y300,CGMS,CAP GROUP US MULTI-SECT BOND
14020Y409,CGSD,CAP GROUP SHORT DURATION
14020Y508,CGCB,CAP GROUP CORE BOND
14020Y607,CGSM,CAP GROUP SHORT MUNI INCOME
14020Y805,CGHM,CAP GROUP MUNI HIGH-INCOME
14021D107,CGBL,CAP GROUP CORE BALANCED
14021L109,CGDG,CAP GROUP DIVIDEND GROWERS
14021M107,CGIE,CAP GROUP INTL EQUITY
14021N105,CGNG,CAP GROUP NEW GEOGRAPHY EQ
14021T102,CGIC,CAP GROUP INTL CORE EQ
14022A102,CGMM,CAP GROUP SMALL AND MID CAP
14040H105,COF,CAPITAL ONE FINANCIAL CORP
140475104,CSUUSD,CAPITAL SENIOR LIVING CORP
140475203,SNDA,SONIDA SENIOR LIVING INC
140501107,CSWC,CAPITAL SOUTHWEST CORP
14054R106,CPTAUSD,CAPITALA FINANCE CORP
14057J101,CFFN,CAPITOL FEDERAL FINANCIAL IN
14067E506,CMOUSD,CAPSTEAD MORTGAGE CORP
14070B309,CAPR,CAPRICOR THERAPEUTICS INC
14070T102,CSTRUSD,CAPSTAR FINANCIAL HOLDINGS I
140755109,CARAEUR,CARA THERAPEUTICS INC
140755307,TVRD,TVARDI THERAPEUTICS INC
140781105,CRRGBP,CARBO CERAMICS INC
141337105,CARBUSD,CARBONITE INC
14147L108,CRDF,CARDIFF ONCOLOGY INC
14149Y108,CAH,CARDINAL HEALTH INC
14154A102,CDNL,CARDINAL INFRASTRUCTURE GR-A
141619106,CSIIEUR,CARDIOVASCULAR SYSTEMS INC
14161HAG3,CATM 1 12/01/20,CARDTRONICS INC
14161W105,CDLXEUR,CARDLYTICS INC
14161Y200,CRDL,CARDIOL THERAPEUTICS INC-A
141633107,CRCMGBP,CARE.COM INC
141665109,CECO1USD,CAREER EDUCATION CORP
14167L103,CDNA,CAREDX INC
14167R100,CCLD,CARECLOUD INC
14174T107,CTRE,CARETRUST REIT INC
141788109,CARG,CARGURUS INC
14179K101,CRGX,CARGO THERAPEUTICS INC
142038108,CRBU,CARIBOU BIOSCIENCES INC
142152107,CAI,CARIS LIFE SCIENCES INC
14216R101,EBIOHUF,CARISMA THERAPEUTICS INC
142339100,CSL,CARLISLE COS INC
143130102,KMX,CARMAX INC
14316J108,CG,CARLYLE GROUP INC/THE
143658300,CCL1USD,CARNIVAL CORP LTD
14365C103,POH3,CARNIVAL PLC
143873107,CAROEUR,CAROLINA FINANCIAL CORP
143905107,CSV,CARRIAGE SERVICES INC
14427M107,PRTSEUR,CARPARTS.COM INC
144285103,CRS,CARPENTER TECHNOLOGY
14448C104,CARR,CARRIER GLOBAL CORP
144577103,CRZOUSD,CARRIZO OIL & GAS INC
14574X104,TASTUSD,CARROLS RESTAURANT GROUP INC
14575E105,CARS,CARS.COM INC
146103106,CARE,CARTER BANKSHARES INC
146229109,CRI,CARTER'S INC
146869102,CVNA,CARVANA CO
14713L102,CASA1USD,CASA SYSTEMS INC
147448104,CWST,CASELLA WASTE SYSTEMS INC-A
147528103,CASY,CASEY'S GENERAL STORES INC
14757U109,CASIUSD,CASI PHARMACEUTICALS INC
14808P109,CASS,CASS INFORMATION SYSTEMS INC
14817C107,FLNA,FILANA THERAPEUTICS INC
148435100,ROX2EUR,CASTLE BRANDS INC
14843C105,CSTL,CASTLE BIOSCIENCES INC
14862Q100,CSLT1EUR,CASTLIGHT HEALTH INC-B
14875P206,CATBUSD,CATABASIS PHARMACEUTICALS IN
148806102,CTLTEUR,CATALENT INC
148929102,CAVA,CAVA GROUP INC
149123101,CAT,CATERPILLAR INC
14912Y202,CTT1USD,CATCHMARK TIMBER TRUST INC-A
149150104,CATY,CATHAY GENERAL BANCORP
149205106,CATO,CATO CORP-CLASS A
149568107,CVCO,CAVCO INDUSTRIES INC
150602209,CDR1USD,CEDAR REALTY TRUST INC
150602605,CDR1USD,CEDAR REALTY TRUST INC
150837607,CVM1EUR,CEL-SCI CORP
150838100,CGIPUSD,CELADON GROUP INC
150870103,CE,CELANESE CORP
15101Q108,CLSEUR,CELESTICA INC
15101Q207,CLS,CELESTICA INC
151020104,CELG,CELGENE CORP
15102K100,CELC,CELCUITY INC
15117B202,CLDX,CELLDEX THERAPEUTICS INC
15117K103,CLLS,CELLECTIS - ADR
15117P102,CBMGUSD,CELLULAR BIOMEDICINE GROUP I
15118V207,CELH,CELSIUS HOLDINGS INC
151290889,CXUSD,CEMEX SAB-SPONS ADR PART CER
151290BC6,CEMEX 3.75 03/15/18,CEMEX SAB DE CV
15135B101,CNC,CENTENE CORP
15135U109,CVE,CENOVUS ENERGY INC
15136A102,CDEVUSD,CENTENNIAL RESOURCE DEVELO-A
15189T107,CNP,CENTERPOINT ENERGY INC
15189TBD8,CNP 4.25 08/15/26,CENTERPOINT ENERGY INC
152006102,CGAU,CENTERRA GOLD INC
15201P109,CSFLUSD,CENTERSTATE BANK CORP
15202L107,CSR,CENTERSPACE
152309100,CNTA,CENTESSA PHARMACEUTICALS-ADR
15234Q207,EBRUSD,AXIA ENERGIA-ADR
15236F100,AXIA/USD,AXIA ENERGIA-ADR PREF C
152413100,CBC,CENTRAL BANCOMPANY
153436100,CEE,CENTRAL AND EASTERN EUROPE F
153527106,CENT,CENTRAL GARDEN & PET CO
153527205,CENTA,CENTRAL GARDEN AND PET CO-A
154760409,CPF,CENTRAL PACIFIC FINANCIAL CO
155038201,CEPU,CENTRAL PUERTO-SPONSORED ADR
155123102,CET,CENTRAL SECURITIES CORP
155685100,CVCYUSD,CENTRAL VALLEY COMM BANCORP
155923105,CTRI,CENTURI HOLDINGS INC
156431108,CENX,CENTURY ALUMINUM COMPANY
156432106,CNBKA,CENTURY BANCORP INC -CL A
15643U104,LEU,CENTRUS ENERGY CORP-CLASS A
156492100,CNTY,CENTURY CASINOS INC
156504300,CCS,CENTURY COMMUNITIES INC
156700106,CTLEUR,CENTURYLINK INC
156727109,CRNC,CERENCE INC
15673T100,IPSC,CENTURY THERAPEUTICS INC
15677J108,CQL,DAYFORCE INC
156782104,CERNUSD,CERNER CORP
15678C102,CBLL,CERIBELL INC
15678U128,CERE1EUR,CEREVEL THERAPEUTICS HOLDING
15687V109,CERT,CERTARA INC
156944100,CGON,CG ONCOLOGY INC
157085101,CERS,CERUS CORP
15713L109,CRVO,CERVOMED INC
157210105,CEVA,CEVA INC
15870P307,CSBR,CHAMPIONS ONCOLOGY INC
15872M104,1CHX,CHAMPIONX CORP
15911M107,CYOUEUR,CHANGYOU.COM LTD-ADR
15912K100,CHNGUSD,CHANGE HEALTHCARE INC
159179100,ECOM1USD,CHANNELADVISOR CORP
15942R208,CHAPQ,CHAPARRAL ENERGY INC-CLASS A
15961R303,CHPT,CHARGEPOINT HOLDINGS INC
159765106,CTHRUSD,CHARLES & COLVARD LTD
159864107,CRL,CHARLES RIVER LABORATORIES
16115Q407,GTLS 6.75 12/15/25 B,CHART INDUSTRIES INC
16115QAC4,GTLS 2 08/01/18,CHART INDUSTRIES INC
16119P108,CHTR,CHARTER COMMUNICATIONS INC-A
16150R104,CCFEUR,CHASE CORP
16208T102,CLDT,CHATHAM LODGING TRUST
162828107,CKPTUSD,CHECKPOINT THERAPEUTICS INC
163072101,CAKE,CHEESECAKE FACTORY INC/THE
163072AA9,CAKE 0.375 06/15/26,CHEESECAKE FACTORY (THE)
163075104,CMCM1EUR,CHEETAH MOBILE INC - ADR
163086101,CHEF,CHEFS' WAREHOUSE INC/THE
163092109,CHGG,CHEGG INC
163092AD1,CHGG 0.125 03/15/25,CHEGG INC
163092AF6,CHGG 0 09/01/26,CHEGG INC
163572209,CEMIUSD,CHEMBIO DIAGNOSTICS INC
16359R103,CHE,CHEMED CORP
163731102,CHFCUSD,TCF FINANCIAL CORP
16383L106,CCXIEUR,CHEMOCENTRYX INC
163851108,CC,CHEMOURS CO/THE
164024101,CHMG,CHEMUNG FINANCIAL CORP
16411Q101,CQP,CHENIERE ENERGY PARTNERS LP
16411R208,LNG,CHENIERE ENERGY INC
16411RAG4,LNG 4.25 03/15/45,CHENIERE ENERGY INC
164651101,CHMI,CHERRY HILL MORTGAGE INVESTM
165167107,CHKUSD,CHESAPEAKE ENERGY CORP
165167180,EXEEL,CHESAPEAKE ENERGY CORP -CW26
165167735,EXE,EXPAND ENERGY CORP
165167842,EXE 4.5 PERP,CHESAPEAKE ENERGY CORP
165167BW6,EXE 2.75 11/15/35,CHESAPEAKE ENERGY CORP
165167BZ9,EXE 2.5 05/15/37,CHESAPEAKE ENERGY CORP
165185109,CHKRGBP,CHESAPEAKE GRANITE WASH TRUS
165240102,CHSP,CHESAPEAKE LODGING TRUST
165303108,CPK,CHESAPEAKE UTILITIES CORP
166764100,CVX,CHEVRON CORP
16679L109,CHWY,CHEWY INC - CLASS A
16706W102,CHMA,CHIASMA INC
167239102,REFI,CHICAGO ATLANTIC REAL ESTATE
16842Q100,CSSEUSD,CHICKEN SOUP FOR THE SOUL EN
168615102,CHS1USD,CHICO'S FAS INC
168905107,PLCE,CHILDREN'S PLACE INC/THE
16934Q802,CIM,CHIMERA INVESTMENT CORP
16934W106,CMRXUSD,CHIMERIX INC
16935C109,CHYM,CHIME FINANCIAL INC-CL A
16936R105,CAASUSD,CHINA AUTOMOTIVE SYSTEMS INC
169373107,XXCHNXX,CHINA FUND INC
16937R104,CEAUSD,CHINA EASTERN AIRLINES-ADS
16939P106,LFCUSD,CHINA LIFE INSURANCE CO-ADR
169409109,ZNHEUR,CHINA SOUTHERN AIR-SPONS ADR
16941M109,CHLUSD,CHINA MOBILE LTD-SPON ADR
16941R108,SNPUSD,CHINA PETROLEUM & CHEM-ADR
16944W104,DL1USD,CHINA DISTANCE EDUCATION-ADR
16945R104,CHU,CHINA UNICOM HONG KONG-ADR
16948F107,CXDCUSD,CHINA XD PLASTICS CO LTD
16950M107,CCIHUSD,CHINACACHE INTERNAT-SPON ADR
16961L106,290A,CHINOOK THERAPEUTICS INC
169656105,CMG,CHIPOTLE MEXICAN GRILL INC
16965P202,IMOS,CHIPMOS TECHNOLOGIES INC-ADR
169905106,CHH,CHOICE HOTELS INTL INC
170386106,COFS,CHOICEONE FINANCIAL SVCS INC
171046105,CBKCUSD,CHRISTOPHER & BANKS CORP
171077407,NAGE,NIAGEN BIOSCIENCE INC
17133Q502,CHTUSD,CHUNGHWA TELECOM LT-SPON ADR
171340102,CHD,CHURCH & DWIGHT CO INC
171439201,CCIV/U,CHURCHILL CAPITAL CORP IV
17143G106,CCXGBP,SKILLSOFT CORP
171484108,CHDN,CHURCHILL DOWNS INC
171604101,CHUYUSD,CHUY'S HOLDINGS INC
17166A101,CBUS,CIBUS INC
171757206,20D0,CIDARA THERAPEUTICS INC
171779309,CIEN,CIENA CORP
171798101,XECUSD,CIMAREX ENERGY CO
171871403,CBB 6.75 PERP B,CINCINNATI BELL INC
171871502,CBB,CINCINNATI BELL INC
172062101,CINF,CINCINNATI FINANCIAL CORP
17243V102,CNK,CINEMARK HOLDINGS INC
17253J106,CIFR,CIPHER DIGITAL INC
172573107,CRCL,CIRCLE INTERNET GROUP INC
17259U204,CION,CION INVESTMENT CORP
17273K109,CIR2USD,CIRCOR INTERNATIONAL INC
172755100,CRUS,CIRRUS LOGIC INC
17275R102,CSCO,CISCO SYSTEMS INC
172908105,CTAS,CINTAS CORP
172922106,CZNC,CITIZENS & NORTHERN CORP
172967424,C,CITIGROUP INC
17306X102,CTRN,CITI TRENDS INC
174610105,CFG,CITIZENS FINANCIAL GROUP
174615104,CZFS,CITIZENS FINANCIAL SERVICES
174740100,CIA,CITIZENS INC
174903104,CZWI,CITIZENS COMMUNITY BANCORP I
177376100,CTXSUSD,CITRIX SYSTEMS INC
177376AD2,CTXS 0.5 04/15/19,CITRIX SYSTEMS INC
177835105,CHCO,CITY HOLDING CO
178587101,5QV,CITY OFFICE REIT INC
17878Y108,CVEO1USD,CIVEO CORP
17878Y207,CVEO,CIVEO CORP
178867107,CIVB,CIVISTA BANCSHARES INC
17888H103,BCEI1USD,CIVITAS RESOURCES INC
18270D106,CMTGEUR,CLAROS MORTGAGE TRUST INC
18270P109,CLAR,CLARUS CORP
18383M381,90002USD,GUGGENHEIM BULLETSHARES 2018
184496107,CLH,CLEAN HARBORS INC
184499101,CLNE,CLEAN ENERGY FUELS CORP
18452B209,CLSK,CLEANSPARK INC
18453H106,CCO,CLEAR CHANNEL OUTDOOR HOLDIN
18467V109,YOU,CLEAR SECURE INC -CLASS A
18469P209,EMO,CLEARBRIDGE ENERGY MIDSTREAM
18482P103,CLFD,CLEARFIELD INC
185064102,CLIRUSD,CLEARSIGN TECHNOLOGIES CORP
18507C103,CLPT,CLEARPOINT NEURO INC
185123106,CWAN,CLEARWATER ANALYTICS HDS-A
18538R103,CLW,CLEARWATER PAPER CORP
18539C105,NYLD/EUR,CLEARWAY ENERGY INC-A
18539C204,CWEN,CLEARWAY ENERGY INC-C
185634102,CLNNEUR,CLENE INC
185899101,CLF,CLEVELAND-CLIFFS INC
18885T306,CLPR,CLIPPER REALTY INC
189054109,CLX,CLOROX COMPANY
18911Q102,CLDGBP,CLOUD PEAK ENERGY INC
18913Y103,GLV,CLOUGH GLOBAL DIVIDEND & INC
18914C100,GLQ,CLOUGH GLOBAL EQUITY FUND
18914E106,GLO,CLOUGH GLOBAL OPPORTUNITIES
18914F103,CLOV,CLOVER HEALTH INVESTMENTS CO
18914U100,CLDRUSD,CLOUDERA INC
18915M107,NET,CLOUDFLARE INC - CLASS A
18915MAC1,NET 0 08/15/26,CLOUDFLARE INC
189464100,CLVSUSD,CLOVIS ONCOLOGY INC
189763105,CODXGBP,CO-DIAGNOSTICS INC
19046P209,CCB,COASTAL FINANCIAL CORP/WA
19075F304,CIE1USD,COBALT INTERNATIONAL ENERGY
19075FAA4,CIEI 2.625 12/01/19,COBALT INTL ENERGY INC
191098102,COKE,COCA-COLA CONSOLIDATED INC
191216100,KO,COCA-COLA CO/THE
191241108,KOF,COCA-COLA FEMSA SAB-SP ADR
19188U206,CODA,CODA OCTOPUS GROUP INC
192005106,CDXS,CODEXIS INC
192010106,32W,CODIAK BIOSCIENCES INC
192108504,CDE,COEUR MINING INC
192176105,JVA,COFFEE HOLDING CO INC
19239V302,CCOI,COGENT COMMUNICATIONS HOLDIN
19240Q201,COGT,COGENT BIOSCIENCES INC
192422103,CGNXUSD,COGNEX CORP
19243B102,CGTX,COGNITION THERAPEUTICS INC
192446102,CTSH,COGNIZANT TECH SOLUTIONS-A
192479103,COHRUSD,COHERENT INC
19247A100,CNS,COHEN & STEERS INC
19247G107,COHR,COHERENT CORP
19247L106,RQI,COHEN & STEERS QUAL INC RLTY
19247R103,RFI,COHEN & STEERS TOT RET RLTY
19247X100,RNP,COHEN & STEERS REIT AND PREF
19248A109,UTF,COHEN & STEERS INFRASTRUCTUR
19248A117,UTF-R,COHEN & STEERS INFRASTRU
19248C105,LDP,COHEN & STEERS LIMITED DURAT
19248P106,FOF,COHEN & STEERS CLOSED-END OP
19248Y107,PSF,COHEN & STEERS SELECT PREFER
19249B106,MIE,COHEN & STEERS MLP INCOME AN
19249H103,CHRS,COHERUS ONCOLOGY INC
19249J109,CWBRUSD,COHBAR INC
19249Q103,RLTY,COHEN & STEERS RL EST OPPRT
19249X108,PTA,COHEN & STEERS TAX-ADVANTAGE
192576106,COHU,COHU INC
19260Q107,COIN,COINBASE GLOBAL INC -CLASS A
19260QAB3,COIN 0.5 06/01/26,COINBASE GLOBAL INC
19260QAF4,COIN 0.25 04/01/30,COINBASE GLOBAL INC
194014502,ENOV,ENOVIS CORP
194162103,CL,COLGATE-PALMOLIVE CO
19421R200,CLCTUSD,COLLECTORS UNIVERSE
19459J104,COLL,COLLEGIUM PHARMACEUTICAL INC
194693107,CIGI,COLLIERS INTL GR-SUBORD VOT
19623P101,CBAN,COLONY BANKCORP
19624RAA4,DBRG 5 04/15/23,DIGITALBRIDGE GROUP INC
19624RAB2,DBRG 3.875 01/15/21,COLONY CAPITAL INC
19625T101,CLNCUSD,BRIGHTSPIRE CAPITAL INC
19626G108,CLNSEUR,DIGITALBRIDGE GROUP INC
197236102,COLB,COLUMBIA BANKING SYSTEM INC
19761L508,DIAL,COLUMBIA DIVERS FIX INC ETF
19761L607,MUST,COLUMBIA MULTI-SECT MUNI INC
19761L706,RECS,COLUMBIA RESEAR ENH COR ETF
19762B202,XCEM,COLUMBIA EM CORE EX-CHINA
19762B509,ECON,COLUMBIA RESEAR ENH EM ECON
19762B707,INCOUSD,COLUMBIA INDIA CONSUMER ETF
198287203,CXPUSD,COLUMBIA PROPERTY TRUST INC
19842X109,STK,COLUMBIA SLGMN PREM TECH GR
198516106,COLM,COLUMBIA SPORTSWEAR CO
199333105,CMCO,COLUMBUS MCKINNON CORP/NY
199908104,FIX,COMFORT SYSTEMS USA INC
20030N101,CMCSA,COMCAST CORP-CLASS A
200340107,CMA1USD,COMERICA INC
200525103,CBSH,COMMERCE BANCSHARES INC
201723103,CMC,COMMERCIAL METALS CO
202608105,CVGI,COMMERCIAL VEHICLE GROUP INC
20337X109,VISN,VISTANCE NETWORKS INC
203607106,CBU,COMMUNITY FINANCIAL SYSTEM I
203668108,CYH,COMMUNITY HEALTH SYSTEMS INC
20368X101,6BI,COMMUNITY FINANCIAL CORP/THE
20369C106,CHCT,COMMUNITY HEALTHCARE TRUST I
203937107,CWBC,COMMUNITY WEST BANCSHARES
204149108,CTBI,COMMUNITY TRUST BANCORP INC
204166102,CVLT,COMMVAULT SYSTEMS INC
204319107,CFRUYUSD,CIE FINANCIERE RICH-UNSP ADR
204409601,CIG,CIA ENERGETICA DE-SPON ADR
20440T300,C1B2,CIA BRASILEIRA DE DIS- ADR
20440W105,SID,CIA SIDERURGICA NACL-SP ADR
20441A102,SBSUSD,CIA SANEAMENTO BASICO DE-ADR
20441B605,ELP1,COMPANHIA PARANAENSE DE ENER
20441B704,ELPC,CIA PARANAENSE DE ENER-ADR
204429104,CCU,CIA CERVECERIAS UNI-SPON ADR
204448104,BVNUSD,CIA DE MINAS BUENAVENTUR-ADR
20451N101,CMP,COMPASS MINERALS INTERNATION
20451Q104,CODI,COMPASS DIVERSIFIED HOLDINGS
20451W101,CMPS,COMPASS PATHWAYS PLC
20454B104,CMPX,COMPASS THERAPEUTICS INC
20459V105,GPGI,GPGI INC
20460L104,SPWR,SUNPOWER INC
20464U100,COMP,COMPASS INC - CLASS A
205477102,CTGUSD,COMPUTER TASK GROUP INC
20563P101,CIX,COMPX INTERNATIONAL INC
20564W105,SCOR1GBP,COMSCORE INC
205750300,LODEEUR,COMSTOCK INC
205750409,LODE,COMSTOCK INC
205768302,CRK,COMSTOCK RESOURCES INC
205826209,CMTL,COMTECH TELECOMMUNICATIONS
205887102,CAG1USD,CONAGRA BRANDS INC
20600T108,CNATUSD,CONATUS PHARMACEUTICALS INC
206022105,CNCEEUR,CONCERT PHARMACEUTICALS INC
20602D101,CNXC,CONCENTRIX CORP
20603L102,CON,CONCENTRA GROUP HOLDINGS PAR
20605P101,CXOUSD,CONCHO RESOURCES INC
206704108,BBCP,CONCRETE PUMPING HOLDINGS IN
20676Y403,CDORGBP,CONDOR HOSPITALITY TRUST INC
206787103,CNDT,CONDUENT INC
20717E101,CFMSEUR,CONFORMIS INC
20717M103,8QR,CONFLUENT INC-CLASS A
20717MAB9,CFLT 0 01/15/27,CONFLUENT INC
207410101,CNMD,CONMED CORP
207410AH4,CNMD 2.25 06/15/27,CONMED CORP
207797101,CTWSEUR,CONNECTICUT WATER SVC INC
20786W107,CNOB,CONNECTONE BANCORP INC
208242107,CN4,CONN'S INC
20825C104,COP,CONOCOPHILLIPS
20848V105,CCSI,CONSENSUS CLOUD SOLUTION
20854L108,CEIXEUR,CONSOL ENERGY INC
209034107,CNSLUSD,CONSOLIDATED COMMUNICATIONS
209115104,ED,CONSOLIDATED EDISON INC
210226106,CTOUSD,CONS TOMOKA LAND CO-FLORIDA
21036P108,STZ,CONSTELLATION BRANDS INC-A
210373106,CNST,CONSTELLATION PHARMACEUTICAL
21037T109,CEG,CONSTELLATION ENERGY
21044C107,ROAD,CONSTRUCTION PARTNERS INC-A
210502100,CPSS,CONSUMER PORTFOLIO SERVICES
210751103,TCS1EUR,CONTAINER STORE GROUP INC/TH
21075N204,MCF1EUR,CONTANGO OIL & GAS
21077C305,5ZZ0,CONTEXTLOGIC INC - A
21077F100,CTGO,CONTANGO SILVER & GOLD INC
21077P108,CNTX,CONTEXT THERAPEUTICS INC
211171103,CBPXUSD,CONTINENTAL BUILDING PRODUCT
212015101,CLRUSD,CONTINENTAL RESOURCES INC/OK
21217B100,CTNM,CONTINEUM THERAPEUTICS INC-A
212326300,CFRXUSD,CONTRAFECT CORP
21240D107,CTRL,CONTROL4 CORP
21240E105,VLRS,CONTROLADORA VUELA CIA-ADR
212873103,CONXGBP,CONX CORP-CLASS A SHARES
216648501,COO,COOPER COS INC/THE
21676P103,CPS,COOPER-STANDARD HOLDING
216831107,CTBUSD,COOPER TIRE & RUBBER
217204106,CPRT,COPART INC
21833P103,CRBPUSD,CORBUS PHARMACEUTICALS HOLDI
21833P301,CRBP,CORBUS PHARMACEUTICALS HOLDI
218352102,CORTUSD,CORCEPT THERAPEUTICS INC
21867A105,CLB,CORE LABORATORIES INC
218681104,CORE2USD,CORE-MARK HOLDING CO INC
218683100,CMT,CORE MOLDING TECHNOLOGIES IN
21870Q105,COR1USD,CORESITE REALTY CORP
21870U502,CORRUSD,CORENERGY INFRASTRUCTURE TRU
21871D103,CLGXUSD,CORELOGIC INC
21871N101,CXW,CORECIVIC INC
21871X109,CRBG,COREBRIDGE FINANCIAL INC
21872L104,CPLGGUSD,COREPOINT LODGING INC
218730109,CVRSEUR,CORINDUS VASCULAR ROBOTICS I
21873S108,CRWV,COREWEAVE INC-CL A
21874A106,CORZ,CORE SCIENTIFIC INC
21874A114,CORZW,CORE SCIENTIFIC INC - 27
21874A130,CORZZ,CORE SCIENTIFIC INC - 29
21874C102,CNM,CORE & MAIN INC-CLASS A
218937100,CNR,CORE NATURAL RESOURCES INC
21900C308,CRMD,CORMEDIX INC
21924B302,CLM,CORNERSTONE STRATEGIC INVEST
21924U300,CRF,CORNERSTONE TOTAL RETURN
21925D109,NCSUSD,CORNERSTONE BUILDING BRANDS
21925Y103,CSODUSD,CORNERSTONE ONDEMAND INC
219350105,GLW,CORNING INC
219798105,QDEL,QUIDELORTHO CORP
219948106,CPAY,CORPAY INC
22002T108,CDP,COPT DEFENSE PROPERTIES
22041X102,CRSR,CORSAIR GAMING INC
22052L104,CTVA,CORTEVA INC
221006109,CRVL,CORVEL CORP
221015100,CRVS,CORVUS PHARMACEUTICALS INC
22113B103,CSANEUR,COSAN SA -ADR
22160K105,COST,COSTCO WHOLESALE CORP
22160N109,CSGP,COSTAR GROUP INC
22163N106,BCBCAD,COTT CORPORATION
221907108,ICBKUSD,COUNTY BANCORP INC
222070203,COTY,COTY INC-CL A
22207T101,1V3,COUCHBASE INC
22266L106,COUPUSD,COUPA SOFTWARE INC
22266LAC0,COUP 0.125 06/15/25,COUPA SOFTWARE INC
22266LAF3,COUP 0.375 06/15/26,COUPA SOFTWARE INC
22266M104,COUR,COURSERA INC
22266T109,CPNG,COUPANG INC
222795502,CUZUSD,COUSINS PROPERTIES INC
22282E102,CVA1EUR,COVANTA HOLDING CORP
22284P105,CVLG,COVENANT LOGISTICS GROUP INC
22304C100,CVETUSD,COVETRUS INC
223622606,COWNEUR,COWEN INC - A
22410J106,CBRL,CRACKER BARREL OLD COUNTRY
224399105,CR1USD,CRANE CO
224408104,CR,CRANE CO
224441105,CXT,CRANE NXT CO
224633107,CRD/B,CRAWFORD & CO  -CL B
224633206,CRD/A,CRAWFORD & COMPANY -CL A
224916106,CIK,CREDIT SUISSE ASSET MGMT INC
225223304,CRAYUSD,CRAY INC
225310101,CACC,CREDIT ACCEPTANCE CORP
225447AD3,WOLF 1.75 05/01/26,WOLFSPEED INC
22544F103,DHY,CREDIT SUISSE HIGH YIELD CRE
225655109,CCAP,CRESCENT CAPITAL BDC INC
226344208,CEQPUSD,CRESTWOOD EQUITY PARTNERS LP
226406106,CRESY,CRESUD S.A.-SPONS ADR
226552107,CXDO,CREXENDO INC
22658D100,CRCT,CRICUT INC - CLASS A
22663K107,CRNX,CRINETICS PHARMACEUTICALS IN
226718104,CRTOEUR,CRITEO SA-SPON
227046109,CROX,CROCS INC
22717L101,CRON,CRONOS GROUP INC
22757R109,CRT,CROSS TIMBERS ROYALTY TRUST
22758A105,CAPL,CROSSAMERICA PARTNERS LP
22788C105,CRWD,CROWDSTRIKE HOLDINGS INC - A
22822V101,CCI1USD,CROWN CASTLE INTL CORP
22822V309,CCI 6.875 08/01/20 A,CROWN CASTLE INTL CORP
228309100,CRWS,CROWN CRAFTS INC
228368106,CCK,CROWN HOLDINGS INC
228903100,AORT,ARTIVION INC
22890A302,ORBS,EIGHTCO HOLDINGS INC
229050307,CYRX,CRYOPORT INC
22943F100,CTRPUSD,CTRIP.COM INTERNATIONAL-ADR
22943FAD2,TCOM 1.25 10/15/18,CTRIP.COM INTL LTD
22943FAF7,TCOM 1 07/01/20,TRIP.COM GROUP LTD
22948Q101,CTO2EUR,CTO REALTY GROWTH INC
229663109,CUBEUSD,CUBESMART
229669106,CUBUSD,CUBIC CORP
22978P106,CUE1EUR,CUE BIOPHARMA INC
229790100,HLTHQ,CUE HEALTH INC
229899109,CFR,CULLEN/FROST BANKERS INC
230031106,CGEM,CULLINAN THERAPEUTICS INC
230215105,CULP,CULP INC
230770109,CPIX,CUMBERLAND PHARMACEUTICALS
231021106,CMI,CUMMINS INC
231082801,CMLS1GBP,CUMULUS MEDIA INC-CL A
23128Q101,CURB,CURBLINE PROPERTIES CORP
23130Q107,CURI,CURIOSITYSTREAM INC
23131L107,CUROEUR,CURO GROUP HOLDINGS CORP
231561101,CW,CURTISS-WRIGHT CORP
231631300,SRV,NXG CUSHING MIDSTREAM ENERGY
231647207,NXG,NXG NEXTGEN INFRASTR INC
23204G100,CUBI,CUSTOMERS BANCORP INC
23204X103,CTOS,CUSTOM TRUCK ONE SOURCE INC
232109108,CUTREUR,CUTERA INC
23248B109,CXAI,CXAPP INC
23248VAB1,CYBR 0 11/15/24,CYBERARK SOFTWARE LTD
232517102,CYBE1EUR,CYBEROPTICS CORP
23255M105,CYCNUSD,CYCLERION THERAPEUTICS INC
23256X100,CYBNEUR,CYBIN INC
23256X407,HELP,CYBIN INC
23257D103,CBAYUSD,CYMABAY THERAPEUTICS INC
232806109,CYUSD,CYPRESS SEMICONDUCTOR CORP
23282W605,CYTK,CYTOKINETICS INC
23282WAC4,CYTK 3.5 07/01/27,CYTOKINETICS INC
23283R100,CONE1USD,CYRUSONE INC
23283X206,CTSO,CYTOSORBENTS CORP
23284F105,CTMX,CYTOMX THERAPEUTICS INC
23285D109,CTKB,CYTEK BIOSCIENCES INC
23291C103,BOOM,DMC GLOBAL INC
23292B104,HEPS,D-MARKET ELECTRONIC SERV-ADR
23292E108,DIDIUSD,DIDI GLOBAL INC
23304Y100,DBSDYEUR,DBS GROUP HOLDINGS-SPON ADR
233051101,DBEM,XTRACKERS MSCI EMERGING MARK
233051143,SNPE,XTRCKR S&P 500 SCOR&SCRN ETF
233051150,USSG,XTRACKERS MSCI USA SELE EQTY
233051200,DBEF,XTRACKERS MSCI EAFE HEDGED E
233051283,SHYL,XTRACKERS SHRT DUR HIGH YIEL
233051432,HYLB,XTRACKERS USD HIGH YIELD COR
233051481,DEUS,XTRACKERS RUSSELL US MULTI
233051507,DBJP,XTRACKERS MSCI JAPAN HEDGED
233051630,HDEF,XTRACKERS MSCI EAFE HIGH DIV
233051705,RVNU,XTRAC MUN INF REV BD ACT ETF
233051820,DBAW,XTRACKERS MSCI ALL WORLD EX
233051846,HAUZ,XTRACKERS INTL REAL ESTATE
233051853,DBEU,XTRACKERS MSCI EUROPE HEDGED
233051879,ASHRGBP,XTRACKERS HARVEST CSI 300 CH
23305L206,DZSIUSD,DZS INC
23311P100,DCPUSD,DCP MIDSTREAM LP
23325P104,DNP,DNP SELECT INCOME FUND INC
233277102,DMYD,DMY TECHNOLOGY GROUP IN
23331A109,DHIUSD,DR HORTON INC
23331S100,DHX,DHI GROUP INC
23332B106,DSPGUSD,DSP GROUP INC
233331107,DTE,DTE ENERGY COMPANY
233331842,DTE 6.25 11/01/22,DTE ENERGY CO
23334J107,DTF,DTF TAX-FREE INCOME 2028 TER
23335Q100,DLHC,DLH HOLDINGS CORP
233368109,KTF,DWS MUNICIPAL INCOME TRUST
233377407,DXPE,DXP ENTERPRISES INC
23344D108,D0A,DADA NEXUS LTD-ADR
23345M107,DTM,DT MIDSTREAM INC
23355L106,DXC,DXC TECHNOLOGY CO
233912104,DJCO,DAILY JOURNAL CORP
234264109,DAKT,DAKTRONICS INC
235825205,DAN,DANA INC
235851102,DHR,DANAHER CORP
235851300,DHR 4.75 04/15/22 A,DANAHER CORP
235851AF9,DHR 0 01/22/21,DANAHER CORP
23636T100,DANOYUSD,DANONE-SPONS ADR
23703Q203,DQ,DAQO NEW ENERGY CORP-ADR
237194105,DRI,DARDEN RESTAURANTS INC
23725P209,DRIOUSD,DARIOHEALTH CORP
237266101,DAR,DARLING INGREDIENTS INC
23753F107,DSKEUSD,DASEKE INC
237545108,DASTYEUR,DASSAULT SYSTEMES S-SPON ADR
237690102,DAIO,DATA I/O CORP
23804L103,DDOG,DATADOG INC - CLASS A
23804LAB9,DDOG 0.125 06/15/25,DATADOG INC
238337109,PLAY,DAVE & BUSTER'S ENTERTAINMEN
23834J201,DAVE,DAVE INC
238661102,DTEACAD,DAVIDSTEA INC
23908L108,DFNL,DAVIS SELECT FINANCIAL ETF
23908L207,DUSA,DAVIS SELECT US EQUITY ETF
23908L306,DWLD,DAVIS SELECT WORLDWIDE ETF
23908L405,DINT,DAVIS SELECT INTERNATIONAL
23918K108,DVA,DAVITA INC
239360100,DWSN,DAWSON GEOPHYSICAL CO
23954D109,DAWNGBX,DAY ONE BIOPHARMACEUTICALS I
242370203,DFUSD,DEAN FOODS CO
242794105,DCRN,DECARBONIZATION PLUS ACQUI-A
24344T101,DCPHEUR,DECIPHERA PHARMACEUTICALS IN
243537107,DECK,DECKERS OUTDOOR CORP
244199105,DE,DEERE & CO
24477E103,DH,DEFINITIVE HEALTHCARE CORP
24477V105,DFTX,DEFINIUM THERAPEUTICS INC
244916102,DEFT,DEFI TECHNOLOGIES INC
245077102,DFRGUSD,DEL FRISCO'S RESTAURANT GROU
245496104,TACOEUR,DEL TACO RESTAURANTS INC
24610T108,XVFLX,ABRDN NATIONAL MUNICIPAL INC
24661P807,DCTH,DELCATH SYSTEMS INC
24664T103,DKL,DELEK LOGISTICS PARTNERS LP
24665A103,DK,DELEK US HOLDINGS INC
24703L202,DELL,DELL TECHNOLOGIES -C
247361702,DAL,DELTA AIR LINES INC
247368103,DLAEUR,DELTA APPAREL INC
24790A101,DENUSD,DENBURY INC
247916208,DNRUSD,DENBURY RESOURCES INC
248019101,DLX,DELUXE CORP
24802Y105,DWREEUR,DEMANDWARE INC
24823R105,DNLI,DENALI THERAPEUTICS INC
248356107,DNN,DENISON MINES CORP
24869P104,DE8,DENNY'S CORP
24906P109,XRAY,DENTSPLY SIRONA INC
24983L104,DERMUSD,DERMIRA INC
24984K105,DMTKQ,DERMTECH INC
249906108,DSGX,DESCARTES SYSTEMS GRP/THE
249908AA2,ASRT 2.5 09/01/21,ASSERTIO THERAPEUTICS IN
250565108,DBI,DESIGNER BRANDS INC-CLASS A
25056L103,DSGN,DESIGN THERAPEUTICS INC
25058X303,DM*,DESKTOP METAL INC-A
25063F107,DXYZ,DESTINY TECH100 INC
25065D100,DESTUSD,DESTINATION MATERNITY CORP
25065K104,DXLG,DESTINATION XL GROUP INC
251566105,DTEGYUSD,DEUTSCHE TELEKOM AG-SPON ADR
25157Y202,DPSGYUSD,DEUTSCHE POST AG-SPON ADR
25179M103,DVN,DEVON ENERGY CORP
252131107,DXCM,DEXCOM INC
252131AH0,DXCM 0.75 12/01/23,DEXCOM INC
252131AK3,DXCM 0.25 11/15/25,DEXCOM INC
252131AM9,DXCM 0.375 05/15/28,DEXCOM INC
25243Q205,DEO,DIAGEO PLC-SPONSORED ADR
25253X207,DMAC,DIAMEDICA THERAPEUTICS INC
25264R207,DHILUSD,DIAMOND HILL INVESTMENT GRP
25271C102,DOEUR,DIAMOND OFFSHORE DRILLING
25271C201,DO1USD,DIAMOND OFFSHORE DRILLING IN
252784301,DRH,DIAMONDROCK HOSPITALITY CO
25278L204,DHHCUUSD,DIAMONDHEAD HOLDINGS CORP
25278X109,FANG,DIAMONDBACK ENERGY INC
252828108,DNTH,DIANTHUS THERAPEUTICS INC
253031108,DRNAUSD,DICERNA PHARMACEUTICALS INC
253393102,DKS,DICK'S SPORTING GOODS INC
253651103,DBDCHF,DIEBOLD NIXDORF INC
253651202,DBD,DIEBOLD NIXDORF INC
253798102,DGII,DIGI INTERNATIONAL INC
25382P208,1DAA,DIGITAL ALLY INC
253868103,DLRGBX,DIGITAL REALTY TRUST INC
253922108,DCOMUSD,DIME COMMUNITY BANCSHARES
25400Q105,DJT,TRUMP MEDIA & TECHNOLOGY GRO
25400Q113,DJTWW,TRUMP MEDIA & TECHNOLOGY GRO
25400W102,APPS,DIGITAL TURBINE INC
25401T108,CLNSEUR,DIGITALBRIDGE GROUP INC
25401T603,DBRG,DIGITALBRIDGE GROUP INC
25402D102,DOCN,DIGITALOCEAN HOLDINGS INC
25402DAB8,DOCN 0 12/01/26,DIGITALOCEAN HOLDINGS
254067101,DDS,DILLARDS INC-CL A
25432X102,DCOM,DIME COMMERCIAL BANCSHARES I
25434V104,DFAU,DIMENSIONAL US CORE EQUITY M
25434V203,DFAI,DIMENSIONAL INTERNATIONAL CO
25434V302,DFAE,DIMENSIONAL EMERGING CORE EQ
25434V401,DFUS,DIMENSIONAL US EQ MKT ETF
25434V500,DFAS,DIMENSIONAL US SMALL CAP ETF
25434V567,DGCB,DIMENSIONAL GLOBAL CREDIT
25434V575,DFGX,DIMSNL INTR CF IN ETF-USD IN
25434V583,DFGP,DIMENSIONAL GLBL CORE PL FIX
25434V591,DUSB,DIMENSION ULTRASHORT FI ETF
25434V609,DFAT,DIMENSIONAL US TARGET VALUE
25434V617,DFAW,DIMENSIONAL WORLD EQTY ETF
25434V625,DCOR,DIMENSIONAL US CORE EQ 1 ETF
25434V633,DFCA,DIMENSIONAL CALFORNIA MB ETF
25434V658,DFGRUSD,DIM GLOBAL REAL ESTATE ETF
25434V666,DFLV,DIM US LARGE CAP VALUE ETF
25434V674,DFSBUSD,DIM GLB SUSTAIN FIX INC ETF
25434V682,DFSEUSD,DIMENSIONAL EM SUS CORE1 ETF
25434V690,DFSIUSD,DIMENSIONAL INT SUS COR1 ETF
25434V708,DFAC,DIMENSIONAL US CORE EQUITY 2
25434V716,DFSUUSD,DIMENSIONAL US SUS CORE1 ETF
25434V724,DFUVUSD,DIMENSIONAL US MARKETWIDE VA
25434V732,DFEMUSD,DIMENSIONAL EMERGING MARKETS
25434V740,DFEVUSD,DIMENSIONAL EMERGING MARKETS
25434V757,DEHPUSD,DIMENSIONAL EMERGING MARKETS
25434V765,DIHP,DIMENSIONAL INTERNATIONAL HI
25434V773,DFIS,DIMENSIONAL INTERNATIONAL SM
25434V781,DISVUSD,DIMENSIONAL INTERNATIONAL SM
25434V799,DFIC,DIMENSIONAL INTERNATIONAL CO
25434V807,DFIV,DIMENSIONAL INTERNATIONAL VA
25434V815,DFSV,DIMENSIONAL US SMALL CAP VAL
25434V823,DFAR,DIMENSIONAL US REAL EST ETF
25434V831,DUHP,DIMENSIONAL US HIGH PROFI ET
25434V849,DFNM,DIMENSIONAL NATIONAL MUNI BD
25434V856,DFIP,DIMENSIONAL INFLATION-PROTEC
25434V864,DFSD,DIMENSIONAL SHORT DURATION
25434V872,DFCF,DIMENSIONAL CORE FIXED INC
25434V880,DFAX,DIMENSIONAL WORLD EX US CORE
254423106,DIN,DINE BRANDS GLOBAL INC
25445D101,DDLEUR,DINGDONG CAYMAN LTD -SPN ADR
254543101,DIOD,DIODES INC
25456K101,DPLOUSD,DIPLOMAT PHARMACY INC
25459W102,TECLGBP,DIREXION DAILY TECH BULL 3X
25459W458,SOXL,DIREX DAIL SEMI BU 3X ET-USD
25459W730,MIDU,DIRXN DLY MID CAP BL 3XE-USI
25459W755,DRN,DIR DLY RE ES BUL 3X ETF-USD
25459W771,YINNGBP,DRX DLY FTSE CHINA BULL 3X
25459W847,TNA,DIR DAI SML CA BUL 3X ET-USD
25459W862,SPXL,DIREXION DAILY S&P 500 BULL
25459W888,ERXUSD,DIREXION DLY ENERGY BULL 3X
25459Y207,QQQE,DIRX NASDAQ-100EQ WI ETF-USD
25459Y678,TMVUSD,DRX DLY 20+ YR TREAS BEAR 3X
25459Y694,FAS,DIRX DLY FINACIAL B3X ETF-UI
25459Y876,CURE,DIREX DLY HEA BUL 3X ETF-USD
254604101,IRON,DISC MEDICINE INC
25460E232,TZA,DIRX DLY SMAL CAP B3X ETF-UI
25460E265,SPXS1EUR,DIREXION DLY S&P 500 BEAR 3X
25460E307,COM,DIREXION AUSPICE BRD CMDTY
25460E661,DFEN,DIREX DLY AEROS & DF BL3X-UI
25460E844,NUGT,DRX DLY GOLD MINERS BULL 3X
25460E869,SPDN,DIR DLY SP 500 BR 1X ETF-USI
25460E885,SPXS1,DIREXION DLY S&P 500 BEAR 3X
25460G112,V32S,DIREXION DAILY SEMI BEAR 3X
25460G138,TMF,DIR DLY 20+YR TR BL3X ETF-UI
25460G153,DPSTUSD,DRX DLY REG BANK BULL 3X
25460G195,YINN,DIREXION DLY FTSE CH BL3X-UI
25460G286,TSLL,DIRX DLY TSLA BUL 2X ETF-AUI
25460G500,GUSH,DIREXION DAILY S&P OIL & GAS
25460G609,ERX,DIREXION DAILY ENRGY BL2X-UI
25460G773,WFHGBP,DIREXION WORK FROM HOME ETF
25460G781,NUGT,DIRXN DLY GM INDX B2X ETF-UI
25460G831,JNUG,DIRX DLY JUNR GMI B2X ETF-UI
25460G849,TMV,DIR DA 20+YR TRE BE 3X ETF-U
254687106,DIS,WALT DISNEY CO/THE
254709108,DFSUSD,DISCOVER FINANCIAL SERVICES
25470F104,DISCAUSD,DISCOVERY INC - A
25470F302,DISCKUSD,DISCOVERY INC-C
25470M109,DISHEUR,DISH NETWORK CORP-A
25470MAB5,DISH 3.375 08/15/26,DISH NETWORK CORP
25470MAD1,DISH 2.375 03/15/24,DISH NETWORK CORP
25470MAF6,DISH 0 12/15/25,DISH NETWORK CORP
25490H106,DRTCAD,DIRTT ENVIRONMENTAL SOLUTION
25490K281,EDC,DIR DA MS EM MA BUL 3X ETF-U
25490K323,LABUUSD,DRX DLY S&P BIOTECH BULL 3X
25490K596,NAIL,DIRE DAIL HB & SB 3X ETF-USD
25520W107,DEC,DIVERSIFIED ENERGY CO
25525P107,DHC,DIVERSIFIED HEALTHCARE TRUST
25538A204,BXSY,BEXIL INVESTMENT TRUST
255519100,DXYNEUR,DIXIE GROUP INC
256086109,DCGO,DOCGO INC
25609L105,DCBO,DOCEBO INC
256135203,RDY,DR. REDDY'S LABORATORIES-ADR
256163106,DOCU,DOCUSIGN INC
256163AB2,DOCU 0.5 09/15/23,DOCUSIGN INC
256163AD8,DOCU 0 01/15/24,DOCUSIGN INC
25659T107,DLB,DOLBY LABORATORIES INC-CL A
256677105,DG,DOLLAR GENERAL CORP
256746108,DLTR,DOLLAR TREE INC
25746U109,D,DOMINION ENERGY INC
25746U133,D 7.25 06/01/22 A,DOMINION ENERGY INC
25746U836,D 6.75 08/15/19 A,DOMINION ENERGY INC
25746U869,D 6.375 07/01/17,DOMINION ENERGY INC
25754A201,DPZ,DOMINO'S PIZZA INC
257554105,DOMO,DOMO INC - CLASS B
257559203,UFSUSD,DOMTAR CORP
257651109,DCI,DONALDSON CO INC
257701201,DGICA,DONEGAL GROUP INC-CL A
257867200,RRDUSD,RR DONNELLEY & SONS CO
25787G100,DFIN,DONNELLEY FINANCIAL SOLUTION
25809K105,DASH,DOORDASH INC - A
25820R105,DMLP,DORCHESTER MINERALS LP
258278100,DORM,DORMAN PRODUCTS INC
25861R105,DBND,DOUBLELINE OPPOR COR BND-USD
25861R303,DCRE,DBL COMM REAL EST DEBT
25861R402,DMBS,DOUBLELINE MORTGAGE ETF
258622109,DSL,DOUBLELINE INCOME SOLUTIONS
258623107,DBL,DOUBLELINE OPPORT CREDIT
25862D105,DLY,DOUBLELINE YIELD OPPORT
25862V105,DV,DOUBLEVERIFY HOLDINGS INC
25960P109,DEIUSD,DOUGLAS EMMETT INC
25960R105,PLOW,DOUGLAS DYNAMICS INC
25961D105,DOUG,DOUGLAS ELLIMAN INC
25985T102,DOVAUSD,DOVA PHARMACEUTICALS INC
260003108,DOV,DOVER CORP
260557103,DOW,DOW INC
26142Q304,DPRO,DRAGANFLY INC
26142R104,DKNG1USD,DRAFTKINGS HOLDINGS INC
26142RAB0,DKNG 0 03/15/28,DRAFTKINGS HOLDINGS INC
26142V105,DKNG,DRAFTKINGS INC-CL A
26152H301,DRD,DRDGOLD LTD-SPONSORED ADR
26154D100,DFH,DREAM FINDERS HOMES INC - A
261608103,DRCEUR,DRESSER-RAND GROUP INC
262037104,DRQEUR,DRIL-QUIP INC
26205E107,DTI,DRILLING TOOLS INTERNATIONAL
262077100,DSEUR,DRIVE SHACK INC
26210C104,DBX,DROPBOX INC-CLASS A
26210CAC8,DBX 0 03/01/26,DROPBOX INC
26210CAD6,DBX 0 03/01/28,DROPBOX INC
26210V102,DRVN,DRIVEN BRANDS HOLDINGS INC
264147109,DCO,DUCOMMUN INC
26414D106,NAPA1USD,DUCKHORN PORTFOLIO INC/THE
26433C105,DPG,DUFF & PHELPS UTILITY & INC
264411505,DREUSD,DUKE REALTY CORP
26441C204,DUK,DUKE ENERGY CORP
26441CBY0,DUK 4.125 04/15/26,DUKE ENERGY CORP
26443V101,DLTH,DULUTH HOLDINGS INC - CL B
26484T106,DNB21GBP,DUN & BRADSTREET HOLDINGS IN
265504100,DNKNUSD,DUNKIN' BRANDS GROUP INC
26603R106,DUOL,DUOLINGO
266042407,DUOT,DUOS TECHNOLOGIES GROUP INC
26614N102,DWDPGBP,DUPONT DE NEMOURS INC
26622P107,DOCS,DOXIMITY INC-CLASS A
266605104,DRRXEUR,DURECT CORPORATION
266605500,DC8A,DURECT CORPORATION
26701L100,BROS,DUTCH BROS INC-CLASS A
26740W109,QBTS,D-WAVE QUANTUM INC
26745T101,DYAI,DYADIC INTERNATIONAL INC
267475101,DY,DYCOM INDUSTRIES INC
267475AB7,DY 0.75 09/15/21,DYCOM INDUSTRIES INC
268150109,DT,DYNATRACE INC
268158201,DYF1,DYNAVAX TECHNOLOGIES CORP
26817Q886,DX,DYNEX CAPITAL INC
26818M108,DYN,DYNE THERAPEUTICS INC
268211109,DZSIGBP,DZS INC
26827L109,ECTM,ECA MARCELLUS TRUST I
268311107,FOCL,EDAP TMS SA -ADR
26853E102,EH,EHANG HOLDINGS LTD-SPS ADR
26856L103,ELF,ELF BEAUTY INC
268603107,LOCO,EL POLLO LOCO HOLDINGS INC
268664109,EMCI,EMC INS GROUP INC
26873J107,EMX,EMX ROYALTY CORP
26874R108,E,ENI SPA-SPONSORED ADR
26875P101,EOG,EOG RESOURCES INC
268785102,EPEUSD,EP ENERGY CORP-CL A
26884L109,EQT,EQT CORP
26884U109,EPR,EPR PROPERTIES
26884U208,EPR 5.75 PERP C,EPR PROPERTIES
26884U307,EPR 9 PERP E,EPR PROPERTIES
26885B100,EQMUSD,EQM MIDSTREAM PARTNERS LP
26885G109,ERA1USD,ERA GROUP INC
268948106,EGBN,EAGLE BANCORP INC
26916J205,GWH,ESS TECH INC
26922A198,PFLD,AAM LOW DUR PREF & INC SEC
26922A222,ACIOUSD,APTUS COLLARED INVESTMENT OP
26922A289,UFOX,DEFIANCE SPACE AND CONNECTIV
26922A321,DSTL,DISTILLATE US FUNDAMENTAL ST
26922A388,DRSK,APTUS DEFINED RISK ETF
26922A420,QTUM,DEFIANCE QUANTUM ETF
26922A446,OSCV,OPUS SMALL CAP VALUE ETF
26922A503,VUSE,VIDENT US EQTY STRAT ETF
26922A719,GOAU,US GLB GLD & METAL MNRS ETF
26922A784,ADME,APTUS DRWDWN MGD EQTY ETF
26922A842,JETS,US GLOBAL JETS ETF
26922B642,JUCY,APTUS ENHANCED YIELD ETF
26922B832,SMIG,BAHL & GAYNOR S/M INC GROWTH
26923G103,AMZAUSD,INFRACAP MLP ETF
26923G301,BBC,VIRTUS BIOTECH CLINICAL TRIA
26923G707,NFLT,VIRTUS NEWFLEET MULTI-SECTOR
26923G772,AMZA,INFRACAP MLP ETF
26923G806,UTES,VIRTUS REAVES UTILITIES ETF
26923G822,PFFA,VIRTUS INFRACAP US PREF STCK
269246401,ETRA,E*TRADE FINANCIAL CORP
26924G201,HACKUSD,ETFMG PRIME CYBER SECURITY E
26924G706,GAMRUSD,ETFMG VIDEO GAME TECH ETF
26926V107,EVEPUSD,EV ENERGY PARTNERS LP
26927E104,EVOP1GBP,EVO PAYMENTS INC-CLASS A
26929N102,EVI,EVI INDUSTRIES INC
26942G100,EBMT,EAGLE BANCORP MONTANA INC
26951R104,EFSI,EAGLE FINANCIAL SERVICES INC
26969P108,EXP,EAGLE MATERIALS INC
269796108,EGRXUSD,EAGLE PHARMACEUTICALS INC
269808101,ECC,EAGLE POINT CREDIT CO
269817102,EIC,EAGLE POINT INCOME CO INC
27032D304,ESTEEUR,EARTHSTONE ENERGY INC - A
27579R104,EWBC,EAST WEST BANCORP INC
27616P301,DEA,EASTERLY GOVERNMENT PROPERTI
27627N105,EBC,EASTERN BANKSHARES INC
276317104,EML,EASTERN CO/THE
277276101,EGPUSD,EASTGROUP PROPERTIES INC
277432100,EMN,EASTMAN CHEMICAL CO
277461406,KODK,EASTMAN KODAK CO
278265103,EVUSD,EATON VANCE CORP
27826F101,CEV,EATON VANCE CA MUNI INC TRST
27826S103,EVF,EATON VANCE SENIOR INCOME TR
27826U108,EVN,EATON VANCE MUNI INC TR
278274105,EOI,EATON VANCE ENHANCED EQ INCM
278277108,EOS,EATON VANCE ENH EQT INC II
278279104,EFT,EATON VANCE FLTNG RT INC TR
27827X101,EIM,EATON VANCE MUNICIPAL BOND
27827Y109,XENWX,EATON VANCE NEW YORK MUNICIP
278284104,EFF,EATON VANCE FLOATING-RATE IN
27828A100,XEVMX,EATON VANCE CAL MUNI BOND
27828G107,EVT,EATON VANCE TAX-ADV DVD INC
27828H105,EVV,EATON VANCE LTD DURAT INC
27828N102,ETY,EATON VANCE TAX-MGD DIV EQTY
27828Q105,EFR,EATON VANCE SR FLTG RATE TR
27828S101,ETG,EATON VANCE T/A GL DVD INCM
27828U106,ETO,EATON VANCE T/A GLBL DVD OPP
27828V104,EVG,EATON VANCE SHORT DUR DIV IN
27828X100,ETB,EATON VANCE T/M BUY-WRT INC
27828Y108,ETV,EATON VANCE T/M BUY-WRIT OPP
27829C105,ETW,EATON VANCE T/M GLBL BUY-WR
27829F108,EXG,EATON VANCE TAX-MANAGED GLOB
27829G106,ETJ,EATON VANCE RSK-MGD DIVERS
27829L105,EOT,EATON VANCE NATIONAL MUNICIP
27829U105,ETX,EATON VANCE MUNI INC 2028 TM
27831H100,XEFLX,EATON VANCE FLOATING-RATE 20
278642103,EBAY,EBAY INC
278715206,EBIXGBP,EBIX INC
27875T101,ECHO1EUR,ECHO GLOBAL LOGISTICS INC
278768106,ECHO,ECHOSTAR CORP-A
278865100,ECL,ECOLAB INC
27901F109,XTEAX,TORTOISE SUST&SOCIAL IMP TER
279158109,EC,ECOPETROL SA-SPONSORED ADR
27923Q109,ECVT,ECOVYST INC
28035Q102,EPC,EDGEWELL PERSONAL CARE CO
28036F105,EWTX,EDGEWISE THERAPEUTICS INC
281020107,EIX,EDISON INTERNATIONAL
28106W103,EDIT,EDITAS MEDICINE INC
28140M103,EDMCQ,EDUCATION MANAGEMENT CORP
281479105,EDUC,EDUCATIONAL DEVELOPMENT CORP
28176E108,EW,EDWARDS LIFESCIENCES CORP
28225C806,EGAN,EGAIN CORP
28226B104,EGLTUSD,EGALET CORP
28238P109,EHTH,EHEALTH INC
28249H104,EIDXGBP,EIDOS THERAPEUTICS INC
28249U105,CLDNUSD,EIGER BIOPHARMACEUTICALS INC
282559103,ETNBGBP,89BIO INC
282644301,EKSOEUR,EKSO BIONICS HOLDINGS INC
282914100,EGHT,8X8 INC
283678209,KMI 4.75 03/31/28,EL PASO ENERGY CAP TRST
28414H103,ELAN,ELANCO ANIMAL HEALTH INC
28470R102,ERIUSD,ELDORADO RESORTS INC
28489L104,ELMSQ,ELECTRIC LAST MILE SOLUTIONS
284902509,EGO,ELDORADO GOLD CORP
28531P103,ECORGBP,ELECTROCORE INC
285409108,ELMD,ELECTROMED INC
285512109,EA*,ELECTRONIC ARTS INC
285512AA7,EA 0.75 07/15/16,ELECTRONIC ARTS INC
286082102,EFI,ELECTRONICS FOR IMAGING
28617B606,ELVA,ELECTROVAYA INC
28617K101,ELDN,ELEDON PHARMACEUTICALS INC
28618M106,ESI,ELEMENT SOLUTIONS INC
28621V101,ELVTUSD,ELEVATE CREDIT INC
28658R106,CLYM,CLIMB BIO INC
28852N109,EFCUSD,ELLINGTON FINANCIAL INC
288578107,EARN,ELLINGTON CREDIT CO
289074106,ECF,ELLSWORTH GROWTH AND INCOME
29076N206,EMGA,EMAGIN CORPORATION
29081P303,AKO/B,EMBOTELLADORA ANDINA-ADR B
29082A107,EMBJ,EMBRAER SA-SPON ADR
29082K105,EMBC,EMBECTA CORP
290846203,EMKREUR,EMCORE CORP
29084Q100,EME,EMCOR GROUP INC
290876101,EMA,EMERA INC
29089Q105,EBS,EMERGENT BIOSOLUTIONS INC
291011104,EMR,EMERSON ELECTRIC CO
29102H108,EMESUSD,EMERGE ENERGY SERVICES LP
29103K100,FLD,FOLD HOLDINGS INC
29103W104,EM7,EMERALD HOLDING INC
29109X106,AZPN1USD,ASPEN TECHNOLOGY INC
292102100,ESBA,EMPIRE STATE REALTY OP LP-ES
292104106,ESRTUSD,EMPIRE STATE REALTY TRUST-A
292218104,EIG,EMPLOYERS HOLDINGS INC
29244A102,EDN,EMP DISTRIB Y COMERC NOR-ADR
292480100,ENBLUSD,ENABLE MIDSTREAM PARTNERS LP
29249E109,ACT,ENACT HOLDINGS INC
29250N105,ENB,ENBRIDGE INC
29251M106,ENTA,ENANTA PHARMACEUTICALS INC
292554102,ECPG,ENCORE CAPITAL GROUP INC
292562105,WIREEUR,ENCORE WIRE CORP
29258Y103,EXK,ENDEAVOUR SILVER CORP
29259W700,EU,ENCORE ENERGY CORP
29260V105,DAVA,ENDAVA PLC- SPON ADR
29260Y109,0C3,ENDEAVOR GROUP HOLD-CLASS A
29261A100,EHC,ENCOMPASS HEALTH CORP
29266S304,ELGXUSD,ENDOLOGIX INC
292671708,UUUU,ENERGY FUELS INC
29269R105,EFXT,ENERFLEX LTD
29270J100,ERII,ENERGY RECOVERY INC
29271Q103,ESOA,ENERGY SERVICES OF AMERICA
29272B105,EIGIEUR,ENDURANCE INTERNATIONAL GROU
29272W109,ENR-WUSD,ENERGIZER HOLDINGS INC
29273V100,ETE1USD,ENERGY TRANSFER LP
29275Y102,ENS,ENERSYS
292765104,EPAC,ENERPAC TOOL GROUP CORP
292766102,ERFGBP,ENERPLUS CORP
29278D105,ENIC,ENEL CHILE SA-ADR
29280W109,NRGV,ENERGY VAULT HOLDINGS INC
29283F103,ESMTUSD,ENGAGESMART INC
29287L106,VOTE,TCW TRANSFORM 500 ETF
29287L205,PWRD,TCW TRANSFORM SYSTEMS ETF
29287L700,FLXR,TCW FLEXIBLE INCOME ETF
29336T100,0E41,ENLINK MIDSTREAM LLC
29337E102,ELVN,ENLIVEN THERAPEUTICS INC
293389102,EBF,ENNIS INC
29350E104,ENOBGBP,RENOVARO INC
29355A107,ENPH,ENPHASE ENERGY INC
29355AAH0,ENPH 0 03/01/26,ENPHASE ENERGY INC
29355AAK3,ENPH 0 03/01/28,ENPHASE ENERGY INC
29355X107,NPO,ENPRO INC
29357K103,ENVA,ENOVA INTERNATIONAL INC
29358P101,ENSG,ENSIGN GROUP INC/THE
293594107,ENVX,ENOVIX CORP
29362U104,ENTG,ENTEGRIS INC
293639100,ETMUSD,ENTERCOM COMMUNICATIONS-CL A
29363J108,ENFCUSD,ENTEGRA FINANCIAL CORP
29364G103,ETR,ENTERGY CORP
293712105,EFSC,ENTERPRISE FINANCIAL SERVICE
293792107,EPD,ENTERPRISE PRODUCTS PARTNERS
293828877,XOVR,ERSHARES PRIVATE-PUBLIC CROS
29382R107,EVC,ENTRAVISION COMMUNICATIONS-A
29384C108,TRDA,ENTRADA THERAPEUTICS INC
29385B109,EGLXGCAD,ENTHUSIAST GAMING HOLDINGS I
293904108,ENZNEUR,ENZON PHARMACEUTICALS INC
29402E102,ELA,ENVELA CORP
29404K106,ENVUSD,ENVESTNET INC
294100102,ENZUSD,ENZO BIOCHEM INC
29414B104,EPAM,EPAM SYSTEMS INC
29414J107,EVAUSD,ENVIVA INC
29415B103,EVAUSD,ENVIVA INC
29415C101,EOSE,EOS ENERGY ENTERPRISES INC
29415F104,NVST,ENVISTA HOLDINGS CORP
294268107,PLUS,EPLUS INC
29428V104,EPZMEUR,EPIZYME INC
29430C102,VSTS,VESTIS CORP
294375209,EPSN,EPSILON ENERGY LTD
294429105,EFX,EQUIFAX INC
29444U700,EQIXUSD,EQUINIX INC
29445S100,EQPT,EQUIPMENTSHARE.COM INC-A
29446K106,EQ,EQUILLIUM INC
29446M102,EQNR,EQUINOR ASA-SPON ADR
29446Y502,EQX,EQUINOX GOLD CORP
29452E101,EQH,EQUITABLE HOLDINGS INC
294600101,ETRNUSD,EQUITRANS MIDSTREAM CORP
29460X109,EQBK,EQUITY BANCSHARES INC - CL A
294628102,HP5A,EQUITY COMMONWEALTH
294628201,EQC 6.5 PERP D,EQUITY COMMONWEALTH
29472R108,ELS,EQUITY LIFESTYLE PROPERTIES
29476L107,EQRUSD,EQUITY RESIDENTIAL
29479A108,ERAS,ERASCA INC
294821608,ERIC,ERICSSON (LM) TEL-SP ADR
29530P102,ERIE,ERIE INDEMNITY COMPANY-CL A
296006109,ERO,ERO COPPER CORP
296056104,ESCA,ESCALADE INC
29605J106,ESAB,ESAB CORP
296315104,ESE,ESCO TECHNOLOGIES INC
296650104,ESP,ESPEY MFG & ELECTRONICS CORP
29667J101,ESQ,ESQUIRE FINANCIAL HOLDINGS I
29667K306,GMBLEUR,ESPORTS ENTERTAINMENT GROUP
29668H708,EPI1GBP,ESSA PHARMA INC
29670E107,EPRTEUR,ESSENTIAL PROPERTIES REALTY
29670G102,WTRG,ESSENTIAL UTILITIES INC
297178105,ESS2USD,ESSEX PROPERTY TRUST INC
297602104,ETD,ETHAN ALLEN INTERIORS INC
29772L108,ETON,ETON PHARMACEUTICALS INC
29786A106,ETSY,ETSY INC
29786AAJ5,ETSY 0.125 10/01/26,ETSY INC
29786AAL0,ETSY 0.125 09/01/27,ETSY INC
29786AAN6,ETSY 0.25 06/15/28,ETSY INC
29788T103,ETWOGBP,E2OPEN PARENT HOLDINGS INC
298736109,EEFT,EURONET WORLDWIDE INC
298736AL3,EEFT 0.75 03/15/49,EURONET WORLDWIDE INC
29882P106,EWCZ,EUROPEAN WAX CENTER INC-A
29911Q208,EVBNUSD,EVANS BANCORP INC
29970N104,EVEX,EVE HOLDING INC
29975E109,EB4,EVENTBRITE INC-CLASS A
29977A105,EVR,EVERCORE INC - A
29977X105,EVCM,EVERCOMMERCE INC
29978A104,EVBGGBP,EVERBRIDGE INC
30034T103,G2C,EVERI HOLDINGS INC
30034W106,EVRG,EVERGY INC
30034WAD8,EVRG 4.5 12/15/27,EVERGY INC
30040P103,EVTC,EVERTEC INC
30040W108,ES,EVERSOURCE ENERGY
30041R108,EVER,EVERQUOTE INC - CLASS A
30041T104,MRAM,EVERSPIN TECHNOLOGIES INC
300426103,ECG,EVERUS CONSTRUCTION GROUP
300487105,EVLVUSD,EVINE LIVE INC
30048L104,NEOTUSD,EVOFEM BIOSCIENCES INC
30049A107,EPM,EVOLUTION PETROLEUM CORP
30049H102,EVLV,EVOLV TECHNOLOGIES HOLDINGS
30049R209,EVOLUSD,SYMBOLIC LOGIC INC
30050B101,EVH,EVOLENT HEALTH INC - A
30050E105,EVO,EVOTEC SE - SPON ADR
30052C107,EOLS,EVOLUS INC
30052F100,EVGO,EVGO INC
30057T105,AQUAUSD,EVOQUA WATER TECHNOLOGIES CO
30063P105,EXK,EXACT SCIENCES CORP
30063PAA3,EXAS 1 01/15/25,EXACT SCIENCES CORP
30063PAB1,EXAS 0.375 03/15/27,EXACT SCIENCES CORP
30063PAC9,EXAS 0.375 03/01/28,EXACT SCIENCES CORP
30068N105,RSOEUR,EXANTAS CAPITAL CORP
30068X103,XGN,EXAGEN INC
30069T101,EE,EXCELERATE ENERGY INC-A
301505475,NUKZ,RANGE NUCLEAR RENAISSANCE
301505707,ROBO,ROBO GLOBAL ROBOTICS AND AUT
301505723,HTEC,ROBO GLOBAL HEALTHCARE TECH
301505731,THNQ,ROBO GLOBAL ARTIFICIAL INTEL
301505889,EMQQGBP,EMERGING MRKTS INTERNET & EC
30151E806,CEFS,SABA CLOSED END FUNDS ETF
30151E814,HYLD2USD,HIGH YIELD ETF
30161N101,EXC,EXELON CORP
30161Q104,EXELUSD,EXELIXIS INC
30190A104,FG,F&G ANNUITIES & LIFE INC
302046107,EXFEUR,EXFO INC
30205M101,XCURGBP,EXICURE INC
302081104,EXLS,EXLSERVICE HOLDINGS INC
302104104,XONEUSD,EXONE CO/THE
30212P303,EXPEUSD,EXPEDIA GROUP INC
30212PBE4,EXPE 0 02/15/26,EXPEDIA GROUP INC
30212W100,AGNT,AGNT INC
302130109,EXPD,EXPEDITORS INTL WASH INC
30214U102,EXPO,EXPONENT INC
30219Q106,EXFY,EXPENSIFY INC - A
30223G102,EXAIEUR,EXSCIENTIA PLC
30224P200,STAYUSD,EXTENDED STAY AMERICA INC
30225T102,EXRUSD,EXTRA SPACE STORAGE INC
30226D106,EXTR,EXTREME NETWORKS INC
30227H106,EXTNUSD,EXTERRAN CORP
30227M105,XOGEUR,EXTRACTION OIL & GAS INC
302301106,EZPW,EZCORP INC-CL A
30231G102,XOM,EXXON MOBIL CORP
30233G100,PSDVUSD,EYEPOINT PHARMACEUTICALS INC
30233G209,EYPT,EYEPOINT INC
30234E104,EYENGBP,EYENOVIA INC
30239F106,FFG,FBL FINANCIAL GROUP INC-CL A
302445101,FLIRUSD,FLIR SYSTEMS INC
302491303,FMC,FMC CORP
302492103,FLYW,FLYWIRE CORP-VOTING
302520101,FNB,FNB CORP
30257X104,FBK,FB FINANCIAL CORP
30260D103,FIGS,FIGS INC-CLASS A
302635107,FSICUSD,FS KKR CAPITAL CORP
302635206,FSK,FS KKR CAPITAL CORP
30263Y104,FSBW,FS BANCORP INC
30281V108,FTDEUR,FTD COS INC
30283W104,FTSIEUR,FTS INTERNATIONAL INC
30283W302,FTSI1USD,FTS INTERNATIONAL INC-CL A
30290Y101,FSCOEUR,FS CREDIT OPPORTUNITIES CORP
30292L107,FRPH,FRP HOLDINGS INC
302941109,FCN,FTI CONSULTING INC
302941AP4,FCN 2 08/15/23,FTI CONSULTING INC
30303M102,META,META PLATFORMS INC-CLASS A
303075105,FDS,FACTSET RESEARCH SYSTEMS INC
30320C103,FTCIEUR,FTC SOLAR INC
303250104,FICO,FAIR ISAAC CORP
303901102,FFHCAD,FAIRFAX FINANCIAL HLDGS LTD
30603D109,FWMEUR,FAIRWAY GROUP HOLDINGS CORP
307068106,DAVEUSD,FAMOUS DAVE'S OF AMERICA
30711Y102,SFUNUSD,FANG HOLDINGS LTD - ADR
307305102,FANUYUSD,FANUC CORP-UNSP ADR
30744W107,FTCHUSD,FARFETCH LTD-CLASS A
307675108,FB1,FARMER BROS CO
30779N105,FMAO,FARMERS & MERCHANTS BANCO/OH
309627107,FMNB,FARMERS NATL BANC CORP
31154R109,FPI,FARMLAND PARTNERS INC
311642102,FAROEUR,FARO TECHNOLOGIES INC
31188V100,FSLY,FASTLY INC - CLASS A
31189P102,FATE,FATE THERAPEUTICS INC
31189V109,FTHM,FATHOM HOLDINGS INC
311900104,FAST,FASTENAL CO
313148306,AGM,FEDERAL AGRIC MTG CORP-CL C
313586109,FNMAEUR,FANNIE MAE
313745101,FRT,FEDERAL REALTY INVS TRUST
313855108,FSS,FEDERAL SIGNAL CORP
314211103,FHI,FEDERATED HERMES INC
31423L305,FDV,FED HERMES US STRAT DIV ETF
31423P108,FMN,FEDERATED HERM PREM MUNI INC
31425A109,FBLA,FB BANCORP INC
31428X106,FDX,FEDEX CORP
31431B109,FNHCUSD,FEDNAT HOLDING CO
31447P100,FENC,FENNEC PHARMACEUTICALS INC
31488V107,FERG,FERGUSON ENTERPRISES INC
314911108,FRMI,FERMI INC
315293100,FGP1USD,FERRELLGAS PARTNERS-LP
315405100,FOE1USD,FERRO CORP
315616102,FFIVEUR,F5 NETWORKS INC
31572Q808,FGENEUR,FIBROGEN INC
315912808,ONEQ,FIDELITY NASDAQ COMP INDX
315948109,FBTC,FIDELITY WISE ORIGIN BITCOIN
316071109,FCNTX,FIDELITY CONTRAFUND
316092113,FELC,FIDELITY ENH LRG CAP COR ETF
316092204,FDIS,FIDELITY MSCI CONS DISCR IND
316092295,FFSM,FIDELITY FNDM SM MID CAP ETF
316092303,FSTA,FIDELITY MSCI CONS STAP INDX
316092337,FFLG,FIDELITY FNDMNTL L/C GRW ETF
316092352,FBCG,FIDELITY BLUE CHIP GROW ETF
316092360,FFLC,FIDELITY FNDMNTL L/C COR ETF
316092386,FCPI,FIDELITY STOCKS FOR INFL ETF
316092402,FENY,FIDELITY MSCI ENERGY INDEX
316092501,FNCL,FIDELITY MSCI FINANCIAL INDX
316092527,FSMD,FIDELITY SMALL-MID MULTIFACT
316092543,FDEM,FIDELITY EMRG MRKT MULTIFACT
316092600,FHLC,FIDELITY MSCI HEALTH CARE
316092618,FDHY,FIDELITY ENH HI YLD ETF
316092709,FIDU,FIDELITY MSCI INDUST INDX
316092717,FIVA,FIDELITY INTL VAL FACT ETF
316092725,FIDI,FIDELITY INTL HI DIV ETF
316092782,FVAL,FIDELITY VALUE FACTOR ETF
316092790,FQAL,FIDELITY QUALITY FACTOR ETF
316092808,FTEC,FIDELITY MSCI INFO TECH INDX
316092816,FDMO,FIDELITY MOMENTUM FACTOR ETF
316092824,FDLO,FIDELITY LOW VOLAT FACT ETF
316092832,FDRR,FIDELITY DIV ETF RISE RATES
316092840,FDVV,FIDELITY HIGH DIVIDEND ETF
316092857,FREL,FIDELITY MSCI RL EST INDX
316092865,FUTY,FIDELITY MSCI US UTILITIES
316092873,FCOM,FIDELITY MSCI COMM SERV INDX
316092881,FMAT,FIDELITY MSCI MATERIALS INDX
31609A107,FELV,FIDELITY ENH LRG CAP VAL ETF
31609A206,FESM,FIDELITY ENHANCED SMALL CAP
31609A305,FELG,FIDELITY ENH LRG CAP GWTH
31609A404,FENI,FIDELITY ENHANCED INTL ETF
31609A503,FMDE,FIDELITY ENHANCED MID CAP CO
31609R100,FDBC,FIDELITY D&D BANCORP INC
31613E103,FETH,FIDELITY ETHEREUM FUND
316188101,FCOR,FIDELITY CORPORATE BOND ETF
316188200,FLTB,FIDELITY LTD TRM BND ETF
316188309,FBND1USD,FIDELITY TOTAL BOND ETF
316188408,FLDR,FIDELITY LOW DURAT FACT ETF
31620M106,FIS,FIDELITY NATIONAL INFO SERV
31620R303,FNF,FIDELITY NATIONAL FINANCIAL
316500107,FDUS,FIDUS INVESTMENT CORP
31660B101,FRGIUSD,FIESTA RESTAURANT GROUP
316773100,FITB,FIFTH THIRD BANCORP
31679P109,FSAM,FIFTH STREET ASSET MANAGEMEN
31680Q104,WUBAUSD,58.COM INC-ADR
316827104,JOBSUSD,51JOB INC-ADR
316841105,FIG,FIGMA INC-CL A
31738L206,FOA,FINANCE OF AMERICA COS INC-A
317585404,FISI,FINANCIAL INSTITUTIONS INC
31787A507,FNSREUR,FINISAR CORPORATION
31788H303,FNJNUSD,FINJAN HOLDINGS INC
31810T101,FINV,FINVOLUTION GROUP-ADR
31812F109,FNWD,FINWARD BANCORP
31813A109,FINW,FINWISE BANCORP
31816Q101,FEYEUSD,FIREEYE INC
31816QAD3,MNDT 1.625 06/01/35 B,MANDIANT INC
31816QAF8,MNDT 0.875 06/01/24,MANDIANT INC
31816X106,FLY,FIREFLY AEROSPACE INC
31846B108,FA,FIRST ADVANTAGE CORP
31847R102,FAF,FIRST AMERICAN FINANCIAL
31866P102,FNLC,FIRST BANCORP INC/ME
318672706,FBP,FIRST BANCORP PUERTO RICO
318910106,FBNC,FIRST BANCORP/NC
318916103,FBMSUSD,FIRST BANCSHARES INC/MS
31931U102,FRBA,FIRST BANK/HAMILTON NJ
319383204,BUSE,FIRST BUSEY CORP
319390100,FBIZ,FIRST BUSINESS FINANCIAL SER
31942S104,FCAP,FIRST CAPITAL INC
31946M103,FCNCA,FIRST CITIZENS BCSHS  -CL A
31948P104,FCBP,FIRST CHOICE BANCORP
319829107,FCF,FIRST COMMONWEALTH FINL CORP
319835104,FCCO,FIRST COMMUNITY CORP
31983A103,FCBC,FIRST COMMUNITY BANKSHARES
31986N102,FCCYEUR,1ST CONSTITUTION BANCORP
32006W106,FDEFUSD,FIRST DEFIANCE FINL CORP
32008D106,FDC,FIRST DATA CORP- CLASS A
320209109,FFBC,FIRST FINANCIAL BANCORP
32020R109,FFIN,FIRST FINL BANKSHARES INC
320218100,THFF,FIRST FINANCIAL CORP
32026V104,8F1,FIRST FOUNDATION INC
32043P106,FGBI,FIRST GUARANTY BANCSHARES IN
320517105,FHN,FIRST HORIZON CORP
32051X108,FHB,FIRST HAWAIIAN INC
32054K103,FR2USD,FIRST INDUSTRIAL REALTY TR
320551104,DIBS,1STDIBS.COM INC
320557101,INBK,FIRST INTERNET BANCORP
32055Y201,FIBK,FIRST INTERSTATE BANCSYS-A
320734106,FLICUSD,FIRST OF LONG ISLAND CORP
32076V103,AG,FIRST MAJESTIC SILVER CORP
320817109,FRME,FIRST MERCHANTS CORP
320866106,FMBH,FIRST MID BANCSHARES INC
320867104,FMBIUSD,FIRST MIDWEST BANCORP INC/IL
32106V107,FXNC,FIRST NATIONAL CORP/VA
32115D106,FNBCQUSD,FIRST NBC BANK HOLDING CO
335834107,FNWB,FIRST NORTHWEST BANCORP
33616C100,FRCUSD,FIRST REPUBLIC BANK/CA
33621E109,FSFG,FIRST SAVINGS FINANCIAL GRP
336433107,FSLR,FIRST SOLAR INC
336901103,SRCE,1ST SOURCE CORP
336917109,FDL,FIRST TRUST MORN DVD LEAD IN
336920103,FPX,FIRST TRUST US EQUITY OPPORT
33718M105,FDM,FIRST TRUST DOW J SELECT MIC
33718W103,FPF,FIRST TR INTERM DUR & INC
337318109,FFA,FIRST TRUST ENHAN EQTY INC
33731K102,XFEOX,FIRST TRUST/ABRDN EMERGING O
33733A102,FNI,FIRST TRUST CHINDIA ETF
33733A201,EDOW,FIRST TRUST DOW 30 EQL WGHT
33733B100,FIW,FIRST TRUST WATER ETF
33733C108,FAB,FIRST TRUST MULTI CAP VALUE
33733E104,FTCS,FIRST TRUST CAPITAL STRENGTH
33733E203,FBTUSD,FIRST TRUST NYSE ARCA BIOTEC
33733E302,FDN,FIRST TRUST DJ INTERNET IND
33733E401,QQXT,FIRST TRUST NASDAQ-100 EX-TE
33733E500,QCLN,FIRST TRUST NASDAQ CLEAN EDG
33733E732,WCMI,FT WCM INTERNATIONAL ETF
33733E807,FCGGBP,FIRST TRUST NATURAL GAS ETF
33733E823,FTGS,FIRST TRUST GRWTH STRGTH ETF
33733E831,MISLUSD,FIRST TRUST INDXX AERO & DEF
33733E856,IGLD,FT VEST GOLD STRATEGY TARGET
33733E872,FCTR,FIRST TRUST LUNT US FACTOR
33733F101,FAD,FIRST TRUST MULTI CAP GROWTH
33733U108,XFCTX,FIRST TRUST SNR FL RT INC II
337344105,QQEW,FIRST TR NASDAQ-100 SEL EQ
337345102,QTEC,FIRST TRUST NASDQ 100 TECH I
33734G108,FRI,FIRST TRUST S&P REIT INDEX F
33734H106,FVD,FIRST TRUST VALUE LINE DVD
33734K109,FEX,FIRST TRUST LARGE CAP CORE A
33734X101,FXD,FIRST TRUST CONSUMER DISCRET
33734X119,FXG,FIRST TRUST CONSUMER STAPLES
33734X127,FXN,FIRST TRUST ENERGY ALPHADEX
33734X135,FXOUSD,FIRST TRUST FINANCIAL ALPHAD
33734X143,FXH,FIRST TRUST HEALTH CARE ALPH
33734X150,FXRUSD,FIRST TRUST INDST/PRODUCERS
33734X168,FXZ,FIRST TRUST MATERIALS ALPHAD
33734X176,FXL,FIRST TRUST TECHNOLOGY ALPHA
33734X184,FXU,FIRST TRUST UTILITIES ALPHAD
33734X192,SKYY,FIRST TRUST CLOUD COMPUTING
33734X200,FGD,FIRST TRUST DJ GL SEL DVD
33734X309,CARZ,FIRST TRUST S-NETWORK FUTURE
33734X770,FDNI,FIRST TRUST DOW JONES INTL
33734X838,FTRI,FIRST TRUST INDXX GLOBAL NAT
33734X846,CIBR,FIRST TRUST NASDAQ CYBERSECU
33734X853,FPXI,FIRST TRUST INTERNATIONAL EQ
33734Y109,FYX,FIRST TRUST SMALL CAP CORE A
33735B108,FNX,FIRST TRUST MID CAP CORE ALP
33735J101,FTA,FIRST TRUST L C VAL ALP
33735K108,FTC,FIRST TRUST LARGE CAP GROWTH
33735T109,FDD,FIRST TRUST STOXX EUROPE
33736G106,FAN,FIRST TRUST GLOBAL WIND ENER
33736N101,DTRE,FIRST TRUST ALERIAN DISRUPTI
33736Q104,QABA,FIRST TRUST NASDAQ ABA CBIF
33737A108,GRID,FIRST TRST NASD CL EDG SGIIF
33737J117,FEP,FIRST TRUST EUROPE
33737J125,FLN,FIRST TRUST LATIN AMERICA
33737J158,FJP,FIRST TRUST JAPAN
33737J174,FDT,FIRST TRUST DEVELP MKT EX-US
33737J182,FEM,FIRST TRUST EMERGING MARKETS
33737J190,FGM,FIRST TRUST GERMANY
33737J224,FKUUSD,FIRST TRUST UNITED KINGDOM
33737J232,FSZ,FIRST TRUST SWITZERLAND
33737J307,FEMSUSD,FIRST TRUST EMERGING MARKETS
33737J505,FEUZ,FIRST TRUST EUROZONE ALPHADE
33737J802,NFTY,FIRST TRUST INDIA NIFTY 50 E
33737K205,NXTG,FIRST TRUST INDXX NEXTG ETF
33737M102,FNY,FIRST TRUST MID CAP GROWTH
33737M201,FNK,FIRST TRUST MID CAP VALUE
33737M300,FYC,FIRST TRUST SMALL CAP GROWTH
33737M409,FYT,FIRST TRUST SMALL CAP VAL
33738D101,EMLP,FIRST TRUST NORTH AMERICAN E
33738D309,FTSL,FIRST TRUST SENIOR LOAN ETF
33738D408,HYLS,FT TACTICAL HIGH YIELD ETF
33738D606,LGOV,FIRST TR LONG DURATION O-ETF
33738D788,FTCB,FT CORE INVESTMENT GRADE ETF
33738D796,FIIG,FT INTERMED DUR IG CORP ETF
33738D804,FSIG,FT LTD DURATION INV GRADE
33738D820,SDVD,FT VEST SMID RISING DIVIDEND
33738D879,RDVI,FT VEST RISING DIVIDEND ACHI
33738R100,MDIV,FT MULTI-ASSET DIVERS INC
33738R118,TDIV,FT NASDAQ TECH DVD INDEX FD
33738R308,FTHI,FTHI/FIRST TRUST EXCHANGE-TR
33738R407,FTQI,FIRST TRUST NASDAQ BUYWRITE
33738R506,RDVY,FIRST TRUST RISING DIVIDEND
33738R605,FV,FIRST TRUST DW FOCUS 5 FUND
33738R662,FICS,FT INTERNATIONAL DEV CAP STR
33738R688,FID,FIRST TRUST S&P INTERNATIONA
33738R696,DDIV,FIRST TRUST DORSEY WRIGHT MO
33738R704,AIRR,FIRST TRUST RBA AMERICAN IND
33738R720,ROBT,FIRST TRUST NASDAQ ARTIFICIA
33738R795,FTXR,FIRST TRUST NASDAQ TRANSPORT
33738R811,FTXL,FIRST TRUST NASDAQ SEMICONDU
33738R845,FTXN,FIRST TRUST NASDAQ OIL & GAS
33738R852,FTXG,FIRST TRUST NASDAQ FOOD & BE
33738R860,FTXO,FIRST TRUST NASDAQ BANK ETF
33738R878,FVC,FIRST TRUST DORSEY WRIGHT DY
33738R886,IFV,FIRST TRUST DW FOCUS 5 INTL
33739E108,FPE,FT-PREFERRED SECUR & INC ETF
33739G103,FMF,FIRST TRUST MANAGED FUTURES
33739H101,FTGC,FIRST TRUST GLOBAL TACTICAL
33739N108,FMB,FIRST TRUST MANAGED MUNICIPA
33739P103,FTLS,FIRST TRUST LONG/SHORT EQTY
33739P202,FEMB,FIRST TRUST EMERGING MARKETS
33739P301,FMHI,FIRST TRUST MUNICIPAL HIGH I
33739P608,RFDI,FIRST TRST DYN DEVEL INT ETF
33739P707,RFEM,FIRST TRUST RIVERFRONT DYNAM
33739P830,FSMB,FIRST TRUST SHORT DUR MANAG
33739P855,FPEI,FIRST TRUST INSTITUTIONAL PR
33739P863,FCAL,FIRST TRUST CALIFORNIA MUNIC
33739P871,HDMV,FT HORIZON MGD VOL D INT ETF
33739P889,HUSV,FT HORIZON MNGD VOL DOM ETF
33739Q200,LMBS,FIRST TRUST LOW DURATION OPP
33739Q309,HISF,FIRST TR HI INC STRAT FOC
33739Q408,FTSM,FIRST TRUST ENH SHORT MAT FD
33739Q507,FCVT,FIRST TRUST SSI STRATEGI ETF
33739Q705,KNG,FT VEST S&P 500 DVD ARST TRG
33740D107,XFDEX,FIRST TR DYN EUR EQTY INC
33740F276,EIPI,FT ENERGY INCOME ETF
33740F342,SNOV,FT VEST US SMALL CAP MODERAT
33740F433,GJUN,FT VEST US EQUITY MODERATE B
33740F441,GMAY,FT VEST U.S. EQUITY MODERATE
33740F458,GAPR,FT VEST US EQUITY MODERATE B
33740F466,SMAY,FT VEST U.S. SMALL CAP MODER
33740F474,XMAR,FT VEST US EQUITY ENHANCE &
33740F482,GMAR,FT VEST US EQUITY MODERATE B
33740F516,GJAN,FT VEST US EQUITY MODERATE B
33740F540,CRPT,FT SKYBR CRYPT & DIG ECON
33740F557,QJUN,FT VEST NASDAQ-100 BUFFER ET
33740F565,ILDR,FIRST TRUST INNOVATION LEADE
33740F573,YMAR,FT VT INT EQU M B- MAR-US I
33740F581,QMAR,FT VEST NASDAQ-100 BUFFER ET
33740F599,FMAR,FT VEST US EQUITY BUFFER ETF
33740F615,DMAR,FT VEST US EQUITY DEEP BUFFE
33740F623,FJAN,FT VEST U.S. EQUITY BUFFER E
33740F631,DJAN,FT VEST U.S. EQUITY DEEP BUF
33740F649,QDEC,FT VEST NASDAQ-100 BUFFER ET
33740F656,YDEC,FT VEST INTERNATIONAL EQUITY
33740F664,FOCT,FT VEST U.S. EQUITY BUFFER E
33740F672,DOCT,FT VEST U.S. EQUITY DEEP BUF
33740F680,DSEP,FT VEST U.S. EQUITY DEEP BUF
33740F698,DJUL,FT VEST US EQUITY DEEP BUFFE
33740F714,DJUN,FT VEST US EQUITY DEEP BUFFE
33740F722,FJUN,FT VEST US EQUITY BUFF ETF-J
33740F730,DMAY,FT VEST US EQUITY DEEP BUFFE
33740F748,FMAY,FT VEST US EQUITY BUFFER ETF
33740F755,BUFR,FT VEST LAD BUFFERVETF-USD I
33740F763,FFEB,FT VEST US EQUITY BUFFER ETF
33740F771,DFEB,FT VEST U.S. EQUITY DEEP BUF
33740F789,AFGR,FIRST TRUST ACTIVE FACTOR LA
33740F805,FIXD,FIRST TRUST SMITH OPPORTUNIS
33740F821,AFLG,FIRST TRUST ACTIVE FACTOR LA
33740F839,DNOV,FT VEST US EQUITY DEEP BUFFE
33740F847,FNOV,FT VEST US EQUITY BUFFER ETF
33740F854,DAUG,FT VEST U.S. EQUITY DEEP BUF
33740F862,FAUG,FT VEST U.S. EQUITY BUFFER E
33740F870,LDSF,FIRST TR LOW DURATION ST-ETF
33740F888,UCON,FIRST TRUST SMITH UNCONSTRAI
33740J104,FUMB,FIRST TRUST ULTRA SHORT DUR
33740J203,NTRL,FIRST TRUST EQUITY MARKET NE
33740U109,DEED,FIRST TRUST SECURITIZED PLUS
33740U208,FJUL,FT VEST US EQUITY BUFFER ETF
33740U307,FSEP,FT VEST U.S. EQUITY BUFFER E
33740U406,DDEC,FT VEST U.S. EQUITY DEEP BUF
33740U505,FDEC,FT VEST U.S. EQUITY BUFFER E
33740U612,MARM,FTVESTUS MAX BUFF ETF MARCH
33740U653,GAUG,FT VEST US EQUITY MODERATE B
33740U661,GJUL,FT VEST US EQUITY MODERATE B
33740U679,GDEC,FT VEST US EQUITY MODERATE B
33740U687,GNOV,FT VEST US EQUITY MODERATE B
33740U695,GOCT,FT VEST US EQUITY MODERATE B
33740U703,BUFD,FT VST LAD DEEP BUF ETF-USDI
33740U711,GSEP,FT VEST US EQUITY MODERATE B
33740U729,BUFZ,FT VEST LADDERED MODERATE BU
33740U737,GFEB,FT VEST US EQUITY MODERATE B
33740U752,BUFQUSD,FT VST LAD NSDQ BUF ETF-USDI
33740U760,BUFT,FT VEST BUFFERED ALLOCATION
33740U778,BUFG,FT VEST BUFFERED ALLOCATION
33740U786,XDEC,FT VEST US EQUITY ENHANCE &
33740U802,DAPR,FT VEST U.S. EQUITY DEEP BUF
33740U810,XSEP,FT VEST U.S. EQUITY ENHANCE
33740U828,YSEP,FT VST INT EQ MB ETF-USD INC
33740U836,QSPT,FT VEST NASDAQ-100 BUFFER ET
33740U844,XJUN,FT VEST U.S. EQUITY ENHANCE
33740U869,YJUN,FT VEST INT EQ MODT ETF-JUNE
33740U885,FAPR,FT VEST U.S. EQUITY BUFFER E
33740Y101,FAARUSD,FIRST TRUST ALT ABS RET ETF
33741H107,FUNC,FIRST UNITED CORP
33741L108,DVOL,FIRST TRUST DW MOMTM & LOW
33741Q107,FTHY,FIRST TRUST HI YLD OPP 2027
33741X102,SDVY,FIRST TRUST SMID CAP RISING
33741X201,LEGR,FIRST TRUST INDXX INNOVATIVE
33748L101,FWRG,FIRST WATCH RESTAURANT GROUP
33751L105,MYFW,FIRST WESTERN FINANCIAL INC
337655104,DSACGBP,FISCALNOTE HOLDINGS INC
33766Y100,SVVC,FIRSTHAND TECHNOLOGY VALUE
33767E202,FSV,FIRSTSERVICE CORP
33767U107,FSUN,FIRSTSUN CAPITAL BANCORP
33768G107,FCFS,FIRSTCASH HOLDINGS INC
337738108,FISV,FISERV INC
337930705,FBCUSD,FLAGSTAR BANCORP INC
337932107,FE,FIRSTENERGY CORP
33812L102,FITUSD,FITBIT INC - A
33813J106,SPAQUSD,FISKER INC
33829M101,FIVE,FIVE BELOW
338307101,FIVN,FIVE9 INC
338307AD3,FIVN 0.5 06/01/25,FIVE9 INC
33830T103,FSBC,FIVE STAR BANCORP
33830X104,FPRXEUR,FIVE PRIME THERAPEUTICS INC
33832D205,FVEUSD,ALERISLIFE INC
33833Q106,FPH,FIVE POINT HOLDINGS LLC-CL A
338478100,FFC,FLAHERTY & CRUMRINE PREF INC
338479108,FLC,FLAHERTY & CRUMRINE TTL RTRN
338480106,PFD,FLAHERTY & CRUMRIN PRE&INC F
33848E106,PFO,FLAHERTY & CRUMRINE P&I OPP
33848W106,DFP,FLAHERTY & CRUMRINE DYN PREF
339041105,FLT1USD,FLEETCOR TECHNOLOGIES INC
339382103,FLXS,FLEXSTEEL INDS
33939L100,TILT,FLEXSHARES MORNINGSTAR US MA
33939L308,TLTE,FLEXSHARES MORNINGSTAR EMERG
33939L407,GUNR,FLEXSHARES GLOBAL UPSTREAM N
33939L506,TDTT,FLEXSHARES IBOXX 3-YEAR TARG
33939L605,TDTF,FLEXSHARES IBOXX 5-YEAR TARG
33939L662,HYGV,FLEXSHARES HIGH YIELD VALUE
33939L696,ESG,FLEXSHARES STOXX US ESG SELE
33939L746,QLC,FLEXSHARES US QUALITY LG CAP
33939L761,SKOR,FLEXSHARES CREDIT-SCORED US
33939L787,GQRE,FLEXSHARES GLOBAL QUALITY RE
33939L795,NFRA,FLEXSHARES STOXX GLOBAL BROA
33939L803,TLTD,FLEXSHARES MORNINGSTAR DEVEL
33939L837,IQDF,FLEXSHARES-INT QUAL DVD INDE
33939L845,QDEF,FLEXSHARES QUALITY DIVIDEND
33939L860,QDF,FLEXSHARES QUALITY DIVIDEND
33939L886,RAVI,FLEXSHARES ULTRA-SHORT INCOM
339750101,FND,FLOOR & DECOR HOLDINGS INC-A
342909108,FLOC,FLOWCO HOLDINGS INC-CL A
343389409,FTK,FLOTEK INDUSTRIES INC
343412102,FLR,FLUOR CORP
343412AJ1,FLR 1.125 08/15/29,FLUOR CORP
343498101,FLO,FLOWERS FOODS INC
34354P105,FLS1USD,FLOWSERVE CORP
34379V103,FLNC,FLUENCE ENERGY INC
34380C102,IDIEUR,FLUENT INC
34385P108,LAB,STANDARD BIOTOOLS INC
34385PAA6,LAB 2.75 02/01/34,STANDARD BIOTOOLS INC
343873105,FL8,FLUSHING FINANCIAL CORP
344057302,FLUX,FLUX POWER HOLDINGS INC
34407D109,FLYGBP,FLY LEASING LTD-ADR
344174107,FHTX,FOGHORN THERAPEUTICS INC
344177100,1940857D,FOGO DE CHAO INC
34417P100,2JE,FOCUS FINANCIAL PARTNERS-A
34431F104,WPF,FOLEY TRASIMENE ACQ-CLASS A
34431F203,WPF/U,FOLEY TRASIMENE ACQUISITION
344328109,BFT,FOLEY TRASIMENE ACQUISITI-A
344328208,BFT/U,FOLEY TRASIMENE ACQUISITION
344419106,FMX,FOMENTO ECONOMICO MEX-SP ADR
344437405,FOA,FONAR CORP
344849104,WOO,FOOT LOCKER INC
345370860,F,FORD MOTOR CO
345370CZ1,F 0 03/15/26,FORD MOTOR COMPANY
34553D101,FSCTEUR,FORESCOUT TECHNOLOGIES INC
346232101,FOR,FORESTAR GROUP INC
34629L202,FRGE,FORGE GLOBAL HOLDINGS INC
34631F102,FPS,FORGENT POWER SOLUTIONS-CL A
346375108,FORM,FORMFACTOR INC
346563109,FORR,FORRESTER RESEARCH INC
349381103,FIGR,FIGURE TECHNOLOGY SOLUT-CL A
349553107,FTS,FORTIS INC
34959E109,FTNT,FORTINET INC
34959J108,FTV,FORTIVE CORP
34959JAK4,FTV 0.875 02/15/22,FORTIVE CORPORATION
34960P101,FTAIEUR,FORTRESS TRANSPORTATION-CL A
34960Q307,FBIO,FORTRESS BIOTECH INC
34960W106,FRTAUSD,FORTERRA INC
34962G109,TOCAEUR,FORTE BIOSCIENCES INC
34964C106,FBHSUSD,FORTUNE BRANDS HOME & SECURI
34965K107,FTRE,FORTREA HOLDINGS INC
34983P104,FTSVEUR,FORTY SEVEN INC
34984V100,FETUSD,FORUM ENERGY TECHNOLOGIES IN
34984V209,FET,FORUM ENERGY TECHNOLOGIES IN
349853101,FWRDUSD,FORWARD AIR CORP
34986A104,FWRD,FORWARD AIR CORP
34988V106,FOSL,FOSSIL GROUP INC
349915108,FVICHF,FORTUNA SILVER MINES INC
349942102,FSM,FORTUNA MINING CORP
350060109,FSTR,FOSTER (LB) CO-A
350392106,FBMEUR,FOUNDATION BUILDING MATERIAL
35086T109,FCPT,FOUR CORNERS PROPERTY TRUST
35104E100,FDMT,4D MOLECULAR THERAPEUTICS IN
35137L105,FOXA,FOX CORP - CLASS A
35137L204,FOX,FOX CORP - CLASS B
35138V102,FOXF,FOX FACTORY HOLDING CORP
35168W103,GUTS,FRACTYL HEALTH INC
351793104,FRANUSD,FRANCESCAS HOLDINGS CORP
35180X105,FRG1USD,FRANCHISE GROUP INC
351858105,FNV,FRANCO-NEVADA CORP
35243J101,FBRT1GBP,FRANKLIN BSP REALTY TRUST IN
353469109,FC,FRANKLIN COVEY CO
353506108,FTSD,FRANKLIN SHORT DURATION U.S.
353514102,FELE,FRANKLIN ELECTRIC CO INC
353525108,FRAF,FRANKLIN FINANCIAL SERVICES
354613101,BEN,FRANKLIN RESOURCES INC
35471R106,FSPEUR,FRANKLIN STREET PROPERTIES C
35472T101,FTF,FRANKLIN LTD DUR INC TR
35473M105,FGDLUSD,FRANKLIN RESP SOURCED GOLD
35473P108,DIVI,FRANKLIN INTERNATIONAL CORE
35473P439,INCM,FRANKLIN INCOME FOCUS ETF
35473P504,INCE,FRANKLIN INCOME EQUITY FOCUS
35473P553,FLCB,FRANKLIN U.S. CORE BOND ETF
35473P595,FLBL,FRANKLIN SENIOR LOAN ETF
35473P629,FLHY,FRANKLIN HIGH YIELD CORPORAT
35473P678,FLGB,FRANKLIN FTSE UNITED KINGDOM
35473P710,FLKR,FRANKLIN FTSE SOUTH KOREA
35473P744,FLJP,FRANKLIN FTSE JAPAN ETF
35473P769,FLIN,FRANKLIN FTSE INDIA ETF
35473P801,FLQL,FRANKLIN U.S. LARGE CAP MULT
35473P819,FLCH,FRANKLIN FTSE CHINA ETF
35473P827,FLCA,FRANKLIN FTSE CANADA ETF
35473P835,FLBR,FRANKLIN FTSE BRAZIL ETF
35473P868,FLMI,FRANKLIN DYNAMIC MUNICIPAL B
35473P884,FLQM,FRANKLIN U.S. MID CAP MULTIF
354921108,EZBC,FRANKLIN BITCOIN ETF
355145103,FT,FRANKLIN UNIVERSAL TRUST
356108100,FREDUSD,FRED'S INC-CLASS A
356390104,FRHC,FREEDOM HOLDING CORP/NV
35671D857,FCX,FREEPORT-MCMORAN INC
357023100,RAIL,FREIGHTCAR AMERICA INC
358010106,FEIM,FREQUENCY ELECTRONICS INC
358029106,FMS,FRESENIUS MEDICAL CARE-ADR
358039105,FRPT,FRESHPET INC
358054104,FRSH,FRESHWORKS INC-CL A
35834F104,TE,T1 ENERGY INC
358435105,FRD,FRIEDMAN INDUSTRIES
35904G107,RESIEUR,FRONT YARD RESIDENTIAL CORP
35905A109,FTDR,FRONTDOOR INC
35906A207,FTR 11.125 06/29/18 A,FRONTIER COMMUNICATIONS
35906A306,FTRGBP,FRONTIER COMMUNICATIONS CORP
35909D109,FYBR,FRONTIER COMMUNICATIONS PARE
35909R108,ULCC,FRONTIER GROUP HOLDINGS INC
35922N100,FVR,FRONTVIEW REIT INC
359523107,FTEK,FUEL TECH INC
35952H601,FCELCHF,FUELCELL ENERGY INC
35952H700,FCEL,FUELCELL ENERGY INC
35952V303,FSKR,FS KKR CAPITAL CORP II
35953C106,FIP,FTAI INFRASTRUCTURE INC
35953D104,FUBOGBP,FUBOTV INC
35953D401,FUBO,FUBOTV INC -CLASS A
359616109,FULC,FULCRUM THERAPEUTICS INC
359664109,FLGT,FULGENT GENETICS INC
359678109,FLL,FULL HOUSE RESORTS INC
359694106,FUL,H.B. FULLER CO.
35969L108,YMMEUR,FULL TRUCK ALLIANCE -SPN ADR
360271100,FULT,FULTON FINANCIAL CORP
361008105,FNKO,FUNKO INC-CLASS A
36116M106,FF,FUTUREFUEL CORP
36118L106,FUTU,FUTU HOLDINGS LTD-ADR
36120Q101,FVCB,FVCBANKCORP INC
361438104,GBL1USD,GAMCO INVESTORS INC-A
361448103,GATX,GATX CORP
361570104,GDL,GDL FUND
36162J106,GEO,GEO GROUP INC/THE
36164V305,GLIBAEUR,GCI LIBERTY INC - CLASS A
36164V602,GLIBA,LIBERTY CAPITAL CORP
36164V800,GLIBK,LIBERTY CAPITAL CORP-CL C
36164Y101,GCPUSD,GCP APPLIED TECHNOLOGIES
36165A102,JOB,GEE GROUP INC
36165L108,GDS,GDS HOLDINGS LTD - ADR
36168Q104,GFL,GFL ENVIRONMENTAL INC-SUB VT
36191G107,GNC1GBX,GNC HOLDINGS INC-CL A
36191J101,GSVCGBX,NEOSTELLAR CAPITAL CORP
36197T103,GWPHUSD,GW PHARMACEUTICALS -ADR
3621LQ109,GTHXEUR,G1 THERAPEUTICS INC
36225V104,GPXUSD,GP STRATEGIES CORP
36237H101,GIII,G-III APPAREL GROUP LTD
362393100,GTT1USD,GTT COMMUNICATIONS INC
362397101,GAB,GABELLI EQUITY TRUST
362397226,GAB-R,GABELLI EQUITY TRUST-RT
36239Q109,GGT,GABELLI MULTIMEDIA TRUST INC
36240A101,GUT,GABELLI UTILITY TRUST
36240B109,GCV,GABELLI CONVERT & INC SEC
36241U106,GSIT,GSI TECHNOLOGY INC
36242H104,GDV,GABELLI DIVIDEND & INCOME TR
36242L105,GLU,GABELLI GLBL UTIL & INC TR
36246K103,GRX,GABELLI HEALTHCARE & WELL
36249W104,GGZ,GABELLI GLOBAL SMALL & M
36251C103,GMS1GBP,GMS INC
36254L209,OXISGBP,GT BIOPHARMA INC
36257Y109,GOTU,GAOTU TECHEDU INC
36262G101,GXO,GXO LOGISTICS INC
36266G107,GEHC,GE HEALTHCARE TECHNOLOGY
36268W100,GCAPUSD,GAIN CAPITAL HOLDINGS INC
36269B105,GANX,GAIN THERAPEUTICS INC
36269P104,GAIA,GAIA INC
36315X101,LKFT,LAKEFRONT BIOTHERAPEUTIC-ADR
36317J209,GLXY,GALAXY DIGITAL INC-A
363225202,GALT,GALECTIN THERAPEUTICS INC
36352H100,GAU,GALIANO GOLD INC
363576109,AJG,ARTHUR J GALLAGHER & CO
36465A109,GGN,GAMCO GLBL GOLD NTRL RES INC
36465E101,GNT,GAMCO NATURAL RESOURCES GOLD
36467J108,GLPI,GAMING AND LEISURE PROPERTIE
36467W109,GME,GAMESTOP CORP-CLASS A
36467W117,GME/WS,GAMESTOP CORP
36472T109,TDAY,USA TODAY CO INC
36473H104,GCI1JPY,GANNETT CO INC
364760108,GAP,GAP INC/THE
36555P107,GDI1USD,GARDNER DENVER HOLDINGS INC
366505105,GTX,GARRETT MOTION INC
366554103,GARSUSD,GARRISON CAPITAL INC
366651107,IT,GARTNER INC
36729W202,GSTUSD,GASTAR EXPLORATION LTD
368287207,OGZDGBX,GAZPROM PJSC-SPON ADR
36828A101,GEV,GE VERNOVA INC
36831E108,GCMG,GCM GROSVENOR INC - CLASS A
36866J105,GEMI,GEMINI SPACE STATION INC-A
368678108,GENC,GENCOR INDUSTRIES INC
36870H103,GNLX,GENELUX CORP
36872P103,GNSS,GENASYS INC
368736104,GNRC,GENERAC HOLDINGS INC
368802104,GAM,GENERAL AMERICAN INVESTORS
369300AL2,GECBLE 4.5 11/15/29,GENERAL CABLE CORP
369550108,GD,GENERAL DYNAMICS CORP
369604301,GE,GENERAL ELECTRIC
369822101,GFN,GENERAL FINANCE CORP
370334104,GIS,GENERAL MILLS INC
370373102,GMO1USD,GENERAL MOLY INC
37045V100,GM,GENERAL MOTORS CO
37045V209,GM 4.75 12/01/13 B,GENERAL MOTORS CO
37148K100,GBIOGBX,GENERATION BIO CO
371532102,GCO,GENESCO INC
371559105,GWRUSD,GENESEE & WYOMING INC-CL A
37185X106,GEN1USD,GENESIS HEALTHCARE INC
371901109,GNTXUSD,GENTEX CORP
371927104,GEL,GENESIS ENERGY L.P.
372284208,GNE,GENIE ENERGY LTD-B
37229T301,GNUSEUR,GENIUS BRANDS INTERNATIONAL
37229T509,TOON,KARTOON STUDIOS INC
372303206,GMAB,GENMAB A/S -SP ADR
372309104,GNMKCAD,GENMARK DIAGNOSTICS INC
37244C101,GHDXUSD,GENOMIC HEALTH INC
372460105,GPC,GENUINE PARTS CO
37247D106,GNW,GENWORTH FINANCIAL INC
37253A103,THRM,GENTHERM INC
37364X109,GEOS,GEOSPACE TECHNOLOGIES CORP
373737105,GGBUSD,GERDAU SA -SPON ADR
373865104,GABC,GERMAN AMERICAN BANCORP
374163103,GERN,GERON CORP
374275105,GETY,GETTY IMAGES HOLDINGS INC
374297109,GTY,GETTY REALTY CORP
374396406,GEVO,GEVO INC
374689107,ROCK,GIBRALTAR INDUSTRIES INC
375036100,GIX1EUR,UPHEALTH INC
37518Q109,GIG1EUR,GIGPEAK INC
375558103,GILD,GILEAD SCIENCES INC
375558AP8,GILD 1.625 05/01/16 D,GILEAD SCIENCES INC
375916103,GIL,GILDAN ACTIVEWEAR INC
37611X100,DNA4EUR,GINKGO BIOWORKS HOLDINGS INC
37611X118,DNABW,GINKGO BIOWORKS      -CW27
37611X209,DNA,GINKGO BIOWORKS HOLDINGS INC
37637K108,GTLB,GITLAB INC-CL A
37637Q105,GBCI,GLACIER BANCORP INC
376535100,GLADUSD,GLADSTONE CAPITAL CORP
376535878,GLAD,GLADSTONE CAPITAL CORP
376536108,GOOD,GLADSTONE COMMERCIAL CORP
376546107,GAIN,GLADSTONE INVESTMENT CORP
376549101,LAND,GLADSTONE LAND CORP
377320106,GLT1EUR,GLATFELTER CORP
377322102,GKOS,GLAUKOS CORP
37733W204,GSK,GSK PLC-SPON ADR
37890B100,GBTG,GLOBAL BUSINESS TRAVEL GROUP
37890U108,GBTUSD,GLOBAL BLOOD THERAPEUTICS IN
37892E102,GIC,GLOBAL INDUSTRIAL CO
378973408,GSATUSD,GLOBALSTAR INC
378973507,GSAT,GLOBALSTAR INC
379378201,GNL,GLOBAL NET LEASE INC
37940G109,GSBUSD,GLOBALSCAPE INC
37940X102,GPN,GLOBAL PAYMENTS INC
37940XAU6,GPN 1.5 03/01/31,GLOBAL PAYMENTS INC
379463102,GWRS,GLOBAL WATER RESOURCES INC
37946R109,GLP,GLOBAL PARTNERS LP
37950E101,NORW,GLOBAL X MSCI NORWAY ETF
37950E127,SRETEUR,GLOBAL X SUPERDIVIDEND REIT
37950E200,GXGUSD,GLOBAL X MSCI COLOMBIA ETF
37950E226,MLPXUSD,GLOBAL X MLP & ENERGY INFRAS
37950E259,ARGTUSD,GLOBAL X MSCI ARGENTINA ETF
37950E291,DIV,GLOBAL X SUPERDIVIDEND USE
37950E333,SPFF,GLOBAL X SUPERINCOME PREFER
37950E341,GURU,GLOBAL X GURU INDEX ETF
37950E366,GREKUSD,GLOBAL X MSCI GREECE ETF
37950E408,CHIQ,GLOBAL X MSCI CHINA CONSUMER
37950E416,SOCLGBX,GLOBAL X FUNDS GLOBAL X SOCI
37950E473,MLPAUSD,GLOBAL X MLP ETF
37950E549,SDIVEUR,GLOBAL X SUPERDIVIDEND ETF
37950E606,CHIXUSD,GLOBAL X MSCI CHINA FINANCIA
37950E648,ASEA,GLOBAL X FTSE SOUTHEAST ASIA
37950E747,NORWUSD,GLOBAL X MSCI NORWAY ETF
37953G103,BRSSUSD,GLOBAL BRASS & COPPER HOLDIN
37954A204,GMREUSD,GLOBAL MEDICAL REIT INC
37954A303,XRN,CHIRON REAL ESTATE INC
37954Y236,DTCR,GLOBAL X DATA CENTER & DIGIT
37954Y285,EDOCUSD,GLOBAL X HEALTHTECH ETF
37954Y293,MLPX,GLOBAL X MLP & ENERGY INFRAS
37954Y319,GREK,GLOBAL X MSCI GREECE ETF
37954Y343,MLPA,GLOBAL X MLP ETF
37954Y376,PFFV,GLOBAL X VARIABLE RATE PREF
37954Y384,BUG,GLOBAL X CYBERSECURITY ETF
37954Y392,HERO,GLOBAL X VIDEO GAMES& ESPORT
37954Y434,GNOMUSD,GLOBAL X GENOMICS & BIOTECHN
37954Y442,CLOU,GLOBAL X CLOUD COMPUTING ETF
37954Y459,RYLDUSD,GLOBAL X RUSSELL 2000 COV CL
37954Y467,EBIZ,GLOBAL X E-COMMERCE ETF
37954Y475,XYLD,GLOBAL X S&P 500 COVE CALL E
37954Y483,QYLD,GLOBAL X NASD 100 COV CALL
37954Y491,DAX,GLOBAL X DAX GERMANY ETF
37954Y574,AUSF,GLOBAL X ADAPTIVE US FACTOR
37954Y624,DRIV,GLOBAL X AUTONOMOUS&ELEC-ETF
37954Y632,AIQ,GLOBAL X ART INTEL & TECH
37954Y657,PFFD,GLOBAL X US PREFERRED ETF
37954Y673,PAVE,GLOBAL X US INFRASTRUCTURE
37954Y707,YLCOUSD,GLOBAL X RENEWABLE ENER PROD
37954Y715,BOTZ,GLOBAL X ROBOTICS & ARTIFICI
37954Y731,CPTL,GBL X MRST CP ALC LDR ETF-UI
37954Y764,MILN,GLOBAL X MILLENNIAL CONSUMER
37954Y780,SNSR,GLOBAL X INTERNET OF THINGS
37954Y814,FINX,GLOBAL X FINTECH ETF
37954Y830,COPX,GLOBAL X COPPER MINERS ETF
37954Y848,SIL,GLOBAL X SILVER MINERS ETF
37954Y855,LITHKD,GLOBAL X LITHIUM & BATTERY T
37954Y871,URA,GLOBAL X URANIUM ETF
37954Y889,CATH,GLOBAL X S&P 500 CA VAL ETF
37955N106,SELF,GLOBAL SELF STORAGE INC
379577208,GMED,GLOBUS MEDICAL INC - A
37959E102,GL,GLOBE LIFE INC
37960A438,CLIP,GLOBAL X 1-3 MONTH T-BILL
37960A529,SHLD,GLOBAL X DEFENSE TECH ETF
37960A669,SDIV,GLOBAL X SUPERDIVIDEND ETF
37960A735,BKCH,GLOBAL X BLOCKCHAIN ETF
37960A859,DJIA,GLOBAL X DOW 30 COV CALL ETF
379890106,GLUUGBP,GLU MOBILE INC
38000Q102,GLYCEUR,GLYCOMIMETICS INC
38021H107,PUCK,GOAL ACQUISITIONS CORP
380237107,GDDY,GODADDY INC - CLASS A
38045R206,GOLGBP,GOL LINHAS AEREAS INTEL-ADR
38046C109,GOGO,GOGO INC
38059T106,GFIGBX,GOLD FIELDS LTD-SPONS ADR
38071H106,GROY,GOLD ROYALTY CORP
380738104,GSV,GOLD STANDARD VENTURES CORP
381013101,GE6,GOLDEN ENTERTAINMENT INC
38113L107,LCA2GUSD,GOLDEN NUGGET ONLINE GAMING
38119T807,GSC1GBP,GOLDEN STAR RESOURCES LTD
381370105,GV1EUR,GOLDFIELD CORP
38141G104,GS,GOLDMAN SACHS GROUP INC
381430107,GSIE,GOLDMAN SACHS ACTIVEBETA INT
381430123,GSUS,GOLDMAN SACHS MARKETBETA US
381430206,GEMUSD,GOLDMAN SACHS ACTIVEBETA EM
381430230,GSST,GOLDMAN SACHS ULTRA SHORT BO
381430362,GTIP,GOLDMAN SACHS ACCESS INFLATI
381430396,JUST,GOLDMAN SACHS JUST US LRG
381430438,GSEW,GOLDMAN SACHS EQL WGHT LARGE
381430453,GHYB,GOLDMAN SACHS ACCESS HY CORP
381430479,GIGB,GOLDMAN SACHS INV GRD CORP
381430503,GSLC,GOLDMAN ACTIVEBETA US LC ETF
381430529,GBIL,GOLDMAN SACHS ACCESS TREASUR
381430545,GVIP,GOLD SACHS HEDGE IND VIP ETF
381430602,GSSC,GOLDMAN SACHS ACTIVEBETA US
38147U107,GSBD,GOLDMAN SACHS BDC INC
38149E101,GLDG,GOLDMINING INC
38149W101,GCOR,GOLDMAN SACHS ACCESS US AGG
38149W622,GPIX,GLDM SA S&P 500 PR IN ETF-US
38149W630,GPIQ,GS NASDAQ-100 PR INC ETF-USD
38149W820,GINN,GOLDMAN SACHS INNOVATE EQTY
38150K103,AAAU,GOLDMAN SACHS PHYSICAL GOLD
38173M102,GBDC,GOLUB CAPITAL BDC INC
382140879,GTIM,GOOD TIMES RESTAURANTS INC
382410843,GDP1USD,GOODRICH PETROLEUM CORP
38246G108,GDRX,GOODRX HOLDINGS INC-CLASS A
382550101,GT,GOODYEAR TIRE & RUBBER CO
38267D109,GSHD,GOOSEHEAD INSURANCE INC -A
38268T103,GPRO,GOPRO INC-CLASS A
382864106,GRSV,GORES HOLDINGS V INC-CLASS A
382865103,GHIVUSD,UWM HOLDINGS CORP
383082104,GRC,GORMAN-RUPP CO
38341P102,GOSS,GOSSAMER BIO INC
38388F108,GRA1USD,WR GRACE & CO
384109104,GGG,GRACO INC
384313508,EAFEUR,GRAFTECH INTERNATIONAL LTD
384313607,EAF,GRAFTECH INTERNATIONAL LTD
384556106,GHM,GRAHAM CORP
384637104,GHC,GRAHAM HOLDINGS CO-CLASS B
384747101,GRAL,GRAIL INC
384802104,GWW,WW GRAINGER INC
38500P208,GRAMUSD,GRANA Y MONTERO SA -SPON ADR
38500T101,GTE2GBP,GRAN TIERRA ENERGY INC
38500T200,GTE,GRAN TIERRA ENERGY INC
38526M106,LOPE,GRAND CANYON EDUCATION INC
387328107,GVA,GRANITE CONSTRUCTION INC
38741L107,GPMTGBP,GRANITE POINT MORTGAGE TRUST
387432107,GRNT,GRANITE RIDGE RESOURCES INC
387437114,GRT-UCAD,GRANITE REAL ESTATE INVESTME
387437205,GRT-U,GRANITE REAL ESTATE INVESTME
38747R108,COMB,GRANITESHARES BCOM BROAD STR
38747R827,NVDL,GRANITESH 2X LNG NVDA ETF
38748G101,BAR,GRANITESHARES GOLD TRUST
38748T103,PLTM,GRANITESHARES PLATINUM TRUST
388689101,GPK,GRAPHIC PACKAGING HOLDING CO
38870X104,GRPHUSD,GRAPHITE BIO INC
38911N206,GRVY,GRAVITY CO LTD-SPONSORED ADR
389375106,GTN,GRAY MEDIA INC
389637109,GBTC,GRAYSCALE BITCOIN TRUST ETF
389638107,ETHE,GRAYSCALE ETHEREUM STAKING E
38964R203,ETH,GRAYSCALE ETHEREUM STAKING M
389930108,BTCGBP,GRAYSCALE BITCOIN MINI TRUST
389930207,BTC,GRAYSCALE BITCOIN MINI ETF
390607109,GLDD1EUR,GREAT LAKES DREDGE & DOCK CO
390905107,GSBC,GREAT SOUTHERN BANCORP INC
39115V101,GPREUR,GREAT PANTHER MINING LTD
391416104,GWB,GREAT WESTERN BANCORP INC
392709101,GRBK,GREEN BRICK PARTNERS INC
39304D102,GDOT,GREEN DOT CORP-CLASS A
393222104,GPRE,GREEN PLAINS INC
393657101,GBX,GREENBRIER COMPANIES INC
393657AM3,GBX 2.875 04/15/28,GREENBRIER COS INC
394357107,GCBC,GREENE COUNTY BANCORP INC
395259104,GHLEUR,GREENHILL & CO INC
39572G100,GSKYGBP,GREENSKY INC-CLASS A
39579V100,GHG,GREENTREE HOSPITALITY GR-ADR
396879108,GLSI,GREENWICH LIFESCIENCES INC
397624107,GEF,GREIF INC-CL A
397624206,GEF/B,GREIF INC-CL B
398132100,GSUMUSD,GRIDSUM HOLDING INC-ADR
39813G109,GDYN,GRID DYNAMICS HOLDINGS INC
398182303,AHR,AMERICAN HEALTHCARE REIT INC
39818P799,PKST,PEAKSTONE REALTY TRUST
398433102,GFF,GRIFFON CORP
398438408,GRFS,GRIFOLS SA-ADR
39854F101,GRND,GRINDR INC
39868T105,2JQ,GRITSTONE BIO INC
39874R101,GO,GROCERY OUTLET HOLDING CORP
398905109,GPI,GROUP 1 AUTOMOTIVE INC
399473107,GRPNUSD,GROUPON INC
399473206,GRPN,GROUPON INC
39959A205,UPXI,UPEXI INC
39986L109,GRWG,GROWGENERATION CORP
399909100,GGAL,GRUPO FINANCIERO GALICIA-ADR
40049J206,TV,GRUPO TELEVISA SA-SPON ADR
400501102,OMAB,GRUPO AEROPORTUARIO CEN-ADR
400506101,PAC,GRUPO AEROPORTUARIO PAC-ADR
40051E202,ASR,GRUPO AEROPORTUARIO SUR-ADR
40053W101,AVAL,GRUPO AVAL ACCIONES Y VALORE
40054A108,SUPV,GRUPO SUPERVIELLE SA-SP ADR
40065W107,GSHUSD,GUANGSHEN RAILWAY-SPONS ADR
400764106,GNTYUSD,GUARANTY BANCSHARES INC
40090E106,CIB,GRUPO CIBEST SA-ADR
40131M109,GH,GUARDANT HEALTH INC
40131MAB5,GH 0 11/15/27,GUARDANT HEALTH INC
40145W101,GRDN,GUARDIAN PHRMCY SERVICES-A
401617105,GU9,GUESS? INC
401664107,GBAB,GUGGENHEIM TAXABLE MUNICIPAL
40167F101,GOF,GUGGENHEIM STRATEGIC OPPORT
40170T106,GUG,GUGGENHEIM ACTIVE ALLOCATION
40171V100,GWRE,GUIDEWIRE SOFTWARE INC
40171VAA8,GWRE 1.25 03/15/25,GUIDEWIRE SOFTWARE INC
40222T104,GULTU,GULF COAST ULTRA DEEP ROYALT
402307102,GIFIUSD,GULF ISLAND FABRICATION INC
402635304,GPOR1EUR,GULFPORT ENERGY CORP
402635502,GPOR,GULFPORT ENERGY CORP
403949100,DINO,HF SINCLAIR CORP
404030108,HEESEUR,H&E EQUIPMENT SERVICES INC
404111106,HBT,HBT FINANCIAL INC/DE
40412C101,HCA,HCA HEALTHCARE INC
40415F101,HDB,HDFC BANK LTD-ADR
40416E103,HCI,HCI GROUP INC
40416M105,HDSUSD,HD SUPPLY HOLDINGS INC
40417F109,HFFG,HF FOODS GROUP INC
404251100,HNI,HNI CORP
40425J101,HMSYUSD,HMS HOLDINGS CORP
404280406,HSBC,HSBC HOLDINGS PLC-SPONS ADR
404280604,HSBC 6.2 PERP A,HSBC HOLDINGS PLC
40434H104,HTGMUSD,HTG MOLECULAR DIAGNOSTICS
40434L105,HPQ,HP INC
40449J103,HABTEUR,HABIT RESTAURANTS INC/THE-A
404609109,HCKT,HACKETT GROUP INC/THE
40472A102,EONR,EON RESOURCES INC
405024100,HAE,HAEMONETICS CORP/MASS
405024AB6,HAE 0 03/01/26,HAEMONETICS CORP
405166109,HGTY,HAGERTY INC-A
405217100,HAIN,HAIN CELESTIAL GROUP INC
40537Q605,HKUSD,HALCON RESOURCES CORP
405552100,HLN-WUSD,HALEON PLC-ADR
40609P105,HNRG,HALLADOR ENERGY CO
406216101,HAL,HALLIBURTON CO
40624Q203,HALLUSD,HALLMARK FINL SERVICES INC
40637H109,HALO,HALOZYME THERAPEUTICS INC
40637HAD1,HALO 0.25 03/01/27,HALOZYME THERAPEUTICS IN
40637HAF6,HALO 1 08/15/28,HALOZYME THERAPEUTICS IN
40701T104,HBB,HAMILTON BEACH BRAND-A
407497106,HLNE,HAMILTON LANE INC-CLASS A
409735206,BTO,JOHN HANCOCK FINANCIAL OPP
410120109,HWC,HANCOCK WHITNEY CORP
410123103,JHS,JOHN HANCOCK INCOME SEC TR
41013T105,PDT,JOHN HANCOCK PREM DVD FND
41013V100,HTD,JOHN HANCOCK TAX ADV DVD INC
41013W108,HPI,JOHN HANCOCK PREFER INC
41013X106,HPF,JOHN HANCOCK PREFER INC II
410142103,JHI,JOHN HANCOCK INVESTORS TR
41021P103,HPS,JOHN HANCOCK PREFER INC III
410345102,HBIEUR,HANESBRANDS INC
41043F208,HNGRUSD,HANGER INC
410495204,HAFC,HANMI FINANCIAL CORPORATION
41068X100,HASI,HA SUSTAINABLE INFRASTRUCTUR
410867105,THGUSD,HANOVER INSURANCE GROUP INC/
41151J406,WINN,HARBOR LONG-TERM GROWERS ETF
41151J505,HGER,HARBOR COMMODITY ALL WEATHER
41151J885,OSEA,HARBOR INTL COMPOUNDERS ETF
41165F101,HONEUSD,HARBORONE BANCORP INC
41165Y100,1S4,HARBORONE BANCORP INC
412822108,HOG,HARLEY-DAVIDSON INC
413160102,HLIT,HARMONIC INC
413197104,HRMY,HARMONY BIOSCIENCES HOLDINGS
413216300,HMY,HARMONY GOLD MNG-SPON ADR
413875105,HRSUSD,L3HARRIS TECHNOLOGIES INC
41456U106,OAKM,OAKMARK US LARGE CAP ETF
415858109,HROW,HARROW INC
415864107,HA7,ENVIRI CORP
416515104,HIG,HARTFORD INSURANCE GROUP INC
41653L305,HTRB,HARTFORD TTL RTRN BND ETF
41653L404,HTAB,HARTFORD SCHRODERS TAX AWARE
41653L503,HMOP,HARTFORD MUNICIPAL OPP ETF
416906105,HBIOUSD,HARVARD BIOSCIENCE INC
418056107,HAS,HASBRO INC
418100103,HCP2EUR,HASHICORP INC-CL A
419596101,HVT,HAVERTY FURNITURE
419870100,HE,HAWAIIAN ELECTRIC INDS
419879101,HAN,HAWAIIAN HOLDINGS INC
420261109,HWKN,HAWKINS INC
420476103,HWBK,HAWTHORN BANCSHARES INC
420877201,HAYNUSD,HAYNES INTERNATIONAL INC
421298100,HAYW,HAYWARD HOLDINGS INC
421906108,HCSG,HEALTHCARE SERVICES GROUP
421946104,HRUSD,HEALTHCARE REALTY TRUST INC
42207L106,HHR1EUR,HEADHUNTER GROUP PLC-ADR
42222N103,HSTM,HEALTHSTREAM INC
42225P501,HTAUSD,HEALTHCARE TRUST OF AME-CL A
42225T107,HCAT,HEALTH CATALYST INC
42226A107,HQY,HEALTHEQUITY INC
42226K105,HR,HEALTHCARE REALTY TRUST INC
422347104,HTLD,HEARTLAND EXPRESS INC
42234Q102,HTLFEUR,HEARTLAND FINANCIAL USA INC
42238D107,HTFL,HEARTFLOW INC
42250P103,DOC,HEALTHPEAK PROPERTIES INC
422704106,HL,HECLA MINING CO
422806109,HEI,HEICO CORP
422806208,HEI/A,HEICO CORP-CLASS A
422819102,HSIIGBP,HEIDRICK & STRUGGLES INTL
42328H109,HLIO,HELIOS TECHNOLOGIES INC
42330P107,HLX,HELIX ENERGY SOLUTIONS GROUP
423403104,MOMO,HELLO GROUP INC -SPN ADR
423452101,HP,HELMERICH & PAYNE
42365Q103,HMTVUSD,HEMISPHERE MEDIA GROUP INC
425885100,HNNA,HENNESSY ADVISORS INC
426281101,JKHY,JACK HENRY & ASSOCIATES INC
426927109,HTBKGBP,HERITAGE COMMERCE CORP
42703MAB9,HLF 2 08/15/19,HERBALIFE LTD
42703MAD5,HLF 2.625 03/15/24,HERBALIFE LTD
42704L104,HRI,HERC HOLDINGS INC
427096508,HTGC,HERCULES CAPITAL INC
42722X106,HFWA,HERITAGE FINANCIAL CORP
42726M106,HCCIUSD,HERITAGE-CRYSTAL CLEAN INC
42727E103,HGBL,HERITAGE GLOBAL INC
42727J102,HRTG,HERITAGE INSURANCE HOLDINGS
427746102,HRTX,HERON THERAPEUTICS INC
427825500,HTUSD,HERSHA HOSPITALITY TRUST
427866108,HSY,HERSHEY CO/THE
428050108,HSAIUSD,HESAI GROUP
42805E306,HSKAUSD,HESKA CORP
42806J106,HTZ-WUSD,HERTZ GLOBAL HOLDINGS INC
42806J114,HTZ-REUR,HERTZ GLOBAL HOLDINGS-RTS
42806J148,HTZWW,HERTZ GLOBAL HLDGS INC -CW51
42806J700,HTZ,HERTZ GLOBAL HLDGS INC
42809H107,HESUSD,HESS CORP
428103105,HESM,HESS MIDSTREAM LP - CLASS A
42824C109,HPE,HEWLETT PACKARD ENTERPRISE
42824C208,HPE 7.625 09/01/27,HP ENTERPRISE CO
428291108,HXL,HEXCEL CORP
428304109,THCXCAD,HEXO CORP
428337109,HCLPEUR,HI-CRUSH INC
42833L108,HGGG,HHGREGG INC
428567101,HB6,HIBBETT INC
42968F108,PCF,HIGH INCOME SECURITIES FUND
42981E401,HITI,HIGH TIDE INC
43010E404,HFRO,HIGHLAND OPPORT & INCOME
43010T104,HGLB,HIGHLAND GLOBAL ALLOCATION
43114K108,HPREUR,HIGHPOINT RESOURCES CORP
43114Q105,HPK,HIGHPEAK ENERGY INC
431284108,HIWUSD,HIGHWOODS PROPERTIES INC
431466101,HILUSD,HILL INTERNATIONAL INC
431475102,HRC1EUR,HILL-ROM HOLDINGS INC
431571108,9HI,HILLENBRAND INC
431636109,HLMN,HILLMAN SOLUTIONS CORP
432748101,HTH,HILLTOP HOLDINGS INC
43283X105,HGV-WUSD,HILTON GRAND VACATIONS INC
43289P106,HIMX,HIMAX TECHNOLOGIES INC-ADR
433000106,HIMS,HIMS & HERS HEALTH INC
43300A203,HLT,HILTON WORLDWIDE HOLDINGS IN
433313103,HNGE,HINGE HEALTH INC-A
433323102,HIFS,HINGHAM INSTITUTION FOR SVGS
433535101,HQI,HIREQUEST INC
433539103,HIPOUSD,HIPPO HOLDINGS INC
433539202,HIPO,HIPPO HOLDINGS INC
433578507,HTHIYUSD,HITACHI LTD -ADR
43366H100,HIVE1CAD,HIVE BLOCKCHAIN TECHNOLOGIES
433921103,HIVE,HIVE DIGITAL TECHNOLOGIES LT
43538H103,HLLY,HOLLEY INC
435763107,HEPUSD,HOLLY ENERGY PARTNERS LP
436106108,HFCUSD,HOLLYFRONTIER CORP
436440101,HO1,HOLOGIC INC
436440AC5,HOLX 0 03/01/42 2012,HOLOGIC INC
436893200,HOMB,HOME BANCSHARES INC
43689E107,HBCP,HOME BANCORP INC
437076102,HD,HOME DEPOT INC
43734L106,786,HOME POINT CAPITAL INC
43785V102,MCHB,MECHANICS BANCORP-A
437872104,HTB,HOMETRUST BANCSHARES INC
438083107,FIXXGBP,HOMOLOGY MEDICINES INC
438128308,HMC,HONDA MOTOR CO LTD-SPONS ADR
438333106,HNST,HONEST CO INC/THE
438516106,HONGBP,HONEYWELL INTERNATIONAL INC
439038100,HOFT,HOOKER FURNISHINGS CORP
43940T109,HOPE,HOPE BANCORP INC
440327104,HMN,HORACE MANN EDUCATORS
440407104,HBNC,HORIZON BANCORP INC/IN
440452100,HRL,HORMEL FOODS CORP
44045A102,HRZN,HORIZON TECHNOLOGY FINANCE C
44052W104,HZN1USD,HORIZON GLOBAL CORP
440543106,HOSUSD,HORNBECK OFFSHORE SERVICES
440543AN6,HOSS 1.5 09/01/19,HORNBECK OFFSHORE SERV
44107P104,HST1USD,HOST HOTELS & RESORTS INC
44109J106,TWNKEUR,HOSTESS BRANDS INC
44157R109,HMHCUSD,HOUGHTON MIFFLIN HARCOURT CO
441593100,HLI,HOULIHAN LOKEY INC
44244K109,HWCC,HOUSTON WIRE & CABLE CO
442487401,HOV,HOVNANIAN ENTERPRISES-A
442496105,HBMD,HOWARD BANCORP INC
44267D107,HHC*,HOWARD HUGHES CORP/THE
44267T102,HHH,HOWARD HUGHES HOLDINGS INC
443201108,HWM,HOWMET AEROSPACE INC
443304100,HUP,HUANENG POWER INTL-SPONS ADR
443320106,HUBG,HUB GROUP INC-CL A
44332N106,HTHT,H WORLD GROUP LTD-ADR
443510607,HUBB,HUBBELL INC
443573100,HUBS,HUBSPOT INC
443573AD2,HUBS 0.375 06/01/25,HUBSPOT INC
443628102,HBM,HUDBAY MINERALS INC
443761101,HECUSD,HUDSON EXECUTIVE INVEST-CL A
444097406,HPPUSD,HUDSON PACIFIC PROPERTIES IN
444144109,HDSN,HUDSON TECHNOLOGIES INC
444717102,HGTUSD,HUGOTON ROYALTY TRUST
444859102,HUM,HUMANA INC
444863203,HGENUSD,HUMANIGEN INC
44486Q103,HUMA,HUMACYTE INC
445658107,JBHT,HUNT (JB) TRANSPRT SVCS INC
446150104,HBAN,HUNTINGTON BANCSHARES INC
446413106,HII,HUNTINGTON INGALLS INDUSTRIE
447011107,HUN,HUNTSMAN CORP
447324104,HURC,HURCO COMPANIES INC
447462102,HURN,HURON CONSULTING GROUP INC
44812J104,HUT,HUT 8 CORP
44842L103,HCMCAD,HUTCHMED CHINA-ADR
44852D108,HUYA,HUYA INC-ADR
448579102,H,HYATT HOTELS CORP - CL A
44862P109,HYMCUSD,HYCROFT MINING HOLDING CORP
44862P208,HYMC,HYCROFT MINING HOLDING CO-A
448883207,HYGS,HYDROGENICS CORP
44891N208,PPLI,PEOPLE INC
448947507,IDT,IDT CORP-CLASS B
449109107,HYLN,HYLIION HOLDINGS CORP
44916K106,HYPR,HYPERFINE INC
44916T107,HYREEUR,HYRECAR INC
449172105,HY,HYSTER-YALE INC
44919P508,IACIUSD,IAC/INTERACTIVECORP
449253103,IAA-WUSD,IAA INC
44925C103,ICFI,ICF INTERNATIONAL INC
44930G107,ICUI,ICU MEDICAL INC
44934S206,ICADUSD,ICAD INC
44949L105,IECUSD,IEC ELECTRONICS CORP
44951W106,IESC,IES HOLDINGS INC
44952J104,CRGY,CRESCENT ENERGY INC-A
44955L106,IAUX,I-80 GOLD CORP
449585108,1K0,IGM BIOSCIENCES INC
44975P103,IMABGEUR,NOVABRIDGE BIOSCIENCES
44980X109,IPGP,IPG PHOTONICS CORP
450047204,IRSUSD,IRSA -SP ADR
450047303,IRS,IRSA -SP ADR
450056106,IRTC,IRHYTHM HOLDINGS INC
45068B109,ESI1EUR,ITT EDUCATIONAL SERVICES INC
450737101,IBDRYUSD,IBERDROLA SA-SPONSORED ADR
45073V108,ITT,ITT INC
450913108,IAG,IAMGOLD CORP
45104G104,IBN,ICICI BANK LTD-SPON ADR
451051106,IBTA,IBOTTA INC-CL A
451100101,IEP,ICAHN ENTERPRISES LP
451107106,IDA,IDACORP INC
45113Y104,ICLKGBP,ICLICK INTERACTIVE ASIA-ADR
45166A102,IDYA,IDEAYA BIOSCIENCES INC
45166V106,WCSTEUR,IDEANOMICS INC
45167R104,IEX,IDEX CORP
45168D104,IDXX,IDEXX LABORATORIES INC
45170X205,INVE,IDENTIV INC
45174J509,IHRT,IHEARTMEDIA INC - CLASS A
452308109,ITW,ILLINOIS TOOL WORKS
452327109,ILMN,ILLUMINA INC
452327AF6,ILMN 0 06/15/19,ILLUMINA INC
452327AH2,ILMN 0.5 06/15/21,ILLUMINA INC
452327AK5,ILMN 0 08/15/23,ILLUMINA INC
45245E109,IMAX,IMAX CORP
452521107,IMMR,IMMERSION CORPORATION
45253H101,IMGNUSD,IMMUNOGEN INC
45254E107,IMRX,IMMUNEERING CORP - CLASS A
45256B101,IPXLEUR,IMPAX LABORATORIES INC
45256X103,IBRX,IMMUNITYBIO INC
45257L108,IMMP,IMMUTEP LTD-SP ADR
45257U108,IMNM,IMMUNOME INC
45258D105,IMCR,IMMUNOCORE HOLDINGS PLC-ADR
45258H106,IMMX,IMMIX BIOPHARMA INC
45258J102,IMVT,IMMUNOVANT INC
4525EP101,VTLUSD,IMMUNIC INC
452907108,IMMU,IMMUNOMEDICS INC
453038408,IMO,IMPERIAL OIL LTD
453204109,PI,IMPINJ INC
45329R109,SYNHEUR,SYNEOS HEALTH INC
45332Y109,NARIUSD,INARI MEDICAL INC
45337C102,INCY,INCYTE CORP
45378A106,IRTEUR,INDEPENDENCE REALTY TRUST IN
453836108,INDB,INDEPENDENT BANK CORP/MA
453838609,IBCP,INDEPENDENT BANK CORP - MICH
45384B106,IBTXUSD,INDEPENDENT BANK GROUP INC
454089103,IFN,ABERDEEN INDIA FUND INC
45408X308,IGC,IGC PHARMA INC
45409B107,QAI,NYLI HDG MULTI-STR TRK ETF
45409B560,HFXI,NYLI FTSE INTL EQ CUR NTRL
45409B800,MNA,NYLI MERGER ARBITRAGE ETF
45409F827,MMIT,NYLI MACKAY MUNI INTRM ETF
45409F843,MMIN,NYLI MACKAY MUNI INSURED ETF
45569U101,INDI,INDIE SEMICONDUCTOR INC-A
45579U109,INDV,INDIVIOR PHARMACEUTICALS INC
45580R103,GRIFUSD,INDUS REALTY TRUST INC
456237106,ILPT,INDUSTRIAL LOGISTICS PROPERT
456463108,IBAEUR,INDUSTRIAS BACHOCO SAB SP AD
45662N103,IFNNYEUR,INFINEON TECHNOLOGIES-ADR
45665G303,INFI1USD,INFINITY PHARMACEUTICALS INC
45667G103,INFNUSD,INFINERA CORP
45674M101,96Z,INFORMATICA INC - CLASS A
45675Y104,III,INFORMATION SERVICES GROUP
45676K103,INFQ,INFLEQTION INC
456788108,INFY,INFOSYS LTD-SP ADR
456837103,ING,ING GROEP N.V.-SPONSORED ADR
45685K102,INFU,INFUSYSTEM HOLDINGS INC
45686J104,IEAUSD,INFRASTRUCTURE AND ENERGY AL
45687V106,IR,INGERSOLL-RAND INC
45688C107,NGVT,INGEVITY CORP
456941103,INR,INFINITY NATURAL RESOUR-CL A
457030104,IMKTA,INGLES MARKETS INC-CLASS A
457152106,INGM,INGRAM MICRO HOLDING CORP
457187102,INGR,INGREDION INC
45719W205,IKT,INHIBIKASE THERAPEUTICS INC
45720L107,INBXUSD,INHIBRX INC
45720N103,INBX,INHIBRX BIOSCIENCES INC
457642205,INOD,INNODATA INC
457651107,INVX,INNOVEX INTERNATIONAL INC
45765U103,NSIT,INSIGHT ENTERPRISES INC
457669307,INSM,INSMED INC
457669AA7,INSM 1.75 01/15/25,INSMED INC
457669AB5,INSM 0.75 06/01/28,INSMED INC
45768S105,IOSP,INNOSPEC INC
45769N105,ISSC,INNOVATIVE SOLUTIONS & SUPP
45772F107,IPHIUSD,INPHI CORP
457730109,INSP,INSPIRE MEDICAL SYSTEMS INC
45773H409,INO,INOVIO PHARMACEUTICALS INC
45773Y105,INWKGBP,INNERWORKINGS INC
45774N108,IPHSUSD,INNOPHOS HOLDINGS INC
45774W108,IIIN,INSTEEL INDUSTRIES INC
45778Q107,NSP,INSPERITY INC
45780L104,INGN,INOGEN INC
45780R101,IBP,INSTALLED BUILDING PRODUCTS
45781D101,INOVUSD,INOVALON HOLDINGS INC - A
45781M101,INVA,INNOVIVA INC
45781U103,INSTEUR,INSTRUCTURE INC
45781V101,IIPR,INNOVATIVE INDUSTRIAL PROPER
45781W109,XXINSIXX,INSIGHT SELECT INCOME FUND
45782B104,INSGUSD,INSEEGO CORP
45782B302,INSG,INSEEGO CORP
45782C102,FFTYUSD,INNOVATOR IBD 50 ETF
45782C276,NJUL,INNOVATOR GROWTH 100 POWER B
45782C284,KJUL,INNOVATOR U.S. SMALL CAP POW
45782C292,UMAY,INNOVATOR U.S. EQUITY ULTRA
45782C300,UJAN,INNOVATOR U.S. EQUITY ULTRA
45782C318,PMAY,INNOVATOR U.S. EQUITY POWER
45782C326,BMAY,INNOVATOR U.S. EQUITY BUFFER
45782C334,NAPR,INNOVATOR GROWTH 100 POWER B
45782C342,KAPR,INNOVATOR U.S. SMALL CAP POW
45782C359,EAPR,INNOVATOR EMERGING MARKETS P
45782C367,IAPRUSD,INNOVATOR INTERNATIONAL DEVE
45782C375,UMAR,INNOVATOR U.S. EQUITY ULTRA
45782C383,PMAR,INNOVATOR U.S. EQUITY POWER
45782C391,BMAR,INNOVATOR U.S. EQUITY BUFFER
45782C409,BJAN,INNOVATOR U.S. EQUITY BUFFER
45782C417,PFEB,INNOVATOR U.S. EQUITY POWER
45782C425,UFEB,INNOVATOR U.S. EQUITY ULTRA
45782C433,BFEB,INNOVATOR U.S. EQUITY BUFFER
45782C466,NJAN,INNOVATOR GROWTH 100 POWER B
45782C474,KJAN,INNOVATOR U.S. SMALL CAP POW
45782C508,PJAN,INNOVATOR U.S. EQUITY POWER
45782C516,EJAN,INNOVATOR EMERGING MARKETS P
45782C524,IJAN,INNOVATOR INTERNATIONAL DEVE
45782C532,UDEC,INNOVATOR U.S. EQUITY ULTRA
45782C540,PDEC,INNOVATOR U.S. EQUITY POWER
45782C557,BDEC,INNOVATOR U.S. EQUITY BUFFER
45782C565,UNOV,INNOVATOR U.S. EQUITY ULTRA
45782C573,PNOV,INNOVATOR U.S. EQUITY POWER
45782C581,BNOV,INNOVATOR U.S. EQUITY BUFFER
45782C599,KOCT,INNOVATOR U.S. SMALL CAP POW
45782C615,NOCT,INNOVATOR GROWTH-100 POWER B
45782C623,EOCT,INNOVATOR EMER MKT PWR BUFF
45782C631,IOCT,INNOVATOR INT DEV POWER BUFF
45782C649,USEP,INNOVATOR U.S. EQUITY ULTRA
45782C656,PSEP,INNOVATOR U.S. EQUITY POWER
45782C664,BSEP,INNOVATOR U.S. EQUITY BUFFER
45782C672,UAUG,INNOVATOR U.S. EQUITY ULTRA
45782C680,PAUG,INNOVATOR U.S. EQUITY POWER
45782C698,BAUG,INNOVATOR U.S. EQUITY BUFFER
45782C714,EJUL,INNOVATOR EMERGING MARKETS P
45782C722,IJUL,INNOVATOR INTERNATIONAL DEVE
45782C730,UJUN,INNOVATOR U.S. EQUITY ULTRA
45782C748,PJUN,INNOVATOR U.S. EQUITY POWER
45782C755,BJUN,INNOVATOR U.S. EQUITY BUFFER
45782C771,BOCT,INNOVATOR U.S. EQUITY BUFFER
45782C789,BJUL,INNOVATOR U.S. EQUITY BUFFER
45782C797,POCT,INNOVATOR U.S. EQUITY POWER
45782C805,UAPR,INNOVATOR U.S. EQUITY ULTRA
45782C813,PJUL,INNOVATOR U.S. EQUITY POWER
45782C821,UOCT,INNOVATOR U.S. EQUITY ULTRA
45782C839,UJUL,INNOVATOR U.S. EQUITY ULTRA
45782C862,LOUP,INNOVATOR DEEPWATER FRONTIER
45782C870,PAPR,INNOVATOR U.S. EQUITY POWER
45782C888,BAPR,INNOVATOR U.S. EQUITY BUFFER
45782N108,INSE,INSPIRED ENTERTAINMENT INC
45782T105,INMB,INMUNE BIO INC
45783C200,TIL,INSTIL BIO INC
45783Y111,ZAUG,INNOV EQ PROTECT ETF - 1 AUG
45783Y244,JAJL,INNOVATOR EDP ETF - 6M JA/JY
45783Y251,ZJUL,INNOVATOR EDP ETF 1 YR JULY
45783Y301,XBAP,INNOVATOR US EQY ACCEL 9 BUF
45783Y442,ZALT,INNOVATOR US EQ 10 BUFFER
45783Y541,TJULUSD,INNOV EQ DEF PRO ETF-2YR0725
45783Y673,SFLR,INNOVATOR EQTY MGD FLOOR ETF
45783Y681,QFLR,INNOVATOR NASDAQ-100 MF ETF
45783Y756,BUFB,INNOVATOR LADD ALLO BUFF ETF
45783Y814,BUFF,INNOVATOR LADDERED ALLOCATIO
45783Y855,BALT,INN DEFINED WEALTH SHIELD
45784A104,INNV,INNOVAGE HOLDING CORP
45784J105,HCHCEUR,INNOVATE CORP
45784M108,INV,INNVENTURE INC
45784N106,ZSEP,INNOVATOR EDP ETF - 1 YR SEP
45784N742,ZMAR,INOVATR E D PRCT ETF - 1 MAR
45784N775,ZFEB,INOTR EQ DEF PR ETF - 1 YR F
45784N858,ZDEK,INNO EQU DEF PRO ETF - 1 DE
45784P101,PODD,INSULET CORP
45784PAK7,PODD 0.375 09/01/26,INSULET CORPORATION
457985208,IART,INTEGRA LIFESCIENCES HOLDING
457985AM1,IART 0.5 08/15/25,INTEGRA LIFESCIENCES HLD
458140100,INTC,INTEL CORP
458140AD2,INTC 2.95 12/15/35,INTEL CORP
458140AF7,INTC 3.25 08/01/39,INTEL CORP
45816D100,35Y,CORECARD CORP
45817G201,IDN,INTELLICHECK INC
45824V209,INSYUSD,INSYS THERAPEUTICS INC
45826H109,ITGR,INTEGER HOLDINGS CORP
45826HAB5,ITGR 2.125 02/15/28,INTEGER HOLDINGS CORP
45826J105,NTLA,INTELLIA THERAPEUTICS INC
45826T509,ITRG,INTEGRA RESOURCES CORP
45827U109,INTA,INTAPP INC
45828L108,IASGBX,INTEGRAL AD SCIENCE HOLDING
458334109,IPAR,INTERPARFUMS INC
45841N107,IBKR,INTERACTIVE BROKERS GRO-CL A
45845P108,ICPTGBP,INTERCEPT PHARMACEUTICALS IN
45845PAA6,ICPT 3.25 07/01/23,INTERCEPT PHARMAS
45857P806,IHG,INTERCONTINENTAL HOTELS-ADR
458665304,TILE,INTERFACE INC
45866F104,ICE1USD,INTERCONTINENTAL EXCHANGE IN
45867G101,IDCC,INTERDIGITAL INC
45882D109,IMI,INTERMOLECULAR INC
45885A409,INAPUSD,INTERNAP CORP
459044103,IBOC,INTERNATIONAL BANCSHARES CRP
459200101,IBM,INTL BUSINESS MACHINES CORP
459506101,IFF,INTL FLAVORS & FRAGRANCES
459506309,IFF 6 09/15/21,INTL FLAVOR & FRAGRANCES
46005L101,IMXI,INTERNATIONAL MONEY EXPRESS
460146103,IP,INTERNATIONAL PAPER CO
460335201,ISCAUSD,INTL SPEEDWAY CORP-CL A
46050R102,THM,INTL TOWER HILL MINES LTD
460690100,IPG,INTERPUBLIC GROUP OF COS INC
46071F103,XENTUSD,INTERSECT ENT INC
46090A101,PSR,INVESCO ACTIVE US REAL ESTAT
46090A705,PHDG,INVESCO S&P 500 DOWNSIDE HED
46090A721,ICLOUSD,INVESCO AAA CLO F/R NOTE ETF
46090A804,GTO,INVESCO TOTAL RETURN BOND ET
46090A879,VRIG,INVESCO VARIABLE RATE INVEST
46090A887,GSY,INVESCO ULTRA SHORT DURATION
46090C305,ADREUSD,INVESCO BLDRS EMERGING MARKE
46090E103,QQQ,INVESCO QQQ TRUST SERIES 1
46090F100,PDBC,INVESCO OPTIMUM YIELD DIVERS
46090N103,FXA,INVESCO CURRENCYSHARES AUSTR
46091J101,BTCO,INVSCO GLXY BTCN ETF
461147100,INTT,INTEST CORP
46115H107,ISNPYUSD,INTESA SANPAOLO-SPON ADR
46116V105,INTLUSD,INTL FCSTONE INC
46116X101,ITCIUSD,INTRA-CELLULAR THERAPIES INC
461202103,INTU,INTUIT INC
461203101,IVCUSD,INVACARE CORP
46120E602,ISRG,INTUITIVE SURGICAL INC
46121H109,IINUSD,INTRICON CORP
46121Y102,IPI1USD,INTREPID POTASH INC
46121Y201,IPI,INTREPID POTASH INC
46122T102,XONGBP,INTREXON CORP
46122W204,INUVGBP,INUVO INC
46124J201,IVT,INVENTRUST PROPERTIES CORP
46124U107,IVA,INVENTIVA SA - ADR
46125A100,LUNR,INTUITIVE MACHINES INC
46131B100,IVRUSD,INVESCO MORTGAGE CAPITAL
46131B704,IVR,INVESCO MORTGAGE CAPITAL
46131F101,VLT,INVESCO HIGH INCOME TRUST II
46131H107,VVR,INVESCO SENIOR INCOME TRUST
46131J103,VKQ,INVESCO MUNICIPAL TRUST
46131M106,VGM,INVESCO TRUST FOR INVESTMEN
46131T101,VTN,INVESCO TR FOR INVEST GRD NY
46132C107,VMO,INVESCO MUNICIPAL OPPORT
46132E103,VKI,INVESCO ADV MUNI INC TR II
46132H106,VCV,INVESCO CA VAL MUNI INC TR
46132K109,VPV,INVESCO PA VAL MUNI INC
46132L107,VBF,INVESCO BOND FUND
46132P108,IIM,INVESCO VALUE MUNICIPAL INCO
46132X101,OIA,INVESCO MUNICIPAL INCOME OPP
46133G107,IQI,INVESCO QUALITY MUNI INC TR
46134L105,ISTR,INVESTAR HOLDING CORP
46135X108,XHITX,INVESCO HI INC 2023 TRGT TRM
46137R109,IMVP,INVESCO INDIA EXCHANGE-TRADE
46137V100,PPA,INVESCO AEROSPACE & DEFENSE
46137V118,PSP,INVESCO GLOBAL LISTED PRIVAT
46137V134,PBW,INVESCO WILDERHILL CLEAN ENE
46137V142,PHOUSD,INVESCO WATER RESOURCES ETF
46137V159,CSD,INVESCO S&P SPIN-OFF ETF
46137V167,RZV,INVESCO S&P SMALLCAP 600 PUR
46137V175,RZG,INVESCO S&P SMALLCAP 600 PUR
46137V191,RFV,INVESCO S&P MIDCAP 400 PURE
46137V217,RFG,INVESCO S&P MIDCAP 400 PURE
46137V225,GRPM,INVESCO S&P MIDCAP 400 GARP
46137V233,XLG,INVESCO S&P 500 TOP 50 ETF
46137V241,SPHQ,INVESCO S&P 500 QUALITY ETF
46137V258,RPV,INVESCO S&P 500 PURE VALUE E
46137V266,RPG,INVESCO S&P 500 PURE GROWTH
46137V274,RSPU,INVESCO S&P 500 EQUAL WEIGHT
46137V282,RSPT,INVESCO S&P 500 EQUAL WEIGHT
46137V290,RSPR,INVESCO S&P 500 EQUAL WEIGHT
46137V308,PKW,INVESCO BUYBACK ACHIEVERS ET
46137V316,RSPM,INVESCO S&P 500 EQUAL WEIGHT
46137V324,RSPN,INVESCO S&P 500 EQUAL WEIGHT
46137V332,RSPH,INVESCO S&P 500 EQUAL WEIGHT
46137V340,RSPF,INVESCO S&P 500 EQUAL WEIGHT
46137V357,RSP,INVESCO S&P 500 EQUAL WEIGHT
46137V365,RSPG,INVESCO S&P 500 EQUAL WEIGHT
46137V373,RSPS,INVESCO S&P 500 EQUAL WEIGHT
46137V381,RSPD,INVESCO S&P 500 EQUAL WEIGHT
46137V399,PBP,INVESCO S&P 500 BUYWRITE ETF
46137V407,ERTH,INVESCO MSCI SUSTAINABLE FUT
46137V431,SPGP,INVESCO S&P 500 GARP ETF
46137V449,EQWL,INVESCO S&P 100 EQUAL WEIGHT
46137V456,XMVM,INVESCO S&P MIDCAP VALUE WIT
46137V464,XMMO,INVESCO S&P MIDCAP MOMENTUM
46137V472,XMHQ,INVESCO S&P MIDCAP QUAL ETF
46137V480,XSVM,INVESCO S&P SMALLCAP VALUE W
46137V498,XSMO,INVESCO S&P SMALLCAP MOMENTU
46137V506,PFM,INVESCO DIVIDEND ACHIEVERS E
46137V530,PNQI,INVESCO NASDAQ INTERNET ETF
46137V548,PID,INVESCO INTERNATIONAL DIVIDE
46137V563,PEYUSD,INVESCO HIGH YIELD EQUITY DI
46137V571,PGJ,INVESCO GOLDEN DRAGON CHINA
46137V589,PSPUSD,INVESCO GLOBAL LISTED PRIVAT
46137V597,PRFZ,INV RAFI US 1500 SM-USD INC
46137V605,DJD,INVESCO DOW JONES INDUSTRIAL
46137V613,PRF,INVESCO RAFI US 1000 ETF
46137V621,PGF,INVESCO FINANCIAL PREFERRED
46137V639,IGPT,INVESCO AI AND NEXT GEN SOFT
46137V647,PSI,INVESCO SEMICONDUCTORS ETF
46137V662,PJP,INVESCO PHARMACEUTICALS ETF
46137V696,GGME,INVESCO NEXT GEN MEDIA AND G
46137V704,PYZ,INVESCO DORSEY WRIGHT BASIC
46137V712,BMVP,INVESCO BLOOMBERG MVP MULTI-
46137V720,PEJ,INVESCO LEISURE & ENTERTAINM
46137V738,PWV,INVESCO LARGE CAP VALUE ETF
46137V746,PWB,INVESCO LARGE CAP GROWTH ETF
46137V753,PBJ,INVESCO FOOD & BEVERAGE ETF
46137V761,PXE,INVESCO ENERGY EXPLORATION
46137V779,PKB,INVESCO BUILDING & CONSTRUCT
46137V787,PBEUSD,INVESCO DYNAMIC BIOTECHNOLOG
46137V795,PUI,INVESCO DORSEY WRIGHT UTILIT
46137V803,PEZ,INVESCO DORSEY WRIGHT CONSUM
46137V811,PTF,INVESCO DORSEY WRIGHT TECH
46137V837,PDP,INVESCO DORSEY WRIGHT MOMENT
46137V845,PRN,INVESCO DORSEY WRIGHT INDUS
46137V852,PTH,INVESCO DORSEY WRIGHT HEALTH
46137V860,PFI,INVESCO DORSEY WRIGHT FINANC
46137V878,PXI,INVESCO DORSEY WRIGHT ENERGY
46137V886,PSL,INVESCO DORSEY WRIGHT CONSUM
46137Y401,CZA,INVESCO ZACKS MID-CAP ETF
46137Y500,CVY,INVESCO ZACKS MULTI-ASSET IN
46137Y609,RSPC,INVESCO S&P 500 EQUAL WEIG C
46138B103,DBC,INVESCO DB COMMODITY INDEX T
46138E107,GOVI,INVESCO EQUAL WEIGHT 0-30 YR
46138E115,PSCT,INVESCO S&P SMALLCAP INFORMA
46138E123,PSCI,INVESCO S&P SMALLCAP INDUSTR
46138E149,PSCHUSD,INVESCO S&P SMALLCAP HEALTH
46138E156,PSCF,INVESCO S&P SMALLCAP FINANCI
46138E172,PSCC,INVESCO S&P SMALLCAP CONSUME
46138E180,PSCD,INVESCO S&P SMALLCAP CONSUME
46138E198,XMLV,INVESCO S&P MIDCAP LOW VOLAT
46138E206,PWZ,INVESCO CALIFORNIA AMT-FREE
46138E214,IDHQ,INVESCO S&P INTERNATIONAL DE
46138E222,IDMO,INVESCO S&P INTERNATIONAL DE
46138E230,IDLV,INVESCO S&P INTERNATIONAL DE
46138E263,CGW,INVESCO S&P GLOBAL WATER IND
46138E297,EELV,INVESCO S&P EMERGING MARKETS
46138E339,SPMO,INVESCO S&P 500 MOMENTUM ETF
46138E354,SPLV,INVESCO S&P 500 LOW VOLATILI
46138E362,SPHD,INVESCO S&P 500 HIGH DIVIDEN
46138E370,SPHB,INVESCO S&P 500 HIGH BETA ET
46138E396,QVMT,INVESCO S&P 500 CONCENTRATED
46138E404,PCEFUSD,INVESCO CEF INCOME COMPOSITE
46138E420,EQAL,INVESCO RUSSELL 1000 EQUAL W
46138E511,PGX,INVESCO PREFERRED ETF
46138E529,PZT,INVESCO NEW YORK AMT-FREE MU
46138E537,PZA,INVESCO NATIONAL AMT-FREE MU
46138E545,CUT,INVESCO MSCI GLOBAL TIMBER E
46138E578,FDIQ,INV BLB FIN DATA PRV ETF-USI
46138E586,KBWP,INVESCO KBW PROPERTY & CASUA
46138E594,KBWY,INVESCO KBW PREMIUM YIELD EQ
46138E610,KBWD,INVESCO KBW HIGH DIVIDEND YI
46138E628,KBWB,INVESCO KBW BANK ETF
46138E636,PICBUSD,INVESCO INTERNATIONAL CORPOR
46138E644,IPKW,INVESCO INTERNATIONAL BUYBAC
46138E651,PIO,INVESCO GLOBAL WATER ETF
46138E669,PGHY,INVESCO GLOBAL EX US HIGH YI
46138E693,PFIG,INVESCO FUNDAMENTAL INVESTME
46138E719,IFLN,INVESCO BLOOMBERG ENHANCED F
46138E727,PXH,INVES RAFI EMER MRKT-USD INC
46138E735,PDN,INV RAFI DEV MKT US SM-USDIN
46138E743,PXF,INVESCO RAFI DEVELOPED MARKE
46138E784,PCY,INVESCO EMERGING MARKETS SOV
46138E800,CQQQ,INVESCO CHINA TECHNOLOGY ETF
46138E842,DWAS,INVESCO DORSEY WRIGHT SMALLC
46138E867,PIE,INVESCO DORSEY WRIGHT EMERGI
46138E875,PIZ,INVESCO DORSEY WRIGHT DEVELO
46138G102,XSLV,INVESCO S&P SMALLCAP LOW VOL
46138G300,XSHQ,INVESCO S&P SMALLCAP QUALITY
46138G474,PSCEUSD,INVESCO S&P SMALLCAP ENERGY
46138G508,BKLNUSD,INVESCO SENIOR LOAN ETF
46138G615,SOXQ,INVESCO PHLX SEMICONDUCTOR
46138G631,QQQJ,INVESCO NASDAQ NEXT GEN 100
46138G649,QQQM,INVESCO NASDAQ 100 ETF
46138G656,RDIV,INVESCO S&P ULTRA DIVIDEND
46138G664,RWJ,INVESCO S&P SMALLCAP 600
46138G672,RWK,INVESCO S&P MIDCAP 400 REV
46138G698,RWL,INVESCO S&P 500 REVENUE ETF
46138G706,TAN,INVESCO SOLAR ETF
46138G805,BAB,INVESCO TAXABLE MUNICIPAL BO
46138G847,PBD,INVESCO GLOBAL CLEAN ENERGY
46138G870,VRP,INVESCO VARIABLE RATE PREFER
46138G888,TBLL,INVESCO SHORT TERM TREASURY
46138J395,BSJT,INVESCO BULLETSHARES 2029 HY
46138J411,BSMV,INVESCO BULLETSHARES 2031 MB
46138J429,BSCV,INVESCO BULLETSHARES 2031 CB
46138J445,BSMU,INVESCO BULLETSHARES 2030 MB
46138J452,BSJS,INVESCO BULLETSHARES 2028 HY
46138J460,BSCU,INVESCO BULLETSHARES 2030 CB
46138J478,BSMT,INVESCO BULLETSHARES 2029 MB
46138J486,BSMS,INVESCO BULLETSHARES 2028 MB
46138J494,BSMR,INVESCO BULLETSHARES 2027 MB
46138J502,BSCK,INVESCO BULLETSHARES 2020 CO
46138J510,BSMQ,INVESCO BULLETSHARES 2026 MB
46138J536,BSMO,INVESCO BULLETSHARES 2024 MB
46138J577,BSCT,INVESCO BULLETSHARES 2029 CB
46138J585,BSJR,INVESCO BULLETSHARES 2027 HY
46138J593,OMFS,INVESCO RSL 2000 DYN MLTFCTR
46138J601,BSJK,INVESCO BULLETSHARES 2020 HI
46138J619,OMFL,INVESCO RUSSELL 1000 DYN M/F
46138J635,BSJQ,INVESCO BULLETSHARES 2026 HY
46138J643,BSCS,INVESCO BULLETSHARES 2028 CB
46138J700,2671931D,INVESCO BULLETSHARES 2021 CO
46138J742,IUS,INVESCO RAFI STRATEGIC US ET
46138J775,POWA,INVESCO BLOOMBERG PRICING PO
46138J783,BSCR,INVESCO BULLETSHARES 2027 CB
46138J791,BSCQ,INVESCO BULLETSHARES 2026 CB
46138J809,BSJL,INVESCO BULLETSHARES 2021 HI
46138J817,BSJP,INVESCO BULLETSHARES 2025 HY
46138J825,BSCP,INVESCO BULLETSHARES 2025 CB
46138J833,BSJO,INVESCO BULLETSHARES 2024 HY
46138J841,BSCO,INVESCO BULLETSHARES 2024 CB
46138J874,BSJM1EUR,INVESCO BULLETSHARES 2022 HI
46138J882,BSCMUSD,INVESCO BULLETSHARES 2022 CO
46138K103,FXE,INVESCO CURRENCYSHARES EURO
46138M109,FXB,INVESCO CURRENCYSHARES BRITI
46138R108,FXF,INVESCO CURRENCYSHARES SWISS
46138T104,FXC,INVESCO CURRENCYSHARES CANAD
46138W107,FXY,INVESCO CURRENCYSHARES JAPAN
46139W783,BSCY,INVESCO BULLETSHARES 2034 CB
46139W825,BSCX,INVESCO BULLETSHARES 2033 CB
46139W841,BSJUUSD,INVESCO BULLETSHARES 2030 HY
46139W858,BSCWUSD,INVESCO BULLETSHARES 2032 CB
46140H106,DBA,INVESCO DB AGRICULTURE FUND
46140H304,DBE,INVESCO DB ENERGY FUND
46140H403,DBO,INVESCO DB OIL FUND
46140H502,DBP,INVESCO DB PRECIOUS METALS F
46140H700,DBBUSD,INVESCO DB BASE METALS FUND
46141D104,UDN,INVESCO DB US DOLLAR INDEX B
46141D203,UUP,INVESCO DB US DOLLAR INDEX B
46146L101,ISBCUSD,INVESTORS BANCORP INC
461730509,IRET1USD,INVESTORS REAL ESTATE TRUST
461804106,ITIC,INVESTORS TITLE CO
46185L103,NVTA*,INVITAE CORP
46187W107,INVHUSD,INVITATION HOMES INC
462044207,IOUSD,ION GEOPHYSICAL CORP
462222100,IONS,IONIS PHARMACEUTICALS INC
462222AD2,IONS 0 04/01/26,IONIS PHARMACEUTICALS IN
46222L108,IONQ,IONQ INC
462260100,IOVA,IOVANCE BIOTHERAPEUTICS INC
46266A109,IRMD,IRADIMED CORP
46266C105,IQVUSD,IQVIA HOLDINGS INC
46267X108,IQ,IQIYI INC-ADR
46267XAD0,IQ 2 04/01/25,IQIYI INC
46267XAE8,IQ 4 12/15/26,IQIYI INC
462684101,IRIX,IRIDEX CORP
46269C102,IRDM,IRIDIUM COMMUNICATIONS INC
462726100,IRBTCHF,IROBOT CORP
46284V101,IRMUSD,IRON MOUNTAIN INC
46333X108,IRWD,IRONWOOD PHARMACEUTICALS INC
464285105,IAUUSD,ISHARES GOLD TRUST
464285204,IAU,ISHARES GOLD TRUST
464286103,EWA,ISHARES MSCI AUSTRALIA ETF
464286145,FMUSD,ISHARES MSCI FRONTIER 100
464286178,GHYG,ISHARES US&INTL HIGH YIELD C
464286202,EWO,ISHARES MSCI AUSTRIA ETF
464286210,EUHY,ISHARES EURO HIGH YIELD CORP
464286251,CEMB,ISHARES JP MORGAN EM CORPORA
464286285,EMHY,ISHARES J.P. MORGAN EM HIGH
464286293,DVYA,ISHARES ASIA/PACIFIC DIVIDEN
464286301,EWK,ISHARES MSCI BELGIUM ETF
464286319,DVYE,ISHARES EMERGING MARKETS DIV
464286327,SLVPUSD,ISHARES MSCI GLOBAL SILVER M
464286343,POWR,ISHARES US POWER INFRASTRUCT
464286350,VEGI,ISHARES MSCI AGRICULTURE PRO
464286392,URTH,ISHARES MSCI WORLD ETF
464286400,EWZ,ISHARES MSCI BRAZIL ETF
464286426,EEMA,ISHARES MSCI EMERG MRKT ASIA
464286475,EEMS,ISHARES MSCI EMERGING MKT SM
464286509,EWC,ISHARES MSCI CANADA ETF
464286517,LEMB,ISHARES JP MORGAN EM LOCAL C
464286525,ACWV,ISHARES MSCI GLOBAL MIN VOL
464286533,EEMVUSD,ISHARES EDGE MSCI MIN VOL EM
464286582,SCJUSD,ISHARES MSCI JAPAN SMALL-CAP
464286608,EZU,ISHARES MSCI EUROZONE ETF
464286624,THD,ISHARES MSCI THAILAND ETF
464286632,EIS,ISHARES MSCI ISRAEL ETF
464286640,ECHUSD,ISHARES MSCI CHILE ETF
464286657,BKF,ISHARES MSCI BIC ETF
464286665,EPP,ISHARES MSCI PACIFIC EX JAPA
464286681,EUSA,ISHARES MSCI USA EQUAL WEIGH
464286707,EWQ,ISHARES MSCI FRANCE ETF
464286715,TUR,ISHARES MSCI TURKEY ETF
464286749,EWL,ISHARES MSCI SWITZERLAND ETF
464286756,EWD,ISHARES MSCI SWEDEN ETF
464286764,EWPUSD,ISHARES MSCI SPAIN ETF
464286772,EWY,ISHARES MSCI SOUTH KOREA ETF
464286780,EZAGBP,ISHARES MSCI SOUTH AFRICA ET
464286806,EWG,ISHARES MSCI GERMANY ETF
464286814,EWN,ISHARES MSCI NETHERLANDS ETF
464286822,EWW,ISHARES MSCI MEXICO ETF
464286871,EWH,ISHARES MSCI HONG KONG ETF
464287101,OEFUSD,ISHARES S&P 100 ETF
464287119,ILCG,ISHARES MORNINGSTAR GROWTH E
464287127,ILCB,ISHARES MORNINGSTAR U.S. EQU
464287150,ITOTUSD,ISHARES CORE S&P TOTAL U.S.
464287168,DVY,ISHARES SELECT DIVIDEND ETF
464287176,TIP1USD,ISHARES TIPS BOND ETF
464287184,FXI,ISHARES CHINA LARGE-CAP ETF
464287192,IYT,ISHARES US TRANSPORTATION ET
464287200,IVV,ISHARES CORE S&P 500 ETF
464287226,AGG,ISHARES CORE U.S. AGGREGATE
464287234,EEM,ISHARES MSCI EMERGING MARKET
464287242,LQD,ISHR IBX USD INVGD CB ETF-UI
464287275,IXP,ISHARES GLOBAL COMM SERVICES
464287291,IXN,ISHARES GLOBAL TECH ETF
464287309,IVW,ISHARES S&P 500 GROWTH ETF
464287325,IXJ,ISHARES GLOBAL HEALTHCARE ET
464287333,IXG,ISHARES GLOBAL FINANCIALS ET
464287341,IXC,ISHARES GLOBAL ENERGY ETF
464287374,IGE,ISHARES NORTH AMERICAN NATUR
464287382,JPXN,ISHARES JPX-NIKKEI 400 ETF
464287390,ILF,ISHARES LATIN AMERICA 40 ETF
464287408,IVE,ISHARES S&P 500 VALUE ETF
464287432,TLTGBX,ISHARES 20+ YEAR TREASURY BO
464287440,IEF,ISHARES 7-10 YEAR TREASURY B
464287457,SHYGBP,ISHARES 1-3 YEAR TREASURY BO
464287465,EFA,ISHARES MSCI EAFE ETF
464287473,IWS,ISHARES RUSSELL MID-CAP VALU
464287481,IWP,ISHARES RUSSELL MID-CAP GROW
464287499,IWR,ISHARES RUSSELL MID-CAP ETF
464287507,IJH,ISHARES CORE S&P MIDCAP ETF
464287515,IGV,ISHARES EXPANDED TECH-SOFTWA
464287523,SOXX,ISHARES SEMICONDUCTOR ETF
464287531,IDGT,ISHARES US DGTL INFRA & R/E
464287549,IGM,ISHARES EXPANDED TECH SECTOR
464287556,IBB,ISHARES BIOTECHNOLOGY ETF
464287564,ICF,ISHARES SELECT U.S. REIT ETF
464287572,IOO,ISHARES GLOBAL 100 ETF
464287580,IYC,ISHARES US CONSUMER DISCRETI
464287598,IWDUSD,ISHARES RUSSELL 1000 VALUE E
464287606,IJK,ISHARES S&P MID-CAP 400 GROW
464287614,IWF,ISHARES RUSSELL 1000 GROWTH
464287622,IWB,ISHARES RUSSELL 1000 ETF
464287630,IWN,ISHARES RUSSELL 2000 VALUE E
464287648,IWO,ISHARES RUSSELL 2000 GROWTH
464287655,IWM,ISHARES RUSSELL 2000 ETF
464287663,IUSV,ISHARES CORE S&P U.S. VALUE
464287671,IUSGUSD,ISHARES CORE S&P U.S. GROWTH
464287689,IWV,ISHARES RUSSELL 3000 ETF
464287697,IDU,ISHARES US UTILITIES ETF
464287705,IJJ,ISHARES S&P MID-CAP 400 VALU
464287713,IYZ,ISHARES US TELECOMMUNICATION
464287721,IYW,ISHARES USTECHNOLOGY ETF
464287739,IYR,ISHARES US REAL ESTATE ETF
464287754,IYJ,ISHARES U.S. INDUSTRIALS ETF
464287762,IYH,ISHARES U.S. HEALTHCARE ETF
464287770,IYG,ISHARES U.S. FINANCIAL SERVI
464287788,IYF,ISHARES US FINANCIALS ETF
464287796,IYE,ISHARES U.S. ENERGY ETF
464287804,IJR,ISHARES CORE S&P SMALL-CAP E
464287812,IYK,ISHARES US CONSUMER STAPLES
464287838,IYM,ISHARES U.S. BASIC MATERIALS
464287846,IYY,ISHARES DOW JONES U.S. ETF
464287861,IEV,ISHARES EUROPE ETF
464287879,IJS,ISHARES S&P SMALL-CAP 600 VA
464287887,IJT,ISHARES S&P SMALL-CAP 600 GR
464288109,ILCV,ISHARES MORNINGSTAR VALUE ET
464288117,IGOV,ISHARES INTERNATIONAL TREASU
464288125,ISHG,ISHARES -3 YEAR INTERNATIONA
464288158,SUB,ISHARES SHORT-TERM NATIONAL
464288166,AGZ,ISHARES AGENCY BOND ETF
464288174,WOOD,ISHARES GLOBAL TIMBER & FORE
464288182,AAXJ,ISHARES MSCI ALL COUNTRY ASI
464288208,IMCB,ISHARES MORNINGSTAR MID-CAP
464288224,ICLN,ISHARES GLOBAL CLEAN ENERGY
464288240,ACWX,ISHARES MSCI ACWI EX US ETF
464288257,ACWI,ISHARES MSCI ACWI ETF
464288273,SCZUSD,ISHARES MSCI EAFE SMALL-CAP
464288281,EMBGBX,ISHARES JP MORGAN USD EMERGI
464288307,IMCG,ISHARES MORNINGSTAR MID-CAP
464288323,NYF,ISHARES NEW YORK MUNI BOND E
464288356,CMF,ISHARES CALIFORNIA MUNI BOND
464288372,IGFUSD,ISHARES GLOBAL INFRASTRUCTUR
464288406,IMCV,ISHARES MORNINGSTAR MID-CAP
464288414,MUB,ISHARES NATIONAL MUNI BOND E
464288422,WPS,ISHARES INTERNATIONAL DEVELO
464288430,AIAUSD,ISHARES ASIA 50 ETF
464288448,IDV,ISHARES INTERNATIONAL SELECT
464288489,IFGL,ISHARES INTERNATIONAL DEVELO
464288497,IEUS,ISHARES MSCI EUROPE SMALL-CA
464288505,ISCBUSD,ISHARES MORNINGSTAR SMALL-CA
464288513,HYG,ISHR IBX USD HIYLD CB ETF-UI
464288521,USRT,ISHARES CORE US REIT ETF
464288562,REZ,ISHARS RES AND MULTI REALES
464288570,DSI,ISHARES ESG MSCI KLD 400 ETF
464288588,MBB,ISHARES MBS ETF
464288596,GBF,ISHARES GOVERNMENT/CREDIT BO
464288604,ISCGGBP,ISHARES MORNINGSTAR SMALL-CA
464288612,GVI,ISHARES INTERMEDIATE GOVERNM
464288620,USIG,ISHARES BROAD USD INVESTMENT
464288638,IGIB,ISHARES 5-10Y INV GRADE CORP
464288646,IGSB,ISHARES 1-5Y INV GRADE CORP
464288653,TLH,ISHARES 10-20 YEAR TREASURY
464288661,IEI,ISHARES 3-7 YEAR TREASURY BO
464288679,SHVUSD,ISHARES SHORT TREASURY BOND
464288687,PFF,ISHARES PREFERRED & INCOME S
464288695,MXI,ISHARES GLOBAL MATERIALS ETF
464288703,ISCV,ISHARES MORNINGSTAR SMALL-CA
464288711,JXI,ISHARES GLOBAL UTILITIES ETF
464288729,EXI1USD,ISHARES GLOBAL INDUSTRIALS E
464288737,KXI,ISHARES GLOBAL CONSUMER STAP
464288745,RXI,ISHARES GLOBAL CONSUMER DISC
464288752,ITB,ISHARES U.S. HOME CONSTRUCTI
464288760,ITA,ISHARES U.S. AEROSPACE & DEF
464288778,IAT,ISHARES US REGIONAL BANKS ET
464288786,IAK,ISHARES U.S. INSURANCE ETF
464288794,IAI,ISHARES U.S. BROKER-DEALERS
464288802,SUSA,ISHARES ESG OPTIMIZED MSCI U
464288810,IHIGBX,ISHARES U.S. MEDICAL DEVICES
464288828,IHF,ISHARES U.S. HEALTHCARE PROV
464288836,IHE,ISHARES US PHARMACEUTICALS E
464288844,IEZUSD,ISHARES U.S. OIL EQUIPMENT &
464288851,IEO,ISHARES U.S. OIL & GAS EXPLO
464288869,IWC,ISHARES MICRO-CAP ETF
464288877,EFVUSD,ISHARES MSCI EAFE VALUE ETF
464288885,EFG,ISHARES MSCI EAFE GROWTH ETF
464289123,ENZL,ISHARES MSCI NEW ZEALAND ETF
464289131,EWZSUSD,ISHARES MSCI BRAZIL SMALL-CA
464289180,EUFN,ISHARES MSCI EUROPE FINANCIA
464289420,IWX,ISHARES RUSSELL TOP 200 VALU
464289438,IWY,ISHARES RUSSELL TOP 200 GROW
464289446,IWL,ISHARES RUSSELL TOP 200 ETF
464289479,ILTB,ISHARES CORE 10+ YEAR USD BO
464289511,IGLB,ISHARES 10+ YEAR INV GR CORP
464289529,INDY,ISHARES INDIA 50 ETF
464289842,EPU,ISHARES MSCI PERU AND GLOBAL
464289859,AOA,ISHARES CORE 80/20 AGGRESSIV
464289867,AOR,ISHARES CORE 60/40 BALANCED
464289875,AOM,ISHARES CORE 40/60 MODERATE
464289883,AOK,ISHARES CORE 30/70 CONSERVAT
46428Q109,SLV1,ISHARES SILVER TRUST
46428R107,GSG,ISHARES S&P GSCI COMMODITY I
46429B135,IPFFEUR,ISHARES INTERNATIONAL PREFER
46429B267,GOVT,ISHARES US TREASURY BOND ETF
46429B291,QLTA,ISHARES AAA - A RATED CORPOR
46429B309,EIDO,ISHARES MSCI INDONESIA ETF
46429B333,GNMA,ISHARES GNMA BOND ETF
46429B366,CMBS,ISHARES CMBS ETF
46429B408,EPHEGBP,ISHARES MSCI PHILIPPINES ETF
46429B416,EWUS,ISHARES MSCI UNITED KINGDOM
46429B499,ENOR,ISHARES MSCI NORWAY ETF
46429B507,EIRL,ISHARES MSCI IRELAND ETF
46429B515,EFNLUSD,ISHARES MSCI FINLAND ETF
46429B523,EDEN1USD,ISHARES MSCI DENMARK ETF
46429B564,IBMHEUR,ISHARES IBONDS SEP 2019 TERM
46429B598,INDA,ISHARES MSCI INDIA ETF
46429B606,EPOL,ISHARES MSCI POLAND ETF
46429B614,SMIN1USD,ISHARES MSCI INDIA SMALL-CAP
46429B655,FLOT,ISHARES FLOATING RATE BOND E
46429B663,HDV,ISHARES CORE HIGH DIVIDEND E
46429B671,MCHI,ISHARES MSCI CHINA ETF
46429B689,EFAVUSD,ISHARES EDGE MSCI MIN VOL EA
46429B697,USMV,ISHARES MSCI USA MIN VOL FAC
46429B747,STIP,ISHARES 0-5 YEAR TIPS BOND E
46431W507,NEAR,ISHARES SH DBA ETF USD INC
46431W598,CMDY,ISHARES BLOOMBERG ROLL SELEC
46431W606,HYGH,ISHARES INT RATE HEDG HY ETF
46431W648,IETC,ISHARES U.S. TECH INDEPENDEN
46431W705,LQDH,ISHARES INT HEDG CORP BD ETF
46431W812,IGBH,ISHARES INTEREST RATE HEDGED
46431W838,MEAR,ISHRS SHORT MAT MUNI ACT ETF
46431W853,COMT,ISHARES GSCI COMMODITY DYNAM
46432F339,QUAL,ISHARES MSCI USA QUALITY FAC
46432F370,SIZE,ISHARES MSCI USA SIZE FACTOR
46432F388,VLUE,ISHARES MSCI USA VALUE FACTO
46432F396,MTUMUSD,ISHARES EDGE MSCI USA MOMENT
46432F834,IXUS,ISHARES CORE INTL STOCK ETF
46432F842,IEFA,ISHARES CORE MSCI EAFE ETF
46432F859,ISTB,ISHARES CORE 1-5 YEAR USD BO
46432F875,IYLD,ISHARES MORNINGSTAR MULTI-AS
464337AJ3,IONS 1 11/15/21,IONIS PHARMACEUTICALS IN
46434G103,IEMG,ISHARES CORE MSCI EMERGING
46434G509,HEEM,ISHARES CRNCY HEDGD MSCI EM
46434G764,EMXC,ISHARES MSCI EMR MRK EX CHNA
46434G772,EWT,ISHARES MSCI TAIWAN ETF
46434G780,EWS,ISHARES MSCI SINGAPORE ETF
46434G798,ERUSGBX,ISHARES MSCI RUSSIA ETF
46434G814,EWM,ISHARES MSCI MALAYSIA ETF
46434G822,EWJ,ISHARES MSCI JAPAN ETF
46434G830,EWI,ISHARES MSCI ITALY ETF
46434G848,PICKUSD,ISHARES MSCI GLOBAL METALS &
46434G855,RINGUSD,ISHARES MSCI GLOBAL GOLD MIN
46434G863,ESGE,ISHARES INC ISHARES ESG AWAR
46434G889,EMGF,ISHARES EMERGING MARKETS EQU
46434V100,SLQD,ISHARES 0-5 YR INV GRD CORP
46434V266,ISCF,ISHARES INTERNATIONAL SMALL
46434V274,INTF,ISHARES INTERNATIONAL EQUITY
46434V282,LRGF,ISHARES US EQUITY FACTOR ETF
46434V290,SMLF,ISHARES US SMALLCAP EQUITY F
46434V316,GLOF,ISHARES GLOBAL EQUITY FACTOR
46434V381,XT,ISHAR FTURE EXP TECH ETF-USD
46434V407,SHYG,ISHARES 0-5 YR HY CORP BOND
46434V423,KSA,ISHRS MSCI SAUDI ARABIA ETF
46434V449,IMTM,ISHARES MSCI INTL MOMENTUM F
46434V456,IQLT,ISHARES MSCI INTERNATIONAL Q
46434V464,CRBN,ISH LOW CAR OPT MS AC ETF-US
46434V514,CNYA,ISHARES MSCI CHINA A ETF
46434V613,IUSB,ISHR CR UNVRSE USD BD ETF-UI
46434V621,DGRO,ISHARES CORE DIVIDEND GROWTH
46434V639,HEZU,ISHARES CURRENCY HEDGED MSCI
46434V647,REET,ISHARES GLOBAL REIT ETF
46434V696,IPAC,ISHARES CORE MSCI PACIFIC ET
46434V704,HEWGUSD,ISHA HEDGED MSCI GERMANY
46434V738,IEUR,ISHARES CORE MSCI EUROPE ETF
46434V761,UAE,ISHARES MSCI UAE ETF
46434V779,QAT,ISHARES MSCI QATAR ETF
46434V787,BYLD,ISHARES YIELD OPTIMIZED BOND
46434V803,HEFA,ISHA CURR HEDGED MSCI EAFE
46434V860,TFLO,ISHARES TREASURY FLOATING RA
46434V878,ICSHGBP,BLACKROCK ULTRA SHORT-TERM B
46434V886,HEWJ,ISHA CURR HEDGED MSCI JAPAN
46434VBD1,IBDQ,ISHARES IBONDS DEC 2025 TERM
46434VBG4,IBDP,ISHARES IBONDS DEC 2024 TERM
46435G102,ICVT,ISHARES CONVERTIBLE BOND ETF
46435G193,SUSC,ISHARES ESG AWARE USD CORPOR
46435G219,IGEB,ISHARES INVESTMENT GRADE SYS
46435G243,SUSB,ISHARES ESG AWARE 1-5 YEAR U
46435G250,HYDB,ISHARES HIGH YIELD SYSTEMATI
46435G268,SMMD,ISHARES RUSSELL 2500 ETF
46435G326,IDEV,ISHARES CORE MSCI DEV MKTS
46435G334,EWU,ISHARES MSCI UNITED KINGDOM
46435G342,REM,ISHARES MORTGAGE REAL ESTATE
46435G409,IVLU,ISHARES MSCI INTERNATIONAL V
46435G417,IMTB,ISHARES CORE 5-10 YEAR USD
46435G425,ESGU,ISHARES ESG AWARE MSCI USA
46435G433,SMMV,ISHARES MSCI USA SMALL-CAP M
46435G441,HYXF,ISHARES ESG ADV HIGH YIELD
46435G474,FALN,ISHARES FALLEN ANGELS ETF
46435G516,ESGD,ISHARES TRUST ISHARES ESG AW
46435G524,IGRO,ISHARES INTL DIV GROWTH ETF
46435G532,SDG,ISH MSCI GLOB SUST DEVE GOAL
46435G672,IAGGUSD,ISHARES INTL AGGREGATE BOND
46435G839,HSCZ,ISHARES CUR HDG MSCI EAFE SM
46435G847,HAWX,ISHARES CUR HDG MSCI ACWI-X
46435GAA0,IBDR,ISHARES IBONDS DEC 2026 TERM
46435U135,IHAK,ISHARES CYBERSECURITY & TECH
46435U168,IBHE*,ISHARES IBONDS 2025 H/Y INC
46435U184,IBHD,ISHARES IBONDS 2024 H/Y INC
46435U192,IDNA,ISHARES GEN-IMMUNOLOGY HLTH
46435U218,SUSL,ISHARES ESG MSCI USA LEADERS
46435U259,IBMO,ISHARES IBONDS DEC 2026 TERM
46435U283,IBMP,ISHARES IBONDS DEC 2027 TERM
46435U325,IBMQ,ISHARES IBONDS DEC 2028 MUNI
46435U366,IDRV,ISHARES SELF-DRIVING EV&TECH
46435U374,EWJV,ISHARES MSCI JAPAN VALUE ETF
46435U440,BGRN,ISHARES USD GREEN BOND ETF
46435U473,HYBB,ISHARES BB RATED CORP BOND
46435U515,IBDT,ISHARES IBONDS DEC 2028 ETF
46435U549,EAGG,ISHARES ESG AWARE US AGGREGA
46435U556,ARTY,ISHARES FUTURE AI & TECH ETF
46435U663,ESML,ISHARES ESG AWARE MSCI USA S
46435U713,IFRA,ISHARES US INFRASTRUCTURE
46435U796,SYSB,ISHARES SYSTEMATIC BOND ETF
46435U853,USHY,ISHARES BROAD USD HIGH YIELD
46435U861,DIVB,ISHARES CORE DIVIDEND ETF
46435UAA9,IBDS,ISHRS IBNDS DEC 27 CORP ETF
46436E130,IBDY,ISHARES IBONDS DEC 2033 CORP
46436E148,IBTO,ISHARES IBONDS DEC 2033 TRES
46436E163,IBMR,ISHARES IBONDS DEC 2029 M BD
46436E189,ICOPUSD,ISHARES COPPER AND METALS
46436E205,IBDU,ISHARES IBONDS DEC 2029 TERM
46436E221,EVUSUSD,ISHARES ESG AW MSCI US VALUE
46436E296,IBTMUSD,ISHARES IBNDS DEC 2032 TT
46436E312,IBDXUSD,ISHARES IBONDS DEC 2032 TC
46436E320,HYGWUSD,ISHARES HY CORP BD BUYWR ETF
46436E338,TLTWUSD,ISHARES 20+ BOND BUYWRITE
46436E379,IBHIUSD,ISHARES IBONDS 2029 TM HY IN
46436E387,IBHHUSD,ISHARES IBONDS 2028 TM HY IN
46436E403,GARP,ISHARES MSCI USA QUALITY GAR
46436E460,IBTL,ISHARES IBONDS DEC 2031 TERM
46436E478,IBHG,ISHARES IBONDS 2027 HY INC
46436E486,IBDW,ISHARES IBONDS DEC 2031 CORP
46436E502,TECB,ISHARES US TECH BREAKTHROUGH
46436E528,IBHF,ISHARES IBOND 2026 HY & INC
46436E536,SVAL,ISHARES US SMALL CAP VAL FAC
46436E544,XJR,ISHR ESG SS S&P SMAL-CAP-USD
46436E551,XJH,ISHARE ESG SS S&P MIDCAP ETF
46436E569,XVV,ISHARES ESG SELECT SCREENED
46436E593,IBTK,ISHARES IBONDS DEC 2030 TREA
46436E601,LDEM,ISHARES ESG MSCI EM LEADERS
46436E619,EUSB,ISHR ESG ADVN UNIVERSAL BD-$
46436E718,SGOV,ISHARES 0-3 MONTH TREASURY B
46436E726,IBDV,ISHARES IBONDS DEC 2030 CORP
46436E742,EMXF,ISHARES ESG ADV MSCI EM ETF
46436E759,DMXF,ISHARES ESG ADVANC MSCI EAFE
46436E767,USXF,ISHARES ESG ADVANCE MSCI USA
46436E825,IBTJ,ISHARES IBONDS DEC 2029 TERM
46436E833,IBTI,ISHARES IBONDS DEC 2028 TERM
46436E841,IBTH,ISHARES IBONDS DEC 2027 TERM
46436E858,IBTG,ISHARES IBONDS DEC 2026 TERM
46436E874,IBTE1EUR,ISHARES IBONDS DEC 2024 TERM
46436F103,IAUM,ISHARES GOLD TRUST MICRO
46438F101,IBIT,ISHARES BITCOIN TRUST ETF
46438G448,LMUB,ISHARES LT NATIONAL MUNI BD
46438G570,TOPT,ISHARES TOP 20 US STOCKS ETF
46438G653,IBDZ,ISHARESIBONDSDEC2034TMCORP
46438G687,IBMS,ISHARESIBONDDEC2030MUNIBDETF
46438R105,ETHA,ISHARES ETHEREUM TRUST ETF
46489V104,ISRUSD,ISORAY INC
46489V302,CATX,PERSPECTIVE THERAPEUTICS INC
46501C100,ISPR,ISPIRE TECHNOLOGY INC
465562106,ITUBUSD,ITAU UNIBANCO H-SPON PRF ADR
46564T107,ITIUSD,ITERIS INC
46565G104,2662247D,ITEOS THERAPEUTICS INC
46571Y107,IIIV,I3 VERTICALS INC-CLASS A
465741106,ITRI,ITRON INC
465741AN6,ITRI 0 03/15/26,ITRON INC
46578C108,IE,IVANHOE ELECTRIC INC / US
46583P102,OPHTEUR,IVERIC BIO INC
46590V100,JBGS,JBG SMITH PROPERTIES
46591M109,JOYY,JOYY INC-ADR
466032109,JJSF,J & J SNACK FOODS CORP
46609J106,JAXUSD,J ALEXANDER'S HOLDINGS
46620W102,JILLUSD,J. JILL INC
46620W201,JILL,J. JILL INC
46625H100,JPM,JPMORGAN CHASE & CO
46625H365,AMJEUR,JPMORGAN ALERIAN MLP INDEX
466313103,JBL,JABIL INC
466367109,JACK,JACK IN THE BOX INC
46641Q118,JMEEUSD,JPMORGAN MKT EXP ENH EQTY
46641Q126,JPREUSD,JPMORGAN REALTY INCOME ETF
46641Q134,JIREUSD,JPMORGAN INT RES ENH EQTY
46641Q159,JPIE,JPMORGAN INCOME ETF
46641Q167,JAVA,JPMORGAN ACTIVE VALUE ETF
46641Q191,BBEU,JPMORGAN BETABUILDERS EUROPE
46641Q209,JPIN,JPM DIVERSIFIED RET INTL EQ
46641Q217,BBJP,JPMORGAN BETABUILDERS JAPAN
46641Q225,BBCA,JPMORGAN BETABUILDERS CANADA
46641Q233,BBAX,JPMORGAN BETABUILDERS DEVELO
46641Q241,BBAG,JPMORGAN BETABUILDERS US AGG
46641Q266,JEMA,JPMORGAN ACTIVEBUILDERS EMER
46641Q274,JSCP,JPMORGAN SHORT DURATION CORE
46641Q308,JPEM,JPM DIVERSIFIED RET EM EQUIT
46641Q324,JIG,JPMORGAN INTERNATIONAL GROWT
46641Q332,JEPI,JPMORGAN EQUITY PREMIUM INCO
46641Q340,BBMC,JPM BETABUILDERS US MID CAP
46641Q373,BBIN,JPM BETABUILDERS INTL EQTY
46641Q399,BBUS,JPMORGAN BETABUILDERS US EQU
46641Q407,JPUSUSD,JPMORGAN DIV RET US EQ ETF
46641Q647,JMUB,JPMORGAN MUNICIPAL ETF
46641Q654,JMST,JPM ULTRA-SHORT MUNI INCOME
46641Q670,JCPB,JPMORGAN CORE PLUS BOND ETF
46641Q738,BBRE,JPM BETABLDRS MSCI US REIT
46641Q746,JPMB,JPMORGAN USD EMERGING MARKET
46641Q753,JVAL,JPMORGAN US VALUE FACTOR ETF
46641Q761,JQUA,JPMORGAN US QUALITY FACTOR
46641Q779,JMOM,JPMORGAN US MOMENTUM FACTOR
46641Q837,JPST,JPMORGAN ULTRA-SHORT INCOME
46641Q845,JPSE,JPM DIVERSIFIED RT SMALL CAP
46641Q852,JPIB,JPMORGAN INTL BND ETF
46641Q878,BBHY,JPMORGAN BETABUILDERS USD HI
46641Q886,JPME,JPM DIVER RET US MC EQUITY
46654Q104,JCPIUSD,JP MORGAN INFLATION MGD BOND
46654Q203,JEPQUSD,JPM NASDAQ EQUITY PREMIUM
46654Q575,JMTG,MORTGAGE-BACKED SECURITIES
46654Q609,JGROUSD,JPMORGAN ACTIVE GROWTH ETF
46654Q716,JBND,JPMORGAN ACTIVE BOND ETF
46654Q724,HELO,JPMORGAN HEDGED EQUITY ETF
46654Q732,JTEK,JPMORGAN US TECH LEADERS
46654Q740,JGLO,JPMORGAN GLBL SLCT EQ ETF
46654Q757,JIVE,JPM INTERNTL VALUE ETF
46654Q773,JPLD,JPMORGAN LTD DURATION ETF
46654Q781,JPEF,JPMORGAN EQUITY FOCUS ETF
46654Q799,JMHI,JPMORGAN HIGH YIELD MUNICPL
46654Q815,JMSI,JPM SUS MUNICIPAL INCOME
46655E100,DC,DAKOTA GOLD CORP
46817M107,JXN,JACKSON FINANCIAL INC-A
469814107,JECUSD,JACOBS ENGINEERING GROUP INC
46982L108,J,JACOBS SOLUTIONS INC
46990A102,JRVR,JAMES RIVER GROUP HOLDINGS I
47009K107,JAG2USD,JAGGED PEAK ENERGY INC
47012E106,JAKKUSD,JAKKS PACIFIC INC
47012E403,JAKK,JAKKS PACIFIC INC
47074L105,JAMFGBP,JAMF HOLDING CORP
47089W104,AIFC,AI FINANCIAL CORP
471024109,JAN1EUR,JANUS LIVING INC CL-A
47103J105,JANX,JANUX THERAPEUTICS INC
47103N106,JBI,JANUS INTERNATIONAL GROUP IN
47103U100,JSML,JANUS HENDER SM CAP GRW ALPH
47103U209,JSMDUSD,JANUS SMALL MID CAP GR ALP
47103U746,JSI,JH SECURITIZED INCOME ETF
47103U753,JBBB,JANUS HENDERSON B-BBB CLO ET
47103U845,JAAA,JANUS HENDERSON AAA CLO ETF
47103U852,JMBS,JANUS HENDERSON MORTG BACKED
47103U886,VNLA,JANUS HENDERSON SHORT DURATI
47109U104,JOF,JAPAN SMALLER CAPITALIZATION
471109108,JAHEUR,JARDEN CORP
471109AH1,JAH 1.875 09/15/18,JARDEN CORP
471172106,JASNUSD,JASON INDUSTRIES INC
471871202,JSPR,JASPER THERAPEUTICS INC
472145AB7,JAZZ 1.875 08/15/21,JAZZ INVESTMENTS I LTD
472145AD3,JAZZ 1.5 08/15/24,JAZZ INVESTMENTS I LTD
472145AF8,JAZZ 2 06/15/26,JAZZ INVESTMENTS I LTD
47215P106,JD,JD.COM INC-ADR
47215PAJ5,JD 0.25 06/01/29,JD.COM INC
472319AG7,JEF 3.875 11/01/29,JEFFERIES GROUP LLC
47233W109,JEF,JEFFERIES FINANCIAL GROUP IN
47248R103,JCAP,JEFFERSON CAPITAL INC
47580P103,JELD,JELD-WEN HOLDING INC
476405105,JCAPUSD,JERNIGAN CAPITAL INC
477143101,JBLU,JETBLUE AIRWAYS CORP
477143AP6,JBLU 0.5 04/01/26,JETBLUE AIRWAYS CORP
47759T100,JKS,JINKOSOLAR HOLDING CO-ADR
47768J101,JOANUSD,JOANN INC
477839104,JBTM,JBT MAREL CORP
477839AB0,JBTM 0.25 05/15/26,JBT MAREL CORP
47804J107,JHML,JOHN HANCOCK MULTI FACT LRG
47804J206,JHMMUSD,JOHN HANCOCK MULTI FACT MID
47804J842,JHSC,JOHN HANCOCK MULTI SMALL CAP
47804J859,JHMDUSD,JOHN HANCOCK MF DEV INTL ETF
47804L102,HEQ,JOHN HANCOCK DIVERS INC FUND
47805L101,JMSB,JOHN MARSHALL BANCORP INC
478160104,JNJ,JOHNSON & JOHNSON
479167108,JOUT,JOHNSON OUTDOORS INC-A
47973J102,JYNT,JOINT CORP/THE
48020Q107,JLL,JONES LANG LASALLE INC
481116101,JNCEUSD,JOUNCE THERAPEUTICS INC
48115J109,DERM,JOURNEY MEDICAL CORP
48123V102,ZD,ZIFF DAVIS INC
48123VAC6,ZD 3.25 06/15/29,J2 GLOBAL COMMUNICATIONS
48133Q309,AMJB,ALERIAN MLP ETN2044
48138L107,JMEIUSD,JUMEI INTERNATIONAL-ADR
48138M105,JMIA,JUMIA TECHNOLOGIES AG-ADR
48203R104,JNP,JUNIPER NETWORKS INC
48205G106,JIH,JUNIPER INDUSTRIAL HLDGS
48213W101,JEGBP,JUST ENERGY GROUP INC
48214T305,JTKWY,JUST EAT TAKEAWAY-SPONS ADR
48238T109,OPLN,OPENLANE INC
48241A105,KB,KB FINANCIAL GROUP INC-ADR
48242W106,KBR,KBR INC
482480100,KLAC,KLA CORP
482497104,BEKE,KE HOLDINGS INC-ADR
48249T106,KIO,KKR INCOME OPPORTUNITIES
48251K100,KREF,KKR REAL ESTATE FINANCE TRUS
48251W104,KKR,KKR & CO INC
48251W500,KKR 6.25 03/01/28 D,KKR & CO INC
48253L106,KLXEUSD,KLX ENERGY SERVICES HOLDING
48253L205,KLXE,KLX ENERGY SERVICES HOLDING
48253T208,KAHC/U,KKR ACQUISITION HOLDINGS I C
48268K101,KT,KT CORP-SP ADR
482738101,KVHI,KVH INDUSTRIES INC
48273U102,LRNUSD,STRIDE INC
48282T104,KAI,KADANT INC
48283N106,KDMNUSD,KADMON HOLDINGS INC
483007704,KALU,KAISER ALUMINUM CORP
483347100,KLDO,KALEIDO BIOSCIENCES INC
483379103,KLR1USD,KALEYRA INC
483467106,KLTR,KALTURA INC
483497103,4XC1,KALVISTA PHARMACEUTICALS INC
483548103,KAMNUSD,KAMAN CORP
485170302,KSUEUR,KANSAS CITY SOUTHERN
48553T106,BZUSD,KANZHUN LTD - ADR
48563L101,KRT,KARAT PACKAGING INC
48576U106,KPTIEUR,KARYOPHARM THERAPEUTICS INC
48576U205,KPTI,KARYOPHARM THERAPEUTICS INC
48581R205,KSPI,JSC KASPI.KZ ADR
485924104,KRMN,KARMAN HOLDINGS INC
486606106,KYN,KAYNE ANDERSON ENERGY INFRA
48662X105,KBDC,KAYNE ANDERSON BDC INC
48666K109,KBH,KB HOME
48667L106,KDDIYUSD,KDDI CORP-UNSPONSORED ADR
48716P108,KRNY,KEARNY FINANCIAL CORP/MD
487836108,KEL,KELLANOVA
488152208,KELYA,KELLY SERVICES INC -A
488360207,KEMUSD,KEMET CORP
488401100,KMPR,KEMPER CORP
488445107,KMPHUSD,KEMPHARM INC
488445206,ZVRA,ZEVRA THERAPEUTICS INC
489170100,KMT,KENNAMETAL INC
49177J102,KVUE,KENVUE INC
492327101,KROS,KEROS THERAPEUTICS INC
49271V100,KDP,KEURIG DR PEPPER INC
492854104,KEQU,KEWAUNEE SCIENTIFIC CP
49309J103,KEGUSD,KEY ENERGY SERVICES INC
493144109,KTCC,KEY TRONIC CORP
493267108,KEY,KEYCORP
49338L103,KEYS,KEYSIGHT TECHNOLOGIES IN
493732101,KFRC,KFORCE INC
494274103,KBALUSD,KIMBALL INTERNATIONAL-B
49427F108,KRC,KILROY REALTY CORP
49428J109,KE,KIMBALL ELECTRONICS INC
49435R102,KRP,KIMBELL ROYALTY PARTNERS LP
494368103,KMB,KIMBERLY-CLARK CORP
49446R109,KIMUSD,KIMCO REALTY CORP
49456B101,KMI,KINDER MORGAN INC
49456B200,KMI 9.75 10/26/18 A,KINDER MORGAN INC/DELAWA
49456W105,KLC,KINDERCARE LEARNING COS INC
494577109,KIN1USD,KINDRED BIOSCIENCES INC
49639K101,KC,KINGSOFT CLOUD HOLDINGS-ADR
496719105,KINS,KINGSTONE COS INC
496902404,KGC,KINROSS GOLD CORP
496904202,KWY,KINGSWAY CORP
49705R105,KNTEUSD,KINNATE BIOPHARMA INC
49714P108,KNSL,KINSALE CAPITAL GROUP INC
497266106,KEX,KIRBY CORP
49741E100,KL,KIRKLAND LAKE GOLD LTD
497498105,KI2,BRAND HOUSE COLLECTIVE INC/T
49803T300,KRG,KITE REALTY GROUP TRUST
49845K101,KVYO,KLAVIYO INC-A
498894104,KNF,KNIFE RIVER CORP
498904200,KNL,KNOLL INC
499049104,KNX,KNIGHT-SWIFT TRANSPORTATION
49926D109,KN,KNOWLES CORP
50012A108,KGSUSD,KODIAK GAS SERVICES INC
50015M109,KOD,KODIAK SCIENCES INC
500255104,KSSUSD,KOHLS CORP
50043K406,KGEI,KOLIBRI GLOBAL ENERGY INC
500458401,KMTUYUSD,KOMATSU LTD -SPONS ADR
500472303,PHG,KONINKLIJKE PHILIPS NVR- NY
50047H201,KONA,KONA GRILL INC
50050N103,KTB,KONTOOR BRANDS INC
500600101,KOPN,KOPIN CORP
50060P106,KOP,KOPPERS HOLDINGS INC
500631106,KEP,KOREA ELEC POWER CORP-SP ADR
500634209,KF,KOREA FUND INC
500643200,KFY,KORN FERRY
500688106,KOS,KOSMOS ENERGY LTD
500692108,KOSS,KOSS CORP
500754106,KHC,KRAFT HEINZ CO/THE
500767306,KWEB,KRANESH CSI CHINA INTERNET
500767405,KBA,KRANESHARES BOSERA MSCI CHIN
500767652,KMLM,KRANESHARES MT LC MN FT ID S
500767678,KRBN,KS GLOBAL CARBON STRATGY ETF
500767736,IVOL,QUADRATIC INT RTE VOL INFL H
500767827,KARS,KRANESHARES ELECTRIC VEHICLE
50077B207,KTOS,KRATOS DEFENSE & SECURITY
50077C106,KRAUSD,KRATON CORP
500946108,KRRO,KORRO BIO INC
50101L106,DNUT,KRISPY KREME INC
501044101,KR,KROGER CO
50105F105,KRO,KRONOS WORLDWIDE INC
50107A104,KRON1USD,KRONOS BIO INC
501147102,KRYS,KRYSTAL BIOTECH INC
501173207,KUBTYUSD,KUBOTA CORP-SPONS ADR
501242101,KLIC,KULICKE & SOFFA INDUSTRIES
50125G109,KULRGBP,KULR TECHNOLOGY GROUP INC
50125G307,KULR,KULR TECHNOLOGY GROUP INC
501270102,KRUS,KURA SUSHI USA INC-CLASS A
50127T109,KURA,KURA ONCOLOGY INC
50155Q100,KD,KYNDRYL HOLDINGS INC
501575104,KYMR,KYMERA THERAPEUTICS INC
501797104,LBUSD,L BRANDS INC
50180M108,LBRX,LB PHARMACEUTICALS INC
501812AB7,LCII 1.125 05/15/26,LCI INDUSTRIES
50181P100,LCNB,LCNB CORPORATION
50186V102,LPL,LG DISPLAY CO LTD-ADR
50187A107,LHCGUSD,LHC GROUP INC
50187J108,LEJUGBP,LEJU HOLDINGS LTD-ADR
50187T106,LGIH,LGI HOMES INC
501889208,LKQUSD,LKQ CORP
50189K103,LCII,LCI INDUSTRIES
501976104,KYTX,KYVERNA THERAPEUTICS INC
50202M102,LI,LI AUTO INC - ADR
50202P105,LICYUSD,LI-CYCLE HOLDINGS CORP
50202P204,LICYUSD,LI-CYCLE HOLDINGS CORP
50208A102,SCD,LMP CAPITAL AND INCOME FUND
502117203,LORA,L'OREAL-UNSPONSORED ADR
50212V100,LPLA,LPL FINANCIAL HOLDINGS INC
50213V109,LRADUSD,LRAD CORP
502160104,LXU,LSB INDUSTRIES INC
50216C108,LYTS,LSI INDUSTRIES INC
502175102,LTC,LTC PROPERTIES INC
50218P107,LKSDGBP,LSC COMMUNICATIONS INC
502431109,LHX,L3HARRIS TECHNOLOGIES INC
502441306,LVMUYUSD,LVMH MOET HENNESSY-UNSP ADR
503459604,LJPC,LA JOLLA PHARMACEUTICAL CO
504922105,LH,LABCORP HOLDINGS INC
505336107,LZB,LA-Z-BOY INC
505743104,LADR,LADDER CAPITAL CORP-REIT
50575Q102,LTS1USD,LADENBURG THALMANN FINANCIAL
50736T102,LSF,LAIRD SUPERFOOD INC
511637100,LBAIUSD,LAKELAND BANCORP INC
511656100,LKFN,LAKELAND FINANCIAL CORP
511795106,LAKE,LAKELAND INDUSTRIES INC
512807108,LRCXEUR,LAM RESEARCH CORP
512807306,LRCX,LAM RESEARCH CORP
512807AL2,LRCX 1.25 05/15/18,LAM RESEARCH CORP
512816109,LAMRGBP,LAMAR ADVERTISING CO-A
513272104,LW,LAMB WESTON HOLDINGS INC
513847103,MZTI,MARZETTI COMPANY/THE
514766104,LFCR,LIFECORE BIOMEDICAL INC
514952100,LB,LANDBRIDGE CO LLC-A
51504L107,LARK,LANDMARK BANCORP INC
515098101,LSTR,LANDSTAR SYSTEM INC
51509F105,LE,LANDS' END INC
51509P103,LSEA,LANDSEA HOMES CORP
516012101,LN5,LANNETT CO INC
516544103,LNTH,LANTHEUS HOLDINGS INC
516544AB9,LNTH 2.625 12/15/27,LANTHEUS HOLDINGS INC
516548203,LTRX,LANTRONIX INC
516806106,LPI1USD,LAREDO PETROLEUM INC
516806205,8LP1,VITAL ENERGY INC
517097101,LGO,LARGO INC
517125100,LRMR,LARIMAR THERAPEUTICS INC
517834107,LVS,LAS VEGAS SANDS CORP
51817R106,LTM1GBP,LATAM AIRLINES GROUP-SP ADR
51817R205,LTM,LATAM AIRLINES GROUP SA-ADR
51818V106,LTCH,LATCH INC
51819L107,SWIM,LATHAM GROUP INC
518415104,LSCC,LATTICE SEMICONDUCTOR CORP
518416102,RODM,HARTFORD MULTIFACT DEV MRKT
518416409,ROUS,HARTFORD MULTIFACT US EQTY
518439104,EL,ESTEE LAUDER COMPANIES-CL A
518613203,LAUR,LAUREATE EDUCATION INC
520776105,DSGR,DISTRIBUTION SOLUTIONS GROUP
52106W103,LGI,LAZARD GLBL TTL RTRN & INC
52110M109,LAZ,LAZARD INC
52177G102,DMD1USD,LEAF GROUP LTD
521865204,LEA,LEAR CORP
52187K101,LPTXUSD,CYPHERPUNK TECHNOLOGIES INC
52187K200,CYPH,CYPHERPUNK TECHNOLOGIES INC
523768109,LEE1USD,LEE ENTERPRISES
523768406,LEE,LEE ENTERPRISES
524660107,LEG2USD,LEGGETT & PLATT INC
52466B103,LZ,LEGALZOOMCOM INC
524682200,LRGE,CLEARBRIDGE LARGE CAP GROWTH
52468L406,LVHD,FRANKLIN U.S. LOW VOLATILITY
52468L505,LVHI,FRANKLIN INTERNATIONAL LOW V
52471Y106,LTXBUSD,LEGACYTEXAS FINANCIAL GROUP
52472M101,LEGH,LEGACY HOUSING CORP
52476L109,LGN,LEGENCE CORP-CL A
524901105,LMUSD,LEGG MASON INC
52490G102,LEGN,LEGEND BIOTECH CORP-ADR
525327102,LDOS,LEIDOS HOLDINGS INC
525558201,LMAT,LEMAITRE VASCULAR INC
52567D107,LMND,LEMONADE INC
52603A109,LCUSD,HAPPEN INC
52603A208,HAPN,HAPPEN INC
52603B107,TREE,LENDINGTREE INC
52603BAD9,TREE 0.5 07/15/25,LENDINGTREE INC
526057104,LEN,LENNAR CORP-A
526057302,LEN/B,LENNAR CORP - B SHS
526107107,LII,LENNOX INTERNATIONAL INC
52634L108,LNSR,LENSAR INC
52635N103,LENZ,LENZ THERAPEUTICS INC
52661A108,DRS,LEONARDO DRS INC
52730D208,LEVLUSD,LEVEL ONE BANCORP INC
52736R102,LEVI,LEVI STRAUSS & CO- CLASS A
52886X107,LXEO,LEXEO THERAPEUTICS INC
528872302,LXRX,LEXICON PHARMACEUTICALS INC
528877103,LX,LEXINFINTECH HOLDINGS L-ADR
529043101,LXPUSD,LXP INDUSTRIAL TRUST
529043408,LXP,LXP INDUSTRIAL TRUST
529771107,LXKEUR,LEXMARK INTERNATIONAL INC-A
529898108,LBYYQ,LIBBEY INC
529900102,ASG,LIBERTY ALL-STAR GROWTH FD
530158104,USA,LIBERTY ALL STAR EQUITY FUND
530307107,LBRDA,LIBERTY BROADBAND-A
530307305,LBRDK,LIBERTY BROADBAND-C
53046P109,LEXEA,LIBERTY EXPEDIA HOLD-A
530715AG6,LINTA 4 11/15/29,LIBERTY INTERACTIVE LLC
530909100,LLYVA,LIBERTY LIVE HOLDINGS-A
530909308,LLYVK,LIBERTY LIVE HOLDINGS-C
53115L104,LBRT,LIBERTY ENERGY INC
531172104,LPTUSD,LIBERTY PROPERTY TRUST
531229409,LM03,LIBERTY MEDIA COR-SIRIUSXM A
531229607,LSXMKUSD,LIBERTY MEDIA COR-SIRIUSXM C
531229706,BATRAUSD,LIBERTY MEDIA CORP-BRAVES A
531229722,LLYVK*,LIBERTY MEDIA CORP-LIBERTY-C
531229748,LLYVA*,LIBERTY MEDIA CORP-LIBERTY-A
531229755,FWONK,LIBERTY MEDIA CORP-FORMULA-C
531229771,22945EUR,LIBERTY MEDIA CORP-FORMULA-A
531229789,LM0C,LIBERTY MEDIA CORP-LIBER-NEW
531229813,22941EUR,LIBERTY MEDIA CORP-CL A NEW
531229854,FWONKUSD,LIBERTY MEDIA CORP-LIBERTY-C
531229870,LM05,LIBERTY MEDIA CORP-LIBERTY-A
531229888,BATRKUSD,LIBERTY MEDIA CORP-BRAVES C
531229AB8,LMCA 1.375 10/15/23,LIBERTY MEDIA CORP
531229AF9,FWONK 1 01/30/23,LIBERTY MEDIA CORP
531229AQ5,FWONK 2.25 08/15/27,LIBERTY MEDIA CORP
531465102,LTRPAUSD,LIBERTY TRIPADVISOR HDG-A
53190C102,LTH,LIFE TIME GROUP HOLDINGS INC
531914109,LWAY,LIFEWAY FOODS INC
53216B104,LFMD,LIFEMD INC
532206109,LIF,LIFE360 INC
53220K504,LGND,LIGAND PHARMACEUTICALS
53220KAF5,LGND 0.75 05/15/23,LIGAND PHARMACEUTICALS I
53222K205,LFVN,LIFEVANTAGE CORP
53222Q103,LCUT,LIFETIME BRANDS INC
53223X107,SSS1USD,LIFE STORAGE INC
53224K302,LTBR,LIGHTBRIDGE CORP
532257805,LPTH,LIGHTPATH TECHNOLOGIES INC-A
53225G102,LITBUSD,LIGHTINTHEBOX HOLDING-ADR
532275104,LWLG,LIGHTWAVE LOGIC INC
53227R106,LSPDEUR,LIGHTSPEED COMMERCE INC
53228F101,LFST,LIFESTANCE HEALTH GROUP INC
53229C107,LSPD,LIGHTSPEED COMMERCE INC
532403201,LLEXEUR,LILIS ENERGY INC
532457108,LLY,ELI LILLY & CO
53263P105,LMB,LIMBACH HOLDINGS INC
532746104,LMNR,LIMONEIRA CO
533535100,LINC,LINCOLN EDUCATIONAL SERVICES
533900106,LECO,LINCOLN ELECTRIC HOLDINGS
534187109,LNC,LINCOLN NATIONAL CORP
535219109,LIND,LINDBLAD EXPEDITIONS HOLDING
535555106,LNN,LINDSAY CORP
53566P109,LCTX,LINEAGE CELL THERAPEUTICS IN
53566V106,LINE,LINEAGE INC
53567X101,2051428D,OMR ART SMGARP EU EQ PEN-2
535782106,LNCOEUR,LINN CO LLC
53578AAB4,LNKD 0.5 11/01/19,LINKEDIN CORP
53578P105,LNKB,LINKBANCORP INC
535919401,LGFUSD,LIONS GATE ENTERTAINMENT-A
535919500,LGF/BUSD,LIONS GATE ENTERTAINMENT-B
53626N102,LION,LIONSGATE STUDIOS CORP
53635B107,LQDT,LIQUIDITY SERVICES INC
53635D202,LQDA,LIQUIDIA CORP
53656F417,METV,ROUNDHILL BALL METAVERSE ETF
53656F599,HEGD,SWAN HEDGED EQUITY US LG CAP
53656F623,INFL1EUR,HORIZON KINETICS INFL BENEF
53656F789,BETZ,ROUNDHILL SPORTS BET & IGAM
53656F847,CCOR,CORE ALTERNATIVE ETF
53656G498,MAGSUSD,ROUNDHILL MAGNIFICENT SEVEN
536797103,LAD,LITHIA MOTORS INC
53680Q207,LAC1EUR,LITHIUM AMERICAS CORP
53681J103,LAC,LITHIUM AMERICAS CORP
537008104,LFUS,LITTELFUSE INC
53700T827,DBMF,IM GLOBAL PARTNER FUND
538034109,LYV,LIVE NATION ENTERTAINMENT IN
538034AQ2,LYV 2.5 03/15/23,LIVE NATION ENTERTAINMEN
538034AU3,LYV 2 02/15/25,LIVE NATION ENTERTAINMEN
538034BA6,LYV 3.125 01/15/29,LIVE NATION ENTERTAINMEN
53803X105,LOB,LIVE OAK BANCSHARES INC
538146101,LPSNUSD,LIVEPERSON INC
53814L108,LTHM1EUR,LIVENT CORP
53814X102,LIVXEUR,LIVEONE INC
53815P108,RAMP,LIVERAMP HOLDINGS INC
53838J105,LVWR,LIVEWIRE GROUP INC
539183103,LVGO*,LIVONGO HEALTH INC
539439109,LYG,LLOYDS BANKING GROUP PLC-ADR
53946R106,LDI,LOANDEPOT INC -CLASS A
53947R105,LOAR,LOAR HOLDINGS INC
539830109,LMT,LOCKHEED MARTIN CORP
540424108,LUSD,LOEWS CORP
54142F102,LOGCUSD,LOGICBIO THERAPEUTICS INC
54142L109,LOGMGBP,LOGMEIN INC
54150E104,LOMA,LOMA NEGRA CIA IND-SPON ADR
54240F103,LONEUSD,LONESTAR RESOURCES US I-CL A
54319Q105,LGVEUR,LONGVIEW ACQUISITION CORP -A
543518104,LOOP,LOOP INDUSTRIES INC
543881106,LORLUSD,LORAL SPACE & COMMUNICATIONS
546347105,LPX,LOUISIANA-PACIFIC CORP
54738L109,LOVE,LOVESAC CO/THE
548661107,LOW,LOWE'S COS INC
54911Q107,LYLTUSD,LOYALTY VENTURES INC
54948X109,LUCD,LUCID DIAGNOSTICS INC
549498103,CCIVGBP,LUCID GROUP INC
549498202,LCID,LUCID GROUP INC
54951L109,LKUSD,LUCKIN COFFEE INC - ADR
54975P201,LU,LUFAX HOLDING LTD-ADR
550021109,LULU,LULULEMON ATHLETICA INC
55003A108,LVLU,LULU'S FASHION LOUNGE HOLDIN
550241103,LUMN,LUMEN TECHNOLOGIES INC
550249106,LMRI,LUMEXA IMAGING HOLDINGS INC
55024U109,LITE,LUMENTUM HOLDINGS INC
55024UAB5,LITE 0.25 03/15/24,LUMENTUM HOLDINGS INC
55024UAD1,LITE 0.5 12/15/26,LUMENTUM HOLDINGS INC
55024UAF6,LITE 0.5 06/15/28,LUMENTUM HOLDINGS INC
55025L108,LFT,LUMENT FINANCE TRUST INC
55028X109,4NX1,LUMOS PHARMA INC
550351100,LUNAUSD,LUNA INNOVATIONS INC
550424303,LAZREUR,LUMINAR TECHNOLOGIES INC
550550107,LBCUSD,LUTHER BURBANK CORP
550819106,LDLUSD,LYDALL INC
55083R203,LYEL,LYELL IMMUNOPHARMA INC
55087P104,LYFT,LYFT INC-A
55087PAB0,LYFT 1.5 05/15/25,LYFT INC
552074700,WLHEUR,WILLIAM LYON HOMES-CL A
55234L105,LYRAGBP,LYRA THERAPEUTICS INC
55261F104,MTB,M & T BANK CORP
55262C100,MBI,MBIA INC
552676108,MDC1USD,MDC HOLDINGS INC
552690109,MDU,MDU RESOURCES GROUP INC
552697104,MDCAEUR,MDC PARTNERS INC-A
552727109,XMCRX,MFS CHARTER INCOME TRUST
55272X102,MFAUSD,MFA FINANCIAL INC
55272X607,MFA,MFA FINANCIAL INC
552737108,MMT,ABERDEEN MULTIMARKET INCOME
552738106,MFM,ABERDEEN MUNICIPAL INCOME
55273C107,MIN,ABERDEEN INTERMEDIATE INC FD
55277P104,MGEE,MGE ENERGY INC
55279B202,MEIPUSD,LITE STRATEGY INC
552848103,MTG,MGIC INVESTMENT CORP
55287L101,MBX,MBX BIOSCIENCES INC
552939100,MGF,ABERDEEN GOVRN MKTS INC FUND
55293N109,MDA,MDA SPACE LTD
552953101,MGM,MGM RESORTS INTERNATIONAL
55303A105,MGP*,MGM GROWTH PROPERTIES LLC-A
55303J106,MGPI,MGP INGREDIENTS INC
55303QAE0,MGM 4.25 04/15/15,MGM RESORTS INTL
55305B101,MHO,M/I HOMES INC
55306N104,MKSI,MKS INC
55306NAB0,MKSI 1.25 06/01/30,MKS INC
55315D105,MMACUSD,MMA CAPITAL HOLDINGS INC
55318A108,MNTN,MNTN INC-A
55328R109,TIOG,TINGO GROUP INC
553368101,MP,MP MATERIALS CORP
55336V100,MPLX,MPLX LP
55345K103,MRC1USD,MRC GLOBAL INC
553498106,MSA,MSA SAFETY INC
553530106,MSM,MSC INDUSTRIAL DIRECT CO-A
55354G100,MSCI,MSCI INC
553573106,MSGNUSD,MSG NETWORKS INC- A
55374X208,MSIF,MSC INCOME FUND INC
553777103,MTSCEUR,MTS SYSTEMS CORP
55380K109,MPTI,M-TRON INDUSTRIES INC
553810102,MVBF,MVB FINANCIAL CORP
553829102,MVC,MVC CAPITAL INC
553859109,MVOUSD,MV OIL TRUST
55405W104,MYRG,MYR GROUP INC/DELAWARE
55405Y100,MTSIUSD,MACOM TECHNOLOGY SOLUTIONS H
55406W103,MYTEUSD,MYT NETHERLANDS PARENT BV
554382101,MAC,MACERICH CO/THE
55445L100,MNR,MACH NATURAL RESOURCES LP
554571109,MFNC,MACKINAC FINANCIAL CORP
55608B105,MIC2USD,MACQUARIE INFRASTRUCTURE COR
55608BAA3,MIC 2.875 07/15/19,MACQUARIE INFRASTRUCTURE
55608BAB1,MIC 2 10/01/23,MACQUARIE INFRASTRUCTURE
556099109,MGNX,MACROGENICS INC
55616P104,M,MACY'S INC
556269108,SHOO,STEVEN MADDEN LTD
557437100,MCN,XAI MADISON EQUITY PREMIUM I
558256103,MSGE,MADISON SQUARE GARDEN ENTERT
55825T103,MSGS,MADISON SQUARE GARDEN SPORTS
55826T102,SPHR,SPHERE ENTERTAINMENT CO
558868105,MDGL,MADRIGAL PHARMACEUTICALS INC
55903Q104,MAG1USD,MAG SILVER CORP
559079207,MGLNUSD,MAGELLAN HEALTH INC
559080106,WEP,MAGELLAN MIDSTREAM PARTNERS
559166103,MGK,MAGIC SOFTWARE ENTERPRISES
559222401,MGA,MAGNA INTERNATIONAL INC
55933J203,MX,MAGNACHIP SEMICONDUCTOR CORP
55939A107,MAGN,MAGNERA CORP
55955D100,MGNI,MAGNITE INC
559663109,MGY,MAGNOLIA OIL & GAS CORP - A
56035L104,MAIN,MAIN STREET CAPITAL CORP
56064K100,MMD,NYLI MACKAY DT MUNI OPPO FND
56064Q107,MEGI,NYLI CBRE GLBL INFR MEGA TRM
56064Y100,MNSB,MAINSTREET BANCSHARES INC
56117J100,MBUU,MALIBU BOATS INC - A
561409103,MLVFUSD,MALVERN BANCORP INC
56146T103,MAMA,MAMA'S CREATIONS INC
56155L108,TUSK,MAMMOTH ENERGY SERVICES INC
56167N183,KHPI,KENSINGTON HEDGED PRM IN ETF
56170L695,VGSR,VERT GLB SUST RE ETF
562750109,MANH,MANHATTAN ASSOCIATES INC
562803106,LOAN,MANHATTAN BRIDGE CAPITAL INC
563571405,MTW,MANITOWOC COMPANY INC
563771203,MTEX,MANNATECH INC
56382Q102,MNUSD,MANNING & NAPIER INC
56400P706,MNKD,MANNKIND CORP
56418H100,MAN,MANPOWERGROUP INC
564563104,MANTUSD,MANTECH INTERNATIONAL CORP-A
56501R106,MFC,MANULIFE FINANCIAL CORP
565394103,CART,MAPLEBEAR INC
565788106,MARA,MARA HOLDINGS INC
565849106,MRO*,MARATHON OIL CORP
56585A102,MPC,MARATHON PETROLEUM CORP
56600D107,MRVI,MARAVAI LIFESCIENCES HLDGS-A
56624R108,MCHX,MARCHEX INC-CLASS B
566324109,MMI,MARCUS & MILLICHAP INC
566330106,MCS,MARCUS CORPORATION
567908108,HZO,MARINEMAX INC
568427108,MPX*,MARINE PRODUCTS CORP
56854Q101,MRNSUSD,MARINUS PHARMACEUTICALS INC
56854Q200,MRNS*,MARINUS PHARMACEUTICALS INC
570535104,MKL,MARKEL GROUP INC
57055L107,TPIVDGBP,MARKER THERAPEUTICS INC
57060D108,MKTX,MARKETAXESS HOLDINGS INC
57060U191,OIH,MARKET VECTORS OIL SERVICE E
57060U233,SMHUSD,MARKET VECTORS SEMICONDUCTOR
571157106,MRLNUSD,MARLIN BUSINESS SERVICES INC
57164Y107,VAC,MARRIOTT VACATIONS WORLD
57164YAB3,VAC 1.5 09/15/22,MARRIOTT VACATION WORLDW
57164YAD9,VAC 0 01/15/26,MARRIOTT VACATION WORLDW
57164YAF4,VAC 3.25 12/15/27,MARRIOTT VACATION WORLDW
57165B106,MBIIUSD,MARRONE BIO INNOVATIONS INC
571748102,MRSH,MARSH & MCLENNAN COS
571903202,MAR,MARRIOTT INTERNATIONAL -CL A
573075108,MRTN,MARTEN TRANSPORT LTD
573284106,MLMUSD,MARTIN MARIETTA MATERIALS
573331105,MMLP,MARTIN MIDSTREAM PARTNERS LP
573874104,MRVL,MARVELL TECHNOLOGY INC
574599106,MAS,MASCO CORP
574795100,MASI*,MASIMO CORP
575385109,DOORUSD,MASONITE INTERNATIONAL CORP
576323109,MTZ,MASTEC INC
57633B100,MHH,MASTECH DIGITAL INC
57636Q104,MA,MASTERCARD INC - A
57637H103,MCFT,MASTERCRAFT BOAT HOLDINGS IN
57638P104,MBC,MASTERBRAND INC
576485205,MTDRUSD,MATADOR RESOURCES CO
57665R106,MTCH1USD,MATCH GROUP INC
57667L107,MTCH,MATCH GROUP INC
57667T100,MTLS,MATERIALISE NV-ADR
576690101,MTRN,MATERION CORP
576810105,MTNBEUR,MATINAS BIOPHARMA HOLDINGS I
576853105,MTRX,MATRIX SERVICE CO
57686G105,MATX,MATSON INC
577081102,MAT,MATTEL INC
577096100,MTTR*,MATTERPORT INC
577128101,MATW,MATTHEWS INTL CORP-CLASS A
577345101,MLP,MAUI LAND & PINEAPPLE CO
57772K101,MXIMUSD,MAXIM INTEGRATED PRODUCTS
57776J100,MXL,MAXLINEAR INC
57777K106,MXCT,MAXCYTE INC
57778K105,MAXRUSD,MAXAR TECHNOLOGIES INC
577933104,MMS,MAXIMUS INC
578605107,MEC,MAYVILLE ENGINEERING CO INC
578784100,MAZE,MAZE THERAPEUTICS INC
578877102,MBTF,MBT FINANCIAL CORP
579063108,MCFEUSD,MCAFEE CORP - CLASS A
579780107,MKC/V,MCCORMICK & CO INC VTG COM
579780206,MKC,MCCORMICK & CO-NON VTG SHRS
580037703,MDRUSD,MCDERMOTT INTL INC
580135101,MCD,MCDONALD'S CORP
58039P305,MUX,MCEWEN INC
580589109,MGRC,MCGRATH RENTCORP
580907103,MH,MCGRAW HILL INC
58155Q103,MCK,MCKESSON CORP
583840608,MTL3EUR,MECHEL PJSC-SPONSORED ADR
583928106,MFIN,MEDALLION FINANCIAL CORP
584021109,MDLA,MEDALLIA INC
58450V104,MAX,MEDIAALPHA INC-CLASS A
58463J304,MPT,MEDICAL PROPERTIES TRUST INC
584688105,MDCOUSD,MEDICINES COMPANY
584688AE5,MDCO 2.5 01/15/22,MEDICINES COMPANY
58468P206,MNOV,MEDICINOVA INC
58470H101,MED,MEDIFAST INC
58471A105,MDSOUSD,MEDIDATA SOLUTIONS INC
58502B106,MD,PEDIATRIX MEDICAL GROUP INC
58503F106,MCCUSD,MEDLEY CAPITAL CORP
58503T106,MDLYGBP,MEDLEY MANAGEMENT INC - A
58506Q109,MEDP,MEDPACE HOLDINGS INC
58507V107,MDLN,MEDLINE INC-CL A
58513U101,MEETGBP,MEET GROUP INC/THE
585464100,MLCO,MELCO RESORTS & ENTERT-ADR
586001109,75Z,SOHO HOUSE & CO INC
58733R102,MELI,MERCADOLIBRE INC
587376104,MBWM,MERCANTILE BANK CORP
588056101,MERC,MERCER INTERNATIONAL INC
58844R108,MBIN,MERCHANTS BANCORP/IN
58933Y105,MRK,MERCK & CO. INC.
589378108,MRCY,MERCURY SYSTEMS INC
589400100,MCY,MERCURY GENERAL CORP
589433101,MDPUSD,MEREDITH CORP
589492107,MREO,MEREO BIOPHARMA GROUP PL-ADR
589584101,MR4,MERIDIAN BIOSCIENCE INC
58958P104,MRBK,MERIDIAN CORP
58958U103,EBSB,MERIDIAN BANCORP INC
589889104,MMSI,MERIT MEDICAL SYSTEMS INC
59001A102,MTH,MERITAGE HOMES CORP
59001K100,MTORGBP,MERITOR INC
590328209,MACKUSD,MERRIMACK PHARMACEUTICALS IN
59064R109,MLAB,MESA LABORATORIES INC
590672101,MSB,MESABI TRUST
590717401,MESO,MESOBLAST LTD- SPON ADR
59100U108,CASH,PATHWARD FINANCIAL INC
59102M104,MGX,METAGENOMI THERAPEUTICS INC
59124U605,MTA,METALLA ROYALTY & STREAMING
59151K108,MEOH,METHANEX CORP
591520200,MEI,METHODE ELECTRONICS INC
59156R108,MET,METLIFE INC
59165J105,MCBS,METROCITY BANKSHARES INC
591774104,MCB,METROPOLITAN BANK HOLDING CO
592688105,MTD,METTLER-TOLEDO INTERNATIONAL
592835102,MXF,MEXICO FUND INC
59318B108,XCXHX,MFS INVESTMENT GRADE MUNI
59318D104,XCXEX,MFS HIGH INCOME MUNICIPAL TR
59318E102,XCMUX,MFS HIGH YIELD MUNICIPAL TR
59318T109,XCIFX,MFS INTERMEDIATE HIGH INCOME
59356Q108,MIAX,MIAMI INTERNATIONAL HOLDINGS
59408Q106,MIKEUR,MICHAELS COS INC/THE
594837403,MFGPUSD,MICRO FOCUS INTL-SPN ADR
594918104,MSFT,MICROSOFT CORP
594960304,MVISEUR,MICROVISION INC
594972408,MSTR,STRATEGY INC
594972887,MSTR 8 PERP,STRATEGY INC
594972AE1,MSTR 0 02/15/27,MICROSTRATEGY INC
595017104,MCHP,MICROCHIP TECHNOLOGY INC
595017302,MCHP 7.5 03/15/28,MICROCHIP TECHNOLOGY INC
595017AB0,MCHP 2.125 12/15/37,MICROCHIP TECHNOLOGY INC
595017AD6,MCHP 1.625 02/15/25,MICROCHIP TECHNOLOGY INC
595017AF1,MCHP 1.625 02/15/27,MICROCHIP TECHNOLOGY INC
595017AU8,MCHP 0.125 11/15/24,MICROCHIP TECHNOLOGY INC
59503A204,MBOT,MICROBOT MEDICAL INC
595112103,MU,MICRON TECHNOLOGY INC
595112AY9,MU 3 11/15/43 G,MICRON TECHNOLOGY INC
59516C106,MVST,MICROVAST HOLDINGS INC
59522J103,MAAUSD,MID-AMERICA APARTMENT COMM
59540G107,MPB,MID PENN BANCORP INC
59560V109,MCEPUSD,MID-CON ENERGY PARTNERS LP
596278101,MIDD,MIDDLEBY CORP
596278AB7,MIDD 1 09/01/25,MIDDLEBY CORP
596304204,MBCNUSD,MIDDLEFIELD BANC CORP
596680108,MSEX,MIDDLESEX WATER CO
597742105,MSBI,MIDLAND STATES BANCORP INC
598039105,MSL,MIDSOUTH BANCORP INC
59804T407,MPOUSD,AMPLIFY ENERGY CORP
598511103,MOFG,MIDWESTONE FINANCIAL GROUP I
59870L106,MCRNUSD,MILACRON HOLDINGS CORP
59935P209,MLSS,MILESTONE SCIENTIFIC INC
59935V107,MIST,MILESTONE PHARMACEUTICALS IN
600379101,XHIEX,MILLER/HOWARD HIGH INCOME EQ
60040N105,MMEUR,MILLENNIAL MEDIA INC
600544100,MLKN,MILLERKNOLL INC
600551204,MLR,MILLER INDUSTRIES INC/TENN
601137102,MRP,MILLROSE PROPERTIES
602496101,MDXG,MIMEDX GROUP INC
60255C885,BRD1EUR,MIND MEDICINE MINDMED INC
602566309,MIND,MIND TECHNOLOGY INC
603158106,MTX,MINERALS TECHNOLOGIES INC
603170101,MLYS,MINERALYS THERAPEUTICS INC
603380106,NERVUSD,MINERVA NEUROSCIENCES INC
60463E103,SGNLGBP,MIRAGEN THERAPEUTICS INC
60468T105,MRTXUSD,MIRATI THERAPEUTICS INC
60471A101,MIR,MIRION TECHNOLOGIES INC
604749101,MIRM,MIRUM PHARMACEUTICALS INC
604871103,MSON,MISONIX INC
60510V108,AVO,MISSION PRODUCE INC
60649T107,MG,MISTRAS GROUP INC
606710200,MITK,MITEK SYSTEMS INC
606822104,MUFG,MITSUBISHI UFJ FINL-SPON ADR
60687Y109,MFG,MIZUHO FINANCIAL GROUP-ADR
60688N102,MIXTUSD,MIX TELEMATICS LTD-SP ADR
60739U204,MOBLEUR,MOBILEIRON INC
607409109,MBTGBP,MOBILE TELESYSTEMS-SP ADR
60740F105,MINIEUR,MOBILE MINI INC
60741F104,MBLY,MOBILEYE GLOBAL INC-A
607525102,MODNGBP,MODEL N INC
60770K107,MRNA,MODERNA INC
607828100,MOD,MODINE MANUFACTURING CO
60783X104,PRF0,MODIVCARE INC
60786M105,MC,MOELIS & CO - CLASS A
60800C109,MOGOCAD,ORION DIGITAL CORP
608190104,MHK,MOHAWK INDUSTRIES INC
60855R100,MOH,MOLINA HEALTHCARE INC
60855RAC4,MOH 1.125 01/15/20,MOLINA HEALTHCARE INC
60871R209,TAP,MOLSON COORS BEVERAGE CO - B
608753109,MCPCHF,MOLYCORP INC
60877T100,MNTAUSD,MOMENTA PHARMACEUTICALS INC
60879B107,MOMOUSD,MOMO INC-SPON ADR
609027107,MCRI,MONARCH CASINO & RESORT INC
609207105,MDLZ,MONDELEZ INTERNATIONAL INC-A
60935Y208,MGIUSD,MONEYGRAM INTERNATIONAL INC
60937P106,MDB,MONGODB INC
60937PAD8,MDB 0.25 01/15/26,MONGODB INC
609720107,MNRUSD,MONMOUTH REAL ESTATE INV COR
609839105,MPWR,MONOLITHIC POWER SYSTEMS INC
61022P100,TYPEUSD,MONOTYPE IMAGING HOLDINGS IN
610236101,MNRO,MONRO INC
61023L207,MNPR,MONOPAR THERAPEUTICS INC
610335101,MRCCUSD,MONROE CAPITAL CORP
61174X109,MNST,MONSTER BEVERAGE CORP
61179L100,MR,MONTAGE RESOURCES CORP
612160101,AIRJ,AIRJOULE TECHNOLOGIES CORP
61218C103,MNTK,MONTAUK RENEWABLES INC
61225M102,GLUE,MONTE ROSA THERAPEUTICS INC
615111101,ONT,ONTERRIS INC
615369105,MCO,MOODY'S CORP
615394202,MOG/A,MOOG INC-CLASS A
61559X104,MLTX,MOONLAKE IMMUNOTHERAPEUTICS
617446448,MS,MORGAN STANLEY
61744H105,MSD,MORGAN STANLEY EMRG MKT DEBT
61745C105,IIF,MORGAN STANLEY INDIA INVEST
617468103,CAF,MORGAN STANLEY CHINA A SHARE
617477104,EDD,MORGAN STANLEY EMRG MRK DOM
617700109,MORN,MORNINGSTAR INC
61774A103,MSDL,MORGAN STANLEY DIRECT LENDIN
61774R841,EVTR,EATON VANCE TOTAL RETURN
61774R858,EVSM,EATON VANCE SHRT DUR MUNI
61775R105,MORFUSD,MORPHIC HOLDING INC
617760202,MOR11EUR,MORPHOSYS AG ADR
61945C103,MOS2USD,MOSAIC CO/THE
620071100,MPAA,MOTORCAR PARTS OF AMERICA IN
620076307,MSI,MOTOROLA SOLUTIONS INC
62426E402,MPVDF,MOUNTAIN PROVINCE DIAMONDS
624580106,MOV,MOVADO GROUP INC
624756102,MLI,MUELLER INDUSTRIES INC
624758108,MWA,MUELLER WATER PRODUCTS INC-A
62482R107,WMIHUSD,MR COOPER GROUP INC
625207105,MULEUSD,MULESOFT INC  -A
62548M100,MPLNGBP,MULTIPLAN CORP
62548M209,CTEV,CLARITEV CORP
626717102,MUR,MURPHY OIL CORP
626755102,MUSA,MURPHY USA INC
62818Q104,MBIOUSD,MUSTANG BIO INC
62845B104,MFSFUSD,MUTUALFIRST FINANCIAL INC
628464109,MYE,MYERS INDUSTRIES INC
62855J104,MYGN,MYRIAD GENETICS INC
62857J201,MYO,MYOMO INC
62857M105,MYOKEUR,MYOKARDIA INC
628778102,NBTB,N B T BANCORP INC
62878D100,NABL,N-ABLE INC
62886E108,VYX,NCR VOYIX CORP
62886HAX9,NCLH 5.375 08/01/25,NCL CORPORATION LTD
62886HBD2,NCLH 1.125 02/15/27,NCL CORPORATION LTD
628877102,NCSMUSD,NCS MULTISTAGE HOLDINGS INC
62913F508,NIHDEUR,NII HOLDINGS INC
62913M107,NGL,NGL ENERGY PARTNERS LP
62914B100,EGOVSGD,NIC INC
62914V106,NIO,NIO INC - ADR
629156407,NL,NLI HOLDINGS INC
629209305,NMIH,NMI HOLDINGS INC
62921N105,NGMUSD,NGM BIOPHARMACEUTICALS INC
629337106,NNBR,NN INC
629377508,NRG,NRG ENERGY INC
629377CG5,NRG 2.75 06/01/48,NRG ENERGY INC
62942M201,DCMUSD,NTT DOCOMO INC-SPON ADR
629445206,NVEC,NVE CORP
62944T105,NVR,NVR INC
62945V109,NVEEUSD,NV5 GLOBAL INC
62952QAB6,NXPI 1 12/01/19,NXP SEMICONDUCTOR NV
62955J103,NOV,NOV INC
629579103,NC,NACCO INDUSTRIES-CL A
63001N106,NATL,NCR ATLEOS CORP
630087203,NNVCUSD,NANOVIRICIDES INC
630087302,NNVC,NANOVIRICIDES INC
63008G203,NNDM,NANO DIMENSION LTD - ADR
63009R109,NSTGGBP,NANOSTRING TECHNOLOGIES INC
630104107,NHEUR,NANTHEALTH INC
63010H108,NNE,NANO NUCLEAR ENERGY INC
63016Q102,NK1USD,IMMUNITYBIO INC
630402105,NSSC,NAPCO SECURITY TECHNOLOGIES
631103108,NDAQ,NASDAQ INC
632307104,NTRA,NATERA INC
632347100,NATH,NATHAN'S FAMOUS INC
633707104,NBHC,NATIONAL BANK HOLD-CL A
634865109,NKSH,NATIONAL BANKSHARES INC/VA
635017106,FIZZ,NATIONAL BEVERAGE CORP
635309107,NCMIUSD,NATIONAL CINEMEDIA INC
635309206,NCMI,NATIONAL CINEMEDIA INC
635906100,NHC,NATIONAL HEALTHCARE CORP
636180101,NFG,NATIONAL FUEL GAS CO
636274409,NGG,NATIONAL GRID PLC-SP ADR
63633D104,NHI,NATL HEALTH INVESTORS INC
637071101,NOVGBX,NATIONAL OILWELL VARCO INC
637215104,NPK,NATIONAL PRESTO INDS INC
637372202,NRC,NRC HEALTH
637417106,NNN2USD,NATIONAL RETAIL PROPERTIES
637870106,NSA*,NATIONAL STORAGE AFFILIATES
63845R107,EYE,NATIONAL VISION HOLDINGS INC
638517102,NWLIEUR,NATIONAL WESTERN LIFE GROU-A
638842302,NAII,NATURAL ALTERNATIVES INTL
63886Q109,NGS,NATURAL GAS SERVICES GROUP
63888P406,NHTC,NATURAL HEALTH TRENDS CORP
63888U108,NGVC,NATURAL GROCERS BY VITAMIN C
63900P608,NRP,NATURAL RESOURCE PARTNERS LP
639027101,NATR,NATURES SUNSHINE PRODS INC
639050103,BABYUSD,NATUS MEDICAL INC
639057207,NWG,NATWEST GROUP PLC -SPON ADR
63909J108,NAUT,NAUTILUS BIOTECHNOLOGY INC
63910B102,NLSUSD,BOWFLEX INC
639193101,NAVN,NAVAN INC-CL A
63934E108,NAVEUR,NAVISTAR INTERNATIONAL CORP
639358100,NSHEUR,SPIRE GLOBAL INC
63935N107,NCI1EUR,NAVIGANT CONSULTING INC
63938C108,NAVI,NAVIENT CORP
63942X106,NVTS,NAVITAS SEMICONDUCTOR CORP
63945M107,NBBK,NB BANCORP INC
63947U107,NCNO*,NCINO OPCO INC
63947X101,NCNO,NCINO INC
640079109,NPUSD,NEENAH INC
640268108,NKTREUR,NEKTAR THERAPEUTICS
640268306,NKTR,NEKTAR THERAPEUTICS
64031N108,NNI,NELNET INC-CL A
640491106,NEOG,NEOGEN CORP
64049M209,NEO,NEOGENOMICS INC
64051M709,NEON,NEONODE INC
64051T100,NPTNUSD,NEOPHOTONICS CORP
64052L106,NEOSUSD,NEOS THERAPEUTICS INC
64073B103,NP,NEPTUNE INSURANCE HOLDI-CL A
64079L105,NEPTGBP,NEPTUNE WELLNESS SOLUTIONS I
64081V109,NRDY,NERDY INC
64082B102,NRDS,NERDWALLET INC-CL A
640979100,NMRA,NEUMORA THERAPEUTICS INC
641069406,NSRGYUSD,NESTLE SA-SPONS ADR
64107A105,NPWR,NET POWER INC
64107N206,LSAK,LESAKA TECHNOLOGIES INC
64110D104,NTAP,NETAPP INC
64110L106,NFLX,NETFLIX INC
64110W102,NTES,NETEASE INC-ADR
64110Y108,NLOP,NET LEASE OFFICE PROPERTY
64111Q104,NTGR,NETGEAR INC
64115A402,NTWK,NETSOL TECHNOLOGIES INC
64115T104,NTCT,NETSCOUT SYSTEMS INC
64118Q107,N2EUR,NETSUITE INC
64119N608,NTSK,NETSKOPE INC-CL A
64119V303,NTST1EUR,NETSTREIT CORP
64121N109,NTIP,NETWORK-1 TECHNOLOGIES INC
64124P101,NBH,NEUBERGER MUNICIPAL FUND INC
64125C109,NBIX,NEUROCRINE BIOSCIENCES INC
64125CAD1,NBIX 2.25 05/15/24,NEUROCRINE BIOSCIENCES
641288105,NPCE,NEUROPACE INC
64128C106,NHSUSD,NEUBERGER HIGH YIELD STRATEG
64129H104,NML,NEUBERGER ENERGY INFRASTRUCT
64131A105,STIM,NEURONETICS INC
64133Q108,NBXG,NEUBERGER NEXT GENERATION CO
64135M105,NGNE,NEUROGENE INC
64157F103,NVROEUR,NEVRO CORP
64157V108,NBEVEUR,NEW AGE BEVERAGES CORP
641876800,XXHYBXX,NEW AMERICA HIGH INCOME FUND
64190A103,NRO,NEU RE EST SEC INC FD INC-US
642045108,AESI,ATLAS ENERGY SOLUTIONS INC
64361Q101,VNOM,VIPER ENERGY INC-CL A
644323107,FSSL,FS SPECIALTY LENDING FUND
644393100,NFE,NEW FORTRESS ENERGY INC
64440N103,NFGC,NEW FOUND GOLD CORP
644465106,GF,NEW GERMANY FUND INC/THE
644535106,NGDN,NEW GOLD INC
645370107,NWHMUSD,NEW HOME CO INC/THE
645827205,IDR,IDAHO STRATEGIC RESOURCES IN
646025106,NJR,NEW JERSEY RESOURCES CORP
64704V106,NEWMGBP,USA TODAY CO INC
647551100,NMFC,NEW MOUNTAIN FINANCE CORP
647581206,EDU,NEW ORIENTAL EDUCATIO-SP ADR
64782A107,NEWP,NEW PACIFIC METALS CORP
64828T201,NRZUSD,RITHM CAPITAL CORP
64829B100,NEWRUSD,NEW RELIC INC
64829BAB6,NEWR 0.5 05/01/23,NEW RELIC INC
648691103,SNR1USD,NEW SENIOR INVESTMENT GROUP
649445103,NYCBEUR,NEW YORK COMMUNITY BANCORP
649445400,FLG,FLAGSTAR BANK NA
64944P307,FLG 6 11/01/51,FLAGSTAR BANK NA
649604501,NYMTUSD,ADAMAS TRUST INC
649604840,ADAM,ADAMAS TRUST INC
650111107,NYT,NEW YORK TIMES CO-A
650194103,NBEVUSD,NEWAGE INC
651229106,NWL,NEWELL BRANDS INC
651511107,NLNKUSD,NEWLINK GENETICS CORP
651587107,NEU,NEWMARKET CORP
65158N102,NMRK,NEWMARK GROUP INC-CLASS A
651639106,NEM,NEWMONT CORP
651639AJ5,NEM 1.625 07/15/17 B,NEWMONT MINING CORP
651718504,NPKI,NPK INTERNATIONAL INC
65249B109,NWSA,NEWS CORP - CLASS A
65249B208,NWS,NEWS CORP - CLASS B
65250K105,NMAX,NEWSMAX INC
652526203,NEWT,NEWTEKONE INC
65290C105,2676403D,NEXTIER OILFIELD SOLUTIONS I
65290E101,NXT,NEXTPOWER INC-CL A
65336K103,NXSTUSD,NEXSTAR MEDIA GROUP INC-CL A
65339F101,NEE,NEXTERA ENERGY INC
65339F663,NEE 7.299 06/01/27,NEXTERA ENERGY INC
65339F713,NEE 6.926 09/01/25,NEXTERA ENERGY INC
65339F739,NEE 6.219 09/01/23,NEXTERA ENERGY INC
65339F770,NEE 5.279 03/01/23,NEXTERA ENERGY INC
65339F796,NEE 4.872 09/01/22,NEXTERA ENERGY INC
65340G205,NXDT,NEXPOINT DIVERSIFIED REAL ES
65340P106,NXE,NEXGEN ENERGY LTD
65341B106,XIFR,XPLR INFRASTRUCTURE LP
65341D102,NXRT,NEXPOINT RESIDENTIAL
65342K105,NEXT,NEXTDECADE CORP
65342T106,NODK,NI HOLDINGS INC
65342V101,NREFGBX,NEXPOINT REAL ESTATE FINANCE
65343C102,QSIIUSD,NEXTGEN HEALTHCARE INC
65343E108,NXTCEUR,NEXTCURE INC
65344D109,NEXI1GBP,NEXIMMUNE INC
65345M108,NXDR,NEXTDOOR HOLDINGS INC
65345N106,NN,NEXTNAV INC
653656108,NICE,NICE LTD - SPON ADR
653656AB4,NICEIT 0 09/15/25,NICE LTD
65406E102,NIC,NICOLET BANKSHARES INC
654090109,NJDCYUSD,NIDEC CORPORATION-SPON ADR
654106103,NKE,NIKE INC -CL B
654110303,8NI0,NIKOLA CORP
65441V101,NEJ,NINE ENERGY SERVICE INC
65443P102,MASS,908 DEVICES INC
654445303,NTDOYUSD,NINTENDO CO LTD-UNSPONS ADR
654484609,NB,NIOCORP DEVELOPMENTS LTD
654624105,NTTYYGBP,NIPPON TELEGRAPH & TELE-ADR
65473P105,NI1USD,NISOURCE INC
65481N100,NIU,NIU TECHNOLOGIES-SPONS ADR
65487K100,LASR,NLIGHT INC
65487U108,NKTX,NKARTA INC
65487X102,NOAHUSD,NOAH HOLDINGS LTD-SPON ADS
654902204,NOKUSD,NOKIA CORP-SPON ADR
65500B103,NRTSF,NOBILIS HEALTH CORP
655044105,NBL2USD,NOBLE ENERGY INC
65506L105,NBLXUSD,NOBLE MIDSTREAM PARTNERS LP
65535H208,NMR,NOMURA HOLDINGS INC-SPON ADR
65540B105,NDLSUSD,NOODLES & CO
65548P403,OSBCAD,NORBORD INC
655663102,NDSN,NORDSON CORP
655664100,JWNUSD,NORDSTROM INC
655844108,NSC,NORFOLK SOUTHERN CORP
656811106,NOA,NORTH AMERICAN CONSTRUCTION
659310106,NRT,NORTH EUROPEAN OIL RTY TRUST
66405S100,NBN,NORTHEAST BANK
664121100,NECB,NORTHEAST COMMUNITY BANCORP
66510M204,NAK,NORTHERN DYNASTY MINERALS
66537J796,PTL,INSPIRE 500 ETF
66538H179,BUYW,MAIN BUYWRITE ETF
66538H419,WWJD,INSPIRE INTERNATIONAL ETF
66538H534,BIBL,INSPIRE 100 ETF
66538H591,SECT,MAIN SECTOR ROTATION ETF
66538H633,IBD,INSPIRE CORPORATE BOND ETF
66538H641,ISMD,INSPIRE SMALL/MID CAP ETF
66538H658,BLES,INSPIRE GLOBAL HOPE ETF
66538R748,QQH,HCM DEFENDER 100 INDEX ETF
665531109,NOG1USD,NORTHERN OIL AND GAS INC
665531307,NOG,NORTHERN OIL AND GAS INC
665531AJ8,NOG 3.625 04/15/29,NORTHERN OIL & GAS INC
665809109,NTIC,NORTHERN TECHNOLOGIES INTL
665859104,NTRS,NORTHERN TRUST CORP
66661N886,NPB,NORTHPOINTE BANCSHARES INC
666762109,NRIM,NORTHRIM BANCORP INC
666807102,NOC,NORTHROP GRUMMAN CORP
66706L101,NREGBP,NORTHSTAR REALTY EUROPE CORP
667340103,NWBI,NORTHWEST BANCSHARES INC
66737P600,NWBOUSD,NORTHWEST BIOTHERAPEUTICS
667655104,NWNGBP,NORTHWEST NATURAL GAS CO
66765N105,NWN,NORTHWEST NATURAL HOLDING CO
667746101,NWPX,NWPX INFRASTRUCTURE INC
668074305,NWE,NORTHWESTERN ENERGY GROUP IN
668771108,GEN,GEN DIGITAL INC
669549107,NWFL,NORWOOD FINANCIAL CORP
66979W842,NMG,NOUVEAU MONDE GRAPHITE INC
66981J102,MNSO,MINISO GROUP HOLDING LTD-ADR
66987E206,NG,NOVAGOLD RESOURCES INC
66987V109,NVS,NOVARTIS AG-SPONSORED ADR
66988N106,NOVN1GBP,NOVAN INC
670002401,NVAXUSD,NOVAVAX INC
670008AD3,LRCX 2.625 05/15/41,NOVELLUS SYSTEMS INC
67000B104,NOVT,NOVANTA INC
67001K202,QLTUSD,NOVELION THERAPEUTICS INC
670100205,NVO,NOVO-NORDISK A/S-SPONS ADR
67011P100,DNOW,DNOW INC
67018T105,NUS,NU SKIN ENTERPRISES INC - A
67020Y100,NUANUSD,NUANCE COMMUNICATIONS INC
67020YAF7,NUAN 2.75 11/01/31,NUANCE COMMUNICATIONS
67020YAK6,NUAN 1 12/15/35,NUANCE COMMUNICATIONS
670346105,NUE,NUCOR CORP
67058H102,NSUSD,NUSTAR ENERGY LP
67059N108,NTNX,NUTANIX INC - A
67059NAH1,NTNX 0.25 10/01/27,NUTANIX INC
67061E104,NMT,NUVEEN MA QLTY MUNI INC
67061T101,NIM,NUVEEN SELECT MATURIT MUNI
67061W104,NAZ,NUVEEN AZ QLTY MUNI INC
67062C107,NCA,NUVEEN CALIFORNIA MUNI VAL
67062F100,NXP,NUVEEN SELECT TAX-FREE INC
67062J102,NMI,NUVEEN MUNICIPAL INCOME
67062M105,NNY,NUVEEN NEW YORK MUNI VAL
67064R102,NPV,NUVEEN VA QLTY MUNI INC
670651108,NKX,NUVEEN CA AMT-FR MUNI INC
670656107,NRK,NUVEEN NY AMT-FR MUNI INC
670657105,NEA,NUVEEN AMT-FR QLTY MUNI INC
670663103,NMCO,NUVEEN MUNICIPAL CREDIT OPP
67066G104,NVDA,NVIDIA CORP
67066GAC8,NVDA 1 12/01/18,NVIDIA CORP
67066V101,NAD,NUVEEN QUALITY MUNICIPAL INC
67066X107,NAN,NUVEEN NY QLTY MUNI INC
67066Y105,NAC,NUVEEN CA QLTY MUNI INC
670682103,NMZ,NUVEEN MUNI HI INC OPPORT
670695105,NUW,NUVEEN AMT-FREE MUNI VAL
670699107,QQQX,NUVEEN NASDAQ 100 DYN OVERWR
67069Y102,XNXJX,NUVEEN NJ QLTY MUNI INC
6706ER101,XBXMX,NUVEEN S&P 500 BUY-WR INC
6706EW100,SPXX,NUVEEN S&P 500 DYNAM OVERWR
670704105,NUVAGBP,NUVASIVE INC
670704AG0,GMED 2.25 03/15/21,NUVASIVE INC
670704AJ4,GMED 0.375 03/15/25,NUVASIVE INC
67070X101,NZF,NUVEEN MUNICIPAL CREDIT INC
67071B108,JRS,NUVEEN REAL ESTATE INCOME
67071L106,NVG,NUVEEN AMT-FR MUNI CRDT
67072T108,JFR,NUVEEN FLOATING RATE INCOME
670735109,JLS,NUVEEN MORTGAGE & INCOME
67073B106,JPC,NUVEEN PREFERED & INCOME OPP
67073D102,JQC,NUVEEN CREDIT STRATEGIES INC
67074C103,NBB,NUVEEN TAXABLE MUNICIPAL INC
67074Y105,JRI,NUVEEN REAL ASSET INC & GRW
670750108,NMAI,NUVEEN MULTI-ASSET INCOME
67075A106,XJPIX,NUVEEN PREFERRED SECURITIES
67075F105,XDIAX,NUVEEN DOW 30 DYNAMIC OVERWR
67075G103,JGH,NUVEEN GLOBAL HIGH INCOME
67077M108,NTR,NUTRIEN LTD
67077N106,JHB,NUVEEN CORPORATE INCOME NOVE
67079K100,SMR,NUSCALE POWER CORP
67079U306,NUTX,NUTEX HEALTH INC
67079X102,NDMO,NUVEEN DYNAMIC MUNICIPAL OPP
67080D103,NPCT,NUVEEN CORE PLUS IMPACT
67080M103,NRIX,NURIX THERAPEUTICS INC
67080N101,NUVB,NUVATION BIO INC
67080R102,NPFD,NUVEEN VAR RT PREF & INC
67080T108,NVCT,NUVECTIS PHARMA INC
670837103,OGE,OGE ENERGY CORP
670851500,OIBR/USD,OI SA-ADR
67090S108,NCDL,NUVEEN CHURCHILL DIRECT LEND
67090X107,JCE,NUVEEN CORE EQUITY ALPHA
67091U102,OHAIUSD,OHA INVESTMENT CORP
670928100,NUV,NUVEEN MUNICIPAL VALUE
67092P102,NUAG,NUVEEN ENH YLD US AGGR BND
67092P201,NULG,NUVEEN ESG LRG-CAP GRW ETF
67092P300,NULV,NUVEEN ESG LARGE-CAP VAL ETF
67092P409,NUMG,NUVEEN ESG MID-CAP GROW ETF
67092P508,NUMV,NUVEEN ESG MID-CAP VALUE ETF
67092P607,NUSC,NUVEEN ESG SMALL-CAP ETF
67092P706,NURE,NUVEEN SHORTTERM REIT ETF
67092P805,NUDM,NUVEEN ESG INTL DEVEL MRK EQ
67092P854,NUHY,NUVEEN ESG HI YLD CORP BND
67092P870,NUBD,NUVEEN ESG US AGGREGATE BOND
67092P888,NUEM,NUVEEN ESG EMERGING MARKETS
670972108,XNQPX,NUVEEN PA QLTY MUNI INC
67098H104,OI,O-I GLASS INC
67103B100,OFS,OFS CAPITAL CORP
67103H107,ORLY,O'REILLY AUTOMOTIVE INC
67103X102,OFG,OFG BANCORP
671044105,OSIS,OSI SYSTEMS INC
67109R109,OPBK,OP BANCORP
67110P407,OUSAGBP,OSHARES U.S QUALITY DIVIDEND
67110P704,OGIGUSD,O'SHARES GLOBAL INTERNET GIA
67111Q107,OCCIEUR,OFS CREDIT CO INC
671807105,OVLY,OAK VALLEY BANCORP
67181A107,OSH3USD,OAK STREET HEALTH INC
674001201,OAKUSD,OAKTREE CAPITAL GROUP LLC
67401P108,FSC1USD,OAKTREE SPECIALTY LENDING CO
67401P405,OCSL,OAKTREE SPECIALTY LENDING CO
67402D104,OCSI,OAKTREE STRATEGIC INCOME COR
674215108,OASUSD,OASIS PETROLEUM INC
674215207,CHRD,CHORD ENERGY CORP
67421J207,OTLY,OATLY GROUP AB
674482203,OBE,OBSIDIAN ENERGY LTD
674599105,OXY,OCCIDENTAL PETROLEUM CORP
674599162,OXY/WS,OCCIDENTAL PETROLEUM-CW27
674870506,OPTT,OCEAN POWER TECHNOLOGIES INC
675232102,OII,OCEANEERING INTL INC
675234108,OCFC,OCEANFIRST FINANCIAL CORP
675746309,OCN2EUR,OCWEN FINANCIAL CORP
675746606,ONIT,ONITY GROUP INC
67576A100,OCUL,OCULAR THERAPEUTIX INC
67577C105,OCGN,OCUGEN INC
67577R102,IRD,OPUS GENETICS INC
676118201,OMEX,ODYSSEY MARINE EXPLORATION
676220106,ODPUSD,OFFICE DEPOT INC
677719106,OVBC,OHIO VALLEY BANC CORP
677864100,ODC,OIL-DRI CORP OF AMERICA
678026105,OIS,OIL STATES INTERNATIONAL INC
679295105,OKTA,OKTA INC
679295AD7,OKTA 0.125 09/01/25,OKTA INC
679295AF2,OKTA 0.375 06/15/26,OKTA INC
679580100,ODFL,OLD DOMINION FREIGHT LINE
67984M100,OLBK,OLD LINE BANCSHARES INC
680033107,ONB,OLD NATIONAL BANCORP
680194107,OPOF,OLD POINT FINANCIAL CORP
680223104,ORI,OLD REPUBLIC INTL CORP
680277100,OSBC,OLD SECOND BANCORP INC
68062P106,OLMA,OLEMA PHARMACEUTICALS INC
680665205,OLN,OLIN CORP
681116109,OLLI,OLLIE'S BARGAIN OUTLET HOLDI
68134L109,OLOGBX,OLO INC - CLASS A
68162K106,ZEUSEUR,OLYMPIC STEEL INC
68170A108,OMDA,OMADA HEALTH INC
681919106,OMC,OMNICOM GROUP
681936100,OHIUSD,OMEGA HEALTHCARE INVESTORS
682095104,OFLX,OMEGA FLEX INC
682129101,OMNUSD,OMNOVA SOLUTIONS INC
68213N109,OMCL,OMNICELL INC
68213NAD1,OMCL 0.25 09/15/25,OMNICELL INC
682143102,OMER,OMEROS CORP
682163100,ONDKUSD,ON DECK CAPITAL INC
682189105,ON,ON SEMICONDUCTOR
682189AH8,ON 2.625 12/15/26 B,ON SEMICONDUCTOR CORP
682189AK1,ON 1 12/01/20,ON SEMICONDUCTOR CORP
682189AP0,ON 1.625 10/15/23,ON SEMICONDUCTOR CORP
682189AS4,ON 0 05/01/27,ON SEMICONDUCTOR CORP
682189AU9,ON 0.5 03/01/29,ON SEMICONDUCTOR CORP
68218J103,OABI,OMNIAB INC
682310875,ONC,ONCOLYTICS BIOTECH INC
68235P108,OGS,ONE GAS INC
68236H204,ONDS,ONDAS INC
68236P107,GTXIUSD,ONCTERNAL THERAPEUTICS INC
68236X100,STLN,STARLING ONCOLOGY INC
682406103,OLPUSD,ONE LIBERTY PROPERTIES INC
68243Q106,FLWS,1-800-FLOWERS.COM INC-CL A
68247W109,OSS,ONE STOP SYSTEMS INC
682680103,OKE,ONEOK INC
68268W103,OMF,ONEMAIN HOLDINGS INC
68278B107,K4F,ONESTREAM INC
68280L101,ONEW,ONEWATER MARINE INC-CL A
68287N100,OSPN,ONESPAN INC
683344105,ONTO,ONTO INNOVATION INC
68339B104,6X1,ON24 INC
683416101,OOMA,OOMA INC
68347P103,OPAL,OPAL FUELS INC-A
683712103,OPEN,OPENDOOR TECHNOLOGIES INC
683712129,OPENW,OPENDOOR TECHNOLOGIES INC-26
683712137,OPENL,OPENDOOR TECHNOLOGIES INC-26
683712145,OPENZ,OPENDOOR TECHNOLOGIES INC-26
683715106,OTEX,OPEN TEXT CORP
68373M107,OPRA,OPERA LTD-ADR
683750103,OPNTEUR,OPIANT PHARMACEUTICALS INC
68375N103,OPK,OPKO HEALTH INC
68376D104,OPRT,OPORTUN FINANCIAL CORP
683797104,OPY,OPPENHEIMER HOLDINGS-CL A
68386H103,OPFI,OPPFI INC
68389X105,ORCL,ORACLE CORP
68389X204,ORCL 6.5 01/15/29 D,ORACLE CORP
68390D106,OR,OR ROYALTIES INC
684000102,OPBUSD,OPUS BANK
68401U204,OPRX,OPTIMIZERX CORP
68403P203,ORMP,ORAMED PHARMACEUTICALS INC
68404L102,BIOSUSD,OPTION CARE HEALTH INC
68404L201,OPCH,OPTION CARE HEALTH INC
684060106,ORANUSD,ORANGE-SPON ADR
68417L107,OBT,ORANGE COUNTY BANCORP INC
68554V108,OSUR,ORASURE TECHNOLOGIES INC
68555P100,ORBCPLN,ORBCOMM INC
68570P101,ORTXUSD,ORCHARD THERAPEUTICS PLC
68571X103,ORC1USD,ORCHID ISLAND CAPITAL INC
68571X301,ORC,ORCHID ISLAND CAPITAL INC
68572M106,OBIO,ORCHESTRA BIOMED HOLDINGS IN
68572N104,TISUSD,ORCHIDS PAPER PRODUCTS CO
68617J100,OGI,ORGANIGRAM GLOBAL INC
68620A203,ONVOCHF,ORGANOVO HOLDINGS INC
68620P705,OGIEUR,ORGANIGRAM HOLDINGS INC
68621F102,ORGO,ORGANOGENESIS HOLDINGS INC
68621T102,OBK,ORIGIN BANCORP INC
68622P109,ORIC,ORIC PHARMACEUTICALS INC
68622V106,OGN,ORGANON & CO
686275108,OESXUSD,ORION ENERGY SYSTEMS INC
68628V308,ORN,ORION GROUP HOLDINGS INC
68629Y103,ONLUSD,ORION OFFICE REIT INC
686330101,IX,ORIX  - SPONSORED ADR
68633D103,ORIT,ORITANI FINANCIAL CORP
686688102,ORA,ORMAT TECHNOLOGIES INC
687380105,ORRF,ORRSTOWN FINL SERVICES INC
68752L100,KIDS,ORTHOPEDIATRICS CORP
68752M108,OFIX,ORTHOFIX MEDICAL INC
687604108,ORKA,ORUKA THERAPEUTICS INC
687793109,OSCR,OSCAR HEALTH INC - CLASS A
688239201,OSK,OSHKOSH CORP
68827L101,OREUR,OSISKO GOLD ROYALTIES LTD
68828E809,NPDEUR,OSISKO DEVELOPMENT CORP
68902V107,OTIS,OTIS WORLDWIDE CORP
68906L105,OTICUSD,OTONOMY INC
689648103,OTTR,OTTER TAIL CORP
68989M202,OUST,OUSTER INC
69002R103,TEAD,TEADS HOLDING CO
69007J304,OUT,OUTFRONT MEDIA INC
69012T206,ONSGBP,OUTLOOK THERAPEUTICS INC
69012T305,OTLK,OUTLOOK THERAPEUTICS INC
690145107,OMGBP,OUTSET MEDICAL INC
690145206,OM,OUTSET MEDICAL INC
69036R863,OSG1USD,OVERSEAS SHIPHOLDING GROUP-A
690370101,BBBY,BED BATH & BEYOND INC
690469101,OVID,OVID THERAPEUTICS INC
69047Q102,OVV,OVINTIV INC
690732102,ACH,ACCENDRA HEALTH INC
690742101,OC,OWENS CORNING
690768403,OIUSD,OWENS-ILLINOIS INC
69120X206,OWLT,OWLET INC
69121K104,OBDC,BLUE OWL CAPITAL CORP
691497309,OXM,OXFORD INDUSTRIES INC
691543847,OXLC,OXFORD LANE CAPITAL CORP
69181V107,OXSQ,OXFORD SQUARE CAPITAL CORP
69242L106,OYST,OYSTER POINT PHARMA INC
69269L104,OZONRUB,OZON HOLDINGS PLC - ADR
69290R104,PDVWUSD,ANTERIX INC
69291A100,PHXUSD,PHX MINERALS INC
693149106,PAMT,PAMT CORP
69318G106,PBF,PBF ENERGY INC-CLASS A
69318J100,CNXN,PC CONNECTION INC
69318Q104,PBFXUSD,PBF LOGISTICS LP
69320M109,PCB,PCB BANCORP
69323K100,PCMI,PCM INC
69323T101,PCM,PCM FUND INC
69324R104,PCSBUSD,PCSB FINANCIAL CORP
69325Q105,PEW,PCTEL INC
69327R101,PDCEUSD,PDC ENERGY INC
693282105,PDFS,PDF SOLUTIONS INC
69329Y104,PDLIUSD,PDL BIOPHARMA INC
69331C108,PCG,P G & E CORP
69331C140,PCG 5.5 08/16/23,PG&E CORP
69331C306,PCG 6 12/01/27 A,PG&E CORP
69331CAL2,PCG 4.25 12/01/27,PG&E CORP
693366205,PICOGBP,PICO HOLDINGS INC
69336T205,PHIIKUSD,PHI INC-NON VOTING
69336V101,PGTIUSD,PGT INNOVATIONS INC
69343T107,PJT,PJT PARTNERS INC - A
69344A107,PULS,PGIM ULTRA SHORT BOND ETF
69344A206,PHYL,PGIM ACTIVE HIGH YIELD BOND
69344A800,PTRB,PGIM TOTAL RETURN BOND ETF
69344A834,PAAAUSD,PGIM AAA CLO ETF
69344D408,PHI,PLDT INC-SPON ADR
69346H100,ISD,PGIM HIGH YIELD BOND FUND
69346J106,GHY,PGIM GLOBAL HIGH YIELD FUND
69346N107,PDX,PIMCO DYNAMIC INCOME STRAT
693475105,PNC1USD,PNC FINANCIAL SERVICES GROUP
693483109,PKX,POSCO HOLDINGS INC -SPON ADR
69349H107,TXNM,TXNM ENERGY INC
693506107,PPG2USD,PPG INDUSTRIES INC
69351T106,PPL,PPL CORP
69352PAS2,PPL 2.875 03/15/28,PPL CAPITAL FUNDING INC
69353Y103,PMVP,PMV PHARMACEUTICALS INC
69354M108,PRAHUSD,PRA HEALTH SCIENCES INC
69354N106,PRAA,PRA GROUP INC
69354V108,PPDFEUR,FINVOLUTION GROUP-ADR
69355J104,SDHY,PGIM SHRT DURAT HI YLD
69355M107,PDOEUR,PIMCO DYNAMIC INCOME OPPORT
69357C503,PRGXUSD,PRGX GLOBAL INC
69360J107,PSBUSD,PS BUSINESS PARKS INC/CA
693656100,PVH,PVH CORP
69366J200,PTCT,PTC THERAPEUTICS INC
69370C100,PTC,PTC INC
693718108,PCAR,PACCAR INC
69374H105,PTLC,PACER TRENDPILOT US LARGE CA
69374H204,PTMC,PACER TRENDPILOT US MID CAP
69374H303,PTNQ,PACER TRENDPILOT 100 ETF
69374H360,COWG,PACER US LRG CAP COWS GR LD
69374H386,TRFKUSD,PACER DATA AND DIGITAL REV
69374H428,FLRT,PACER ARISTOTLE PACIFIC FLOA
69374H436,QDPL,PACER MET US LRG CAP DVD 400
69374H568,PSFF,PACER SWAN SOS FUND OF FUNDS
69374H642,PTBD,PACER TRENDPILOT US BOND ETF
69374H683,PTIN,PACER TRENDPILOT INTL ETF
69374H709,GCOW,PACER GLOBAL CASH COWS DIVID
69374H717,ALTL,PACER LUNT LARGE CAP ALTERNA
69374H741,SRVR,PACER DATA & INFRASTRUCTURE
69374H766,INDS,PACER INDUSTRIAL REAL ESTATE
69374H816,PALC,PACER LUNT LRG CAP MULTI-FAC
69374H857,CALF,PCR US SM CP CSH CWS ETF-USD
69374H865,ECOW,PACER EMERGING MARKETS CASH
69374H873,ICOW,PACER DEVELOPED MARKETS INTE
69374H881,COWZ,PACER US CASH COWS 100 ETF
69376K106,RPC,RIDGEPOST CAPITAL INC-A
69380Q107,PACS,PACS GROUP INC
69404D108,PACB,PACIFIC BIOSCIENCES OF CALIF
694103102,ROYTL,PACIFIC COAST OIL TRUST
69423U305,PEIXUSD,PACIFIC ETHANOL INC
694552100,PMBC,PACIFIC MERCANTILE BANCORP
69478X105,PPBIEUR,PACIFIC PREMIER BANCORP INC
695127100,PCRX,PACIRA BIOSCIENCES INC
695127AF7,PCRX 0.75 08/01/25,PACIRA BIOSCIENCES INC
695156109,PKG,PACKAGING CORP OF AMERICA
695263103,PACWUSD,PACWEST BANCORP
69526K105,PTVEUSD,PACTIV EVERGREEN INC
69553P100,PD,PAGERDUTY INC
69608A108,PLTR,PALANTIR TECHNOLOGIES INC-A
696389402,PALI,PALISADE BIO INC
697435105,PANW,PALO ALTO NETWORKS INC
697435AB1,PANW 0 07/01/19,PALO ALTO NETWORKS
697435AD7,PANW 0.75 07/01/23,PALO ALTO NETWORKS
697435AF2,PANW 0.375 06/01/25,PALO ALTO NETWORKS
69753M105,PLMR,PALOMAR HOLDINGS INC
697660207,PAM,PAMPA ENERGIA SA-SPON ADR
697900108,PAAEUR,PAN AMERICAN SILVER CORP
697947109,PVLA,PALVELLA THERAPEUTICS INC
69832A205,PCRFYUSD,PANASONIC CORP-SPON ADR
698340106,PAND,PANDION THERAPEUTICS INC
698477106,PHXUSD,PANHANDLE OIL AND GAS INC-A
698813102,PZZA,PAPA JOHN'S INTL INC
698884103,PAR,PAR TECHNOLOGY CORP/DEL
69888T207,PARR,PAR PACIFIC HOLDINGS INC
69913P105,FNAUSD,PARAGON 28 INC
69924M109,PZG,PARAMOUNT GOLD NEVADA CORP
69924R108,PGREUSD,PARAMOUNT GROUP INC
69932A204,PSKY,PARAMOUNT SKYDANCE CL B
699374302,PRTKUSD,PARATEK PHARMACEUTICALS INC
69946T207,TEUMUSD,PARETEUM CORP
70014A104,PKE,PARK AEROSPACE CORP
700215304,TRAK,REPOSITRAK INC
700416209,PKEUSD,PARK ELECTROCHEMICAL CORP
700517105,PK,PARK HOTELS & RESORTS INC
700658107,PRK,PARK NATIONAL CORP
700666100,PKOH,PARK-OHIO HOLDINGS CORP
700885106,PKBK,PARKE BANCORP INC
701094104,PH,PARKER HANNIFIN CORP
701877102,PE1USD,PARSLEY ENERGY INC-CLASS A
70202L102,PSN,PARSONS CORP
70202LAB8,PSN 0.25 08/15/25,PARSONS CORP
70202LAD4,PSN 2.625 03/01/29,PARSONS CORP
70211M109,PTNRGBP,PARTNER COMMUNICATIONS-ADR
702149105,PRTY1USD,PARTY CITY HOLDCO INC
703343103,PATK,PATRICK INDUSTRIES INC
70336F203,PNBK,PATRIOT NATIONAL BANCORP INC
70338P100,PEGIUSD,PATTERN ENERGY GROUP INC -A
70338T102,PNTPUSD,PATRIOT NATIONAL INC
703395103,PDCOUSD,PATTERSON COS INC
70339W104,PTRN,PATTERN GROUP INC-CL A
703481101,PTEN,PATTERSON-UTI ENERGY INC
704326107,PAYX,PAYCHEX INC
70432V102,PAYC,PAYCOM SOFTWARE INC
70434P103,PAYAUSD,PAYA HOLDINGS INC
70438V106,PCTY,PAYLOCITY HOLDING CORP
70439P108,PAY,PAYMENTUS HOLDINGS INC-A
70450Y103,PYPL,PAYPAL HOLDINGS INC
70451A104,PAYS,PAYSIGN INC
70451X104,PAYO,PAYONEER GLOBAL INC
704549AG9,BTU 4.75 12/15/41,PEABODY ENERGY CORP
704551100,BTU,PEABODY ENERGY CORP
70465T107,PDSB,PDS BIOTECHNOLOGY CORP
704699107,PGC,PEAPACK GLADSTONE FINL CORP
705015105,PSO,PEARSON PLC-SPONSORED ADR
70509V100,PEB,PEBBLEBROOK HOTEL TRUST
70509VAA8,PEB 1.75 12/15/26,PEBBLEBROOK HOTEL TRUST
705573103,PEGA,PEGASYSTEMS INC
705573AB9,PEGA 0.75 03/01/25,PEGASYSTEMS INC
70614W100,PTON,PELOTON INTERACTIVE INC-A
70614WAB6,PTON 0 02/15/26,PELOTON INTERACTIVE INC
706327103,PBA,PEMBINA PIPELINE CORP
706915105,PENG,PENGUIN SOLUTIONS INC
70706P104,PGF1GBP,PENGROWTH ENERGY CORP
707569109,PENN,PENN ENTERTAINMENT INC
707569AU3,PENN 2.75 05/15/26,PENN ENTERTAINMENT INC
70788V102,PVACUSD,RANGER OIL CORP-A
70805E109,PNTG,PENNANT GROUP INC/THE
708062104,PNNT,PENNANTPARK INVESTMENT CORP
70806A106,PFLT,PENNANTPARK FLOATING RATE CA
708160106,JCPGBX,OLD COPPER CO INC
70931T103,PMT1USD,PENNYMAC MORTGAGE INVESTMENT
70932M107,PFSI,PENNYMAC FINANCIAL SERVICES
70959W103,PAG,PENSKE AUTOMOTIVE GROUP INC
70975L107,PEN,PENUMBRA INC
709789101,PEBO,PEOPLES BANCORP INC
710577107,PEBK,PEOPLES BANCORP OF NC
711040105,PFIS,PEOPLES FINANCIAL SERVICES
712704105,PBCTUSD,PEOPLE'S UNITED FINANCIAL
712706209,PUB2USD,ALTABANCORP
713317105,PEPG,PEPGEN INC
713448108,PEP,PEPSICO INC
71361F100,PRCPGBP,PERCEPTRON INC
71363P106,PRDO,PERDOCEO EDUCATION CORP
71367G102,PWP,PERELLA WEINBERG PARTNERS
71375U101,PRFTUSD,PERFICIENT INC
71377A103,PFGC,PERFORMANCE FOOD GROUP CO
71377E105,PFMTUSD,PERFORMANT FINANCIAL CORP
71385M107,PRM,PERIMETER SOLUTIONS INC
714046109,RVTY,REVVITY INC
714157203,PESI,PERMA-FIX ENVIRONMENTAL SVCS
714167103,PPIH,PERMA-PIPE INTERNATIONAL HOL
714236106,PBT,PERMIAN BASIN ROYALTY TRUST
71424F105,PR,PERMIAN RESOURCES CORP-CL A
71425H100,PVL,PERMIANVILLE ROYALTY TRUST
714266103,PPTA,PERPETUA RESOURCES CORP
71531R109,PSTHUSD,PERSHING SQUARE TONTINE -A
715347100,PRSP,PERSPECTA INC
71535D106,PSNL,PERSONALIS INC
715684106,TLK,TELKOM INDONESIA PERSERO-ADR
71601V105,WOOF,PETCO HEALTH AND WELLNESS CO
716382106,PETS,PETMED EXPRESS INC
71639T106,PETQUSD,PETIQ INC
71646E100,PTRUSD,PETROCHINA CO LTD -ADR
71654V101,PBR/AUSD,PETROLEO BRASIL-SP PREF  ADR
71654V408,PBRUSD,PETROLEO BRASILEIRO-SPON ADR
717071104,PFNXEUR,PFENEX INC
717081103,PFE,PFIZER INC
717098206,PFSWUSD,PFSWEB INC
717224109,PHASEUR,PHASEBIO PHARMACEUTICALS INC
71722W107,PHAT,PHATHOM PHARMACEUTICALS INC
71742Q106,PAHC,PHIBRO ANIMAL HEALTH CORP-A
718172109,PM,PHILIP MORRIS INTERNATIONAL
71844V201,PECOGBP,PHILLIPS EDISON & COMPANY IN
718546104,PSX,PHILLIPS 66
718549207,PSXPUSD,PHILLIPS 66 PARTNERS LP
71880K101,PHIN,PHINIA INC
71910C103,FENGUSD,PHOENIX NEW MEDIA LTD -ADR
719405102,PLAB,PHOTRONICS INC
71943U104,42O,PHYSICIANS REALTY TRUST
71944F106,PHR,PHREESIA INC
71948P100,PHUNEUR,PHUNWARE INC
72016P105,PLL,PIEDMONT LITHIUM INC
720190206,PDM,PIEDMONT REALTY TRUST INC
720795103,PIRSEUR,PIERIS PHARMACEUTICALS INC
72147K108,PPC,PILGRIM'S PRIDE CORP
72200M108,XPCKX,PIMCO CALIFORNIA MUNICIPA II
72200N106,PCQ,PIMCO CALIFORNIA MUNI INC FD
72200U100,PCN,PIMCO CORPORATE & INCOME STR
72200W106,PML,PIMCO MUNICIPAL INCOME FD II
72200X104,RCS,PIMCO STRATEGIC INCOME FUND
72200Y102,PNI,PIMCO NY MUNI INC II FND
722011103,PGP,PIMCO GLBL STOCKSPL & INC
722014107,PHK,PIMCO HIGH INCOME FUND
72201A103,PMX,PIMCO MUNI INCOME FUND III
72201B101,PTYUSD,PIMCO CORPORATE & INCOME OPP
72201C109,PZC,PIMCO CALIFORNIA MUNI FD III
72201H108,PFL,PIMCO INCOME STRATEGY FUND
72201J104,PFN,PIMCO INCOME STRATEGY FD II
72201R205,STPZ,PIMCO 1-5 YEAR US TIPS INDEX
72201R304,LTPZ,PIMCO 15+ YR US TIPS INDX
72201R403,TIPZ,PIMCO BROAD US TIPS INDEX
72201R569,PMBS,PIMCO MBS ACTIVE ETF
72201R577,BILZ,PIMCO ULTRA SHRT GOVT ACTIVE
72201R585,PYLD,PIMCO MULTISECTOR BOND ACTV
72201R593,CMDT,PIMCO COMMODITY ACTIVE STRAT
72201R627,LONZUSD,PIMCO SENIOR LOAN ACTIVE ETF
72201R635,MINO,PIMCO MUNICIPAL INCOME OPPOR
72201R643,EMNT,PIMCO ENHCD ST M-ACTIVE ESG
72201R718,LDUR,PIMCO ENHANCED LOW DURATION
72201R775,BOND,PIMCO ACTIVE BOND EXCHANGE-T
72201R783,HYS,PIMCO 0-5 YEAR H/Y CORP BOND
72201R817,CORP,PIMCO INV GRADE CORP BD ETF
72201R833,MINT,PIMCO ENHANCED SHORT MATURIT
72201R866,MUNI,PIMCO INTERMEDIATE MUNICIPAL
72201R874,SMMU,PIMCO SHRT TRM MUNI BND ETF
72201R882,ZROZ,PIMCO 25+ YR ZERO CPN US TIF
72201Y101,PDI1EUR,PIMCO DYNAMIC INCOME FUND
72202B100,PKO,PIMCO INCOME OPPORTUNITY FND
72202D106,1JFD,PIMCO DYNAMIC CREDIT AND MOR
72202L371,MFDX,PIMCO RAFI DYNAMIC MULTI-FAC
72202L389,MFEMUSD,PIMCO RAFI DYNAMIC MULTI-FAC
72203T100,PAXS,PIMCO ACCESS INCOME FUND
722304102,PDD,PDD HOLDINGS INC
722304AC6,PDD 0 12/01/25,PDD HOLDINGS INC
72341T103,PINGUSD,PING IDENTITY HOLDING CORP
723484101,PNW,PINNACLE WEST CAPITAL
72348N109,PNFP,PINNACLE FINANCIAL PARTNERS
72352L106,PINS,PINTEREST INC- CLASS A
723561106,PBFS,PIONEER BANCORP INC/NY
723653101,XHNWX,PIONEER DIVERSIFIED HIGH
723664108,PESUSD,PIONEER ENERGY SERVICES CORP
72369H106,PHT,PIONEER HIGH INCOME FUND
72369J102,XPHDX,PIONEER FLOATING RATE FUND
723762100,XPMAX,PIONEER MUNICIPAL HIGH INC
723763108,XMHIX,PIONEER MUNI HIGH INC TR
723787107,PXDUSD,PIONEER NATURAL RESOURCES CO
723787AP2,PXD 0.25 05/15/25,PIONEER NATURAL RESOURCE
723836300,PPSI,PIONEER POWER SOLUTIONS INC
724078100,PJCEUR,PIPER SANDLER COS
724078209,PIPR,PIPER SANDLER COS
724479100,PBI,PITNEY BOWES INC
72581M305,PXLWEUR,PIXELWORKS INC
726503105,PAA,PLAINS ALL AMER PIPELINE LP
72651A207,PAGPUSD,PLAINS GP HOLDINGS LP-CL A
72703H101,PLNT,PLANET FITNESS INC - CL A
72703X106,PL,PLANET LABS PBC
727493108,PLTEUR,PLANTRONICS INC
72765Q882,PLG,PLATINUM GROUP METALS LTD
72814N104,AGS2USD,PLAYAGS INC
72814P109,PLBY,PLAYBOY INC
72815G108,MYPS,PLAYSTUDIOS INC
72815L107,PLTK,PLAYTIKA HOLDING CORP
729132100,PLXS,PLEXUS CORP
729139105,PLRX,PLIANT THERAPEUTICS INC
72919P202,PLUG,PLUG POWER INC
729273102,PLBC,PLUMAS BANCORP
72942A107,1D5A,PLX PHARMA INC
729640102,PLYM,PLYMOUTH INDUSTRIAL REIT INC
73044W302,POET,POET TECHNOLOGIES INC
730843208,PTS1EUR,POINTS INTERNATIONAL LTD
731068102,PII,POLARIS INC
731094108,COOL1GBP,POLARITYTE INC
73179P106,POL4EUR,POLYONE CORPORATION
731916102,POM1GBP,POLYMET MINING CORP
731916409,POM1USD,POLYMET MINING CORP
732344106,PDLB,PONCE FINANCIAL GROUP INC
73245B107,SBC,SBC MEDICAL GROUP HOLDINGS I
73278L105,POOL,POOL CORP
732908108,PONY,PONY AI INC
733174700,BPOP,POPULAR INC
733245104,PRCH,PORCH GROUP INC
73640QAB1,PRAA 3 08/01/20,PRA GROUP INC
73642K106,PTLO,PORTILLO'S INC-CL A
736508847,POR,PORTLAND GENERAL ELECTRIC CO
73688F102,KCAPUSD,PORTMAN RIDGE FINANCE CORP
73688F201,BCIC,BCP INVESTMENT CORP
737010108,PTLAUSD,PORTOLA PHARMACEUTICALS INC
73730P108,PSTXUSD,POSEIDA THERAPEUTICS INC
73739W104,POSHEUR,POSHMARK INC-CLASS A
737446104,POST,POST HOLDINGS INC
737446AT1,POST 2.5 08/15/27,POST HOLDINGS INC
73754Y100,PTB,POTBELLY CORP
73755L107,POT1EUR,POTASH CORP OF SASKATCHEWAN
73757R102,PSTLUSD,POSTAL REALTY TRUST INC- A
737630103,P4C,POTLATCHDELTIC CORP
739128106,POWL,POWELL INDUSTRIES INC
739276103,POWI,POWER INTEGRATIONS INC
73931J109,AIOT,POWERFLEET INC
73933G202,PSIX,POWER SOLUTIONS INTERNATIONA
73935X153,PDP,INVESCO DWA MOMENTUM ETF
73935X278,PZDUSD,INVESCO MSCI SUSTAINABLE FUT
73935X286,PKWUSD,INVESCO BUYBACK ACHIEVERS ET
73935X351,PTHUSD,INVESCO DWA HEALTHCARE MOMEN
73935X583,PRFUSD,INVESCO FTSE RAFI US 1000 ET
73935X690,PPAUSD,INVESCO AEROSPACE & DEFENSE
73935X708,PWVUSD,INVESCO DYNAMIC LARGE CAP VA
73935X781,PSI1GBP,INVESCO DYNAMIC SEMICONDUCTO
73935X849,PBJUSD,INVESCO DYNAMIC FOOD & BEVER
73936B200,DBPUSD,INVESCO DB PRECIOUS METALS F
73936B408,DBAUSD,INVESCO DB AGRICULTURE FUND
73936B705,DBBUSD,INVESCO DB BASE METALS FUND
73936G308,PBPUSD,INVESCO S&P 500 BUYWRITE ETF
73936T573,PCYUSD,INVESCO EMERGING MARKETS SOV
73936T615,PBD,INVESCO GLOBAL CLEAN ENERGY
73936T789,PXF,INVESCO FTSE RAFI DEVELOPED
73937B407,BABUSD,INVESCO TAXABLE MUNICIPAL BO
73943T103,PQGUSD,PQ GROUP HOLDINGS INC
739650109,PROP,PRAIRIE OPERATING CO
74005P104,PXGBX,PRAXAIR INC
74006W207,PRAX,PRAXIS PRECISION MEDICINES I
74017N105,PGEN,PRECIGEN INC
74019P207,DTIL,PRECISION BIOSCIENCES INC
74022D308,PDEUR,PRECISION DRILLING CORP
74022D407,PDS,PRECISION DRILLING CORP
740367404,PFBC,PREFERRED BANK/LOS ANGELES
74039L103,APTSUSD,PREFERRED APARTMENT COMMUNIT
740444104,PLPC,PREFORMED LINE PRODUCTS CO
74050M105,PFBI,PREMIER FINANCIAL BANCORP
74051N102,2655957D,PREMIER INC-CLASS A
74065P101,PRLD,PRELUDE THERAPEUTICS INC
74102M103,PSDOEUR,PRESIDIO INC
74112D101,PBH,PRESTIGE CONSUMER HEALTHCARE
74139C102,PVG1GBP,PRETIUM RESOURCES INC
74144T108,TROW,T ROWE PRICE GROUP INC
741503AQ9,BKNG 1 03/15/18,BOOKING HOLDINGS INC
741503AS5,BKNG 0.35 06/15/20,BOOKING HOLDINGS INC
741503AX4,BKNG 0.9 09/15/21,BOOKING HOLDINGS INC
741511109,PSMT,PRICESMART INC
74158E104,PNRG,PRIMEENERGY RESOURCES CORP
741623102,PRMB,PRIMO BRANDS CORP
74164F103,PRIM,PRIMORIS SERVICES CORP
74164M108,PRI,PRIMERICA INC
74165N105,PRMWUSD,PRIMO WATER CORP
74167B109,FRST,PRIMIS FINANCIAL CORP
74167P108,BCBUSD,PRIMO WATER CORP
74168J101,PRME,PRIME MEDICINE INC
74179A107,BPRN,PRINCETON BANCORP INC
74251V102,PFG,PRINCIPAL FINANCIAL GROUP
74255X104,PGZ,PRINCIPAL REAL ESTATE INCOME
74255Y102,YLD,PRINCIPAL ACT HI YLD ETF
74255Y607,PSC,PRINCIPAL US SMALL-CAP ETF
74255Y870,USMC,PRINCIPAL US MEGA-CAP ETF
74255Y888,PREF,PRI SPE PRE SEC ACTI-USD INC
74257L108,PRNBEUR,PRINCIPIA BIOPHARMA INC
74265M205,PDEX,PRO-DEX INC
74267C106,PRA,PROASSURANCE CORP
742718109,PG,PROCTER & GAMBLE CO/THE
74275G107,PRTH,PRIORITY TECHNOLOGY HOLDINGS
74275K108,PCOR,PROCORE TECHNOLOGIES INC
74276L105,PRCT,PROCEPT BIOROBOTICS CORP
74276R102,PRVA,PRIVIA HEALTH GROUP INC
74280R205,UFO,PROCURE SPACE ETF
74316P579,AKRE,AKRE FOCUS ETF
74316X101,PFIEEUR,PROFIRE ENERGY INC
74317M104,PAL,PROFICIENT AUTO LOGISTICS IN
743187106,PGNXEUR,PROGENICS PHARMACEUTICALS
74319B502,PROF,PROFOUND MEDICAL CORP
74319N100,ACDC,PROFRAC HOLDING CORP-A
74319R101,PRG,PROG HOLDINGS INC
743312100,PRGS,PROGRESS SOFTWARE CORP
743312AB6,PRGS 1 04/15/26,PROGRESS SOFTWARE CORP
743315103,PGR2USD,PROGRESSIVE CORP
74340E103,PGNY,PROGYNY INC
74340W103,PLDUSD,PROLOGIS INC
743424103,PFPTUSD,PROOFPOINT INC
743424AF0,PFPT 0.25 08/15/24,PROOFPOINT INC
74346Y103,PRO,PROS HOLDINGS INC
74347B169,ONLN,PROSHARES ONLINE RETAIL ETF
74347B201,TBT,PROSHARES ULTRASHORT 20+Y TR
74347B235,DOG,PROSHARES SHORT DOW30
74347B375,CLIX,PROSHARES LONG ONLINE/SHORT
74347B425,SH1USD,PROSHARES SHORT S&P500
74347B508,TOLZ,PROSHARES GLB INFRASTRUCTURE
74347B607,IGHG,PROSHARES IG HEDGED
74347B680,REGL,PRSHRS S&P MID 400 DVD ARIST
74347B698,SMDV,PROSHRS RSL 2000 DVD GRW ETF
74347B714,PSQUSD,PROSHARES SHORT QQQ
74347B839,EFAD,PROSHARES EAFE DVD GROWERS
74347G242,ISPY,PROSHARES S&P HIGH INCOM ETF
74347G440,BITO,PROSHARES BITCOIN ETF-USD
74347G606,TDV,PROSHARES S&P TECH DVD ARIST
74347G705,DIG,PROSHARES ULTRA ENERGY
74347G804,OILK,PROS K-1 FREE CR OIL ETF-USD
74347M108,PUMP,PROPETRO HOLDING CORP
74347R107,SSO,PROSHARES ULTRA S&P500
74347R131,SJB,PROSHARES SHORT HIGH YIELD
74347R172,UBT,PROSHARES ULTRA 20+ YEAR TSY
74347R180,UST,PROSHARES ULTRA 7-10 YEAR TR
74347R206,QLDGBP,PROSHARES ULTRA QQQ
74347R214,BIB,PROSHARES ULTRA NASD BIOTECH
74347R248,CSM,PROSHARES LARGE CAP CORE PLU
74347R305,DDM,PROSHARES ULTRA DOW30
74347R313,PST,PROSHARES ULTRASHORT 7-10 YR
74347R370,EFZUSD,PROSHARES SHORT MSCI EAFE
74347R404,MVV,PROSHARES ULTRA MIDCAP400
74347R669,USD,PROSHARES ULTRA SEMICONDUCT
74347R693,ROM,PROSHARES ULTRA TECHNOLOGY
74347R701,DOGUSD,PROSHARES SHORT DOW30
74347R719,DIGUSD,PROSHARES ULTRA OIL & GAS
74347R735,RXL1GBP,PROSHARES ULTRA HEALTH CARE
74347R842,UWMUSD,PROSHARES ULTRA RUSSELL2000
74347W130,SVXY,PROSHARES SHORT VIX ST FUTUR
74347W171,VIXYUSD,PROSHARES VIX SHORT-TERM FUT
74347W247,UCOUSD,PROSHARES ULTRA BLOOMBERG CR
74347W338,VIXM,PROSHARES VIX MID-TERM FUT
74347W353,AGQ,PROSHARES ULTRA SILVER
74347W569,YCS,PROSHARES ULTRASHORT YEN
74347W601,UGLGBP,PROSHARES ULTRA GOLD
74347W668,SCOUSD,PROSHARES ULTRASHORT BLOOMBE
74347W882,EUOGBX,PROSHARES ULTRASHORT EURO
74347X302,EET,PROSHARES ULT MSCI EMER MKTS
74347X625,URE,PROSHARES ULTRA REAL ESTATE
74347X633,UYG,PROSHARES ULTRA FINANCIALS
74347X799,URTY,PROSHARES ULTRAPRO RUSS2000
74347X823,UDOW,PROSHARES ULTRAPRO DOW30
74347X831,TQQQ,PROSHARES ULTRAPRO QQQ
74347X849,TBF,PROSHARES SHORT 20+ TREASURY
74347X864,UPRO,PROSHARES ULTRAPRO S&P 500
74347Y797,SCOUSD,PROSHARES ULTRASHORT BLOOMBE
74347Y839,UVXYN,PROSHARES ULTRA VIX ST FUTUR
74347Y870,BOILUSD,PROSHARES ULTRA BLOOMBERG NA
74347Y888,UCO,PROSHARES ULTRA BLOOMBERG CR
74348A145,PAWZ,PROSHARES PET CARE ETF
74348A210,RWM,PROSHARES SHORT RUSSELL2000
74348A319,TWMUSD,PROSHARES ULTRASHORT R2000
74348A467,NOBL,PROSHARES S&P 500 DIVIDEND A
74348A541,HYHG,PROSHARES HIGH YIELD INTERES
74348A608,TBX,PROSHARES SHORT 7-10 YR TSY
74348A814,RINF,PROSHARES INFLATION EXPECTAT
74348T102,PSEC,PROSPECT CAPITAL CORP
74348TAQ5,PSEC 4.75 04/15/20,PROSPECT CAPITAL CORP
74348TAR3,PSEC 4.95 07/15/22,PROSPECT CAPITAL CORP
74348TAT9,PSEC 6.375 03/01/25,PROSPECT CAPITAL CORP
74349J103,PROS,PROSIGHT GLOBAL INC
74349Y753,SH,PROSHARES SHORT S&P500
74349Y829,QID,PROSHARES ULTRASHORT QQQ
74349Y837,PSQ,PROSHARES SHORT QQQ
74350P675,SQQQ,PROSHARES ULTRAPRO SHORT QQQ
743606105,PB,PROSPERITY BANCSHARES INC
74365A101,PLX1USD,PROTALIX BIOTHERAPEUTICS INC
74365A309,PLX,PROTALIX BIOTHERAPEUTICS INC
74365U107,TARA,PROTARA THERAPEUTIC INC
74366E102,PTGX,PROTAGONIST THERAPEUTICS INC
74368L203,PTVCBUSD,PROTECTIVE INSURANCE CORP- B
743713109,PRLBGBP,PROTO LABS INC
74371L109,PRTOEUR,PROTEON THERAPEUTICS INC
74373B109,PTIUSD,PROTEOSTASIS THERAPEUTICS IN
74374N102,PRVBUSD,PROVENTION BIO INC
74374T109,ACTCGBP,PROTERRA INC
743815102,PRSCUSD,MODIVCARE INC
743868101,PROV,PROVIDENT FINANCIAL HLDGS
74386T105,PFS,PROVIDENT FINANCIAL SERVICES
74431A101,PBIPUSD,PRUDENTIAL BANCORP INC
744320102,PRU,PRUDENTIAL FINANCIAL INC
74435K204,PUK,PRUDENTIAL PLC-ADR
744375205,PMDUSD,PSYCHEMEDICS CORP
744573106,PEGUSD,PUBLIC SERVICE ENTERPRISE GP
74460D109,PSAUSD,PUBLIC STORAGE
74467Q103,PUBM,PUBMATIC INC-CLASS A
745848101,LUNG,PULMONX CORP
745867101,PHM,PULTEGROUP INC
74587B101,PLSE,PULSE BIOSCIENCES INC
74587V107,PBYI,PUMA BIOTECHNOLOGY INC
746228303,PCYO,PURE CYCLE CORP
74623V103,PCT,PURECYCLE TECHNOLOGIES INC
74624M102,PSTGUSD,EVERPURE INC-A
74624MAB8,PSTG 0.125 04/15/23,PURE STORAGE INC
74640Y106,PRPLGBP,PURPLE INNOVATION INC
746729300,PVAL,PUTNAM FOCUSED LRG CAP VALUE
746729508,PBDC,PUTNAM BDC INCOME ETF
746823103,PMM,FRANKLIN MANAGED MUNICIPAL I
746853100,PPT,FRANKLIN PREMIR INC TRUST-UI
746909100,PIM,FRANKLIN MASTER INTERM IT-UI
746922103,PMO,FRANKLIN MUNCIPL OPPS TST-UI
746964105,QTTB,Q32 BIO INC
74727A104,QCRH,QCR HOLDINGS INC
74727D306,QADA,QAD INC-A
747301109,QUAD,QUAD GRAPHICS INC
747316107,KWR,QUAKER CHEMICAL CORPORATION
74731Q103,PZNUSD,PZENA INVESTMENT MANAGM-CL A
747324101,PYXS,PYXIS ONCOLOGY INC
74733V100,QEPUSD,QEP RESOURCES INC
74735M108,QIW,QIWI PLC-SPONSORED ADR
74736A103,QTSUSD,QTS REALTY TRUST INC-CL A
74736K101,QRVO,QORVO INC
74736L109,QTWO,Q2 HOLDINGS INC
74736LAD1,QTWO 0.75 06/01/26,Q2 HOLDINGS INC
74737V106,AOIUSD,PYXUS INTERNATIONAL INC
74743L100,Q,QNITY ELECTRONICS INC
747525103,QCOM,QUALCOMM INC
74758T303,QLYS,QUALYS INC
747601201,XM1EUR,QUALTRICS INTERNATIONAL-CL A
747619104,NX,QUANEX BUILDING PRODUCTS
74762E102,PWR,QUANTA SERVICES INC
74765K105,QSI,QUANTUM-SI INC
74766Q101,QTRX,QUANTERIX CORP
74766W108,QUBT,QUANTUM COMPUTING INC
74767V109,QS,QUANTUMSCAPE CORP
747798106,HTT,HIGH TEMPLAR TECH LIMITED
747906501,QTM1EUR,QUANTUM CORP
74834L100,DGX,QUEST DIAGNOSTICS INC
74836W203,QRHC,QUEST RESOURCE HOLDING CORP
74837P108,QUIKGBP,QUICKLOGIC CORP
74837P405,QUIK,QUICKLOGIC CORP
74838C106,ZQKEUR,BOARDRIDERS INC
74838J101,QDELUSD,QUIDELORTHO CORP
74874Q100,QNST,QUINSTREET INC
74880P104,PHMEUR,QUIPT HOME MEDICAL CORP
749063103,QUMUUSD,QUMU CORP
749119103,QUOTUSD,QUOTIENT TECHNOLOGY INC
74915M605,LB30,QVC GROUP INC
74930B105,RBB,RBB BANCORP
74933V108,RARXEUR,RA PHARMACEUTICALS INC
74933W452,TBIL,F/M US TREASURY 3 MONTH BILL
74933W460,XBIL,F/M US TREASURY 6 MONTH BILL
74933W478,OBIL,F/M US TREASURY 12 MONTH BIL
74933W486,UTWOUSD,US TREASURY 2YR NOTE ETF
74933W601,TMFC,MOTLEY FOOL 100 INDEX ETF
74933W635,TMFG,MOTLEY FOOL GLOBAL OPP
74933W874,TMFS,MOTLEY FOOL SMALL-CAP GROWTH
74934Q108,RICK,RCI HOSPITALITY HOLDINGS INC
74935Q107,RBA,RB GLOBAL INC
749360400,RCMT,RCM TECHNOLOGIES INC
749397105,RCMEUR,R1 RCM INC
749527107,1RG,REV GROUP INC
749552105,RFIL,RF INDUSTRIES LTD
74955L103,RGCO,RGC RESOURCES INC
749607107,RLI,RLI CORP
74965L101,RLJ,RLJ LODGING TRUST
74965L200,RLJ 1.95 PERP A,RLJ LODGING TRUST
749660106,RES,RPC INC
74967R106,RMR,RMR GROUP INC/THE - A
74967X103,RH,RH
749685103,RPM,RPM INTERNATIONAL INC
749685AT0,RPM 2.25 12/15/20,RPM INTERNATIONAL INC
74969N103,RLX1USD,RLX TECHNOLOGY INC-ADR
74971D101,RPTUSD,RPT REALTY
74973WAB3,HWM 1.625 10/15/19,ARCONIC INC
74975N105,RTIXGBP,RTI SURGICAL HDS INC
74980D100,NWYUSD,RTW RETAILWINDS INC
74982T103,RXO,RXO INC
750102105,RXT,RACKSPACE TECHNOLOGY INC
750236101,RDN1USD,RADIAN GROUP INC
75025X100,RLGT,RADIANT LOGISTICS INC
750459109,RDS,RADISYS CORP
750469207,RDUSUSD,RADIUS HEALTH INC
750481103,RADIGUSD,RADIUS GLOBAL INFRASTRUCTU-A
750491102,RDNT,RADNET INC
75062E106,RFL,RAFAEL HOLDINGS INC-CLASS B
750917106,RMBS,RAMBUS INC
750940108,RAL,RALLIANT CORP
751212101,RL,RALPH LAUREN CORP
75134P501,METCB,RAMACO RESOURCES INC-B
75134P600,METC,RAMACO RESOURCES INC-A
75281A109,RRC,RANGE RESOURCES CORP
75282U104,RNGR,RANGER ENERGY SERVICES-CL A
753018100,RANI,RANI THERAPEUTICS HOLDINGS-A
75321W103,PACK,RANPAK HOLDINGS CORP
75340L104,RPID,RAPID MICRO BIOSYSTEMS INC-A
753422104,RPDUSD,RAPID7 INC
753422AF1,RPD 0.25 03/15/27,RAPID7 INC
75382E208,0RA0,RAPT THERAPEUTICS INC
75383L102,RAPP,RAPPORT THERAPEUTICS INC
754198109,RAVE,RAVE RESTAURANT GROUP INC
75419T103,RTLRUSD,RATTLER MIDSTREAM LP
754212108,RAVNUSD,RAVEN INDUSTRIES INC
754730109,RJF,RAYMOND JAMES FINANCIAL INC
754907103,RYN,RAYONIER INC
75508B104,RYAM,RAYONIER ADVANCED MATERIALS
755111507,RTN1GBP,RAYTHEON COMPANY
75513E101,RTX,RTX CORP
75524B104,RBC,RBC BEARINGS INC
75524W108,RMAX,RE/MAX HOLDINGS INC-CL A
75526L878,FEOE,FIRST EAGLE OVERSEAS EQ ETF
75526L886,FEGE,FIRST EAGLE GL EQUITY ETF
755408101,RDI,READING INTERNATIONAL INC-A
75574U101,RC,READY CAPITAL CORP
75585H206,REAX,REAL BROKERAGE INC/THE
75601W104,RELYEUR,REAL INDUSTRY INC
75605L708,RNWA,REALNETWORKS INC
75606N109,RPUSD,REALPAGE INC
756109104,OUSD,REALTY INCOME CORP
756158101,UTG,REAVES UTILITY INCOME FUND
75615P103,RETAUSD,REATA PHARMACEUTICALS INC-A
75629F109,RAH,SOCIETAL CDMO INC
75629V104,RXRX,RECURSION PHARMACEUTICALS-A
75644T100,RCAT,RED CAT HOLDINGS INC
756577102,RHT1USD,RED HAT INC
756577AD4,RHT 0.25 10/01/19,RED HAT INC
756764106,RLHUSD,RED LION HOTELS CORP
75686R202,RRBI,RED RIVER BANCSHARES INC
75689M101,RRGB,RED ROBIN GOURMET BURGERS
75700L108,RRR,RED ROCK RESORTS INC-CLASS A
75704L104,RDVT,RED VIOLET INC
75734B100,RDDT,REDDIT INC-CL A
75737F108,RDFN,REDFIN CORP
75737FAE8,RDFN 0.5 04/01/27,REDFIN CORP
757468103,RDHLGBP,REDHILL BIOPHARMA LTD-SP ADR
75776W103,RDW,REDWIRE CORP
758075402,RWT,REDWOOD TRUST INC
758075AC9,RWT 4.75 08/15/23,REDWOOD TRUST INC
758075AD7,RWT 5.625 07/15/24,REDWOOD TRUST INC
758750103,RRX,REGAL REXNORD CORP
758766109,RGCGBP,REGAL ENTERTAINMENT GROUP-A
758849103,REG3USD,REGENCY CENTERS CORP
75886F107,REGN,REGENERON PHARMACEUTICALS
758932107,RGSUSD,REGIS CORP
75901B107,RGNX,REGENXBIO INC
75902K106,RM,REGIONAL MANAGEMENT CORP
75915K309,RGLS,REGULUS THERAPEUTICS INC
7591EP100,RF,REGIONS FINANCIAL CORP
759351604,RGA,REINSURANCE GROUP OF AMERICA
759419104,REKR,REKOR SYSTEMS INC
75943R102,RLAY,RELAY THERAPEUTICS INC
759509102,RS,RELIANCE INC
759530108,RELX,RELX PLC - SPON ADR
75955J402,RLMD,RELMADA THERAPEUTICS INC
75955K102,MARKUSD,REMARK HOLDINGS INC
75956B101,RBNC,RELIANT BANCORP INC
75960P104,RELY,REMITLY GLOBAL INC
75970E107,RNST,RENASANT CORP
75971T301,SOL1USD,RENESOLA LTD-ADR
75972A301,REGIUSD,RENEWABLE ENERGY GROUP INC
75973T101,RNLXGBP,RENALYTIX AI PLC-ADR
759910102,KRMD,KORU MEDICAL SYSTEMS INC
759916109,RGEN,REPLIGEN CORP
759937204,IPO2EUR,RENAISSANCE IPO ETF
76009N100,UPBD,UPBOUND GROUP INC
760125104,RTO,RENTOKIL INITIAL PLC-SP ADR
760273102,RPTX,REPARE THERAPEUTICS INC
760281204,RBCAA,REPUBLIC BANCORP INC-CLASS A
76029L100,RPAY,REPAY HOLDINGS CORP
76029N106,REPL,REPLIMUNE GROUP INC
760416107,FRBKEUR,REPUBLIC FIRST BANCORP INC
760759100,RSG,REPUBLIC SERVICES INC
760911107,REFR,RESEARCH FRONTIERS INC
761025105,RSSS,RESEARCH SOLUTIONS INC
761152107,RMD,RESMED INC
76117W109,RFPUSD,RESOLUTE FOREST PRODUCTS
76118L102,RESNUSD,RESONANT INC
76118Y104,REZI,RESIDEO TECHNOLOGIES INC
76119X105,RSVRGBP,RESERVOIR MEDIA INC
76122Q105,RGP,RESOURCES CONNECTION INC
761299106,RTRXEUR,RETROPHIN INC
76129W105,RVP,RETRACTABLE TECHNOLOGIES INC
76131D103,QSR,RESTAURANT BRANDS INTERN
76131N101,ROICUSD,RETAIL OPPORTUNITY INVESTMEN
76131V202,RPAIUSD,RETAIL PROPERTIES OF AME - A
761330109,RVNCUSD,REVANCE THERAPEUTICS INC
76133Q102,RVIUSD,RETAIL VALUE INC
76134H101,RHLD,RESOLUTE HOLDINGS MANAG
761525609,REVUSD,REVLON INC-CLASS A
76155G206,RVLTUSD,REVOLUTION LIGHTING TECHNOLO
76155X100,RVMD,REVOLUTION MEDICINES INC
76156B107,RVLV,REVOLVE GROUP INC
761624105,REX,REX AMERICAN RESOURCES CORP
76169B102,RXNEUR,REXNORD CORP
76169C100,REXR,REXFORD INDUSTRIAL REALTY IN
76171L106,REYN,REYNOLDS CONSUMER PRODUCTS I
76200L309,RZLT,REZOLUTE INC
76243J105,RYTM,RHYTHM PHARMACEUTICALS INC
762544104,RBBN,RIBBON COMMUNICATIONS INC
762760106,RICEEUR,EQT RE MERGER SUB INC
763165107,RELL,RICHARDSON ELEC LTD
76525P100,RMBI,RICHMOND MUTUAL BANCORPORATI
765504105,RR,RICHTECH ROBOTICS INC-CL B
766559603,RIGLUSD,RIGEL PHARMACEUTICALS INC
766559702,RIGL,RIGEL PHARMACEUTICALS INC
76655K103,RGTI,RIGETTI COMPUTING INC
766582100,RNET,RIGNET INC
76665T102,REPX,RILEY EXPLORATION PERMIAN IN
76674Q107,RMNI,RIMINI STREET INC
76680R206,RNG,RINGCENTRAL INC-CLASS A
76680RAF4,RNG 0 03/01/25,RINGCENTRAL INC
76680RAH0,RNG 0 03/15/26,RINGCENTRAL INC
76680V108,REI,RING ENERGY INC
767204100,RIO,RIO TINTO PLC-SPON ADR
767292105,RIOT,RIOT PLATFORMS INC
767744105,RBAGBP,RITCHIE BROS AUCTIONEERS
767754872,RADUSD,RITE AID CORP
76881Y109,RIV,RIVERNORTH OPPORTUNITIES
76882G107,OPP,RIVERNRTH/DOUBLELNE STR OPP
76882H105,RMM,RVRNRTH MGD DUR MUNI INC
76883Y107,RFMZ,RIVERNORTH FLEX MUNI II
769397100,RVSB,RIVERVIEW BANCORP INC
76954A103,RIVN,RIVIAN AUTOMOTIVE INC-A
76954AAB9,RIVN 4.625 03/15/29,RIVIAN AUTO INC
76954AAD5,RIVN 3.625 10/15/30,RIVIAN AUTO INC
769755109,ROAN,ROAN RESOURCES INC
770323103,RHI,ROBERT HALF INC
770700102,HOOD,ROBINHOOD MARKETS INC - A
771049103,RBLX,ROBLOX CORP -CLASS A
771195104,RHHBYUSD,ROCHE HOLDINGS LTD-SPONS ADR
77311W101,RKT,ROCKET COS INC-CLASS A
773121108,RKLB,ROCKET LAB CORP
77313F106,RCKT,ROCKET PHARMACEUTICALS INC
773903109,ROK,ROCKWELL AUTOMATION INC
774374300,RMTIEUR,ROCKWELL MEDICAL INC
774515100,RCKY,ROCKY BRANDS INC
77467X101,RMCF,ROCKY MOUNTAIN CHOC FACT INC
775109200,RCI,ROGERS COMMUNICATIONS INC-B
775133101,ROG,ROGERS CORP
77543R102,ROKU,ROKU INC
775711104,ROL,ROLLINS INC
775781206,RRU1,ROLLS-ROYCE HOLDINGS-SP ADR
77634L105,RCM1USD,R1 RCM INC
77664L108,ROOTGBP,ROOT INC/OH -CLASS A
77664L207,ROOT,ROOT INC/OH -CLASS A
776696106,ROPUSD,ROPER TECHNOLOGIES INC
777385105,ROSEUSD,ROSEHILL RESOURCES INC
777780107,RST1USD,ROSETTA STONE INC
778296103,ROST,ROSS STORES INC
779376102,ROVIEUR,ROVI CORP
780087102,RY,ROYAL BANK OF CANADA
780097713,RBS 7.25 PERP T,ROYAL BK SCOTLND GRP PLC
780097739,RBS 6.6 PERP S,ROYAL BK SCOTLND GRP PLC
780097788,RBS 5.75 PERP L,ROYAL BK SCOTLND GRP PLC
780153BB7,RCL 4.25 06/15/23,ROYAL CARIBBEAN CRUISES
780259107,RDS/BUSD,ROYAL DUTCH SHELL-SPON ADR-B
780259206,RDS/AUSD,ROYAL DUTCH SHELL-SPON ADR-A
780259305,SHELUSD,SHELL PLC-ADR
780287108,RGLD,ROYAL GOLD INC
780287AA6,RGLD 2.875 06/15/19,ROYAL GOLD INC
78081T104,RGT,ROYCE GLOBAL TRUST INC
780910105,RVT,ROYCE SMALL-CAP TRUST INC
780915104,RMT1EUR,ROYCE MICRO-CAP TRUST INC
78112V102,RUBIUSD,RUBICON PROJECT INC/THE
781154109,RBRK,RUBRIK INC-A
78116T103,RUBYUSD,RUBIUS THERAPEUTICS INC
781270103,RTECUSD,RUDOLPH TECHNOLOGIES INC
78137L105,RUM,RUM GROUP INC
781386305,RDNW,RIDENOW GROUP INC
78163D100,RWAY,RUNWAY GROWTH FINANCE CORP
781846209,RUSHA,RUSH ENTERPRISES INC-CL A
781846308,RUSHB,RUSH ENTERPRISES INC - CL B
782011100,RSI,RUSH STREET INTERACTIVE INC
783332109,RUTHUSD,RUTH'S HOSPITALITY GROUP INC
78349D107,RXST,RXSIGHT INC
783513203,RYAAY,RYANAIR HOLDINGS PLC-SP ADR
78351F107,RYAN,RYAN SPECIALTY HOLDINGS INC
783549108,R,RYDER SYSTEM INC
783754104,RYZ,RYERSON HOLDING CORP
783764AS2,CAA 0.25 06/01/19,CALATLANTIC GROUP INC
78377T107,RHP,RYMAN HOSPITALITY PROPERTIES
783859101,STBA,S & T BANCORP INC
78397Q109,SES,SES AI CORP
78397T202,SABS,SAB BIOTHERAPEUTICS INC
78408D105,SBFG,SB FINANCIAL GROUP INC
78409V104,SPGI,S&P GLOBAL INC
78410G104,SBACUSD,SBA COMMUNICATIONS CORP
784117103,SEIC,SEI INVESTMENTS COMPANY
78413P101,SMHI,SEACOR MARINE HOLDINGS INC
784305104,HTO,H2O AMERICA
78433H303,SPYI,NEOS S&P 500 HIGH INCOME ETF
78433H501,CSHI,NEOS ENHANCED INCOME 1-3 MON
78433H576,QQQH,NEOS NDQ-100 HG EQ INC ETF
78433H634,IWMI,NEOS RUSSELL 2000 HIGH INC
78433H675,QQQI,NEOS NASDAQ-100 HIGH INC ETF
78435P105,SEZL,SEZZLE INC
78440P108,SKMGBX,SK TELECOM CO LTD-SPON ADR
78440P306,SKM,SK TELECOM CO LTD-SPON ADR
78440X101,SLG1USD,SL GREEN REALTY CORP
78440X804,SLG2EUR,SL GREEN REALTY CORP
78440X887,SLG,SL GREEN REALTY CORP
78442P106,SLM,SLM CORP
78454L100,SM,SM ENERGY CO
78462F103,SPY,SS SPDR S&P 500 ETF TRUST-US
78463M107,SPSC,SPS COMMERCE INC
78463V107,GLD,SPDR GOLD SHARES
78463X103,SPEU,STATE STREET SPDR PORTFOLIO
78463X152,NANR,STA STR SP S&P NOR AN RES-UI
78463X202,FEZ,STATE STREET SPDR EURO STOXX
78463X301,GMF,STATE STREET SPDR S&P EMERGI
78463X400,GXC,STATE STREET SPDR S&P CHINA
78463X418,QWLD,STATE STREET SPDR MSCI WORLD
78463X426,QEMM,STATE STREET SPDR MSCI EMERG
78463X434,QEFA,STSR SPD MSC EAF STGFS-US IN
78463X459,WDIV,ST STR SPD S&P GLO DIV-US IN
78463X475,SPGM,STATE STREET SPDR PORTFOLIO
78463X509,SPEM,STATE STREET SP PTF EM ETF
78463X533,EDIV,STATE STREET SPDR S&P EMERGI
78463X541,GNR,STATE STREET SPDR S&P GLOBAL
78463X749,RWO,STATE STREET SPDR DOW JONES
78463X756,EWX,STATE STREET SPDR S&P EMERGI
78463X772,DWX,STATE STREET SPDR S&P INTERN
78463X848,CWI1,SPDR MSCI ACWI EX-US
78463X855,GII,STATE STREET SPDR S&P GLOBAL
78463X863,RWX,STATE STREET SPDR DOW JONES
78463X871,GWX,STATE STREET SPDR S&P INTERN
78463X889,SPDW,STE STR SPDR PT DW EU ETF
78464A102,XNTK,SS SPDR NYSE TECH ETF
78464A110,XITK,SS SPDR F INNO TECH ETF
78464A128,VLU,SS SPDR S&P 1500 VALUE TILT
78464A144,SPBO,SS SPDR P CORP BOND ETF
78464A151,IBND,SS SPDR BB INTL CORP  BD ETF
78464A201,SLYG,SS SPDR S&P 600 SC GR ETF
78464A284,HYMB,SS SPDR N ICE HY MUNI ETF
78464A292,PSK,SS SPDR ICE PREF SEC ETF
78464A300,SLYV,SS SPDR S&P 600 SC VAL ETF
78464A334,BWZ,STATE STREET SPDR BLOOMBERG
78464A359,CWBUSD,SPDR BBG BARC CONVERTIBLE
78464A367,SPLB,SS SPDR P LONG TERM C ETF
78464A375,SPIB,SS SPDR P INT C CORP ETF
78464A383,SPMB,SS SPDR P MORT BACK BOND ETF
78464A391,EBND,STATE STREET SPDR BLOOMBERG
78464A409,SPYG,SS SPDR P S&P 500 GROWTH ETF
78464A474,SPSB,SS SPDR P ST C CORP ETF
78464A490,WIP,STATE STREET SPDR FTSE INTER
78464A508,SPYV,SS SPDR P S&P 500 VALUE ETF
78464A516,BWXUSD,SPDR BBG BARC INTL TREASURY
78464A532,XTN,SS SPDR S&P TRANSPORT ETF
78464A540,XTL,SS SPDR S&P TELECOM ETF
78464A573,XHS,SS SPDR S&P HC SERVICES ETF
78464A581,XHE,SS SPDR S&P HC EQUIP ETF
78464A599,XSW,SS SPDR S&P SOFT & SERV ETF
78464A607,RWR,SS SPDR DOW JONES REIT ETF
78464A631,XAR,SS SPDR S&P AEROSPACE DEF
78464A649,SPAB,SS SPDR P AGG BOND ETF
78464A656,SPIP,SS SPDR P TIPS ETF
78464A664,SPTL,SS SPDR PF LNG TRM TSY E-USD
78464A672,SPTI,SS SPDR P INT TERM TSY ETF
78464A698,KREUSD,SPDR S&P REGIONAL BANKING
78464A706,DGT,SS SPDR GLOBAL DOW ETF
78464A714,XRT,SPDR S&P RETAIL ETF
78464A722,XPH,SS SPDR S&P PHARMA ETF
78464A730,XOPUSD,SPDR S&P OIL & GAS EXP & PR
78464A748,XESUSD,SPDR OIL & GAS EQUIP & SERV
78464A755,XMEGBX,SPDR S&P METALS & MINING ETF
78464A763,SDY1GBP,SPDR S&P DIVIDEND ETF
78464A771,KCE,SS SPDR S&P CAP MKTS ETF
78464A789,KIE,SS SPDR S&P INSURANCE ETF
78464A797,KBE1,SPDR S&P BANK ETF
78464A805,SPTM,SS SPDR P S&P 1500 COMP ETF
78464A813,SLY,SPDR S&P 600 SMALL CAP ETF
78464A821,MDYG,SS SPDR S&P 400 MC GR ETF
78464A839,MDYV,SS SPDR S&P 400 MC VAL ETF
78464A847,SPMD,SS SPDR P S&P 400 MIDCAP ETF
78464A854,SPYM,STE STR SPDR PT S&P 500 ETF
78464A862,XSD,SS SPDR S&P SEMICONDUCTOR
78464A870,XBI,SS SPDR S&P BIOTECH ETF
78464A888,XHB,SS SPDR S&P HOMEBLDRS ETF
78467J100,SSNC,SS&C TECHNOLOGIES HOLDINGS
78467V103,RLY,SS MULTI-ASSET REAL RET ETF
78467V202,INKM,SS INCOME ALLOCATION ETF
78467V400,GAL,SS GLOBAL ALLOCATION ETF
78467V608,SRLN,SS BLACKSTONE SR LOAN ETF
78467V707,ULST,SS ULTRA SHORT TM BOND ETF
78467V848,TOTL,SS DOUBLELINE TR TACT ETF
78467X109,DIAGBX,SPDR DJIA TRUST
78467Y107,MDY,STATE STREET SPDR S&P MIDCAP
78468R101,SPTS,SS SPDR P ST TERM TSY ETF
78468R200,FLRN,SS SPDR BB IG FLOAT RT ETF
78468R408,SJNK,SS SPDR BB ST HI YIELD ETF
78468R440,CERY,SS SPDR BBG EN RY CM ST N-UI
78468R515,EMHC,SS SPDR BB EM USD BOND ETF
78468R523,BILS,SS SPDRB B 3-12M T-BILL ETF
78468R531,EFIV,SS SPDR S&P 500 ESG ETF
78468R549,XES,SS SPDR S&P OG EQP & SERV
78468R556,XOP,SS SPDR S&P OG EXP & PROD
78468R606,SPHY,SS SPDR P HIGH YIELD ETF
78468R622,JNK,SS SPDR BB HIGH YIELD BOND
78468R648,KOMP,SS SPDR S&P KENSHO NE COMP
78468R655,CNRG,SS SPDR S&P KENSHO CLP ETF
78468R663,BIL,SS SPDR BB 1-3M T-BILL ETF
78468R671,FITE,SS SPDR S&P KENSHO FS ETF
78468R689,HAIL,SS SPDR S&P KENSHO SM ETF
78468R705,MMTM,SS SPDR S&P 1500 MOM TILT
78468R721,TFI,SS SPDR N ICE MUNI BOND ETF
78468R739,SHM,SS SPDR N ICE ST MUNI ETF
78468R747,SHE,SS SPDR MSCI U GEND DIV ETF
78468R754,ONEV,SS SPDR R1000 LO VOL FOC ETF
78468R770,ONEY,SS SPDR R1000 YIELD FOC ETF
78468R788,SPYD,SS SPDR P S&P 500 HI DIV ETF
78468R796,SPYX,SS SPDR S&P 500 FOSS FL ETF
78468R804,LGLV,SPDR US LC LOW VOL IDX
78468R812,QUS,SS SPDR MSCI U STRATFACT ETF
78468R853,SPSM,SS SPDR P S&P 600 SMALL CAP
78468R861,TIPX,SS SPDR BB 1-10YR TIPS ETF
78468R887,SMLV,SS SPDR US SC LOW VOL IDX
78469C103,SPUSD,SP PLUS CORP
78469X107,FLOWUSD,SPX FLOW INC
78470E106,EFAX,STATE STREET SPDR MSCI EAFE
78470E205,EEMX,STATE STREET SPDR MSCI EMERG
78470P200,STOT,SS DL ST DUR TR TACT ETF
78470P408,XLSR,SS US SECTOR ROTATION
78470P507,FISR,SS FI SECTOR ROTATION
78470P630,ALLW,STATE STREET BRGWTR ALL WTHR
78470P846,HYBLUSD,SPDR BLACKSTONE HIGH INCOME
78470V108,SRCIEUR,SRC ENERGY INC
78471E105,SKYX,SKYX PLATFORMS CORP
78472W104,SQZGBP,SQZ BIOTECHNOLOGIES CO
784730103,SSRM,SSR MINING INC
78473E103,SPXC,SPX TECHNOLOGIES INC
78475V103,MWH,SOLV ENERGY INC-CL A
78486Q101,SIVBUSD,SVB FINANCIAL GROUP
78489X103,SVMKUSD,SVMK INC
78501P203,SWKH,SWK HOLDINGS CORP
78518H202,BRW,SABA CAPITAL INCOME & OPPORT
785688102,SBR,SABINE ROYALTY TRUST
78573L106,SBRA,SABRA HEALTH CARE REIT INC
78573M104,SABR,SABRE CORP
78574H104,SOC,SABLE OFFSHORE CORP
78590A109,SACH,SACHEM CAPITAL CORP
78645L100,SAFE1USD,SAFEHOLD INC
78646V107,SAFE,SAFEHOLD INC
78648T100,SAFT,SAFETY INSURANCE GROUP INC
786584102,SAFRYUSD,SAFRAN SA-UNSPON ADR
786598300,SGA,SAGA COMMUNICATIONS INC-CL A
78667J108,SG7,SAGE THERAPEUTICS INC
786700104,SGMT,SAGIMET BIOSCIENCES INC-A
78709Y105,SAIA,SAIA INC
78781J109,SAIL,SAILPOINT INC
78781P105,SAILEUR,SAILPOINT TECHNOLOGIES HOLDI
790148100,JOE,ST JOE CO/THE
794093104,SALM1EUR,SALEM MEDIA GROUP INC
79466L302,CRM,SALESFORCE INC
79466LAD6,CRM 0.25 04/01/18,SALESFORCE.COM INC
795435AE6,SLXP 1.5 03/15/19,SALIX PHARMACEUTICALS LT
79546E104,SBH,SALLY BEAUTY HOLDINGS INC
79589L106,IOT,SAMSARA INC-CL A
798241105,SJT,SAN JUAN BASIN ROYALTY TR
799566104,SANA,SANA BIOTECHNOLOGY INC
79957L100,SMTI,SANARA MEDTECH INC
79970Y105,SNUSD,SANCHEZ ENERGY CORP
800013104,SF9,SANDERSON FARMS INC
80004C200,SNDK,SANDISK CORP
80004CAD3,SNDK 1.5 08/15/17,SANDISK CORP
80004CAF8,SNDK 0.5 10/15/20,SANDISK LLC
80007P869,SD,SANDRIDGE ENERGY INC
80007T101,SDTTUUSD,SANDRIDGE MISSISSIPPIAN TRUS
80007V106,SDRMU,SANDRIDGE MISSISSIPPIAN TRUS
80013R206,SSL1GBP,SANDSTORM GOLD LTD
800363103,SD2,SANDY SPRING BANCORP INC
800422107,JBSS,JOHN B. SANFILIPPO & SON INC
800677106,SGMOUSD,SANGAMO THERAPEUTICS INC
801056102,SANM,SANMINA CORP
80105N105,SNY,SANOFI-ADR
80283M101,SC1USD,SANTANDER CONSUMER USA HOLDI
803054204,SAP2USD,SAP SE-SPONSORED ADR
80349A208,SAR,SARATOGA INVESTMENT CORP
80359A205,PDYN,PALLADYNE AI CORP
803607100,SRPT,SAREPTA THERAPEUTICS INC
803607AB6,SRPT 1.5 11/15/24,SAREPTA THERAPEUTICS INC
803607AD2,SRPT 1.25 09/15/27,SAREPTA THERAPEUTICS INC
803866300,SSL,SASOL LTD-SPONSORED ADR
80401C100,SATL,SATELLOGIC INC-A
80405P107,STSAUSD,SATSUMA PHARMACEUTICALS INC
804395101,BFS,SAUL CENTERS INC
805111101,SVRA,SAVARA INC
80517M109,SVV,SAVERS VALUE VILLAGE INC
806037107,SCSC,SCANSOURCE INC
806407102,HSIC,HENRY SCHEIN INC
806857108,SLB,SLB LTD
80687P106,SBGSYUSD,SCHNEIDER ELECT SE-UNSP ADR
806882106,SCHN1EUR,SCHNITZER STEEL INDS INC-A
80689H102,SNDR,SCHNEIDER NATIONAL INC-CL B
807066105,SCHL,SCHOLASTIC CORP
80706P103,SRRK,SCHOLAR ROCK HOLDING CORP
80810D103,SDGR,SCHRODINGER INC
808513105,SCHW,SCHWAB (CHARLES) CORP
808515530,SCTXX,SCHWAB AMT TAX FR MNY-ULTRA
808524102,SCHB,SCHWAB US BROAD MARKET ETF
808524201,SCHX,SCHWAB US LARGE-CAP ETF
808524300,SCHG,SCHWAB US LARGE-CAP GROWTH
808524409,SCHV,SCHWAB US LARGE-CAP VALUE
808524508,SCHM,SCHWAB US MID CAP ETF
808524607,SCHA,SCHWAB US SMALL-CAP ETF
808524615,SMBS,SCHWAB MBS ETF
808524631,SCYB,SCHWAB HIGH YIELD BOND ETF
808524649,SCMBUSD,SCHWAB MUNICIPAL BOND ETF
808524672,SCHY,SCHWAB INTERNATIONAL DVD ETF
808524680,SCHQ,SCHWAB LONG-TERM US TREASURY
808524698,SCHI,SCHWAB 5-10 YEAR CORPORATE B
808524706,SCHE,SCHWAB EMRG MRKTS EQTY ETF
808524714,SCHJ,SCHWAB 1-5 YR CORP BND ETF
808524722,SCHK,SCHWAB 1000 INDEX ETF
808524730,FNDE,SCHWAB FNDMNTL EM MRK EQ ETF
808524748,FNDC,SCHWAB FNDMNT INTL SM EQ ETF
808524755,FNDF,SCHWAB FNDMN INTL LRG CO ETF
808524763,FNDA,SCHWAB FNDMNTL US SM CO ETF
808524771,FNDX,SCHWAB FNDMNTL US LRG CO ETF
808524789,FNDB,SCHWAB FNDMNTL US BRD MR ETF
808524797,SCHD,SCHWAB US DVD EQUITY ETF
808524805,SCHF,SCHWAB INTL EQUITY ETF
808524839,SCHZ,SCHWAB US AGGREGATE BOND ETF
808524847,SCHH,SCHWAB US REIT ETF
808524854,SCHR,SCHWAB INTERMEDIATE-TERM US
808524862,SCHO,SCHWAB SHORT-TERM US TREAS
808524870,SCHP,SCHWAB U.S. TIPS ETF
808524888,SCHC,SCHWAB INTL SMALL-CAP EQUITY
808541106,MATV,MATIV HOLDINGS INC
808625107,SAIC,SCIENCE APPLICATIONS INTE
80874P109,SGMSUSD,LIGHT & WONDER INC
80880W106,SCLXUSD,SCILEX HOLDING CO
80880W205,SCLX,SCILEX HOLDING CO
809087109,2XY,SCIPLAY CORP-CLASS A
810186106,SMG,SCOTTS MIRACLE-GRO CO
810648105,SCPH,SCPHARMACEUTICALS INC
811054402,SSP,EW SCRIPPS CO/THE-A
811065101,SNI,SCRIPPS NETWORKS INTER-CL A
811246107,35OB,SCULPTOR CAPITAL MANAGEMENT
811292200,SCYXEUR,SCYNEXIS INC
81141R100,SEUSD,SEA LTD-ADR
81141RAF7,SEALTD 2.375 12/01/25,SEA LTD
81141RAG5,SEALTD 0.25 09/15/26,SEA LTD
811543107,SEB,SEABOARD CORP
811699107,SEACUSD,SEACHANGE INTERNATIONAL INC
811707801,SBCF,SEACOAST BANKING CORP/FL
81180WBL4,STX 3.5 06/01/28,SEAGATE HDD CAYMAN
81181C104,SGENUSD,SEAGEN INC
811916105,SEA1EUR,SEABRIDGE GOLD INC
812215200,SEG,SEAPORT ENTERTAINMENT GROUP
81234D109,SRSCQ,SEARS CANADA INC
812350106,SHLDUSD,SEARS HOLDINGS CORP
812362101,SHOSUSD,SEARS HOMETOWN AND OUTLET ST
81255T108,SPNEUSD,SEASPINE HOLDINGS CORP
812578102,SGENUSD,SEATTLE GENETICS INC
81282V100,PRKS,UNITED PARKS & RESORTS INC
81369Y100,XLB,SS MATERIALS SELECT SECTOR
81369Y209,XLV,SS HEALTH CARE SELECT SECTOR
81369Y308,XLP,SS CONSUMER STAPLES SEL SECT
81369Y407,XLY,CONSUMER DISCRETIONARY SELT
81369Y506,XLE,ENERGY SELECT SECTOR SPDR
81369Y605,XLF,FINANCIAL SELECT SECTOR SPDR
81369Y704,XLI,SS INDUSTRIAL SELECT SECTOR
81369Y803,XLKUSD,TECHNOLOGY SELECT SECT SPDR
81369Y852,XLC,SS COMM SELECT SECTOR SPDR
81369Y860,XLRE,SS REAL ESTATE SELECT SECTOR
81369Y886,XLU,UTILITIES SELECT SECTOR SPDR
81374A105,07S,SECUREWORKS CORP - A
814785309,SNFCA,SECURITY NATL FINL CORP-CL A
81578P106,SEER,SEER INC
816120307,2677370D,SELECT INTERIOR CONCEPTS-A
81617J301,WTTR,SELECT WATER SOLUTIONS INC
81617L108,SLCT,SELECT BANCORP INC
816212104,SELBUSD,CARTESIAN THERAPEUTICS INC
816212302,RNAC,CARTESIAN THERAPEUTICS INC
816300107,SIGI,SELECTIVE INSURANCE GROUP
816307300,SLQT,SELECTQUOTE INC
81642T209,SLS,SELLAS LIFE SCIENCES GROUP I
81663A105,SEMGUSD,SEMGROUP CORP-CLASS A
81663L101,SMFRUSD,SEMA4 HOLDINGS CORP
81663L200,WGS,GENEDX HOLDINGS CORP
81663N206,SMIUSD,SEMICONDUCTOR MANUFACT-ADR
81684M104,SMLRUSD,SEMLER SCIENTIFIC INC
816850101,SMTC,SEMTECH CORP
816851109,SRE,SEMPRA
816851406,SRE 6 01/15/21 A,SEMPRA ENERGY
81686C104,628,SEMRUSH HOLDINGS INC-A
81689T104,ASAIUSD,SENDAS DISTRIBUIDORA SA
817070501,SENEA,SENECA FOODS CORP - CL A
81721M109,SNH1USD,SENIOR HOUSING PROP TRUST
81725T100,SXT,SENSIENT TECHNOLOGIES CORP
81727U105,SENS1GBP,SENSEONICS HOLDINGS INC
81727U303,SENS,SENSEONICS HOLDINGS INC
81728A108,SNSEEUR,SENSEI BIOTHERAPEUTICS INC
81728J109,SRTS,SENSUS HEALTHCARE INC
81730H109,S,SENTINELONE INC -CLASS A
81734D104,SEPN,SEPTERNA INC
81749D107,SERA,SERA PROGNOSTICS INC-A
81750R102,MCRB1EUR,SERES THERAPEUTICS INC
81752R100,SRG,SERITAGE GROWTH PROP- A
81752T486,CLOX,ELDRIDGE AAA CLO ETF
81752T528,CLOZ,ELDRIDGE BBB-B CLO ETF
817565104,SCI4USD,SERVICE CORP INTERNATIONAL
81758H106,SERV,SERVE ROBOTICS INC
81761R109,SERVUSD,SERVICEMASTER GLOBAL HOLDING
81762P102,NOW,SERVICENOW INC
81762PAB8,NOW 0 11/01/18,SERVICENOW INC
81762PAC6,NOW 0 06/01/22,SERVICENOW INC
81763U100,SREVUSD,SERVICESOURCE INTERNATIONAL
81764X103,TTAN,SERVICETITAN INC-A
81768T108,SFBS,SERVISFIRST BANCSHARES INC
81784E101,SEVN,SEVEN HILLS REALTY TRUST
818097107,SSE1EUR,SEVENTY SEVEN ENERGY INC/OLD
819047101,SHAK,SHAKE SHACK INC - CLASS A
81948W104,SHCRUSD,SHARECARE INC
820014405,SBET,SHARPLINK INC
820017101,SMEDGUSD,SHARPS COMPLIANCE CORP
820054104,SHSP,SHARPSPRING INC
82024L103,STTK,SHATTUCK LABS INC
82028K200,SJR/BCAD,SHAW COMMUNICATIONS INC-B
822634101,SHLXUSD,SHELL MIDSTREAM PARTNERS LP
82312B106,SHEN,SHENANDOAH TELECOMMUNICATION
824348106,SHW,SHERWIN-WILLIAMS CO/THE
82452J109,FOUR,SHIFT4 PAYMENTS INC-CLASS A
82452JAB5,FOUR 0 12/15/25,SHIFT4 PAYMENTS INC
82452JAD1,FOUR 0.5 08/01/27,SHIFT4 PAYMENTS INC
824543102,SHLOQ,SHILOH INDUSTRIES INC
824596100,SHG,SHINHAN FINANCIAL GROUP-ADR
824889109,SHOE,SHOE STATION GROUP INC
82489T104,SWAVUSD,SHOCKWAVE MEDICAL INC
82489W107,SHLS,SHOALS TECHNOLOGIES GROUP -A
82509L107,SHOP,SHOPIFY INC - CLASS A
82509LAA5,SHOPCN 0.125 11/01/25,SHOPIFY INC
825107105,SHBI,SHORE BANCSHARES INC
82536T107,SSTI,SOUNDTHINKING INC
82568P304,SFLYUSD,SHUTTERFLY INC
825690100,SSTK,SHUTTERSTOCK INC
825698103,SPARUSD,SHYFT GROUP INC/THE
825704109,SIBN,SI-BONE INC
82575P107,SBSW,SIBANYE-STILLWATER LTD-ADR
826165201,SIDU,SIDUS SPACE INC-CL A
826176109,SIEB,SIEBERT FINANCIAL CORP
826197501,SIEGYUSD,SIEMENS AG-SPONS ADR
82620P102,BSRR,SIERRA BANCORP
82621J105,SIENUSD,SIENTRA INC
82640U107,SRRAUSD,SIERRA ONCOLOGY INC
826516106,SW1GBP,SIERRA WIRELESS INC
826546103,SIF,SIFCO INDUSTRIES
82655M107,SIFYUSD,SIFY TECHNOLOGIES-SPON ADR
82657M105,SGHT,SIGHT SCIENCES INC
826599102,SGML,SIGMA LITHIUM CORP
82669G104,SBNYMXN,SIGNATURE BANK
82671G100,SGFYGBP,SIGNIFY HEALTH INC -CLASS A
82686Q101,SLN,SILENCE THERAPEUTICS PLC-ADR
826917106,SIGA,SIGA TECHNOLOGIES INC
826919102,SLAB,SILICON LABORATORIES INC
826919AD4,SLAB 0.625 06/15/25,SILICON LABORATORIES INC
827048109,SLGN,SILGAN HOLDINGS INC
82706C108,SIMOUSD,SILICON MOTION TECHNOL-ADR
82710M100,SILKUSD,SILK ROAD MEDICAL INC
82728C102,SVCO,SILVACO GROUP INC
828359109,SAMG,SILVERCREST ASSET MANAGEME-A
82835P103,SVM,SILVERCORP METALS INC
82835W108,SPRY,ARS PHARMACEUTICALS INC
828363101,SIL1GBP,SILVERCREST METALS INC
82836G102,SBOWUSD,SILVERBOW RESOURCES INC
82836L101,SBEA,SILVERBOX ENGAGED MERGER C-A
82837P408,SIEUR,SILVERGATE CAPITAL CORP-CL A
82846H405,QXO,QXO INC
828730200,SFNC,SIMMONS FIRST NATL CORP-CL A
828806109,SPG,SIMON PROPERTY GROUP INC
82889N202,SPD,SIMPLIFY US EQTY PLUS DOWN
82889N525,MTBA,SIMPLIFY MBS ETF
82889N632,HIGH,SIMPLIFY ENHANCED INCOME ETF
82889N640,BUCK1USD,SIMPLIFY TREASURY OPTION INC
82889N657,TUA,SIM ST TREAS FUT STRAT ETF
82889N699,CTAUSD,SIMPLIFY MANAGED FUTURES ST
82889N723,AGGH1USD,SIMPLIFY AGGREGATE BOND ETF
82889N764,HEQT,SIMPLIFY HEDGED EQUITY ETF
82889N772,PINK,SIMPLIFY HEALTH CARE ETF
82889N830,CDX,SIMPLIFY HIGH YIELD ETF
82889N855,PFIX,SIMPLIFY INTEREST RATE HEDGE
82889N863,SVOL,SIMPLIFY VOLATILITY PREMIUM
82900L102,SMPL,SIMPLY GOOD FOODS CO/THE
829073105,SSD,SIMPSON MANUFACTURING CO INC
829214105,SLP,SIMULATIONS PLUS INC
829226109,2362120D,SINCLAIR BROADCAST GROUP LLC
829242106,SBGI,SINCLAIR INC
82935M109,SHI1USD,SINOPEC SHANGHAI-SPONS ADR
829399104,AXONEUR,SIO GENE THERAPIES INC
829401108,SION,SIONNA THERAPEUTICS INC
82968B103,SIRIUSD,SIRIUS XM HOLDINGS INC
82981J109,SITCEUR,SITE CENTERS CORP
82981J851,SITC,SITE CENTERS CORP
82982L103,SITE,SITEONE LANDSCAPE SUPPLY INC
82982T106,SITM,SITIME CORP
82982V101,FLMNGUSD,SITIO ROYALTIES CORP/OLD
82983N108,SB9,SITIO ROYALTIES CORP-A
829933100,SIRI,SIRIUS XM HOLDINGS INC
83001A102,SIXEUR,SIX FLAGS ENTERTAINMENT CORP
83001C108,FUN,SIX FLAGS ENTERTAINMENT CORP
83012A109,TSLX,SIXTH STREET SPECIALTY LENDI
830566105,SKXEUR,SKECHERS USA INC-CL A
83056P715,SKE,SKEENA RESOURCES LTD
83066P200,CCXUSD,SKILLSOFT CORP
83066P309,SKIL,SKILLSOFT CORP
83067L208,FIRY,FIRY INC
830830105,SKY,CHAMPION HOMES INC
83085C107,SKYH,SKY HARBOUR GROUP CORP
83086J200,SKYE,SKYE BIOSCIENCE INC
830879102,SKYW,SKYWEST INC
83088M102,SWKS,SKYWORKS SOLUTIONS INC
83088V102,WORK,SLACK TECHNOLOGIES INC- CL A
830940102,SKWD,SKYWARD SPECIALTY INSURANCE
83125X103,SNBRUSD,SLEEP NUMBER CORP
831349105,SLDE,SLIDE INSURANCE HOLDINGS INC
831754106,SWBI,SMITH & WESSON BRANDS INC
83175M205,SNN,SMITH & NEPHEW PLC -SPON ADR
831865209,AOS1USD,SMITH (A.O.) CORP
83190L208,SMBK,SMARTFINANCIAL INC
83191H107,SND,SMART SAND INC
83192D402,SMA,SMARTSTOP SELF STORAGE REIT
83192H106,SDCEUR,SMILEDIRECTCLUB INC
83193G107,SMRT,SMARTRENT INC
83200N103,SMARGBP,SMARTSHEET INC-CLASS A
83207R107,SDHC,SMITH DOUGLAS HOMES CORP
832154207,SMSIEUR,SMITH MICRO SOFTWARE INC
832156103,SMID,SMITH-MIDLAND CORP
832248207,SFD,SMITHFIELD FOODS INC
832696405,SJM,JM SMUCKER CO/THE
833034101,SNA,SNAP-ON INC
83304A106,SNAP,SNAP INC - A
83304AAB2,SNAP 0.75 08/01/26,SNAP INC
83304AAF3,SNAP 0 05/01/27,SNAP INC
83307B101,SNDL,SNDL INC
833445109,SNOW,SNOWFLAKE INC
83356Q108,SY,SO-YOUNG INTERNATIONAL-ADR
833635105,SQM,QUIMICA Y MINERA CHIL-SP ADR
83404D109,SFTBYGBP,SOFTBANK GROUP CORP-UNSP ADR
83406F102,SOFI,SOFI TECHNOLOGIES INC
83408W103,SOHUN,SOHU.COM INC
83409V104,SOGOEUR,SOGOU INC-ADR
83410S108,SOHU,SOHU.COM LTD-ADR
83413U100,SLRC,SLR INVESTMENT CORP
83416M105,SUNSUSD,SOLAR SENIOR CAPITAL LTD
83417M104,SEDG,SOLAREDGE TECHNOLOGIES INC
83417MAD6,SEDG 0 09/15/25,SOLAR EDGE TECHNOLOGIES
83417Q105,SWIUSD,SOLARWINDS CORP
83417Q204,0OIA,SOLARWINDS CORP
83418M103,SEI,SOLARIS ENERGY INFRASTRUCTUR
83419D201,SLSR,SOLARIS RESOURCES INC
834203200,SLNOEUR,SOLENO THERAPEUTICS INC
834203309,6XC,SOLENO THERAPEUTICS INC
83422E204,SLDB,SOLID BIOSCIENCES INC
83422N105,SLDP,SOLID POWER INC
834251100,SOLY,SOLITON INC
8342EP107,XPL,SOLITARIO RESOURCES CORP
83443Q103,SOLS,SOLSTICE ADV MATERIALS INC
83444K105,SLGCUSD,SOMALOGIC INC
83444M101,SOLV,SOLVENTUM CORP
83545G102,SAH,SONIC AUTOMOTIVE INC-CLASS A
835495102,SON,SONOCO PRODUCTS CO
835699307,SNEUSD,SONY CORP-SPONSORED ADR
83570H108,SONO,SONOS INC
83578Q209,SPHSUSD,SOPHIRIS BIO INC
83587F202,SRNEUSD,SORRENTO THERAPEUTICS INC
835898107,BID1USD,SOTHEBY'S
83600C103,SOHOUSD,SOTHERLY HOTELS INC
83601L102,SHC,SOTERA HEALTH CO
83607A100,SFBC,SOUND FINANCIAL BANCORP INC
836100107,SOUN,SOUNDHOUND AI INC-A
83671M105,SOBO,SOUTH BOW CORP
838518108,SJIUSD,SOUTH JERSEY INDUSTRIES
83946P107,SPFI,SOUTH PLAINS FINANCIAL INC
840441109,SSBUSD,SOUTHSTATE BANK CORP
84252A106,BCAL,CALIFORNIA BANCORP
842587107,SO,SOUTHERN CO/THE
842587602,SO 6.75 08/01/22 2019,SOUTHERN CO
842587DP9,SO 3.875 12/15/25,SOUTHERN CO
842587DZ7,SO 4.5 06/15/27,SOUTHERN CO
84265V105,SCCO,SOUTHERN COPPER CORP
842873101,SFST,SOUTHERN FIRST BANCSHARES
843380106,SMBC,SOUTHERN MISSOURI BANCORP
843395104,SONAUSD,PRIMIS FINANCIAL CORP
843878307,2666064D,SOUTHERN STATES BANCSHARES
84445C100,SLND,SOUTHLAND HOLDINGS INC
84470P109,SBSI,SOUTHSIDE BANCSHARES INC
84472E102,SSB,SOUTHSTATE BANK CORP
84473L105,SOUHYUSD,SOUTH32 - ADR
844741108,LUV,SOUTHWEST AIRLINES CO
844741BG2,LUV 1.25 05/01/25,SOUTHWEST AIRLINES CO
844895102,SWX,SOUTHWEST GAS HOLDINGS INC
845467109,SWN1USD,SOUTHWESTERN ENERGY CO
845467208,EXE 6.25 01/15/18 B,SOUTHWESTERN ENERGY CO
846511103,SPKEUSD,SPARK ENERGY INC-CLASS A
84652J103,ONCEUSD,SPARK THERAPEUTICS INC
847215100,SPTNUSD,SPARTANNASH CO
84741T104,SPE,SPECIAL OPPORTUNITIES FUND
84763A108,SPPIUSD,SPECTRUM PHARMACEUTICALS INC
847788106,TRK,SPEEDWAY MOTORSPORTS LLC
84790A105,SPB,SPECTRUM BRANDS HOLDINGS INC
84833T103,SPRO,SPERO THERAPEUTICS INC
848560108,NSHEUR,SPIRE GLOBAL INC
848560306,SPIR,SPIRE GLOBAL INC
848574109,SPREUR,SPIRIT AEROSYSTEMS HOLD-CL A
848577102,SAVEEUR,SPIRIT AIRLINES INC
848577AB8,SAVE 1 05/15/26,SPIRIT AIRLINES INC
84857L101,SR,SPIRE INC
84858T772,EUAD,SELECT STOXX EUR AER DE ETF
84860W300,SRCUSD,SPIRIT REALTY CAPITAL INC
84860WAA0,SRC 2.875 05/15/19,SPIRIT REALTY CAPITAL IN
84860WAB8,SRC 3.75 05/15/21,SPIRIT REALTY CAPITAL IN
848637104,SPLKUSD,SPLUNK INC
848637AC8,SPLK 0.5 09/15/23,SPLUNK INC
848637AD6,SPLK 1.125 09/15/25,SPLUNK INC
848637AF1,SPLK 1.125 06/15/27,SPLUNK INC
84863T106,SPOK,SPOK HOLDINGS INC
84920Y106,SPWH,SPORTSMAN'S WAREHOUSE HOLDIN
84921RAB6,SPOT 0 03/15/26,SPOTIFY USA INC
849343108,SRLPUSD,SPRAGUE RESOURCES LP
849431101,SBPHUSD,SPRING BANK PHARMACEUTICALS
85205L107,SWTXUSD,SPRINGWORKS THERAPEUTICS INC
852066208,SII,SPROTT INC
85207H104,PHYS,SPROTT PHYSICAL GOLD TRUST
85207K107,PSLV,SPROTT PHYSICAL SILVER TRUST
85207Q104,SPPP,SPROTT PHYSICAL PLATINUM AND
85208J109,FUND,SPROTT FOCUS TRUST INC
85208M102,SFM,SPROUTS FARMERS MARKET INC
85208P303,URNM1EUR,SPROTT URANIUM MINERS ETF
85208P402,SETM1USD,SPROTT ENERGY TRAN MTRLS ETF
85208P808,URNJUSD,SPROTT JR URANIUM MINERS ETF
85208P873,SLVR,SPROTT SLVR MINER & PHY SLVR
85208R101,CEF,SPROTT PHYSICAL GOLD AND SIL
85208T107,CXM,SPRINKLR INC-A
85209W109,SPT,SPROUT SOCIAL INC - CLASS A
85210B102,SGDM,SPROTT GOLD MINERS ETF
85210B201,SGDJ,SPROTT JR. GOLD MINERS ETF
852234103,XYZ,BLOCK INC
852234AD5,XYZ 0.5 05/15/23,BLOCK INC
852234AF0,XYZ 0.125 03/01/25,BLOCK INC
852234AJ2,XYZ 0 05/01/26,BLOCK INC
852234AK9,XYZ 0.25 11/01/27,BLOCK INC
85225A107,8DT,SQUARESPACE INC - CLASS A
852312305,STAA,STAAR SURGICAL CO
85254C305,SSI3EUR,STAGE STORES INC
85254J102,STAG,STAG INDUSTRIAL INC
85256A109,STGW,STAGWELL INC
852857200,STMPEUR,STAMPS.COM INC
853606101,SLI,STANDARD LITHIUM LTD
853666105,SMP,STANDARD MOTOR PRODS
854231107,SXI,STANDEX INTERNATIONAL CORP
85423L103,SARO,STANDARDAERO INC
854502101,SWK,STANLEY BLACK & DECKER INC
854502846,SWK 5.25 11/15/22,STANLEY BLACK & DECKER I
85472N109,STN,STANTEC INC
85512C105,SGU,STAR GROUP LP
85512G106,STHO,STAR HOLDINGS
85521B742,AGOX,ADAPTIVE ALPHA OPPORTUNITIES
855244109,SBUX,STARBUCKS CORP
85570W100,AYAUSD,STARS GROUP INC/THE
85571B105,STWD,STARWOOD PROPERTY TRUST INC
85571BAA3,STWD 4.55 03/01/18,STARWOOD PROPERTY TRUST
85571BAB1,STWD 4 01/15/19,STARWOOD PROPERTY TRUST
85571BAH8,STWD 4.375 04/01/23,STARWOOD PROPERTY TRUST
855919106,STRZ,STARZ ENTERTAINMENT CORP
857477103,STT,STATE STREET CORP
858119100,STLD,STEEL DYNAMICS INC
858155203,GJB,STEELCASE INC-CL A
858568108,SCM,STELLUS CAPITAL INVESTMENT C
858586100,SCL,STEPAN CO
85858C107,STMLUSD,STEMLINE THERAPEUTICS INC
85859N300,STEM,STEM INC
858912108,SRCLUSD,STERICYCLE INC
858912207,SRCL 5.25 09/15/18,STERICYCLE INC
85914M107,STEP,STEPSTONE GROUP INC-CLASS A
85916J409,STXS,STEREOTAXIS INC
85917A100,STL,STERLING BANCORP/DE
85917W102,SBTEUR,STERLING BANCORP INC/MI
859241101,STRL,STERLING INFRASTRUCTURE INC
860372101,STC,STEWART INFORMATION SERVICES
860630102,SF,STIFEL FINANCIAL CORP
860897107,SFIX,STITCH FIX INC-CLASS A
861012102,STM,STMICROELECTRONICS NV-NY SHS
861025104,SYBT,STOCK YARDS BANCORP INC
86150R107,STOK,STOKE THERAPEUTICS INC
86164T107,EDF,VSH EMERGING MARKETS INCOME
861780104,BANXEUR,ARROWMARK FINANCIAL CORP
86183P102,SRI,STONERIDGE INC
86184W106,STON1USD,STONEMOR INC
861896108,SNEX,STONEX GROUP INC
862121100,S76,STORE CAPITAL CORP
86272C103,STRA,STRATEGIC EDUCATION INC
86280R506,HNDL,NASDAQ 7 HANDL INDEX ETF
86280R803,SSUS,DAY HAGAN SMART SECTOR ETF
862945300,ASST,STRIVE INC-A
863111100,STRT,STRATTEC SECURITY CORP
863167201,STRSEUR,STRATUS PROPERTIES INC
863182101,STRW,STRAWBERRY FIELDS REIT INC
86333M108,LRN,STRIDE INC
86333MAA6,LRN 1.125 09/01/27,STRIDE INC
86337R103,SDIG,STRONGHOLD DIGITAL MINING-A
863667101,SYK,STRYKER CORP
86366E106,GPCR,STRUCTURE THERAPEUTICS INC
86384P109,STUB,STUBHUB HOLDINGS INC-CLASS A
864159108,RGR,STURM RUGER & CO INC
864482104,SPH,SUBURBAN PROPANE PARTNERS LP
86562M209,SMFG,SUMITOMO MITSUI-SPONS ADR
866082100,INN,SUMMIT HOTEL PROPERTIES INC
866142102,SMLPUSD,SUMMIT MIDSTREAM PARTNERS LP
86614G101,SMC,SUMMIT MIDSTREAM CORP
86614U100,SUMUSD,SUMMIT MATERIALS INC -CL A
86627T108,SMMT,SUMMIT THERAPEUTICS INC
86633R609,DVLT,DATAVAULT AI INC
86646P103,SUMO2EUR,SUMO LOGIC INC
866674104,SUI,SUN COMMUNITIES INC
866683105,6X2,SUN COUNTRY AIRLINES HOLDING
866796105,SLF,SUN LIFE FINANCIAL INC
866966104,SUNB,SUNBELT RENTALS HOLDINGS INC
867224107,SU,SUNCOR ENERGY INC
86722A103,SXC,SUNCOKE ENERGY INC
86722Y101,SXCPUSD,SUNCOKE ENERGY PARTNERS LP
86730L109,SNDLEUR,SNDL INC
867328700,SNSSUSD,SUNESIS PHARMACEUTICALS INC
86732Y109,SUNEQUSD,SUNEDISON INC
86745K104,7SE,SUNNOVA ENERGY INTERNATIONAL
867652406,SPWRUSD,SUNPOWER CORP
867652AL3,SPWR 4 01/15/23,SUNPOWER CORP
86765K109,SUN4EUR,SUNOCO LP
86765Q106,SUNC,SUNOCOCORP LLC
8676EP108,ZSK,SUNOPTA INC
86771W105,RUN,SUNRUN INC
867892101,SHO,SUNSTONE HOTEL INVESTORS INC
867975104,SNREN,SUNRISE COMMUNICAT-CL A
867981102,SUNS,SUNRISE REALTY TRUST INC
86800U104,SMCIUSD,SUPER MICRO COMPUTER INC
86800U302,SMCI,SUPER MICRO COMPUTER INC
86803X204,SLTDEUR,SUNWORKS INC
868168105,SPD,SUPERIOR INDUSTRIES INTL
868358102,SGC,SUPERIOR GROUP OF COS INC
868459108,SUPN,SUPERNUS PHARMACEUTICALS INC
868459AD0,SUPN 0.625 04/01/23,SUPERNUS PHARMACEUTICALS
868607102,STSEUR,SUPREME INDS INC-CLASS A
86877M209,SURFUSD,SURFACE ONCOLOGY INC
86881A100,SGRY,SURGERY PARTNERS INC
86882C105,RTIXUSD,SURGALIGN HOLDINGS INC
86882L204,SURG,SURGEPAYS INC
868873100,SU6,SURMODICS INC
86887Q109,NSLR,NEOSTELLAR CAPITAL CORP
868927203,SRFM,SURF AIR MOBILITY INC
86959K105,SUZ,SUZANO SA - SPON ADR
870297603,RJAEUR,ELEMENTS ROGERS AGRI TOT RET
87043Q108,SG,SWEETGREEN INC - CLASS A
870875101,SWZ,TOTAL RETURN SECURITIES FUND
87105L104,SWCHEUR,SWITCH INC - A
871332102,SLVM,SYLVAMO CORP
871503108,SYMCUSD,SYMANTEC CORP
87151X101,SYM,SYMBOTIC INC
871561106,SYNC,SYNACOR INC
871565107,ACNT,ASCENT INDUSTRIES CO
87157B103,SNCRUSD,SYNCHRONOSS TECHNOLOGIES INC
87157B400,H6K0,SYNCHRONOSS TECHNOLOGIES INC
87157D109,SYNA,SYNAPTICS INC
87157DAD1,SYNA 0.5 06/15/22,SYNAPTICS INC
871607107,SNPS,SYNOPSYS INC
87160A100,SYTUSD,SYNGENTA AG-ADR
87161C501,SYU1,SYNOVUS FINANCIAL CORP
87162W100,SNX,TD SYNNEX CORP
87164F105,SNDX,SYNDAX PHARMACEUTICALS INC
871655106,SYPR,SYPRIS SOLUTIONS INC
87165B103,SYF,SYNCHRONY FINANCIAL
87166B102,INCREUR,SYNEOS HEALTH INC
871829107,SYY,SYSCO CORP
87184Q107,SYRSUSD,SYROS PHARMACEUTICALS INC
87184Q206,SYRSEUR,SYROS PHARMACEUTICALS INC
871851101,SYXUSD,SYSTEMAX INC
872280102,CGBD,CARLYLE SECURED LENDING INC
872307103,CHFCEUR,TCF FINANCIAL CORP
87233Q108,TCPUSD,TC PIPELINES LP
872340104,TSI,TCW STRATEGIC INCOME FUND
87236Y108,AMT,TD AMERITRADE HOLDING CORP
872381108,TELA,TELA BIO INC
872386107,TESSUSD,TESSCO TECHNOLOGIES INC
87240R107,TFSL,TFS FINANCIAL CORP
87241J104,TFFPUSD,TFF PHARMACEUTICALS INC
87241L109,TFII,TFI INTERNATIONAL INC
872438106,TCRDUSD,FIRST EAGLE ALTERNATIVE CAPI
872540109,TJX,TJX COMPANIES INC
87256C101,TKO,TKO GROUP HOLDINGS INC
872590104,TMUS,T-MOBILE US INC
872590112,TMUSREUR,T-MOBILE US INC - RIGHTS
872590203,TMUS 5.5 12/15/17,T-MOBILE US INC
87261Y106,TMC,TMC THE METALS CO INC
872657101,TPG,TPG INC
87265H109,TPHUSD,TRI POINTE GROUP INC
87265K102,TSLXUSD,TPG SPECIALTY LENDING INC
87266M107,TRTX,TPG RE FINANCE TRUST INC
87283P109,TRX,TRX GOLD CORP
87283Q107,TCHP,T ROWE PRICE BLUE CHIP GROWT
87283Q404,TDVG,T ROWE PRICE DIVIDEND GROWTH
87283Q503,TSPA,T ROWE PRICE US EQY RESEARCH
87283Q701,TBUX,T ROWE PRICE ULTRA SHORT-TER
87283Q826,TMSL,T.ROWE PRC SMALL-MID CAP ETF
87283Q867,TCAFUSD,T ROWE PRC CAP APPRECIATION
87283Q883,TFLRUSD,T ROWE PRICE FLOATING RT ETF
87288V101,TSSI,TSS INC
87301L205,9FKA,TCW SPECIAL PURPOSE ACQUISIT
87305R109,TTMI,TTM TECHNOLOGIES
87305RAD1,TTMI 1.75 12/15/20,TTM TECHNOLOGIES INC
87313P103,TXOUSD,TXO PARTNERS LP
87318A101,TWFG,TWFG INC
87336U105,DATA2USD,TABLEAU SOFTWARE INC-CL A
873379101,TRHCEUR,TABULA RASA HEALTHCARE INC
87357P100,TCMD,TACTILE SYSTEMS TECHNOLOGY I
874036106,TWN,TAIWAN FUND INC/TH/MD-US INC
874039100,TSM,TAIWAN SEMICONDUCTOR-SP ADR
87403A107,TLRDEUR,TAILORED BRANDS INC
874054109,TTWO,TAKE-TWO INTERACTIVE SOFTWRE
874060205,TAK,TAKEDA PHARMACEUTIC-SP ADR
874080104,TAL,TAL EDUCATION GROUP- ADR
874224207,TLNDUSD,TALEND SA  - ADR
87422Q109,TLN,TALEN ENERGY CORP
87427V103,TALK,TALKSPACE INC
874696107,TEGPUSD,TALLGRASS ENERGY LP
87484T108,TALO,TALOS ENERGY INC
875372203,TNDM,TANDEM DIABETES CARE INC
875465106,SKT,TANGER INC
87583X109,TNGX,TANGO THERAPEUTICS INC
876030107,TPR,TAPESTRY INC
87612E106,TGT,TARGET CORP
87612G101,TRGP,TARGA RESOURCES CORP
87615L107,TH,TARGET HOSPITALITY CORP
87650L103,TARS,TARSUS PHARMACEUTICALS INC
876511106,TKOEUR,TASEKO MINES LTD
87652V109,TASK,TASKUS INC-A
876568502,TTMUSD,TATA MOTORS LTD-SPON ADR
87663X102,TTCFEUR,TATTOOED CHEF INC
876664103,TCOUSD,TAUBMAN CENTERS INC
877163105,TAYD,TAYLOR DEVICES INC
87724P106,TMHC*,TAYLOR MORRISON HOME CORP
877619106,TSHA,TAYSHA GENE THERAPIES INC
87807B107,TRP,TC ENERGY CORP
87808K106,TCRRUSD,TCR2 THERAPEUTICS INC
878155100,TISIUSD,TEAM INC
878237106,TECD1USD,TECH DATA CORP
878742204,TECK,TECK RESOURCES LTD-CLS B
87874R100,EFT,TECHTARGET
87874R308,TTGT,TECHTARGET INC
87876P201,TGEN,TECOGEN INC/WALTHAM MA
878972108,TECX,TECTONIC THERAPEUTIC INC
87901J105,GTT,TEGNA INC
879080109,TRC,TEJON RANCH CO
879105104,THQ,ABRDN HEALTHCARE OPPORT
87911J103,HQH,ABRDN HEALTHCARE INVESTORS
87911K100,HQL,ABRDN LIFE SCIENCES INVESTOR
87911L108,THW,ABRDN WORLD HEALTHCARE FUND
879181105,TLRAEUR,TELARIA INC
87918A105,TDOC,TELADOC HEALTH INC
87918AAF2,TDOC 1.25 06/01/27,TELADOC HEALTH INC
879273209,TEO,TELECOM ARGENTINA SA-SP ADR
87927Y102,TI2EUR,TELECOM ITALIA SPA-SPON ADR
879360105,TDY,TELEDYNE TECHNOLOGIES INC
879369106,TFX,TELEFLEX INC
87936R106,VIV1USD,TELEFONICA BRASIL-ADR PREF
87936R205,VIV2USD,TELEFONICA BRASIL-ADR
879382208,TEF1USD,TELEFONICA SA-SPON ADR
879433829,TDS,TELEPHONE AND DATA SYSTEMS
879455103,TNAVUSD,TELENAV INC
879512309,TSAT,TELESAT CORP
87968A104,TELLUSD,TELLURIAN INC
87969B101,TLS,TELOS CORPORATION
87971M103,TU,TELUS CORP
87975H100,TIXT,TELUS INTERNATIONAL CDA INC
87990A106,TNYA,TENAYA THERAPEUTICS INC
88018T101,TDF,TEMPLETON DRAGON FUND INC
880191101,EMF,TEMPLETON EMERGING MARKETS
880192109,TEI,TEMPLETON EMRG MKTS INC
880198205,SABA,SABA CAPITAL INCOME & OPP II
88023B103,TEM,TEMPUS AI INC-CL A
88023U101,SGI,SOMNIGROUP INTERNATIONAL INC
88025T102,TENB,TENABLE HOLDINGS INC
88025U109,TXG,10X GENOMICS INC-CLASS A
88031M109,TS,TENARIS SA-ADR
88032Q109,TCEHYUSD,TENCENT HOLDINGS LTD-UNS ADR
88033G407,THC,TENET HEALTHCARE CORP
880345103,TNC,TENNANT CO
880349105,TNN,TENNECO INC-CLASS A
88034P109,TME,TENCENT MUSIC ENTERTAINM-ADR
88076W103,TDC,TERADATA CORP
880770102,TER,TERADYNE INC
880770AG7,TER 1.25 12/15/23,TERADYNE INC
880779103,TEX,TEREX CORP
88080T104,WULF,TERAWULF INC
88087E100,SERVUSD,TERMINIX GLOBAL HOLDINGS INC
880881107,430,TERNS PHARMACEUTICALS INC
880890108,TX,TERNIUM SA-SPONSORED ADR
881005201,TNHUSD,TERRA NITROGEN COMPANY LP
88104R209,TERPUSD,TERRAFORM POWER INC - A
88105A106,SZYMEUR,TERRAVIA HOLDINGS INC
881454102,IMSR,TERRESTRIAL ENERGY INC
88145X108,TBNKUSD,TERRITORIAL BANCORP INC
88146M101,TRNO,TERRENO REALTY CORP
881569107,T8S,TESARO INC
88160R101,TSLA,TESLA INC
88160RAA9,TSLA 1.5 06/01/18,TESLA INC
88160RAB7,TSLA 0.25 03/01/19,TESLA INC
88160RAC5,TSLA 1.25 03/01/21,TESLA INC
88160RAD3,TSLA 2.375 03/15/22,TESLA INC
88160RAG6,TSLA 2 05/15/24,TESLA INC
881624209,TEVAUSD,TEVA PHARMACEUTICAL-SP ADR
88162F105,TTI,TETRA TECHNOLOGIES INC
88162G103,TTEK,TETRA TECH INC
88162GAB9,TTEK 2.25 08/15/28,TETRA TECH INC
88163VAE9,TEVA 0.25 02/01/26 C,TEVA PHARM FIN CO LLC
88165N105,TTPHEUR,TETRAPHASE PHARMACEUTICALS I
88166A102,CORN,TEUCRIUM CORN FUND
88166A508,WEATUSD,TEUCRIUM WHEAT FUND
88166A607,SOYB,TEUCRIUM SOYBEAN FUND
88224Q107,TCBI,TEXAS CAPITAL BANCSHARES INC
882508104,TXN,TEXAS INSTRUMENTS INC
882610108,TPLUSD,TEXAS PACIFIC LAND TRUST
88262P102,TPL,TEXAS PACIFIC LAND CORP
882681109,TXRH,TEXAS ROADHOUSE INC
883203101,TXTUSD,TEXTRON INC
88322Q108,TGTX,TG THERAPEUTICS INC
88331L108,SKIN,SKINHEALTH SYSTEMS INC
88337F105,ODP1,ODP CORP/THE
88338K103,STKS,ONE GROUP HOSPITALITY INC/TH
88338N107,TXMDEUR,THERAPEUTICSMD INC
88338N206,TXMD,THERAPEUTICSMD INC
88338TAB0,INVA 2.125 01/15/23,INNOVIVA INC
88339J105,TTD,TRADE DESK INC/THE -CLASS A
88339P101,REAL,REALREAL INC/THE
883556102,TMO,THERMO FISHER SCIENTIFIC INC
88362T103,8TG,THERMON GROUP HOLDINGS INC
88422P109,TCBX,THIRD COAST BANCSHARES INC
884768102,TCM,THOMPSON CREEK METALS CO INC
884903808,TRI4EUR,THOMSON REUTERS CORP
885160101,THO,THOR INDUSTRIES INC
885213108,TBLD1EUR,THORNBURG INCOME BUILDER OPP
885260109,THRNUSD,THORNE HEALTHTECH INC
88546E105,TWKSEUR,THOUGHTWORKS HOLDING INC
88554D205,DDD,3D SYSTEMS CORP
88556E102,TDUP,THREDUP INC - CLASS A
88557W101,QFIN,QFIN HOLDINGS INC-ADR
88579Y101,MMM,3M CO
886029206,THRY,THRYV HOLDINGS INC
88634T774,NVDY,YIELDMAX NVDA OPTION INC ETF
886364231,GRNY,FUNDSTR GRAN SH US LRG CAP
886364603,RPAR,RPAR RISK PARITY ETF
886364637,RISR,FOLIOBE ALTR IN&IN H ETF-USD
886364801,SPUS,SP FUNDS S&P SHARIA INDU EXC
88636J600,CHAT,ROUNDHILL GEN AI & TECH ETF
88636J659,YMAX,YIELDMAX UNIVERSE FO IN ETFS
88636X732,MSTY,YIELDMAX MSTR OPTION IS ETF
88642R109,TDW,TIDEWATER INC
886547108,TIFUSD,TIFFANY & CO
88677Q109,TTS1EUR,TILE SHOP HLDGS INC
886885102,TLYSUSD,TILLY'S INC-CLASS A SHRS
88688T100,TLRYEUR,TILRAY BRANDS INC
88688T209,TLRY,TILRAY BRANDS INC
88688TAB6,TLRY 5 10/01/23,TILRAY BRANDS INC
88706P205,TCLA,TIM PARTICIPACOES SA-ADR
88706T108,TIMB,TIM SA-ADR
887098101,TSBK,TIMBERLAND BANCORP INC
887228104,TIME1USD,TIME INC
887317303,TWXGBP,TIME WARNER INC
887389104,TKR,TIMKEN CO
887399103,MTUS,METALLUS INC
887432326,TPHD,TIMOTHY PLAN HIGH DVD STCK
887432334,TPIF,TIMOTHY PLAN INTL ETF
887432342,TPSC,TIMOTHY PLAN US SMALL CAP CO
887432359,TPLC,TIMOTHY PLN US LRG/MID CAP
88822Q103,TIPT,TIPTREE INC
88830M102,TWI,TITAN INTERNATIONAL INC
88830R101,TITN,TITAN MACHINERY INC
88830X819,TMDGBP,TITAN MEDICAL INC
88870P106,TIVOUSD,TIVO CORP
88870R102,HWAYEUR,TIVITY HEALTH INC
888787108,TOST,TOAST INC-CLASS A
889110102,TOELYEUR,TOKYO ELECTRON LTD-UNSP ADR
889478103,TOL,TOLL BROTHERS INC
890110109,TMP,TOMPKINS FINANCIAL CORP
890260839,TNXP,TONIX PHARMACEUTICALS HOLDIN
890516107,TR,TOOTSIE ROLL INDS
89055F103,BLD*,TOPBUILD CORP
890930209,TNGY,TORTOISE ENERGY ETF
890930308,TPYP,TORTOISE NORTH AMERICAN PIPE
891027104,TMKGBX,GLOBE LIFE INC
891092108,TTC,TORO CO
891160509,TD,TORONTO-DOMINION BANK
89142B107,CURV,TORRID HOLDINGS INC
89147L100,TYGEUR,TORTOISE ENERGY INFRASTRUCT
89147L886,TYG,TORTOISE ENERGY INFRASTRUCT
89148B200,NTG,TORTOISE MIDSTREAM ENERGY
89151E109,TTEN,TOTALENERGIES SE -SPON ADR
89157D105,TRML,TOURMALINE BIO INC
891826109,TOWR,TOWER INTERNATIONAL INC
891906109,TSSEUR,TOTAL SYSTEM SERVICES INC
89214A102,CLUBUSD,TOWN SPORTS INTERNATIONAL
89214P109,TOWN,TOWNE BANK
892231101,TSQ,TOWNSQUARE MEDIA INC - CL A
892331307,TM,TOYOTA MOTOR CORP -SPON ADR
892356106,TSCO,TRACTOR SUPPLY COMPANY
892672106,TW,TRADEWEB MARKETS INC-CLASS A
892918103,TACT,TRANSACT TECHNOLOGIES INC
89346D107,TAC,TRANSALTA CORP
893529107,TRNS,TRANSCAT INC
893617209,TCI,TRANSCONTINENTAL REALTY INV
893641100,TDG,TRANSDIGM GROUP INC
893662106,TGLEUR,TRANSGLOBE ENERGY CORP
89366M201,TRXCEUR,TRANSENTERIX INC
89377M109,TMDX,TRANSMEDICS GROUP INC
893870204,TGS,TRANSPORTADOR GAS-ADR SP B
89400J107,TRU,TRANSUNION
894164102,TNL,TRAVEL + LEISURE CO
894174101,TAUSD,TRAVELCENTERS OF AMERICA LLC
89417E109,TRV,TRAVELERS COS INC/THE
89421B109,TAUSD,TRAVELCENTERS OF AMERICA INC
89421Q205,TZOO,TRAVELZOO
89422G107,TVTX,TRAVERE THERAPEUTICS INC
89455T109,TMCI,TREACE MEDICAL CONCEPTS INC
894650100,TG,TREDEGAR CORP
89469A104,T4H,TREEHOUSE FOODS INC
89531P105,TREX,TREX COMPANY INC
89532M101,TRVI,TREVI THERAPEUTICS INC
895436103,TY,TRI-CONTINENTAL CORP
896047503,TRCOUSD,TRIBUNE MEDIA CO - A
896095106,TCBK,TRICO BANCSHARES
89609W107,TPCO,TRIBUNE PUBLISHING CO
89610F101,TCDAEUR,TRICIDA INC
89612W102,TCN1EUR,TRICON RESIDENTIAL INC
89620X506,TRUSD,TRILLIUM THERAPEUTICS INC
896215209,TRS,TRIMAS CORP
89621C105,TMQ,TRILOGY METALS INC
896239100,TRMB,TRIMBLE INC
896288107,TNET,TRINET GROUP INC
89628W302,ABFL,ABACUS FCF LEADERS ETF
896442308,TRIN,TRINITY CAPITAL INC
896522109,TRN,TRINITY INDUSTRIES INC
896522AF6,TRN 3.875 06/01/36,TRINITY INDUSTRIES INC
89656D101,TPHS,TRINITY PLACE HOLDINGS INC
896749108,GTS,TRIPLE-S MANAGEMENT CORP
89677Q107,TCOM,TRIP.COM GROUP LTD-ADR
89677Y100,TPVG,TRIPLEPOINT VENTURE GROWTH B
89678F100,TSCUSD,TRISTATE CAPITAL HLDGS INC
89679E300,TFIN,TRIUMPH FINANCIAL INC
89679M104,TFPM,TRIPLE FLAG PRECIOUS MET
89680M101,TLSI,TRISALUS LIFE SCIENCES INC
896818101,TG7,TRIUMPH GROUP INC
896945201,TRIP,TRIPADVISOR INC
89785L107,5TC,TRUECAR INC
89785X101,TBI,TRUEBLUE INC
898202106,TRUP,TRUPANION INC
89832Q109,TFC,TRUIST FINANCIAL CORP
898349105,TRSTUSD,TRUSTCO BANK CORP NY
898349204,TRST,TRUSTCO BANK CORP NY
89834G760,CLSE,CONVERGENCE LONG/SHORT EQY
898402102,TRMK,TRUSTMARK CORP
89854H102,TTEC,TTEC HOLDINGS INC
89854M101,TCRX,TSCAN THERAPEUTICS INC
898697206,TCX,TUCOWS INC-CLASS A
898920103,HURA,TUHURA BIOSCIENCES INC
899035505,TUESUSD,TUESDAY MORNING CORP
89977P106,TOUREUR,TUNIU CORP-SPON ADR
899896104,TUP1USD,TUPPERWARE BRANDS CORP
900111204,TKC,TURKCELL ILETISIM HIZMET-ADR
90041L105,TPB,TURNING POINT BRANDS INC
900435108,TRQCAD,TURQUOISE HILL RESOURCES LTD
900435207,TRQCAD,TURQUOISE HILL RESOURCES LTD
900450206,TBCH,TURTLE BEACH CORP
90069K104,THCBEUR,MICROVAST HOLDINGS INC
90089L108,TSPH,CREATEAI HOLDINGS INC
901109108,TPC,TUTOR PERINI CORP
90114C107,TUYAEUR,TUYA INC
90117G105,TWCT,TWC TECH HOLDINGS II CORP
901384107,TSVT*,2SEVENTY BIO INC
90138A103,VNET,VNET GROUP INC-ADR
90138F102,TWLO,TWILIO INC - A
90139K100,QLTY,GMO U.S. QUALITY ETF
901476101,TWIN,TWIN DISC INC
90184D100,TWST,TWIST BIOSCIENCE CORP
90184L102,TWTR,TWITTER INC
90184LAB8,TWTR 0.25 09/15/19,TWITTER INC
90184LAD4,TWTR 1 09/15/21,TWITTER INC
90184LAF9,TWTR 0.25 06/15/24,TWITTER INC
90184LAN2,TWTR 0 03/15/26,TWITTER INC
90187B804,TWO,TWO HARBORS INVESTMENT CORP
902104AB4,COHR 0.25 09/01/22,II-VI INC
902252105,TYL,TYLER TECHNOLOGIES INC
902252AB1,TYL 0.25 03/15/26,TYLER TECHNOLOGIES INC
90238J103,TYMEUSD,TYME TECHNOLOGIES INC
90240B106,TYRA,TYRA BIOSCIENCES INC
902494103,TSN,TYSON FOODS INC-CL A
902494301,TSN 4.75 07/15/17,TYSON FOODS INC
902653104,UDR,UDR INC
902673102,UFPT,UFP TECHNOLOGIES INC
902681105,UGIEUR,UGI CORP
902788108,UMBF,UMB FINANCIAL CORP
90278Q108,UFPI,UFP INDUSTRIES INC
90290N109,USACUSD,USA COMPRESSION PARTNERS LP
90290T809,SDCI,USCF SUMMERHAVEN DYNAMIC ETF
90291C201,USAU,US GOLD CORP
902925106,USAKGBP,USA TRUCK INC
902952100,GROW,U.S. GLOBAL INVESTORS INC-A
902973304,USB,US BANCORP
903002103,UMH,UMH PROPERTIES INC
903213106,UQMUSD,UQM TECHNOLOGIES INC
90328M107,USNA,USANA HEALTH SCIENCES INC
90328S500,USATEUR,CANTALOUPE INC
903318103,USDPUSD,USD PARTNERS LP
90333L201,USCR,US CONCRETE INC
90337L108,USPH,U.S. PHYSICAL THERAPY INC
90338N202,7S3,US XPRESS ENTERPRISES INC -A
90346E103,SLCAUSD,US SILICA HOLDINGS INC
90347A100,UBNTUSD,UBIQUITI INC
90353T100,UBER,UBER TECHNOLOGIES INC
90353TAJ9,UBER 0 12/15/25,UBER TECHNOLOGIES INC
90353TAM2,UBER 0.875 12/01/28 2028,UBER TECHNOLOGIES INC
90353W103,UI,UBIQUITI INC
90355N101,USCB,USCB FINANCIAL HOLDINGS INC
90364P105,PATH,UIPATH INC - CLASS A
903731107,ULS,UL SOLUTIONS INC - CLASS A
90384S303,ULTA,ULTA BEAUTY INC
90385V107,UCTT,ULTRA CLEAN HOLDINGS INC
903899102,ULBI,ULTRALIFE CORP
903914109,UPLEUR,ULTRA PETROLEUM CORP
903914208,UPL1USD,ULTRA PETROLEUM CORP
90400D108,RARE,ULTRAGENYX PHARMACEUTICAL IN
90400P101,UGP,ULTRAPAR PARTICPAC-SPON ADR
904214103,UMPQUSD,UMPQUA HOLDINGS CORP
904311107,UAA,UNDER ARMOUR INC-CLASS A
904311206,UA,UNDER ARMOUR INC-CLASS C
904572203,UNXLUSD,UNI-PIXEL INC
904677200,UFI,UNIFI INC
904708104,UNF,UNIFIRST CORP/MA
904767803,UL,UNILEVER PLC-SPONSORED ADR
904784709,UNUSD,UNILEVER N V  -NY SHARES
905400107,UNB,UNION BANKSHARES INC /VT
907818108,UNP,UNION PACIFIC CORP
909214306,UIS,UNISYS CORP
909218109,UNTEUR,UNIT CORP
909839102,UCFCUSD,UNITED COMMUNITY FINANCIAL
90984P303,UCB,UNITED COMMUNITY BANKS/GA
909907107,UBSI,UNITED BANKSHARES INC
910047109,UAL,UNITED AIRLINES HOLDINGS INC
910304104,UBNKUSD,UNITED FINANCIAL BANCORP INC
910340108,UFCS,UNITED FIRE GROUP INC
910571108,UG,UNITED GUARDIAN INC
91060H108,DHHCUSD,UNITED HOMES GROUP INC
910710102,ACIC,AMERICAN COASTAL INSURANCE C
910873405,UMC,UNITED MICROELECTRON-SP ADR
911163103,UNFI,UNITED NATURAL FOODS INC
911312106,UPS,UNITED PARCEL SERVICE-CL B
911363109,URI,UNITED RENTALS INC
911460103,UBFO,UNITED SECURITY BANCSHARE/CA
911549103,UAMY,UNITED STATES ANTIMONY CORP
91167Q100,BNO,UNITED STATES BRENT OIL FUND
911684108,AD,ARRAY DIGITAL INFRASTRUCTURE
911717106,USCIUSD,UNITED STATES COMMODITY INDE
911718104,CPER,UNITED STATES COPPER INDEX
911922102,USLM,UNITED STATES LIME & MINERAL
912008109,USFD,US FOODS HOLDING CORP
91201T102,UGA,UNITED STATES GAS FUND LP
912318300,UNGUSD,US NATURAL GAS FUND LP
912318409,UNG,US NATURAL GAS FUND LP
91232N207,USO,UNITED STATES OIL FUND LP
91288V103,USLUSD,UNITED STATES 12 MONTH OIL
912909108,USX1,UNITED STATES STEEL CORP
912932100,UNIT,UNITI GROUP INC
913017109,UTXEUR,RTX CORP
913017117,RTX 7.5 08/01/15,UNITED TECHNOLOGIES CORP
91307C102,UTHR,UNITED THERAPEUTICS CORP
91324P102,UNH,UNITEDHEALTH GROUP INC
913259107,UTL,UNITIL CORP
913290102,UNTY,UNITY BANCORP INC
91332U101,U,UNITY SOFTWARE INC
91332UAB7,U 0 11/15/26,UNITY SOFTWARE INC
91336L107,UNVRUSD,UNIVAR INC
91338E101,UAMUSD,UNIVERSAL AMERICAN CORP
913456109,UVV,UNIVERSAL CORP/VA
91347P105,OLED,UNIVERSAL DISPLAY CORP
913483103,UEIC,UNIVERSAL ELECTRONICS INC
913543104,UFPIEUR,UNIVERSAL FOREST PRODUCTS
91359E105,UHTUSD,UNIVERSAL HEALTH RLTY INCOME
91359V107,UVE,UNIVERSAL INSURANCE HOLDINGS
91381U101,UBXGBUSD,UNITY BIOTECHNOLOGY INC
91381U200,UBXGBP,UNITY BIOTECHNOLOGY INC
91388P105,ULH,UNIVERSAL LOGISTICS HOLDINGS
913903100,UHS,UNIVERSAL HEALTH SERVICES-B
913915104,UTI,UNIVERSAL TECHNICAL INSTITUT
915271100,UVSP,UNIVEST FINANCIAL CORP
91529Y106,UNM,UNUM GROUP
91531W106,TIGR,UP FINTECH HOLDING LTD - ADR
91532F102,UMAC,UNUSUAL MACHINES INC /US
91544A109,UPLDEUR,UPLAND SOFTWARE INC
91678A107,UPB,UPSTREAM BIO INC
91680M107,UPST,UPSTART HOLDINGS INC
91688F104,UPWK,UPWORK INC
91688R108,URG,UR-ENERGY INC
916896103,UEC,URANIUM ENERGY CORP
917047102,URBN,URBAN OUTFITTERS INC
91704F104,UEUSD,URBAN EDGE PROPERTIES
91705J105,UONEEUR,URBAN ONE INC
917286205,WXB,URSTADT BIDDLE - CLASS A
91732J102,ECOLEUR,US ECOLOGY INC
91733P107,USAR,USA RARE EARTH INC
91734M103,3ER,US ECOLOGY INC
917488108,UTMD,UTAH MEDICAL PRODUCTS INC
918090101,UTZ,UTZ BRANDS INC
918204108,VFC,VF CORP
91822J103,VAC2USD,VBI VACCINES INC
91822M502,VEON,VEON LTD
91823B109,UWMC,UWM HOLDINGS CORP
918284100,VSEC,VSE CORP
91829B103,VOC,VOC ENERGY TRUST
91829F104,VOXXGUSD,VOXX INTERNATIONAL CORP
918385105,VTVTEUR,VTV THERAPEUTICS INC- CL A
91851C201,EGY,VAALCO ENERGY INC
91879Q109,MTN,VAIL RESORTS INC
91879QAN9,MTN 0 01/01/26,VAIL RESORTS INC
918905100,VHIUSD,VALHI INC
918905209,VHI,VALHI INC
91912E105,VALE,VALE SA-SP ADR
91913Y100,VLO,VALERO ENERGY CORP
91917A207,WGMIEUR,VALKYRIE BITCOIN MINERS ETF
919794107,VLY,VALLEY NATIONAL BANCORP
920253101,VMI,VALMONT INDUSTRIES
920437100,VALU,VALUE LINE INC
92047W101,VVV,VALVOLINE INC
921078101,OUNZ,VANECK MERK GOLD ETF
921659108,VNDA,VANDA PHARMACEUTICALS INC
92189F106,GDXUSD,VANECK GOLD MINERS
92189F114,ESPO,VANECK VIDEOGAMING ESPORTS
92189F130,RAAX,VANECK REAL ASSETS ETF
92189F171,GRNB,VANECK GREEN BOND ETF
92189F205,SLX,VANECK STEEL ETF
92189F304,EVX,VANECK ENVIRONMENTAL SERVICE
92189F353,HYEM,VANECK EMRG MKTS HI YLD
92189F387,SHYD,VANECK SH HI YLD MUNI
92189F403,RSX1USD,VANECK VECTORS RUSSIA ETF
92189F411,BIZD,VANECK BDC INCOME ETF
92189F429,PFXF,VANECK PREF SEC X-FINANCIALS
92189F437,ANGL,VANECK FALLEN ANGEL HIGH YLD
92189F445,IHYUSD,VANECK INTL HIGH YIELD BOND
92189F452,MORT,VANECK MORTGAGE REIT INCOME
92189F460,XMPT,VANECK CEF MUNI INCOME ETF
92189F486,FLTR,VANECK IG FLOATING RATE ETF
92189F502,SMOG,VANECK LOW CARBON ENERGY ETF
92189F528,SMB,VANECK SHORT MUNI ETF
92189F536,MLN,VANECK LONG MUNI ETF
92189F585,CRAK,VANECK OIL REFINERS ETF
92189F593,MOTI,VANECK MSTAR INT MOAT ETF
92189F601,NLRUSD,VANECK URANIUM+NUCLR ENERGY
92189F635,ISRA,VANECK ISRAEL ETF
92189F643,MOAT1USD,VANECK MORNINGSTAR WIDE MOAT
92189F676,SMH,VANECK SEMICONDUCTOR ETF
92189F684,RTH,VANECK RETAIL ETF
92189F692,PPH,VANECK PHARMACEUTICAL ETF
92189F700,MOO,VANECK AGRIBUSINESS ETF
92189F718,OIHGBX,VANECK OIL SERVICES
92189F726,BBH,VANECK BIOTECH ETF
92189F742,REMXUSD,VANECK VECTORS RARE EARTH/ST
92189F767,GLIN,VANECK INDIA GROWTH LEADERS
92189F791,GDXJGBX,VANECK VECTORS JUNIOR GOLD M
92189F809,KOL1,VANECK VECTORS COAL ETF
92189F817,VNM,VANECK VIETNAM ETF
92189F833,IDX,VANECK INDONESIA INDEX ETF
92189F841,HAP,VANECK NATURAL RESOURCES ETF
92189F866,AFK,VANECK AFRICA INDEX ETF
92189F882,GENZ,VANECK DIGITAL NATIVE ECONOM
92189H201,ITM,VANECK INTERMEDIATE MUNI ETF
92189H300,EMLC,VANECK JPM EM LOCAL CURR BND
92189H409,HYD,VANECK HIGH YIELD MUNI ETF
92189H607,OIH,VANECK OIL SERVICES ETF
92189H730,SMOTUSD,VANECK MORNINGSTAR SMID MOAT
92189H748,CLOI,VANECK CLO ETF
92189H805,REMX,VANECK RAR EARTH ND STG-USDI
92189H821,DAPP,VANECK DIGITAL TRANSFORMATIO
92189H839,BUZZ,VANECK SOCIAL SENTIMENT ETF
92189K105,HODL,VANECK BITCOIN ETF
921908844,VIG2GBX,VANGUARD DIVIDEND APPREC ETF
921909768,VXUSUSD,VANGUARD TOTAL INTL STOCK
921910691,VCEB,VANGUARD ESG US CORP BOND
921910709,EDV,VANGUARD EXTENDED DUR TREAS
921910725,VSGX,VANGUARD ESG INTL STOCK ETF
921910733,ESGV,VANGUARD ESG US STOCK ETF
921910816,MGK,VNGRD MRGSTR MG CP GR ETF-UI
921910840,MGV,VNGRD MRGSTR MG CP VL ETF-UI
921910873,MGCUSD,VANGUARD MEGA CAP ETF
921932505,VOOG,VANGUARD S&P 500 GROWTH ETF
921932703,VOOV,VANGUARD S&P 500 VALUE ETF
921932778,VIOV,VANGUARD S&P SMALL-CAP 600 V
921932794,VIOG,VANGUARD S&P SM CAP 600 GRW
921932828,VIOO,VANGUARD S&P SMALL-CAP 600 E
921932844,IVOV,VANGUARD S&P MID-CAP 400 VAL
921932869,IVOG,VANGUARD S&P MID-CAP 400 GRO
921932885,IVOO,VANGUARD S&P MID-CAP 400 ETF
921935409,VFMV,VANGUARD US MINIMUM VOLATILI
921935508,VFMO,VANGUARD US MOMENTUM FACTOR
921935607,VFMF,VANGUARD US MULTIFACTOR ETF
921935706,VFQY,VANGUARD U.S. QUALITY FACTOR
921935805,VFVA,VANGUARD U.S. VALUE FACTOR
921935870,VTES,VANGUARD SH TERM TAX-EX BOND
921937793,BLV,VANGUARD LONG-TERM BOND ETF
921937819,BIVGBP,VANGUARD INTERMEDIATE-TERM B
921937827,BSVUSD,VANGUARD SHORT-TERM BOND ETF
921937835,BND,VANGUARD TOTAL BOND MARKET
921943858,VEAGBX,VANGUARD FTSE DEVELOPED ETF
921946406,VYM,VANGUARD HIGH DVD YIELD ETF
921946794,VYMIUSD,VANGUARD INT HIGH DVD YLD IN
921946810,VIGI,VANGUARD INT DIV APP INDX FD
921946885,VWOB,VANGUARD EMERG MKTS GOV BND
922020748,VCRB,VANGUARD CORE BOND ETF
922020755,VPLS,VANGUARD CORE-PLUS BOND ETF
922020805,VTIPGBP,VANGUARD SHORT-TERM TIPS
922021605,VTEC,VANGUARD CA TAX-EX BOND
92203C303,VUSB,VANGUARD ULTRA SHORT BOND ET
92203J407,BNDXUSD,VANGUARD TOTAL INTL BOND ETF
922040845,VBIL,VANGUARD 0-3M T-BILL ETF
922040852,VGUS,VANGUARD ULTRA SHRT TREASURY
922042676,VNQI,VANGUARD GLBL EX-US REAL EST
922042718,VSSGBP,VANGUARD FTSE ALL WO X-US SC
922042742,VT,VANGUARD TOT WORLD STK ETF
922042775,VEUUSD,VANGUARD FTSE ALL-WORLD EX-U
922042858,VWO,VANGUARD FTSE EMERGING MARKE
922042866,VPL,VANGUARD FTSE PACIFIC ETF
922042874,VGK,VANGUARD FTSE EUROPE ETF
92204A108,VCR,VANGUARD CONSUMER DISCRE ETF
92204A207,VDC,VANGUARD CONSUMER STAPLE ETF
92204A306,VDE,VANGUARD ENERGY ETF
92204A405,VFH,VANGUARD FINANCIALS ETF
92204A504,VHT,VANGUARD HEALTH CARE ETF
92204A603,VISRUB,VANGUARD INDUSTRIALS ETF
92204A702,VGT1,VANGUARD INFO TECH ETF
92204A801,VAW,VANGUARD MATERIALS ETF
92204A876,VPU,VANGUARD UTILITIES ETF
92204A884,VOX,VANGUARD COMMUNICATION SERVI
92206C102,VGSH,VANGUARD SHORT-TERM TREASURY
92206C409,VCSH,VANGUARD S/T CORP BOND ETF
92206C565,BNDW,VANGUARD TOTAL WORLD BOND ET
92206C573,VTC,VANGUARD TOTAL CORPORATE BND
92206C599,VTHR,VANGUARD RUSSELL 3000
92206C623,VTWG,VANGUARD RUSSELL 2000 GROWTH
92206C649,VTWV,VANGUARD RUSSELL 2000 VALUE
92206C664,VTWO,VANGUARD RUSSELL 2000 ETF
92206C680,VONG,VANGUARD RUSSELL 1000 GROWTH
92206C706,VGIT,VANGUARD INTERMEDIATE-TERM T
92206C714,VONV,VANGUARD RUSSELL 1000 VALUE
92206C730,VONE,VANGUARD RUSSELL 1000
92206C771,VMBS,VANGUARD MORTGAGE-BACKED SEC
92206C813,VCLT,VANGUARD LONG-TERM CORP BOND
92206C847,VGLTGBP,VANGUARD LONG-TERM TREASURY
92206C870,VCIT,VANGUARD INT-TERM CORPORATE
92214X106,VREX,VAREX IMAGING CORP
92220P105,VARUSD,VARIAN MEDICAL SYSTEMS INC
922280102,VRNS,VARONIS SYSTEMS INC
92240M108,VGREUR,VECTOR GROUP LTD
922417100,VECO,VEECO INSTRUMENTS INC
92242T101,VVX,V2X INC
92242Y100,VEDL,VEDANTA LTD-ADR
92243A200,AVIRUSD,VAXART INC
92243G108,PCVX,VAXCYTE INC
92244V104,VAXX,VAXXINITY INC-A
922475108,VEEV,VEEVA SYSTEMS INC-CLASS A
92259F101,GRAFUSD,VELODYNE LIDAR INC
92262D101,VEL,VELOCITY FINANCIAL INC
92276F100,VTR,VENTAS INC
92277GAZ0,VTR 3.75 06/01/26,VENTAS REALTY LP
922907696,VSDM,VANGUARD SHORT TAX-EX BOND
922907712,VCRM,VANGUARD CORE TAX-EX BOND
922907738,VTEI,VANGUARD INT TAX-EXEMPT BOND
922907746,VTEB,VANGUARD TAX-EXEMPT BOND ETF
922908363,VOO,VANGUARD S&P 500 ETF
922908512,VOE1GBX,VANGUARD MID-CAP VALUE ETF
922908538,VOT,VNGRD MRNGSTR MC GRW ETF-USD
922908553,VNQUSD,VANGUARD REAL ESTATE ETF
922908595,VBK,VAN MORST SML-CAP GRO-USD IN
922908611,VBR,VNGRD MRNGST SL-CP VAL ETF-U
922908629,VO,VNGRD MRNGSTR MD-CAP ETF-USD
922908637,VV,VNGRD MRGSTR LRG-CAP ETF-USD
922908652,VXF,VANGUARD EXTENDED MARKET ETF
922908710,VFIAX,VANGUARD 500 INDEX-ADM
922908728,VTSAX,VNGD MRNGST TS MK IDX FD-ADM
922908736,VUG,VANGUARD MRNGSTAR GR ETF-SUI
922908744,VTV,VANGUARD MRNGSTR VAL ETF-AUI
922908751,VB,VANGUARD MOST SM-CAP ETF-USD
922908769,VTI,VG MORNINGSTAR TS MKT ETF-US
92332V107,VTYXUSD,VENTYX BIOSCIENCES INC
92333F101,VG,VENTURE GLOBAL INC-CL A
92334N103,VEOEYUSD,VEOLIA ENVIRONNEMENT-ADR
92335C106,VRA,VERA BRADLEY INC
92336X109,VNEUSD,VEONEER INC
92337C203,VSTM,VERASTEM INC
92337F107,VCYT,VERACYTE INC
92337R101,VERA,VERA THERAPEUTICS INC
92338C103,VLTOEUR,VERALTO CORP
92339V100,ARCPEUR,VEREIT INC
92339V308,VER,VEREIT INC
92340V107,CPG2CAD,VEREN INC
92343E102,VRSN,VERISIGN INC
92343EAD4,VRSN 3.25 08/15/37,VERISIGN INC
92343V104,VZ,VERIZON COMMUNICATIONS INC
92343X100,VTY,VERINT SYSTEMS INC
92343XAA8,VRNT 1.5 06/01/21,VERINT SYSTEMS INC
923451108,VBTXUSD,VERITEX HOLDINGS INC
923454102,VRTVUSD,VERITIV CORP
92345Y106,VRSK,VERISK ANALYTICS INC
92346J108,VCEL,VERICEL CORP
92347M100,VERI,VERITONE INC
923725105,VET,VERMILION ENERGY INC
925050106,I9SA,VERONA PHARMA PLC - ADR
92511U102,VRRM,VERRA MOBILITY CORP
92512J106,VBNK,VERSABANK
925283103,VSNT,VERSANT MEDIA GROUP INC
92531L207,VRSUSD,VERSO CORP - A
92532F100,VRTX,VERTEX PHARMACEUTICALS INC
92532W103,VSMUSD,VERSUM MATERIALS INC
92534K107,VTNRUSD,VERTEX ENERGY INC
92535C104,CCIF,CARLYLE CREDIT INCOME FUND
92536C103,VERUEUR,VERU INC
92537N108,VRT,VERTIV HOLDINGS CO-A
92538J106,VERX,VERTEX INC - CLASS A
92540K109,VTMXUSD,CORP INMOBILIARIA VESTA SAB
925458101,VWDRYEUR,VESTAS WIND SYSTEMS-UNSP ADR
92552R406,PRSU,PURSUIT ATTRACTIONS AND HOSP
92552V100,VSAT,VIASAT INC
92553P102,VIAEUR,VIACOM INC-CLASS A
92553P201,VIABUSD,VIACOM INC-CLASS B
925550105,VIAV,VIAVI SOLUTIONS INC
925550AB1,VIAV 1 03/01/24,VIAVI SOLUTIONS INC
92556H107,0VV,PARAMOUNT GLOBAL-CLASS A
92556H206,0VVB,PARAMOUNT GLOBAL-CLASS B
92556H305,PARA 5.75 04/01/24 A,PARAMOUNT GLOBAL
92556V106,VTRS,VIATRIS INC
92556W104,VIA,VIA TRANSPORTATION INC-CL A
92557A101,DSP,VIANT TECHNOLOGY INC-A
925652109,VICI,VICI PROPERTIES INC
925815102,VICR,VICOR CORP
926400102,VSXY,VICTORIA'S SECRET & CO
92645B103,VCTR,VICTORY CAPITAL HOLDING - A
92647N527,UITB,VICTORYSHARES CORE INTERMEDI
92647N535,USTB,VICTORYSHARES SHORT-TERM BON
92647N568,USVM,VICTORYSHARES US SMALL MID C
92647N667,VSDA,VICTORYSHARES DIVIDEND ACCEL
92647N766,CFA,VICTORYSHARES US 500 VOLATIL
92647N782,CFOUSD,VICTORYSHARES US 500 ENHANCE
92647N824,CDC,VICTORYSHARES US EQ INCOME E
92647N865,CDL,VICTORYSHARES US LARGE CAP H
92647N873,CSB,VICTORYSHARES US SMALL CAP H
92647X830,VFLO,VICTORYSHARES FREE CASH FLOW
92663R105,VMD,VIEMED HEALTHCARE INC
92672L107,VRAYUSD,VIEWRAY INC
92673K108,VIGL,VIGIL NEUROSCIENCE INC
92686J106,VKTX,VIKING THERAPEUTICS INC
92707Y108,VFF,VILLAGE FARMS INTERNATIONAL
927107409,VLGEA,VILLAGE SUPER MARKET-CLASS A
92719V100,VMEOUSD,VIMEO INC
92719W207,VNCE,VINCE HOLDING CORP
92762J103,VIOT,VIOMI TECHNOLOGY CO LTD-ADR
92763W103,VIPS,VIPSHOP HOLDINGS LTD - ADR
92763WAA1,VIPS 1.5 03/15/19,VIPSHOP HOLDING LTD
92764N102,VIR,VIR BIOTECHNOLOGY INC
927651109,VIRC,VIRCO MFG CORPORATION
92765F108,RYI,VIRACTA THERAPEUTICS INC
92766K106,IPOAGBP,VIRGIN GALACTIC HOLDINGS INC
92766K403,SPCE,VIRGIN GALACTIC HOLDINGS INC
92790A405,SEIX,VIRTUS SEIX SENIOR LOAN ETF
92790A504,JOET,VIRTUS TERRANOVA US QUAL MOM
92790C104,VRDN,VIRIDIAN THERAPEUTICS INC
927926303,VGZ,VISTA GOLD CORP
927959106,VNOMUSD,VIPER ENERGY INC-CL A
928031103,VABK,VIRGINIA NATIONAL BANKSHARES
928254101,VIRT,VIRTU FINANCIAL INC-CLASS A
92826C839,V,VISA INC-CLASS A SHARES
92827K301,VTSI,VIRTRA INC
92827P102,VRTUUSD,VIRTUSA CORP
92828Q109,VRTS,VIRTUS INVESTMENT PARTNERS
928298108,VSH,VISHAY INTERTECHNOLOGY INC
928298AP3,VSH 2.25 06/15/25,VISHAY INTERTECHNOLOGY
92829B101,VGI,VIRTUS GLOBAL MULTI-SECTOR
92835K103,VPG,VISHAY PRECISION GROUP
92835W107,ZTR,VIRTUS TOTAL RETURN FUND INC
928377100,VSTOUSD,VISTA OUTDOOR INC
92837L109,VIST,VISTA ENERGY SAB DE CV
92838Y100,AIO,VIRTUS ARTIFIC INTEL & TECH
92839U206,VC,VISTEON CORP
92840H202,VTGNUSD,VISTAGEN THERAPEUTICS INC
92840H400,VTGN,VISTAGEN THERAPEUTICS INC
92840M102,VST,VISTRA CORP
92840N100,ACV,VIRTUS DIVERS INC & CONVERT
92840R101,NFJ,VIRTUS DVD INTRST & PRM STR
92841M101,NIE,VIRTUS EQUITY & CONVERTIBLE
92846Q107,COCO,VITA COCO CO INC/THE
92847W103,VITL,VITAL FARMS INC
92849E101,VSIUSD,VITAMIN SHOPPE INC
92852X103,VTS,VITESSE ENERGY INC
92854Q106,2677990D,VIVINT SOLAR INC
92854T209,SEAT,VIVID SEATS INC - CLASS A
928563402,VMW*,VMWARE INC-CLASS A
92857F107,VCRAUSD,VOCERA COMMUNICATIONS INC
92857W308,VOD2EUR,VODAFONE GROUP PLC-SP ADR
92858V101,VZIOEUR,VIZIO HOLDING CORP-A
92859G608,VZLA,VIZSLA SILVER CORP
92864M301,BITXGBP,2X BITCOIN STRATEGY ETF
928661107,VNRXGBP,VOLITIONRX LTD
92886T201,VG1USD,VONAGE HOLDINGS CORP
928881101,VNT,VONTIER CORP
92892B103,VOYG,VOYAGER TECHNOLOGIES INC-A
929033207,VOR,VOR BIOPHARMA INC
929042109,VNOUSD,VORNADO REALTY TRUST
929089100,VOYA,VOYA FINANCIAL INC
92912J102,IAE,VOYA ASIA PAC HI DVD EQ INC
92912P108,IHD,VOYA EMRG MRKT HI DVD EQTY
92912R104,IGA,VOYA GLOBAL ADVAN & PREM OPP
92912T100,IGD,VOYA GLBL EQTY DVD & PRM OPP
92912X101,IDE,VOYA INFRASTRUCTURE INDUST
92913C106,IRR,VOYA NATURAL RESOURCES EQUIT
92915B106,VYGR,VOYAGER THERAPEUTICS INC
929160109,VMC,VULCAN MATERIALS CO
92918V109,VRMUSD,VROOM INC
92919F103,VOXR,VOX ROYALTY CORP
92921W300,VUZI,VUZIX CORP
92922P106,WTI,W&T OFFSHORE INC
929236107,WDFCUSD,WD-40 CO
92927K102,WBC1USD,WABCO HOLDINGS INC
929328102,WSFS,WSFS FINANCIAL CORP
92932M101,WNSUSD,WNS HOLDINGS LTD-ADR
92936U109,WPC,WP CAREY INC
92937A102,WPP,WPP PLC-SPONSORED ADR
92939U106,WEC,WEC ENERGY GROUP INC
92940WAD1,WIX 0 08/15/25,WIX LTD
92942W107,KLG,WK KELLOGG CO
929566107,WNC,WABASH NATIONAL CORP
92971A109,SSPKGBP,WM TECHNOLOGY INC
929740108,WAB,WABTEC CORP
930059100,WDRUSD,WADDELL & REED FINANCIAL-A
930427109,WAGE,WAGEWORKS INC
930752100,WTRHUSD,WAITR HOLDINGS INC
931142103,WMT,WALMART INC
93114W107,WMMVYGBP,WALMART DE MEXICO-SPON ADR V
931427108,WAGUSD,WALGREENS BOOTS ALLIANCE INC
93148P102,WD,WALKER & DUNLOP INC
93403J106,WRBY,WARBY PARKER INC-CLASS A
934423104,WBD,WARNER BROS DISCOVERY INC
934550203,WMG,WARNER MUSIC GROUP CORP-CL A
93627C101,HCC,WARRIOR MET COAL INC
938824109,WAFD,WAFD INC
93964W108,WPG2EUR,WASHINGTON PRIME GROUP INC
93964W405,WPG2EUR,WASHINGTON PRIME GROUP INC
939653101,WREUSD,WASHINGTON REIT
940610108,WASH,WASHINGTON TRUST BANCORP
940923105,WBI,WATERBRIDGE INFRASTRUC-CL A
94106B101,WCN,WASTE CONNECTIONS INC
94106L109,WM,WASTE MANAGEMENT INC
941848103,WAT,WATERS CORP
94188P101,WSBF,WATERSTONE FINANCIAL INC
942622200,WSO,WATSCO INC
942749102,WTS,WATTS WATER TECHNOLOGIES-A
94419L101,W,WAYFAIR INC- CLASS A
94419LAD3,W 1.125 11/01/24,WAYFAIR INC
94419LAF8,W 1 08/15/26,WAYFAIR INC
94419LAM3,W 0.625 10/01/25,WAYFAIR INC
94419LAP6,W 3.25 09/15/27,WAYFAIR INC
946760105,CLMB,CLIMB GLOBAL SOLUTIONS INC
946784105,WAY,WAYSTAR HOLDING CORP
947002101,WLTH,WEALTHFRONT CORP
947075AH0,WFRD 5.875 07/01/21,WEATHERFORD INTL LTD
94724R108,WEAV,WEAVE COMMUNICATIONS INC
94733AAA2,WEB 1 08/15/18,WEB.COM GROUP INC
94770D102,WEBRUSD,WEBER INC - CLASS A
94770VAF9,WBMD 2.5 01/31/18,WEBMD HEALTH CORP
947890109,WBS,WEBSTER FINANCIAL CORP
947913109,IVES,DAN WEDBUSH AI REV ETF
94845U105,WBTN,WEBTOON ENTERTAINMENT INC
948596101,WB,WEIBO CORP-SPON ADR
948596AC5,WB 1.25 11/15/22,WEIBO CORP
948626106,WTWUSD,WEIGHT WATCHERS INTL INC
948741103,WRIUSD,WEINGARTEN REALTY INVESTORS
948849104,WMK,WEIS MARKETS INC
949090104,MFS1USD,WELBILT INC
94946T106,WCGEUR,WELLCARE HEALTH PLANS INC
94973VBG1,ELV 2.75 10/15/42,ELEVANCE HEALTH INC
949746101,WFC,WELLS FARGO & CO
949746804,WFC 7.5 PERP L,WELLS FARGO & COMPANY
94987B105,EAD,ALLSPRING INCOME OPPORT
94987C103,EOD,ALLSPRING GLOBAL DIVIDEND OP
94987D101,ERC,ALLSPRING MULTI-SECTOR INC
94987E109,ERH,ALLSPRING UTILITIES AND HIGH
95040Q104,HCNUSD,WELLTOWER INC
95040Q203,WELL 6.5 PERP I,WELLTOWER INC
95058W100,WEN,WENDY'S CO/THE
950755108,WERN,WERNER ENTERPRISES INC
95075A107,HOWL,WEREWOLF THERAPEUTICS INC
950810101,WSBC,WESBANCO INC
950814103,WAIRGBP,WESCO AIRCRAFT HOLDINGS INC
95082P105,WCC,WESCO INTERNATIONAL INC
950915108,WRD,WERIDE INC-ADR
95123P106,WTBA,WEST BANCORPORATION
952845105,WFG,WEST FRASER TIMBER CO LTD
954235107,WMAREUR,WEST MARINE INC
955306105,WST,WEST PHARMACEUTICAL SERVICES
957090103,WABC,WESTAMERICA BANCORPORATION
95709T100,WRUSD,WESTAR ENERGY INC
957638109,WAL,WESTERN ALLIANCE BANCORP
957664105,WEA,WESTERN ASSET PREMIER BOND
95766A101,EMD,WESTERN ASSET EMRG MRKT DBT
95766B109,EHI,WESTERN ASSET GLOBAL HIGH IN
95766J102,HIX,WESTERN ASSET HIGH INC II
95766K109,HIO,WESTERN ASSET HI INC OPPORT
95766M105,MMU,WESTERN ASSET MANAGED MUNICI
95766N103,MHF,WESTERN ASSET MUNICIPAL HIGH
95766Q106,WIA,WESTERN ASSET INFL-LINK SEC
95766R104,WIW,WESTERN ASST INFL-LNK OPP
95766T100,PAI,WESTERN ASSET INVESTMENT GRA
95768A109,MTT,WSTRN ASST MUNI DEF OPP TR
95768B107,HYI,WESTERN ASSET HIGH YIELD OPP
95790A101,IGI,WESTERN ASST INV GR OPPOR TR
95790B109,DMO,WESTERN ASSET MORT DEF OPP
95790C107,GDO,WESTERN AST GLB CORP OPPRNTY
95790D105,WMCUSD,WESTERN ASSET MORTGAGE CAPIT
95790K109,WDI1USD,WESTERN ASSET DIVERS INC
95805V108,WRN,WESTERN COPPER AND GOLD CORP
958102105,WDC,WESTERN DIGITAL CORP
958102AP0,WDC 1.5 02/01/24,WESTERN DIGITAL CORP
958102AT2,WDC 3 11/15/28,WESTERN DIGITAL CORP
958435109,SBI,WESTERN ASSET INTERMEDIATE
958669103,WES,WESTERN MIDSTREAM PARTNERS L
958892101,WNEB,WESTERN NEW ENGLAND BANCORP
959802109,WU,WESTERN UNION CO
960413102,WLK,WESTLAKE CORP
960417103,WLKP,WESTLAKE CHEMICAL PARTNERS L
960878106,WLB1EUR,WESTMORELAND COAL CO
960908507,WPRT,WESTPORT FUEL SYSTEMS INC
961214301,WBKCHF,WESTPAC BANKING CORP-SP ADR
96145D105,WRKUSD,WESTROCK CO
96145W103,WEST,WESTROCK COFFEE CO
961684206,WWR,WESTWATER RESOURCES INC
961765104,WHG,WESTWOOD HOLDINGS GROUP INC
96208T104,WEX,WEX INC
962149100,WEYS,WEYCO GROUP INC
962166104,WY,WEYERHAEUSER CO
962166872,WY 6.375 07/01/16 A,WEYERHAEUSER CO
962879102,SLWUSD,WHEATON PRECIOUS METALS CORP
96328L205,2CH,WHEELS UP EXPERIENCE INC
963320106,WHR,WHIRLPOOL CORP
96524V106,WHF,WHITEHORSE FINANCE INC
966387409,WLLUSD,WHITING PETROLEUM CORP
966387508,WLL,WHITING PETROLEUM CORP
966387AL6,WLL 1.25 04/01/20,WHITING PETROLEUM CORP
96758W101,WOW1USD,WIDEOPENWEST INC
967590100,WYYUSD,WIDEPOINT CORP
96812F102,BAER,BRIDGER AEROSPACE GROUP HOLD
968223206,WLY,WILEY (JOHN) & SONS-CLASS A
969136100,WVVI,WILLAMETTE VALLEY VINEYARDS
96924N100,WLDN,WILLDAN GROUP INC
969457100,WMB,WILLIAMS COS INC
969904101,WSM,WILLIAMS-SONOMA INC
970646105,WLFC,WILLIS LEASE FINANCE CORP
971378104,WSC,WILLSCOT HOLDINGS CORP
97382A309,WINEUR,WINDSTREAM HOLDINGS INC
974155103,WING,WINGSTOP INC
974250102,WINA,WINMARK CORP
974637100,WGO,WINNEBAGO INDUSTRIES
97650W108,WTFC,WINTRUST FINANCIAL CORP
97651M109,WIT,WIPRO LTD-ADR
97717P104,WT,WISDOMTREE INC
97717W109,DTD,WISDOMTREE US TOTAL DIVIDEND
97717W125,WTMF,WISDOMTREE MGD FUTURES STRAT
97717W133,CEW,WISDOMTREE EMERGING CURRENCY
97717W208,DHS,WISDOMTREE US HIGH DIVIDEND
97717W281,DGS,WISDOMTREE EM SMALL CAP
97717W307,DLN,WISDOMTREE US LARGECAP DIVID
97717W315,DEM,WISDOMTREE EMERGING MARKETS
97717W323,DGRE,WISDOMTREE EMERGING MARKETS
97717W331,WTRE,WISDOMTREE NEW ECONOMY REAL
97717W380,AGZD,WISDOMTREE TRUST WISDOMTREE
97717W406,AIVL,WISDOMTREE US AI ENHANCED VA
97717W422,EPI,WISDOMTREE INDIA EARNINGS
97717W430,HYZD,WISDOMTREE INTEREST RATE HED
97717W448,DXGEUSD,WISDOMTREE GERMANY HEDGED EQ
97717W471,USDU,WISDOMTREE BBG USD BULLISH
97717W505,DON,WISDOMTREE US MIDCAP DIVIDEN
97717W521,OPPJ,WISDOMTREE JAPAN OPPORTUNITI
97717W547,WTV,WISDOMTREE U.S. VALUE FUND
97717W562,EES,WISDOMTREE US SMALLCAP FUND
97717W570,EZMUSD,WISDOMTREE US MIDCAP FUND
97717W588,EPS,WISDOMTREE US LARGE CAP FUND
97717W604,DES,WISDOMTREE US SMALLCAP DIVID
97717W703,DWM,WISDOMTREE INTERNATIONAL EQU
97717W760,DLS,WISDOMTREE INTL S/C DVD FUND
97717W778,DIM,WISDOMTREE INTL M/C DVD FUND
97717W786,AIVI,WISDOMTREE INTERNATIONAL AI
97717W794,DOL,WISDOMTREE TR DVLP INTNL-USD
97717W802,DTH,WISDOMTREE INTERNATIONAL HIG
97717W836,DFJGBP,WISDOMTREE JPN S/C DVD FUND
97717W844,DNL,WISDMTREE GB EX-US QL GR-USD
97717W851,DXJ,WISDOMTREE JAPAN HEDGED EQ
97717W869,DFE,WISDOMTREE EUR S/C DIVIDEND
97717W877,DEW,WISDOMTREE GLOBAL HIGH DIVID
97717X131,IQDG,WISDOMTREE INTL QLTY DVD GRW
97717X172,QHY,WISDOMTREE US HIGH YIELD COR
97717X263,DDWM,WISDOMTREE DY INTER EQ FD-US
97717X511,AGGY,WISDOMTREE YIELD ENHANCED US
97717X552,OPPE,WISDOMTREE EUROPEAN OPPORT
97717X560,WTPI,WISDOMTREE EQUITY PREMIUM IN
97717X578,XSOE,WISDMTREE EMERG MKT EX-ST OW
97717X594,IHDGGBP,WISDOMTREE INTERNATIONAL HED
97717X610,EUDG,WISDOMTREE EUROPE QUALITY DI
97717X651,DGRS,WISDOMTREE U.S. SMALLCAP QUA
97717X669,DGRW,WISDOMTREE U.S. QUALITY DIVI
97717X701,HEDJGBP,WISDOMTREE EUROPE HEDGED EQU
97717X719,CXSE,WISDOMTREE CHINA EX-ST OW
97717X784,EMCB,WISDOMTREE EM CORP BOND
97717X867,ELD1USD,WISDOMTREE EMRG MKTS DEBT
97717Y477,QGRW,WISDOMTREE US QUALITY GROWTH
97717Y527,USFR,WISDOMTREE FLOATING RATE TRE
97717Y543,WTAI,WISDOMTREE AI AND INNOVATION
97717Y659,WCBR,WISDOMTREE CYBERSECURITY FND
97717Y683,GCC,WISDOMTREE ENHANCED COMMODIT
97717Y691,WCLDGBP,WISDOMTREE CLOUD COMPUTING
97717Y790,NTSX,WISDOMTREE US EFFICIENT CORE
97717Y808,SHAG,WSDMTREE YLD EN US ST AGG
97717Y857,USMF,WISDOMTREE US MULTIFACTOR FU
977852102,WOLF*,WOLFSPEED INC
977852AB8,WOLF 0.25 02/15/28,WOLFSPEED INC
977852AD4,WOLF 1.875 12/01/29,WOLFSPEED INC
97785W106,WOLF,WOLFSPEED INC
978097103,WWW,WOLVERINE WORLD WIDE INC
980228308,WOPEYUSD,WOODSIDE PETROLEUM-SP ADR
980745103,WWD,WOODWARD INC
981064108,WF,WOORI FINANCIAL-SPON ADR
98138H101,WDAY,WORKDAY INC-CLASS A
98138HAF8,WDAY 0.25 10/01/22,WORKDAY INC
98138J206,WKHSEUR,WORKHORSE GROUP INC
98139A105,WK,WORKIVA INC
981419104,WRLD,WORLD ACCEPTANCE CORP
981475106,WKC,WORLD KINECT CORP
98149E204,GLDM1USD,SPDR GOLD MINISHARES TRUST
98149E303,GLDM,SPDR GOLD MINISHARES TRUST
981558109,WP,WORLDPAY INC-CLASS A
98156Q108,WWEUSD,WORLD WRESTLING ENTERTAIN-A
981811102,WOR,WORTHINGTON ENTERPRISES INC
982104101,WS,WORTHINGTON STEEL INC
98212B103,WPXUSD,WPX ENERGY INC
98212N107,WRAP,WRAP TECHNOLOGIES INC
98235TAE7,WMGI 2 02/15/20,WRIGHT MEDICAL GROUP INC
98262P101,WW6,WW INTERNATIONAL INC
98262P200,WW,WW INTERNATIONAL INC-NEW
98310W108,WYNUSD,WYNDHAM DESTINATIONS INC
98311A105,WH,WYNDHAM HOTELS & RESORTS INC
983134107,WYNN,WYNN RESORTS LTD
983793100,XPO,XPO INC
98379L100,XPEL,XPEL INC
98389B100,XEL,XCEL ENERGY INC
983919101,XLNXUSD,XILINX INC
983919AF8,AMD 2.625 06/15/17,XILINX INC
98400H102,XBIT,XBIOTECH INC
984017103,XHR,XENIA HOTELS & RESORTS INC
98401F105,XNCR,XENCOR INC
984121608,XRXUSD,XEROX CORP
98417P105,XINUSD,XINYUAN REAL ESTATE CO L-ADR
98419E108,XNET,XUNLEI LTD-ADR
98419M100,XYL,XYLEM INC
98420N105,XENE,XENON PHARMACEUTICALS INC
98420X103,ASNSUSD,X4 PHARMACEUTICALS INC
98420X202,XFOR,X4 PHARMACEUTICALS INC
98421B100,TSRAUSD,XPERI CORP
98421M106,XRX,XEROX HOLDINGS CORP
98421M114,XRXDW,XEROX HOLDINGS CORP
98422D105,XPEV,XPENG INC - ADR
98422E103,XERS,XERIS BIOPHARMA HOLDINGS INC
98422X101,XPOF,XPONENTIAL FITNESS INC-A
98423F109,XMTR,XOMETRY INC-A
98423J101,XPER,XPERI INC
984241109,YMABUSD,Y-MABS THERAPEUTICS INC
984245100,YPFUSD,YPF S.A.-SPONSORED ADR
98426T106,YYRUB,YY INC-ADR
984332AF3,AABA 0 12/01/18,ALTABA INC
98459U103,YALA,YALLA GROUP LTD
98462Y100,YRICHF,YAMANA GOLD INC
984846105,YZCAYEUR,YANKUANG ENERGY GROUP-SP ADR
985194208,YSG,YATSEN HOLDING LTD-ADR
985817105,YELP,YELP INC
98585L100,YRDUSD,YIRENDAI LTD - ADR
98585N106,YEXT,YEXT INC
98585X104,YETI,YETI HOLDINGS INC
987084100,YSS,YORK SPACE SYSTEMS INC
987184108,YORW,YORK WATER CO
98741T104,DAO,YOUDAO INC - ADR
988498101,YUM,YUM! BRANDS INC
98850P109,YUMCUSD,YUM CHINA HOLDINGS INC
98872B104,YUMEUSD,YUME INC
98884U108,ZAGGEUR,ZAGG INC
98885E103,ZFGNUSD,ZAFGEN INC
98887Q104,ZLAB,ZAI LAB LTD-ADR
98888G105,ZECP,ZACKS EARNINGS CONSISTENT PO
98888T107,ZIMV*,ZIMVIE INC
98919V105,ZAYOUSD,ZAYO GROUP HOLDINGS INC
989207105,ZBRA,ZEBRA TECHNOLOGIES CORP-CL A
98923K103,ZKN,ZEEKR INTELLIGENT TECHNO-ADR
98923T104,ZDGE,ZEDGE INC-CL B
98936J101,ZEN1USD,ZENDESK INC
98936JAB7,ZEN 0.25 03/15/23,ZENDESK INC
98936JAD3,ZEN 0.625 06/15/25,ZENDESK INC
98937L105,ZBIO,ZENAS BIOPHARMA INC
98943L107,ZNTL,ZENTALIS PHARMACEUTICALS INC
98954M101,ZG,ZILLOW GROUP INC - A
98954M200,Z,ZILLOW GROUP INC - C
98954MAB7,Z 2 12/01/21,ZILLOW INC
98954MAG6,Z 1.375 09/01/26,ZILLOW GROUP INC
98954MAH4,Z 2.75 05/15/25,ZILLOW GROUP INC
98955K104,ZVIA,ZEVIA PBC-A
98956A105,ZETA,ZETA GLOBAL HOLDINGS CORP-A
98956P102,ZBH,ZIMMER BIOMET HOLDINGS INC
989696109,ZNUSD,ZION OIL & GAS INC
989701107,ZION,ZIONS BANCORP NA
98974P100,ZIXIUSD,ZIX CORP
98978L204,ZGNXUSD,ZOGENIX INC
98978V103,ZTS,ZOETIS INC
98979H202,ZSANUSD,ZOSANO PHARMA CORP
98979V102,BPI1GBP,ZOVIO INC
98980A105,ZTO,ZTO EXPRESS CAYMAN INC-ADR
98980AAB1,ZTO 1.5 09/01/27,ZTO EXPRESS KY INC
98980B103,ZIP,ZIPRECRUITER INC-A
98980F104,GTM,ZOOMINFO TECHNOLOGIES INC
98980G102,ZS,ZSCALER INC
98980GAB8,ZS 0.125 07/01/25,ZSCALER INC.
98980L101,ZM,ZOOM COMMUNICATIONS INC
98980M109,ZOMUSD,ZOMEDICA CORP
989817101,ZUMZ,ZUMIEZ INC
989825104,ZURVYUSD,ZURICH INSURANCE GROUP-ADR
98983L108,ZWS,ZURN ELKAY WATER SOLUTIONS C
98983V106,ZUOUSD,ZUORA INC - CLASS A
98985W102,ZYMEUSD,ZYMEWORKS INC
98985X100,ZYUSD,ZYMERGEN INC
98985Y108,ZYME,ZYMEWORKS INC
98986M103,ZYXIGBP,ZYNEX INC
98986T108,ZNGA,ZYNGA INC - CL A
98986TAB4,ZNGA 0.25 06/01/24,ZYNGA INC
98986X109,ZYNEEUR,ZYNERBA PHARMACEUTICALS INC
