date,tickers
2012-01-03,"A,AABA,AAPL,ABC,ABT,ACN,ADBE,ADI,ADM,ADP,ADSK,AEE,AEP,AES,AET,AFL,AGN,AIG,AIV,AIZ,AKAM,ALL,ALTR,AMAT,AMD,AMGN,AMP,AMT,AMZN,AN,ANDV,ANF,ANRZQ,ANTM,AON,APA,APC,APD,APH,APOL,ARG,ARNC,ATGE,ATI,AVB,AVP,AVY,AXP,AZO,BA,BAC,BAX,BBBY,BBT,BBY,BCR,BDX,BEAM,BEN,BF.B,BHGE,BIG,BIIB,BK,BKNG,BLK,BLL,BMC,BMS,BMY,BRCM,BRK.B,BSX,BTUUQ,BWA,BXP,C,CA,CAG,CAH,CAM,CAT,CB,CBE,CBRE,CBS,CCE,CCL,CEG,CELG,CERN,CF,CFN,CHK,CHRW,CI,CINF,CL,CLF,CLX,CMA,CMCSA,CME,CMG,CMI,CMS,CNP,CNX,COF,COG,COL,COP,COST,COV,CPB,CRM,CSCO,CSX,CTAS,CTL,CTSH,CTXS,CVC,CVH,CVS,CVX,D,DD,DE,DELL,DF,DFS,DGX,DHI,DHR,DIS,DISCA,DLTR,DNB,DNR,DO,DOV,DOW,DRI,DTE,DTV,DUK,DVA,DVN,DXC,EA,EBAY,ECL,ED,EFX,EIX,EL,EMC,EMN,EMR,EOG,EP,EQR,EQT,ES,ESRX,ETFC,ETN,ETR,EW,EXC,EXPD,EXPE,F,FAST,FCX,FDO,FDX,FE,FFIV,FHN,FII,FIS,FISV,FITB,FLIR,FLR,FLS,FMC,FOXA,FRX,FSLR,FTI,FTR,GAS,GD,GE,GHC,GILD,GIS,GLW,GME,GNW,GOOGL,GPC,GPS,GR,GS,GT,GWW,HAL,HAR,HAS,HBAN,HCBK,HCP,HD,HES,HIG,HNZ,HOG,HON,HOT,HP,HPQ,HRB,HRL,HRS,HSH,HSP,HST,HSY,HUM,IBM,ICE,IFF,IGT,INTC,INTU,IP,IPG,IR,IRM,ISRG,ITW,IVZ,JBL,JCI,JCP,JEC,JEF,JNJ,JNPR,JOY,JPM,JWN,K,KDP,KEY,KIM,KLAC,KMB,KMX,KO,KR,KSS,L,LB,LDOS,LEG,LEN,LH,LIFE,LLL,LLTC,LLY,LM,LMT,LNC,LO,LOW,LSI,LUV,LXK,M,MA,MAR,MAS,MAT,MCD,MCHP,MCK,MCO,MDLZ,MDT,MET,MHS,MJN,MKC,MMC,MMI,MMM,MO,MOLX,MON,MOS,MPC,MRK,MRO,MS,MSFT,MSI,MTB,MU,MUR,MWV,MYL,NBL,NBR,NDAQ,NE,NEE,NEM,NFLX,NFX,NI,NKE,NOC,NOV,NRG,NSC,NTAP,NTRS,NUE,NVDA,NVLS,NWL,NYX,OI,OKE,OMC,ORCL,ORLY,OXY,PAYX,PBCT,PBI,PCAR,PCG,PCL,PCP,PDCO,PEG,PEP,PFE,PFG,PG,PGN,PGR,PH,PHM,PKI,PLD,PLL,PM,PNC,PNW,POM,PPG,PPL,PRGO,PRU,PSA,PWR,PX,PXD,QCOM,QEP,R,RAI,RDC,RF,RHI,RHT,RL,ROK,ROP,ROST,RRC,RRD,RSG,RTN,S,SBUX,SCG,SCHW,SE,SEE,SHLD,SHW,SIAL,SJM,SLB,SLM,SNA,SNDK,SNI,SO,SPG,SPGI,SPLS,SRCL,SRE,STI,STJ,STT,STZ,SUN,SVU,SWK,SWN,SWY,SYK,SYMC,SYY,T,TAP,TDC,TE,TEG,TEL,TER,TGNA,TGT,THC,TIE,TIF,TJX,TMK,TMO,TMUS,TPR,TRIP,TROW,TRV,TSN,TSS,TWC,TWX,TXN,TXT,UNH,UNM,UNP,UPS,URBN,USB,UTX,V,VAR,VFC,VIAB,VIAV,VLO,VMC,VNO,VRSN,VTR,VZ,WAT,WBA,WDC,WEC,WELL,WFC,WFM,WHR,WIN,WM,WMB,WMT,WPX,WU,WY,WYND,WYNN,X,XEL,XL,XLNX,XOM,XRAY,XRX,XYL,YUM,ZBH,ZION"
2012-03-13,"A,AABA,AAPL,ABC,ABT,ACN,ADBE,ADI,ADM,ADP,ADSK,AEE,AEP,AES,AET,AFL,AGN,AIG,AIV,AIZ,AKAM,ALL,ALTR,AMAT,AMD,AMGN,AMP,AMT,AMZN,AN,ANDV,ANF,ANRZQ,ANTM,AON,APA,APC,APD,APH,APOL,ARG,ARNC,ATGE,ATI,AVB,AVP,AVY,AXP,AZO,BA,BAC,BAX,BBBY,BBT,BBY,BCR,BDX,BEAM,BEN,BF.B,BHGE,BIG,BIIB,BK,BKNG,BLK,BLL,BMC,BMS,BMY,BRCM,BRK.B,BSX,BTUUQ,BWA,BXP,C,CA,CAG,CAH,CAM,CAT,CB,CBE,CBRE,CBS,CCE,CCI,CCL,CELG,CERN,CF,CFN,CHK,CHRW,CI,CINF,CL,CLF,CLX,CMA,CMCSA,CME,CMG,CMI,CMS,CNP,CNX,COF,COG,COL,COP,COST,COV,CPB,CRM,CSCO,CSX,CTAS,CTL,CTSH,CTXS,CVC,CVH,CVS,CVX,D,DD,DE,DELL,DF,DFS,DGX,DHI,DHR,DIS,DISCA,DLTR,DNB,DNR,DO,DOV,DOW,DRI,DTE,DTV,DUK,DVA,DVN,DXC,EA,EBAY,ECL,ED,EFX,EIX,EL,EMC,EMN,EMR,EOG,EP,EQR,EQT,ES,ESRX,ETFC,ETN,ETR,EW,EXC,EXPD,EXPE,F,FAST,FCX,FDO,FDX,FE,FFIV,FHN,FII,FIS,FISV,FITB,FLIR,FLR,FLS,FMC,FOXA,FRX,FSLR,FTI,FTR,GAS,GD,GE,GHC,GILD,GIS,GLW,GME,GNW,GOOGL,GPC,GPS,GR,GS,GT,GWW,HAL,HAR,HAS,HBAN,HCBK,HCP,HD,HES,HIG,HNZ,HOG,HON,HOT,HP,HPQ,HRB,HRL,HRS,HSH,HSP,HST,HSY,HUM,IBM,ICE,IFF,IGT,INTC,INTU,IP,IPG,IR,IRM,ISRG,ITW,IVZ,JBL,JCI,JCP,JEC,JEF,JNJ,JNPR,JOY,JPM,JWN,K,KDP,KEY,KIM,KLAC,KMB,KMX,KO,KR,KSS,L,LB,LDOS,LEG,LEN,LH,LIFE,LLL,LLTC,LLY,LM,LMT,LNC,LO,LOW,LSI,LUV,LXK,M,MA,MAR,MAS,MAT,MCD,MCHP,MCK,MCO,MDLZ,MDT,MET,MHS,MJN,MKC,MMC,MMI,MMM,MO,MOLX,MON,MOS,MPC,MRK,MRO,MS,MSFT,MSI,MTB,MU,MUR,MWV,MYL,NBL,NBR,NDAQ,NE,NEE,NEM,NFLX,NFX,NI,NKE,NOC,NOV,NRG,NSC,NTAP,NTRS,NUE,NVDA,NVLS,NWL,NYX,OI,OKE,OMC,ORCL,ORLY,OXY,PAYX,PBCT,PBI,PCAR,PCG,PCL,PCP,PDCO,PEG,PEP,PFE,PFG,PG,PGN,PGR,PH,PHM,PKI,PLD,PLL,PM,PNC,PNW,POM,PPG,PPL,PRGO,PRU,PSA,PWR,PX,PXD,QCOM,QEP,R,RAI,RDC,RF,RHI,RHT,RL,ROK,ROP,ROST,RRC,RRD,RSG,RTN,S,SBUX,SCG,SCHW,SE,SEE,SHLD,SHW,SIAL,SJM,SLB,SLM,SNA,SNDK,SNI,SO,SPG,SPGI,SPLS,SRCL,SRE,STI,STJ,STT,STZ,SUN,SVU,SWK,SWN,SWY,SYK,SYMC,SYY,T,TAP,TDC,TE,TEG,TEL,TER,TGNA,TGT,THC,TIE,TIF,TJX,TMK,TMO,TMUS,TPR,TRIP,TROW,TRV,TSN,TSS,TWC,TWX,TXN,TXT,UNH,UNM,UNP,UPS,URBN,USB,UTX,V,VAR,VFC,VIAB,VIAV,VLO,VMC,VNO,VRSN,VTR,VZ,WAT,WBA,WDC,WEC,WELL,WFC,WFM,WHR,WIN,WM,WMB,WMT,WPX,WU,WY,WYND,WYNN,X,XEL,XL,XLNX,XOM,XRAY,XRX,XYL,YUM,ZBH,ZION"
2012-04-02,"A,AABA,AAPL,ABC,ABT,ACN,ADBE,ADI,ADM,ADP,ADSK,AEE,AEP,AES,AET,AFL,AGN,AIG,AIV,AIZ,AKAM,ALL,ALTR,AMAT,AMD,AMGN,AMP,AMT,AMZN,AN,ANDV,ANF,ANRZQ,ANTM,AON,APA,APC,APD,APH,APOL,ARG,ARNC,ATGE,ATI,AVB,AVP,AVY,AXP,AZO,BA,BAC,BAX,BBBY,BBT,BBY,BCR,BDX,BEAM,BEN,BF.B,BHGE,BIG,BIIB,BK,BKNG,BLK,BLL,BMC,BMS,BMY,BRCM,BRK.B,BSX,BTUUQ,BWA,BXP,C,CA,CAG,CAH,CAM,CAT,CB,CBE,CBRE,CBS,CCE,CCI,CCL,CELG,CERN,CF,CFN,CHK,CHRW,CI,CINF,CL,CLF,CLX,CMA,CMCSA,CME,CMG,CMI,CMS,CNP,CNX,COF,COG,COL,COP,COST,COV,CPB,CRM,CSCO,CSX,CTAS,CTL,CTSH,CTXS,CVC,CVH,CVS,CVX,D,DD,DE,DELL,DF,DFS,DGX,DHI,DHR,DIS,DISCA,DLTR,DNB,DNR,DO,DOV,DOW,DRI,DTE,DTV,DUK,DVA,DVN,DXC,EA,EBAY,ECL,ED,EFX,EIX,EL,EMC,EMN,EMR,EOG,EP,EQR,EQT,ES,ESRX,ETFC,ETN,ETR,EW,EXC,EXPD,EXPE,F,FAST,FCX,FDO,FDX,FE,FFIV,FHN,FII,FIS,FISV,FITB,FLIR,FLR,FLS,FMC,FOXA,FRX,FSLR,FTI,FTR,GAS,GD,GE,GHC,GILD,GIS,GLW,GME,GNW,GOOGL,GPC,GPS,GR,GS,GT,GWW,HAL,HAR,HAS,HBAN,HCBK,HCP,HD,HES,HIG,HNZ,HOG,HON,HOT,HP,HPQ,HRB,HRL,HRS,HSH,HSP,HST,HSY,HUM,IBM,ICE,IFF,IGT,INTC,INTU,IP,IPG,IR,IRM,ISRG,ITW,IVZ,JBL,JCI,JCP,JEC,JEF,JNJ,JNPR,JOY,JPM,JWN,K,KDP,KEY,KIM,KLAC,KMB,KMX,KO,KR,KSS,L,LB,LDOS,LEG,LEN,LH,LIFE,LLL,LLTC,LLY,LM,LMT,LNC,LO,LOW,LSI,LUV,LXK,M,MA,MAR,MAS,MAT,MCD,MCHP,MCK,MCO,MDLZ,MDT,MET,MJN,MKC,MMC,MMI,MMM,MO,MOLX,MON,MOS,MPC,MRK,MRO,MS,MSFT,MSI,MTB,MU,MUR,MWV,MYL,NBL,NBR,NDAQ,NE,NEE,NEM,NFLX,NFX,NI,NKE,NOC,NOV,NRG,NSC,NTAP,NTRS,NUE,NVDA,NVLS,NWL,NYX,OI,OKE,OMC,ORCL,ORLY,OXY,PAYX,PBCT,PBI,PCAR,PCG,PCL,PCP,PDCO,PEG,PEP,PFE,PFG,PG,PGN,PGR,PH,PHM,PKI,PLD,PLL,PM,PNC,PNW,POM,PPG,PPL,PRGO,PRU,PSA,PWR,PX,PXD,QCOM,QEP,R,RAI,RDC,RF,RHI,RHT,RL,ROK,ROP,ROST,RRC,RRD,RSG,RTN,S,SBUX,SCG,SCHW,SE,SEE,SHLD,SHW,SIAL,SJM,SLB,SLM,SNA,SNDK,SNI,SO,SPG,SPGI,SPLS,SRCL,SRE,STI,STJ,STT,STZ,SUN,SVU,SWK,SWN,SWY,SYK,SYMC,SYY,T,TAP,TDC,TE,TEG,TEL,TER,TGNA,TGT,THC,TIE,TIF,TJX,TMK,TMO,TMUS,TPR,TRIP,TROW,TRV,TSN,TSS,TWC,TWX,TXN,TXT,UNH,UNM,UNP,UPS,URBN,USB,UTX,V,VAR,VFC,VIAB,VIAV,VLO,VMC,VNO,VRSN,VTR,VZ,WAT,WBA,WDC,WEC,WELL,WFC,WFM,WHR,WIN,WM,WMB,WMT,WPX,WU,WY,WYND,WYNN,X,XEL,XL,XLNX,XOM,XRAY,XRX,XYL,YUM,ZBH,ZION"
2012-04-04,"A,AABA,AAPL,ABC,ABT,ACN,ADBE,ADI,ADM,ADP,ADSK,AEE,AEP,AES,AET,AFL,AGN,AIG,AIV,AIZ,AKAM,ALL,ALTR,AMAT,AMD,AMGN,AMP,AMT,AMZN,AN,ANDV,ANF,ANRZQ,ANTM,AON,APA,APC,APD,APH,APOL,ARG,ARNC,ATGE,ATI,AVB,AVP,AVY,AXP,AZO,BA,BAC,BAX,BBBY,BBT,BBY,BCR,BDX,BEAM,BEN,BF.B,BHGE,BIG,BIIB,BK,BKNG,BLK,BLL,BMC,BMS,BMY,BRCM,BRK.B,BSX,BTUUQ,BWA,BXP,C,CA,CAG,CAH,CAM,CAT,CB,CBE,CBRE,CBS,CCE,CCI,CCL,CELG,CERN,CF,CFN,CHK,CHRW,CI,CINF,CL,CLF,CLX,CMA,CMCSA,CME,CMG,CMI,CMS,CNP,CNX,COF,COG,COL,COP,COST,COV,CPB,CRM,CSCO,CSX,CTAS,CTL,CTSH,CTXS,CVC,CVH,CVS,CVX,D,DD,DE,DELL,DF,DFS,DGX,DHI,DHR,DIS,DISCA,DLTR,DNB,DNR,DO,DOV,DOW,DRI,DTE,DTV,DUK,DVA,DVN,DXC,EA,EBAY,ECL,ED,EFX,EIX,EL,EMC,EMN,EMR,EOG,EP,EQR,EQT,ES,ESRX,ETFC,ETN,ETR,EW,EXC,EXPD,EXPE,F,FAST,FCX,FDO,FDX,FE,FFIV,FHN,FII,FIS,FISV,FITB,FLIR,FLR,FLS,FMC,FOSL,FOXA,FRX,FSLR,FTI,FTR,GAS,GD,GE,GHC,GILD,GIS,GLW,GME,GNW,GOOGL,GPC,GPS,GR,GS,GT,GWW,HAL,HAR,HAS,HBAN,HCBK,HCP,HD,HES,HIG,HNZ,HOG,HON,HOT,HP,HPQ,HRB,HRL,HRS,HSH,HSP,HST,HSY,HUM,IBM,ICE,IFF,IGT,INTC,INTU,IP,IPG,IR,IRM,ISRG,ITW,IVZ,JBL,JCI,JCP,JEC,JEF,JNJ,JNPR,JOY,JPM,JWN,K,KDP,KEY,KIM,KLAC,KMB,KMX,KO,KR,KSS,L,LB,LDOS,LEG,LEN,LH,LIFE,LLL,LLTC,LLY,LM,LMT,LNC,LO,LOW,LSI,LUV,LXK,M,MA,MAR,MAS,MAT,MCD,MCHP,MCK,MCO,MDLZ,MDT,MET,MJN,MKC,MMC,MMI,MMM,MO,MOLX,MON,MOS,MPC,MRK,MRO,MS,MSFT,MSI,MTB,MU,MUR,MWV,MYL,NBL,NBR,NDAQ,NE,NEE,NEM,NFLX,NFX,NI,NKE,NOC,NOV,NRG,NSC,NTAP,NTRS,NUE,NVDA,NVLS,NWL,NYX,OI,OKE,OMC,ORCL,ORLY,OXY,PAYX,PBCT,PBI,PCAR,PCG,PCL,PCP,PDCO,PEG,PEP,PFE,PFG,PG,PGN,PGR,PH,PHM,PKI,PLD,PLL,PM,PNC,PNW,POM,PPG,PPL,PRGO,PRU,PSA,PWR,PX,PXD,QCOM,QEP,R,RAI,RDC,RF,RHI,RHT,RL,ROK,ROP,ROST,RRC,RRD,RSG,RTN,S,SBUX,SCG,SCHW,SE,SEE,SHLD,SHW,SIAL,SJM,SLB,SLM,SNA,SNDK,SNI,SO,SPG,SPGI,SPLS,SRCL,SRE,STI,STJ,STT,STZ,SUN,SVU,SWK,SWN,SWY,SYK,SYMC,SYY,T,TAP,TDC,TE,TEG,TEL,TER,TGNA,TGT,THC,TIE,TIF,TJX,TMK,TMO,TMUS,TPR,TRIP,TROW,TRV,TSN,TSS,TWC,TWX,TXN,TXT,UNH,UNM,UNP,UPS,URBN,USB,UTX,V,VAR,VFC,VIAB,VIAV,VLO,VMC,VNO,VRSN,VTR,VZ,WAT,WBA,WDC,WEC,WELL,WFC,WFM,WHR,WIN,WM,WMB,WMT,WPX,WU,WY,WYND,WYNN,X,XEL,XL,XLNX,XOM,XRAY,XRX,XYL,YUM,ZBH,ZION"
2012-05-01,"A,AABA,AAPL,ABC,ABT,ACN,ADBE,ADI,ADM,ADP,ADSK,AEE,AEP,AES,AET,AFL,AGN,AIG,AIV,AIZ,AKAM,ALL,ALTR,AMAT,AMD,AMGN,AMP,AMT,AMZN,AN,ANDV,ANF,ANRZQ,ANTM,AON,APA,APC,APD,APH,APOL,ARG,ARNC,ATGE,ATI,AVB,AVP,AVY,AXP,AZO,BA,BAC,BAX,BBBY,BBT,BBY,BCR,BDX,BEAM,BEN,BF.B,BHGE,BIG,BIIB,BK,BKNG,BLK,BLL,BMC,BMS,BMY,BRCM,BRK.B,BSX,BTUUQ,BWA,BXP,C,CA,CAG,CAH,CAM,CAT,CB,CBE,CBRE,CBS,CCE,CCI,CCL,CELG,CERN,CF,CFN,CHK,CHRW,CI,CINF,CL,CLF,CLX,CMA,CMCSA,CME,CMG,CMI,CMS,CNP,CNX,COF,COG,COL,COP,COST,COV,CPB,CRM,CSCO,CSX,CTAS,CTL,CTSH,CTXS,CVC,CVH,CVS,CVX,D,DD,DE,DELL,DF,DFS,DGX,DHI,DHR,DIS,DISCA,DLTR,DNB,DNR,DO,DOV,DOW,DRI,DTE,DTV,DUK,DVA,DVN,DXC,EA,EBAY,ECL,ED,EFX,EIX,EL,EMC,EMN,EMR,EOG,EP,EQR,EQT,ES,ESRX,ETFC,ETN,ETR,EW,EXC,EXPD,EXPE,F,FAST,FCX,FDO,FDX,FE,FFIV,FHN,FII,FIS,FISV,FITB,FLIR,FLR,FLS,FMC,FOSL,FOXA,FRX,FSLR,FTI,FTR,GAS,GD,GE,GHC,GILD,GIS,GLW,GME,GNW,GOOGL,GPC,GPS,GR,GS,GT,GWW,HAL,HAR,HAS,HBAN,HCBK,HCP,HD,HES,HIG,HNZ,HOG,HON,HOT,HP,HPQ,HRB,HRL,HRS,HSH,HSP,HST,HSY,HUM,IBM,ICE,IFF,IGT,INTC,INTU,IP,IPG,IR,IRM,ISRG,ITW,IVZ,JBL,JCI,JCP,JEC,JEF,JNJ,JNPR,JOY,JPM,JWN,K,KDP,KEY,KIM,KLAC,KMB,KMX,KO,KR,KSS,L,LB,LDOS,LEG,LEN,LH,LIFE,LLL,LLTC,LLY,LM,LMT,LNC,LO,LOW,LSI,LUV,LXK,M,MA,MAR,MAS,MAT,MCD,MCHP,MCK,MCO,MDLZ,MDT,MET,MJN,MKC,MMC,MMI,MMM,MO,MOLX,MON,MOS,MPC,MRK,MRO,MS,MSFT,MSI,MTB,MU,MUR,MWV,MYL,NBL,NBR,NDAQ,NE,NEE,NEM,NFLX,NFX,NI,NKE,NOC,NOV,NRG,NSC,NTAP,NTRS,NUE,NVDA,NVLS,NWL,NYX,OI,OKE,OMC,ORCL,ORLY,OXY,PAYX,PBCT,PBI,PCAR,PCG,PCL,PCP,PDCO,PEG,PEP,PFE,PFG,PG,PGN,PGR,PH,PHM,PKI,PLD,PLL,PM,PNC,PNW,POM,PPG,PPL,PRGO,PRU,PSA,PSX,PWR,PX,PXD,QCOM,QEP,R,RAI,RDC,RF,RHI,RHT,RL,ROK,ROP,ROST,RRC,RRD,RSG,RTN,S,SBUX,SCG,SCHW,SE,SEE,SHLD,SHW,SIAL,SJM,SLB,SLM,SNA,SNDK,SNI,SO,SPG,SPGI,SPLS,SRCL,SRE,STI,STJ,STT,STZ,SUN,SWK,SWN,SWY,SYK,SYMC,SYY,T,TAP,TDC,TE,TEG,TEL,TER,TGNA,TGT,THC,TIE,TIF,TJX,TMK,TMO,TMUS,TPR,TRIP,TROW,TRV,TSN,TSS,TWC,TWX,TXN,TXT,UNH,UNM,UNP,UPS,URBN,USB,UTX,V,VAR,VFC,VIAB,VIAV,VLO,VMC,VNO,VRSN,VTR,VZ,WAT,WBA,WDC,WEC,WELL,WFC,WFM,WHR,WIN,WM,WMB,WMT,WPX,WU,WY,WYND,WYNN,X,XEL,XL,XLNX,XOM,XRAY,XRX,XYL,YUM,ZBH,ZION"
2012-05-22,"A,AABA,AAPL,ABC,ABT,ACN,ADBE,ADI,ADM,ADP,ADSK,AEE,AEP,AES,AET,AFL,AGN,AIG,AIV,AIZ,AKAM,ALL,ALTR,AMAT,AMD,AMGN,AMP,AMT,AMZN,AN,ANDV,ANF,ANRZQ,ANTM,AON,APA,APC,APD,APH,APOL,ARG,ARNC,ATGE,ATI,AVB,AVP,AVY,AXP,AZO,BA,BAC,BAX,BBBY,BBT,BBY,BCR,BDX,BEAM,BEN,BF.B,BHGE,BIG,BIIB,BK,BKNG,BLK,BLL,BMC,BMS,BMY,BRCM,BRK.B,BSX,BTUUQ,BWA,BXP,C,CA,CAG,CAH,CAM,CAT,CB,CBE,CBRE,CBS,CCE,CCI,CCL,CELG,CERN,CF,CFN,CHK,CHRW,CI,CINF,CL,CLF,CLX,CMA,CMCSA,CME,CMG,CMI,CMS,CNP,CNX,COF,COG,COL,COP,COST,COV,CPB,CRM,CSCO,CSX,CTAS,CTL,CTSH,CTXS,CVC,CVH,CVS,CVX,D,DD,DE,DELL,DF,DFS,DGX,DHI,DHR,DIS,DISCA,DLTR,DNB,DNR,DO,DOV,DOW,DRI,DTE,DTV,DUK,DVA,DVN,DXC,EA,EBAY,ECL,ED,EFX,EIX,EL,EMC,EMN,EMR,EOG,EP,EQR,EQT,ES,ESRX,ETFC,ETN,ETR,EW,EXC,EXPD,EXPE,F,FAST,FCX,FDO,FDX,FE,FFIV,FHN,FII,FIS,FISV,FITB,FLIR,FLR,FLS,FMC,FOSL,FOXA,FRX,FSLR,FTI,FTR,GAS,GD,GE,GHC,GILD,GIS,GLW,GME,GNW,GOOGL,GPC,GPS,GR,GS,GT,GWW,HAL,HAR,HAS,HBAN,HCBK,HCP,HD,HES,HIG,HNZ,HOG,HON,HOT,HP,HPQ,HRB,HRL,HRS,HSH,HSP,HST,HSY,HUM,IBM,ICE,IFF,IGT,INTC,INTU,IP,IPG,IR,IRM,ISRG,ITW,IVZ,JBL,JCI,JCP,JEC,JEF,JNJ,JNPR,JOY,JPM,JWN,K,KDP,KEY,KIM,KLAC,KMB,KMX,KO,KR,KSS,L,LB,LDOS,LEG,LEN,LH,LIFE,LLL,LLTC,LLY,LM,LMT,LNC,LO,LOW,LSI,LUV,LXK,M,MA,MAR,MAS,MAT,MCD,MCHP,MCK,MCO,MDLZ,MDT,MET,MJN,MKC,MMC,MMM,MO,MOLX,MON,MOS,MPC,MRK,MRO,MS,MSFT,MSI,MTB,MU,MUR,MWV,MYL,NBL,NBR,NDAQ,NE,NEE,NEM,NFLX,NFX,NI,NKE,NOC,NOV,NRG,NSC,NTAP,NTRS,NUE,NVDA,NVLS,NWL,NYX,OI,OKE,OMC,ORCL,ORLY,OXY,PAYX,PBCT,PBI,PCAR,PCG,PCL,PCP,PDCO,PEG,PEP,PFE,PFG,PG,PGN,PGR,PH,PHM,PKI,PLD,PLL,PM,PNC,PNW,POM,PPG,PPL,PRGO,PRU,PSA,PSX,PWR,PX,PXD,QCOM,QEP,R,RAI,RDC,RF,RHI,RHT,RL,ROK,ROP,ROST,RRC,RRD,RSG,RTN,S,SBUX,SCG,SCHW,SE,SEE,SHLD,SHW,SIAL,SJM,SLB,SLM,SNA,SNDK,SNI,SO,SPG,SPGI,SPLS,SRCL,SRE,STI,STJ,STT,STZ,SUN,SWK,SWN,SWY,SYK,SYMC,SYY,T,TAP,TDC,TE,TEG,TEL,TER,TGNA,TGT,THC,TIE,TIF,TJX,TMK,TMO,TMUS,TPR,TRIP,TROW,TRV,TSN,TSS,TWC,TWX,TXN,TXT,UNH,UNM,UNP,UPS,URBN,USB,UTX,V,VAR,VFC,VIAB,VIAV,VLO,VMC,VNO,VRSN,VTR,VZ,WAT,WBA,WDC,WEC,WELL,WFC,WFM,WHR,WIN,WM,WMB,WMT,WPX,WU,WY,WYND,WYNN,X,XEL,XL,XLNX,XOM,XRAY,XRX,XYL,YUM,ZBH,ZION"
2012-05-25,"A,AABA,AAPL,ABC,ABT,ACN,ADBE,ADI,ADM,ADP,ADSK,AEE,AEP,AES,AET,AFL,AGN,AIG,AIV,AIZ,AKAM,ALL,ALTR,ALXN,AMAT,AMD,AMGN,AMP,AMT,AMZN,AN,ANDV,ANF,ANRZQ,ANTM,AON,APA,APC,APD,APH,APOL,ARG,ARNC,ATGE,ATI,AVB,AVP,AVY,AXP,AZO,BA,BAC,BAX,BBBY,BBT,BBY,BCR,BDX,BEAM,BEN,BF.B,BHGE,BIG,BIIB,BK,BKNG,BLK,BLL,BMC,BMS,BMY,BRCM,BRK.B,BSX,BTUUQ,BWA,BXP,C,CA,CAG,CAH,CAM,CAT,CB,CBE,CBRE,CBS,CCE,CCI,CCL,CELG,CERN,CF,CFN,CHK,CHRW,CI,CINF,CL,CLF,CLX,CMA,CMCSA,CME,CMG,CMI,CMS,CNP,CNX,COF,COG,COL,COP,COST,COV,CPB,CRM,CSCO,CSX,CTAS,CTL,CTSH,CTXS,CVC,CVH,CVS,CVX,D,DD,DE,DELL,DF,DFS,DGX,DHI,DHR,DIS,DISCA,DLTR,DNB,DNR,DO,DOV,DOW,DRI,DTE,DTV,DUK,DVA,DVN,DXC,EA,EBAY,ECL,ED,EFX,EIX,EL,EMC,EMN,EMR,EOG,EQR,EQT,ES,ESRX,ETFC,ETN,ETR,EW,EXC,EXPD,EXPE,F,FAST,FCX,FDO,FDX,FE,FFIV,FHN,FII,FIS,FISV,FITB,FLIR,FLR,FLS,FMC,FOSL,FOXA,FRX,FSLR,FTI,FTR,GAS,GD,GE,GHC,GILD,GIS,GLW,GME,GNW,GOOGL,GPC,GPS,GR,GS,GT,GWW,HAL,HAR,HAS,HBAN,HCBK,HCP,HD,HES,HIG,HNZ,HOG,HON,HOT,HP,HPQ,HRB,HRL,HRS,HSH,HSP,HST,HSY,HUM,IBM,ICE,IFF,IGT,INTC,INTU,IP,IPG,IR,IRM,ISRG,ITW,IVZ,JBL,JCI,JCP,JEC,JEF,JNJ,JNPR,JOY,JPM,JWN,K,KDP,KEY,KIM,KLAC,KMB,KMI,KMX,KO,KR,KSS,L,LB,LDOS,LEG,LEN,LH,LIFE,LLL,LLTC,LLY,LM,LMT,LNC,LO,LOW,LSI,LUV,LXK,M,MA,MAR,MAS,MAT,MCD,MCHP,MCK,MCO,MDLZ,MDT,MET,MJN,MKC,MMC,MMM,MO,MOLX,MON,MOS,MPC,MRK,MRO,MS,MSFT,MSI,MTB,MU,MUR,MWV,MYL,NBL,NBR,NDAQ,NE,NEE,NEM,NFLX,NFX,NI,NKE,NOC,NOV,NRG,NSC,NTAP,NTRS,NUE,NVDA,NVLS,NWL,NYX,OI,OKE,OMC,ORCL,ORLY,OXY,PAYX,PBCT,PBI,PCAR,PCG,PCL,PCP,PDCO,PEG,PEP,PFE,PFG,PG,PGN,PGR,PH,PHM,PKI,PLD,PLL,PM,PNC,PNW,POM,PPG,PPL,PRGO,PRU,PSA,PSX,PWR,PX,PXD,QCOM,QEP,R,RAI,RDC,RF,RHI,RHT,RL,ROK,ROP,ROST,RRC,RRD,RSG,RTN,S,SBUX,SCG,SCHW,SE,SEE,SHLD,SHW,SIAL,SJM,SLB,SLM,SNA,SNDK,SNI,SO,SPG,SPGI,SPLS,SRCL,SRE,STI,STJ,STT,STZ,SUN,SWK,SWN,SWY,SYK,SYMC,SYY,T,TAP,TDC,TE,TEG,TEL,TER,TGNA,TGT,THC,TIE,TIF,TJX,TMK,TMO,TMUS,TPR,TRIP,TROW,TRV,TSN,TSS,TWC,TWX,TXN,TXT,UNH,UNM,UNP,UPS,URBN,USB,UTX,V,VAR,VFC,VIAB,VIAV,VLO,VMC,VNO,VRSN,VTR,VZ,WAT,WBA,WDC,WEC,WELL,WFC,WFM,WHR,WIN,WM,WMB,WMT,WPX,WU,WY,WYND,WYNN,X,XEL,XL,XLNX,XOM,XRAY,XRX,XYL,YUM,ZBH,ZION"
2012-06-05,"A,AABA,AAPL,ABC,ABT,ACN,ADBE,ADI,ADM,ADP,ADSK,AEE,AEP,AES,AET,AFL,AGN,AIG,AIV,AIZ,AKAM,ALL,ALTR,ALXN,AMAT,AMD,AMGN,AMP,AMT,AMZN,AN,ANDV,ANF,ANRZQ,ANTM,AON,APA,APC,APD,APH,APOL,ARG,ARNC,ATGE,ATI,AVB,AVP,AVY,AXP,AZO,BA,BAC,BAX,BBBY,BBT,BBY,BCR,BDX,BEAM,BEN,BF.B,BHGE,BIG,BIIB,BK,BKNG,BLK,BLL,BMC,BMS,BMY,BRCM,BRK.B,BSX,BTUUQ,BWA,BXP,C,CA,CAG,CAH,CAM,CAT,CB,CBE,CBRE,CBS,CCE,CCI,CCL,CELG,CERN,CF,CFN,CHK,CHRW,CI,CINF,CL,CLF,CLX,CMA,CMCSA,CME,CMG,CMI,CMS,CNP,CNX,COF,COG,COL,COP,COST,COV,CPB,CRM,CSCO,CSX,CTAS,CTL,CTSH,CTXS,CVC,CVH,CVS,CVX,D,DD,DE,DELL,DF,DFS,DGX,DHI,DHR,DIS,DISCA,DLTR,DNB,DNR,DO,DOV,DOW,DRI,DTE,DTV,DUK,DVA,DVN,DXC,EA,EBAY,ECL,ED,EFX,EIX,EL,EMC,EMN,EMR,EOG,EQR,EQT,ES,ESRX,ETFC,ETN,ETR,EW,EXC,EXPD,EXPE,F,FAST,FCX,FDO,FDX,FE,FFIV,FHN,FII,FIS,FISV,FITB,FLIR,FLR,FLS,FMC,FOSL,FOXA,FRX,FSLR,FTI,FTR,GAS,GD,GE,GHC,GILD,GIS,GLW,GME,GNW,GOOGL,GPC,GPS,GR,GS,GT,GWW,HAL,HAR,HAS,HBAN,HCBK,HCP,HD,HES,HIG,HNZ,HOG,HON,HOT,HP,HPQ,HRB,HRL,HRS,HSH,HSP,HST,HSY,HUM,IBM,ICE,IFF,IGT,INTC,INTU,IP,IPG,IR,IRM,ISRG,ITW,IVZ,JBL,JCI,JCP,JEC,JEF,JNJ,JNPR,JOY,JPM,JWN,K,KDP,KEY,KIM,KLAC,KMB,KMI,KMX,KO,KR,KSS,L,LB,LDOS,LEG,LEN,LH,LIFE,LLL,LLTC,LLY,LM,LMT,LNC,LO,LOW,LRCX,LSI,LUV,LXK,M,MA,MAR,MAS,MAT,MCD,MCHP,MCK,MCO,MDLZ,MDT,MET,MJN,MKC,MMC,MMM,MO,MOLX,MON,MOS,MPC,MRK,MRO,MS,MSFT,MSI,MTB,MU,MUR,MWV,MYL,NBL,NBR,NDAQ,NE,NEE,NEM,NFLX,NFX,NI,NKE,NOC,NOV,NRG,NSC,NTAP,NTRS,NUE,NVDA,NWL,NYX,OI,OKE,OMC,ORCL,ORLY,OXY,PAYX,PBCT,PBI,PCAR,PCG,PCL,PCP,PDCO,PEG,PEP,PFE,PFG,PG,PGN,PGR,PH,PHM,PKI,PLD,PLL,PM,PNC,PNW,POM,PPG,PPL,PRGO,PRU,PSA,PSX,PWR,PX,PXD,QCOM,QEP,R,RAI,RDC,RF,RHI,RHT,RL,ROK,ROP,ROST,RRC,RRD,RSG,RTN,S,SBUX,SCG,SCHW,SE,SEE,SHLD,SHW,SIAL,SJM,SLB,SLM,SNA,SNDK,SNI,SO,SPG,SPGI,SPLS,SRCL,SRE,STI,STJ,STT,STZ,SUN,SWK,SWN,SWY,SYK,SYMC,SYY,T,TAP,TDC,TE,TEG,TEL,TER,TGNA,TGT,THC,TIE,TIF,TJX,TMK,TMO,TMUS,TPR,TRIP,TROW,TRV,TSN,TSS,TWC,TWX,TXN,TXT,UNH,UNM,UNP,UPS,URBN,USB,UTX,V,VAR,VFC,VIAB,VIAV,VLO,VMC,VNO,VRSN,VTR,VZ,WAT,WBA,WDC,WEC,WELL,WFC,WFM,WHR,WIN,WM,WMB,WMT,WPX,WU,WY,WYND,WYNN,X,XEL,XL,XLNX,XOM,XRAY,XRX,XYL,YUM,ZBH,ZION"
2012-06-29,"A,AABA,AAPL,ABC,ABT,ACN,ADBE,ADI,ADM,ADP,ADSK,AEE,AEP,AES,AET,AFL,AGN,AIG,AIV,AIZ,AKAM,ALL,ALTR,ALXN,AMAT,AMD,AMGN,AMP,AMT,AMZN,AN,ANDV,ANF,ANRZQ,ANTM,AON,APA,APC,APD,APH,APOL,ARG,ARNC,ATGE,ATI,AVB,AVP,AVY,AXP,AZO,BA,BAC,BAX,BBBY,BBT,BBY,BCR,BDX,BEAM,BEN,BF.B,BHGE,BIG,BIIB,BK,BKNG,BLK,BLL,BMC,BMS,BMY,BRCM,BRK.B,BSX,BTUUQ,BWA,BXP,C,CA,CAG,CAH,CAM,CAT,CB,CBE,CBRE,CBS,CCE,CCI,CCL,CELG,CERN,CF,CFN,CHK,CHRW,CI,CINF,CL,CLF,CLX,CMA,CMCSA,CME,CMG,CMI,CMS,CNP,CNX,COF,COG,COL,COP,COST,COV,CPB,CRM,CSCO,CSX,CTAS,CTL,CTSH,CTXS,CVC,CVH,CVS,CVX,D,DD,DE,DELL,DF,DFS,DGX,DHI,DHR,DIS,DISCA,DLTR,DNB,DNR,DO,DOV,DOW,DRI,DTE,DTV,DUK,DVA,DVN,DXC,EA,EBAY,ECL,ED,EFX,EIX,EL,EMC,EMN,EMR,EOG,EQR,EQT,ES,ESRX,ETFC,ETN,ETR,EW,EXC,EXPD,EXPE,F,FAST,FCX,FDO,FDX,FE,FFIV,FHN,FII,FIS,FISV,FITB,FLIR,FLR,FLS,FMC,FOSL,FOXA,FRX,FSLR,FTI,FTR,GAS,GD,GE,GHC,GILD,GIS,GLW,GME,GNW,GOOGL,GPC,GPS,GR,GS,GT,GWW,HAL,HAR,HAS,HBAN,HCBK,HCP,HD,HES,HIG,HNZ,HOG,HON,HOT,HP,HPQ,HRB,HRL,HRS,HSP,HST,HSY,HUM,IBM,ICE,IFF,IGT,INTC,INTU,IP,IPG,IR,IRM,ISRG,ITW,IVZ,JBL,JCI,JCP,JEC,JEF,JNJ,JNPR,JOY,JPM,JWN,K,KDP,KEY,KIM,KLAC,KMB,KMI,KMX,KO,KR,KSS,L,LB,LDOS,LEG,LEN,LH,LIFE,LLL,LLTC,LLY,LM,LMT,LNC,LO,LOW,LRCX,LSI,LUV,LXK,M,MA,MAR,MAS,MAT,MCD,MCHP,MCK,MCO,MDLZ,MDT,MET,MJN,MKC,MMC,MMM,MNST,MO,MOLX,MON,MOS,MPC,MRK,MRO,MS,MSFT,MSI,MTB,MU,MUR,MWV,MYL,NBL,NBR,NDAQ,NE,NEE,NEM,NFLX,NFX,NI,NKE,NOC,NOV,NRG,NSC,NTAP,NTRS,NUE,NVDA,NWL,NYX,OI,OKE,OMC,ORCL,ORLY,OXY,PAYX,PBCT,PBI,PCAR,PCG,PCL,PCP,PDCO,PEG,PEP,PFE,PFG,PG,PGN,PGR,PH,PHM,PKI,PLD,PLL,PM,PNC,PNW,POM,PPG,PPL,PRGO,PRU,PSA,PSX,PWR,PX,PXD,QCOM,QEP,R,RAI,RDC,RF,RHI,RHT,RL,ROK,ROP,ROST,RRC,RRD,RSG,RTN,S,SBUX,SCG,SCHW,SE,SEE,SHLD,SHW,SIAL,SJM,SLB,SLM,SNA,SNDK,SNI,SO,SPG,SPGI,SPLS,SRCL,SRE,STI,STJ,STT,STZ,SUN,SWK,SWN,SWY,SYK,SYMC,SYY,T,TAP,TDC,TE,TEG,TEL,TER,TGNA,TGT,THC,TIE,TIF,TJX,TMK,TMO,TMUS,TPR,TRIP,TROW,TRV,TSN,TSS,TWC,TWX,TXN,TXT,UNH,UNM,UNP,UPS,URBN,USB,UTX,V,VAR,VFC,VIAB,VIAV,VLO,VMC,VNO,VRSN,VTR,VZ,WAT,WBA,WDC,WEC,WELL,WFC,WFM,WHR,WIN,WM,WMB,WMT,WPX,WU,WY,WYND,WYNN,X,XEL,XL,XLNX,XOM,XRAY,XRX,XYL,YUM,ZBH,ZION"
2012-07-02,"A,AABA,AAPL,ABC,ABT,ACN,ADBE,ADI,ADM,ADP,ADSK,AEE,AEP,AES,AET,AFL,AGN,AIG,AIV,AIZ,AKAM,ALL,ALTR,ALXN,AMAT,AMD,AMGN,AMP,AMT,AMZN,AN,ANDV,ANF,ANRZQ,ANTM,AON,APA,APC,APD,APH,APOL,ARG,ARNC,ATGE,ATI,AVB,AVP,AVY,AXP,AZO,BA,BAC,BAX,BBBY,BBT,BBY,BCR,BDX,BEAM,BEN,BF.B,BHGE,BIG,BIIB,BK,BKNG,BLK,BLL,BMC,BMS,BMY,BRCM,BRK.B,BSX,BTUUQ,BWA,BXP,C,CA,CAG,CAH,CAM,CAT,CB,CBE,CBRE,CBS,CCE,CCI,CCL,CELG,CERN,CF,CFN,CHK,CHRW,CI,CINF,CL,CLF,CLX,CMA,CMCSA,CME,CMG,CMI,CMS,CNP,CNX,COF,COG,COL,COP,COST,COV,CPB,CRM,CSCO,CSX,CTAS,CTL,CTSH,CTXS,CVC,CVH,CVS,CVX,D,DD,DE,DELL,DF,DFS,DGX,DHI,DHR,DIS,DISCA,DLTR,DNB,DNR,DO,DOV,DOW,DRI,DTE,DTV,DUK,DVA,DVN,DXC,EA,EBAY,ECL,ED,EFX,EIX,EL,EMC,EMN,EMR,EOG,EQR,EQT,ES,ESRX,ETFC,ETN,ETR,EW,EXC,EXPD,EXPE,F,FAST,FCX,FDO,FDX,FE,FFIV,FHN,FII,FIS,FISV,FITB,FLIR,FLR,FLS,FMC,FOSL,FOXA,FRX,FSLR,FTI,FTR,GAS,GD,GE,GHC,GILD,GIS,GLW,GME,GNW,GOOGL,GPC,GPS,GR,GS,GT,GWW,HAL,HAR,HAS,HBAN,HCBK,HCP,HD,HES,HIG,HNZ,HOG,HON,HOT,HP,HPQ,HRB,HRL,HRS,HSP,HST,HSY,HUM,IBM,ICE,IFF,IGT,INTC,INTU,IP,IPG,IR,IRM,ISRG,ITW,IVZ,JBL,JCI,JCP,JEC,JEF,JNJ,JNPR,JOY,JPM,JWN,K,KDP,KEY,KIM,KLAC,KMB,KMI,KMX,KO,KR,KSS,L,LB,LDOS,LEG,LEN,LH,LIFE,LLL,LLTC,LLY,LM,LMT,LNC,LO,LOW,LRCX,LSI,LUV,LXK,M,MA,MAR,MAS,MAT,MCD,MCHP,MCK,MCO,MDLZ,MDT,MET,MJN,MKC,MMC,MMM,MNST,MO,MOLX,MON,MOS,MPC,MRK,MRO,MS,MSFT,MSI,MTB,MU,MUR,MWV,MYL,NBL,NBR,NDAQ,NE,NEE,NEM,NFLX,NFX,NI,NKE,NOC,NOV,NRG,NSC,NTAP,NTRS,NUE,NVDA,NWL,NYX,OI,OKE,OMC,ORCL,ORLY,OXY,PAYX,PBCT,PBI,PCAR,PCG,PCL,PCP,PDCO,PEG,PEP,PFE,PFG,PG,PGR,PH,PHM,PKI,PLD,PLL,PM,PNC,PNW,POM,PPG,PPL,PRGO,PRU,PSA,PSX,PWR,PX,PXD,QCOM,QEP,R,RAI,RDC,RF,RHI,RHT,RL,ROK,ROP,ROST,RRC,RRD,RSG,RTN,S,SBUX,SCG,SCHW,SE,SEE,SHLD,SHW,SIAL,SJM,SLB,SLM,SNA,SNDK,SNI,SO,SPG,SPGI,SPLS,SRCL,SRE,STI,STJ,STT,STX,STZ,SUN,SWK,SWN,SWY,SYK,SYMC,SYY,T,TAP,TDC,TE,TEG,TEL,TER,TGNA,TGT,THC,TIE,TIF,TJX,TMK,TMO,TMUS,TPR,TRIP,TROW,TRV,TSN,TSS,TWC,TWX,TXN,TXT,UNH,UNM,UNP,UPS,URBN,USB,UTX,V,VAR,VFC,VIAB,VIAV,VLO,VMC,VNO,VRSN,VTR,VZ,WAT,WBA,WDC,WEC,WELL,WFC,WFM,WHR,WIN,WM,WMB,WMT,WPX,WU,WY,WYND,WYNN,X,XEL,XL,XLNX,XOM,XRAY,XRX,XYL,YUM,ZBH,ZION"
2012-07-27,"A,AABA,AAPL,ABC,ABT,ACN,ADBE,ADI,ADM,ADP,ADSK,AEE,AEP,AES,AET,AFL,AGN,AIG,AIV,AIZ,AKAM,ALL,ALTR,ALXN,AMAT,AMD,AMGN,AMP,AMT,AMZN,AN,ANDV,ANF,ANRZQ,ANTM,AON,APA,APC,APD,APH,APOL,ARG,ARNC,ATGE,ATI,AVB,AVP,AVY,AXP,AZO,BA,BAC,BAX,BBBY,BBT,BBY,BCR,BDX,BEAM,BEN,BF.B,BHGE,BIG,BIIB,BK,BKNG,BLK,BLL,BMC,BMS,BMY,BRCM,BRK.B,BSX,BTUUQ,BWA,BXP,C,CA,CAG,CAH,CAM,CAT,CB,CBE,CBRE,CBS,CCE,CCI,CCL,CELG,CERN,CF,CFN,CHK,CHRW,CI,CINF,CL,CLF,CLX,CMA,CMCSA,CME,CMG,CMI,CMS,CNP,CNX,COF,COG,COL,COP,COST,COV,CPB,CRM,CSCO,CSX,CTAS,CTL,CTSH,CTXS,CVC,CVH,CVS,CVX,D,DD,DE,DELL,DF,DFS,DGX,DHI,DHR,DIS,DISCA,DLTR,DNB,DNR,DO,DOV,DOW,DRI,DTE,DTV,DUK,DVA,DVN,DXC,EA,EBAY,ECL,ED,EFX,EIX,EL,EMC,EMN,EMR,EOG,EQR,EQT,ES,ESRX,ETFC,ETN,ETR,EW,EXC,EXPD,EXPE,F,FAST,FCX,FDO,FDX,FE,FFIV,FHN,FII,FIS,FISV,FITB,FLIR,FLR,FLS,FMC,FOSL,FOXA,FRX,FSLR,FTI,FTR,GAS,GD,GE,GHC,GILD,GIS,GLW,GME,GNW,GOOGL,GPC,GPS,GS,GT,GWW,HAL,HAR,HAS,HBAN,HCBK,HCP,HD,HES,HIG,HNZ,HOG,HON,HOT,HP,HPQ,HRB,HRL,HRS,HSP,HST,HSY,HUM,IBM,ICE,IFF,IGT,INTC,INTU,IP,IPG,IR,IRM,ISRG,ITW,IVZ,JBL,JCI,JCP,JEC,JEF,JNJ,JNPR,JOY,JPM,JWN,K,KDP,KEY,KIM,KLAC,KMB,KMI,KMX,KO,KR,KSS,L,LB,LDOS,LEG,LEN,LH,LIFE,LLL,LLTC,LLY,LM,LMT,LNC,LO,LOW,LRCX,LSI,LUV,LXK,M,MA,MAR,MAS,MAT,MCD,MCHP,MCK,MCO,MDLZ,MDT,MET,MJN,MKC,MMC,MMM,MNST,MO,MOLX,MON,MOS,MPC,MRK,MRO,MS,MSFT,MSI,MTB,MU,MUR,MWV,MYL,NBL,NBR,NDAQ,NE,NEE,NEM,NFLX,NFX,NI,NKE,NOC,NOV,NRG,NSC,NTAP,NTRS,NUE,NVDA,NWL,NYX,OI,OKE,OMC,ORCL,ORLY,OXY,PAYX,PBCT,PBI,PCAR,PCG,PCL,PCP,PDCO,PEG,PEP,PFE,PFG,PG,PGR,PH,PHM,PKI,PLD,PLL,PM,PNC,PNW,POM,PPG,PPL,PRGO,PRU,PSA,PSX,PWR,PX,PXD,QCOM,QEP,R,RAI,RDC,RF,RHI,RHT,RL,ROK,ROP,ROST,RRC,RRD,RSG,RTN,S,SBUX,SCG,SCHW,SE,SEE,SHLD,SHW,SIAL,SJM,SLB,SLM,SNA,SNDK,SNI,SO,SPG,SPGI,SPLS,SRCL,SRE,STI,STJ,STT,STX,STZ,SUN,SWK,SWN,SWY,SYK,SYMC,SYY,T,TAP,TDC,TE,TEG,TEL,TER,TGNA,TGT,THC,TIE,TIF,TJX,TMK,TMO,TMUS,TPR,TRIP,TROW,TRV,TSN,TSS,TWC,TWX,TXN,TXT,UNH,UNM,UNP,UPS,URBN,USB,UTX,V,VAR,VFC,VIAB,VIAV,VLO,VMC,VNO,VRSN,VTR,VZ,WAT,WBA,WDC,WEC,WELL,WFC,WFM,WHR,WIN,WM,WMB,WMT,WPX,WU,WY,WYND,WYNN,X,XEL,XL,XLNX,XOM,XRAY,XRX,XYL,YUM,ZBH,ZION"
2012-07-31,"A,AABA,AAPL,ABC,ABT,ACN,ADBE,ADI,ADM,ADP,ADSK,AEE,AEP,AES,AET,AFL,AGN,AIG,AIV,AIZ,AKAM,ALL,ALTR,ALXN,AMAT,AMD,AMGN,AMP,AMT,AMZN,AN,ANDV,ANF,ANRZQ,ANTM,AON,APA,APC,APD,APH,APOL,ARG,ARNC,ATGE,ATI,AVB,AVP,AVY,AXP,AZO,BA,BAC,BAX,BBBY,BBT,BBY,BCR,BDX,BEAM,BEN,BF.B,BHGE,BIG,BIIB,BK,BKNG,BLK,BLL,BMC,BMS,BMY,BRCM,BRK.B,BSX,BTUUQ,BWA,BXP,C,CA,CAG,CAH,CAM,CAT,CB,CBE,CBRE,CBS,CCE,CCI,CCL,CELG,CERN,CF,CFN,CHK,CHRW,CI,CINF,CL,CLF,CLX,CMA,CMCSA,CME,CMG,CMI,CMS,CNP,CNX,COF,COG,COL,COP,COST,COV,CPB,CRM,CSCO,CSX,CTAS,CTL,CTSH,CTXS,CVC,CVH,CVS,CVX,D,DD,DE,DELL,DF,DFS,DGX,DHI,DHR,DIS,DISCA,DLTR,DNB,DNR,DO,DOV,DOW,DRI,DTE,DTV,DUK,DVA,DVN,DXC,EA,EBAY,ECL,ED,EFX,EIX,EL,EMC,EMN,EMR,EOG,EQR,EQT,ES,ESRX,ESV,ETFC,ETN,ETR,EW,EXC,EXPD,EXPE,F,FAST,FCX,FDO,FDX,FE,FFIV,FHN,FII,FIS,FISV,FITB,FLIR,FLR,FLS,FMC,FOSL,FOXA,FRX,FSLR,FTI,FTR,GAS,GD,GE,GHC,GILD,GIS,GLW,GME,GNW,GOOGL,GPC,GPS,GS,GT,GWW,HAL,HAR,HAS,HBAN,HCBK,HCP,HD,HES,HIG,HNZ,HOG,HON,HOT,HP,HPQ,HRB,HRL,HRS,HSP,HST,HSY,HUM,IBM,ICE,IFF,IGT,INTC,INTU,IP,IPG,IR,IRM,ISRG,ITW,IVZ,JBL,JCI,JCP,JEC,JEF,JNJ,JNPR,JOY,JPM,JWN,K,KDP,KEY,KIM,KLAC,KMB,KMI,KMX,KO,KR,KSS,L,LB,LDOS,LEG,LEN,LH,LIFE,LLL,LLTC,LLY,LM,LMT,LNC,LO,LOW,LRCX,LSI,LUV,LXK,M,MA,MAR,MAS,MAT,MCD,MCHP,MCK,MCO,MDLZ,MDT,MET,MJN,MKC,MMC,MMM,MNST,MO,MOLX,MON,MOS,MPC,MRK,MRO,MS,MSFT,MSI,MTB,MU,MUR,MWV,MYL,NBL,NBR,NDAQ,NE,NEE,NEM,NFLX,NFX,NI,NKE,NOC,NOV,NRG,NSC,NTAP,NTRS,NUE,NVDA,NWL,NYX,OI,OKE,OMC,ORCL,ORLY,OXY,PAYX,PBCT,PBI,PCAR,PCG,PCL,PCP,PDCO,PEG,PEP,PFE,PFG,PG,PGR,PH,PHM,PKI,PLD,PLL,PM,PNC,PNW,POM,PPG,PPL,PRGO,PRU,PSA,PSX,PWR,PX,PXD,QCOM,QEP,R,RAI,RDC,RF,RHI,RHT,RL,ROK,ROP,ROST,RRC,RRD,RSG,RTN,S,SBUX,SCG,SCHW,SE,SEE,SHLD,SHW,SIAL,SJM,SLB,SLM,SNA,SNDK,SNI,SO,SPG,SPGI,SPLS,SRCL,SRE,STI,STJ,STT,STX,STZ,SUN,SWK,SWN,SWY,SYK,SYMC,SYY,T,TAP,TDC,TE,TEG,TEL,TER,TGNA,TGT,THC,TIE,TIF,TJX,TMK,TMO,TMUS,TPR,TRIP,TROW,TRV,TSN,TSS,TWC,TWX,TXN,TXT,UNH,UNM,UNP,UPS,URBN,USB,UTX,V,VAR,VFC,VIAB,VIAV,VLO,VMC,VNO,VRSN,VTR,VZ,WAT,WBA,WDC,WEC,WELL,WFC,WFM,WHR,WIN,WM,WMB,WMT,WPX,WU,WY,WYND,WYNN,X,XEL,XL,XLNX,XOM,XRAY,XRX,XYL,YUM,ZBH,ZION"
2012-09-05,"A,AABA,AAPL,ABC,ABT,ACN,ADBE,ADI,ADM,ADP,ADSK,AEE,AEP,AES,AET,AFL,AGN,AIG,AIV,AIZ,AKAM,ALL,ALTR,ALXN,AMAT,AMD,AMGN,AMP,AMT,AMZN,AN,ANDV,ANF,ANRZQ,ANTM,AON,APA,APC,APD,APH,APOL,ARG,ARNC,ATGE,ATI,AVB,AVP,AVY,AXP,AZO,BA,BAC,BAX,BBBY,BBT,BBY,BCR,BDX,BEAM,BEN,BF.B,BHGE,BIG,BIIB,BK,BKNG,BLK,BLL,BMC,BMS,BMY,BRCM,BRK.B,BSX,BTUUQ,BWA,BXP,C,CA,CAG,CAH,CAM,CAT,CB,CBE,CBRE,CBS,CCE,CCI,CCL,CELG,CERN,CF,CFN,CHK,CHRW,CI,CINF,CL,CLF,CLX,CMA,CMCSA,CME,CMG,CMI,CMS,CNP,CNX,COF,COG,COL,COP,COST,COV,CPB,CRM,CSCO,CSX,CTAS,CTL,CTSH,CTXS,CVC,CVH,CVS,CVX,D,DD,DE,DELL,DF,DFS,DGX,DHI,DHR,DIS,DISCA,DLTR,DNB,DNR,DO,DOV,DOW,DRI,DTE,DTV,DUK,DVA,DVN,DXC,EA,EBAY,ECL,ED,EFX,EIX,EL,EMC,EMN,EMR,EOG,EQR,EQT,ES,ESRX,ESV,ETFC,ETN,ETR,EW,EXC,EXPD,EXPE,F,FAST,FCX,FDO,FDX,FE,FFIV,FHN,FII,FIS,FISV,FITB,FLIR,FLR,FLS,FMC,FOSL,FOXA,FRX,FSLR,FTI,FTR,GAS,GD,GE,GHC,GILD,GIS,GLW,GME,GNW,GOOGL,GPC,GPS,GS,GT,GWW,HAL,HAR,HAS,HBAN,HCBK,HCP,HD,HES,HIG,HNZ,HOG,HON,HOT,HP,HPQ,HRB,HRL,HRS,HSP,HST,HSY,HUM,IBM,ICE,IFF,IGT,INTC,INTU,IP,IPG,IR,IRM,ISRG,ITW,IVZ,JBL,JCI,JCP,JEC,JEF,JNJ,JNPR,JOY,JPM,JWN,K,KDP,KEY,KIM,KLAC,KMB,KMI,KMX,KO,KR,KSS,L,LB,LDOS,LEG,LEN,LH,LIFE,LLL,LLTC,LLY,LM,LMT,LNC,LO,LOW,LRCX,LSI,LUV,LXK,LYB,M,MA,MAR,MAS,MAT,MCD,MCHP,MCK,MCO,MDLZ,MDT,MET,MJN,MKC,MMC,MMM,MNST,MO,MOLX,MON,MOS,MPC,MRK,MRO,MS,MSFT,MSI,MTB,MU,MUR,MWV,MYL,NBL,NBR,NDAQ,NE,NEE,NEM,NFLX,NFX,NI,NKE,NOC,NOV,NRG,NSC,NTAP,NTRS,NUE,NVDA,NWL,NYX,OI,OKE,OMC,ORCL,ORLY,OXY,PAYX,PBCT,PBI,PCAR,PCG,PCL,PCP,PDCO,PEG,PEP,PFE,PFG,PG,PGR,PH,PHM,PKI,PLD,PLL,PM,PNC,PNW,POM,PPG,PPL,PRGO,PRU,PSA,PSX,PWR,PX,PXD,QCOM,QEP,R,RAI,RDC,RF,RHI,RHT,RL,ROK,ROP,ROST,RRC,RRD,RSG,RTN,S,SBUX,SCG,SCHW,SE,SEE,SHW,SIAL,SJM,SLB,SLM,SNA,SNDK,SNI,SO,SPG,SPGI,SPLS,SRCL,SRE,STI,STJ,STT,STX,STZ,SUN,SWK,SWN,SWY,SYK,SYMC,SYY,T,TAP,TDC,TE,TEG,TEL,TER,TGNA,TGT,THC,TIE,TIF,TJX,TMK,TMO,TMUS,TPR,TRIP,TROW,TRV,TSN,TSS,TWC,TWX,TXN,TXT,UNH,UNM,UNP,UPS,URBN,USB,UTX,V,VAR,VFC,VIAB,VIAV,VLO,VMC,VNO,VRSN,VTR,VZ,WAT,WBA,WDC,WEC,WELL,WFC,WFM,WHR,WIN,WM,WMB,WMT,WPX,WU,WY,WYND,WYNN,X,XEL,XL,XLNX,XOM,XRAY,XRX,XYL,YUM,ZBH,ZION"
2012-10-01,"A,AABA,AAPL,ABC,ABT,ACN,ADBE,ADI,ADM,ADP,ADSK,AEE,AEP,AES,AET,AFL,AGN,AIG,AIV,AIZ,AKAM,ALL,ALTR,ALXN,AMAT,AMD,AMGN,AMP,AMT,AMZN,AN,ANDV,ANF,ANRZQ,ANTM,AON,APA,APC,APD,APH,APOL,ARG,ARNC,ATI,AVB,AVP,AVY,AXP,AZO,BA,BAC,BAX,BBBY,BBT,BBY,BCR,BDX,BEAM,BEN,BF.B,BHGE,BIG,BIIB,BK,BKNG,BLK,BLL,BMC,BMS,BMY,BRCM,BRK.B,BSX,BTUUQ,BWA,BXP,C,CA,CAG,CAH,CAM,CAT,CB,CBE,CBRE,CBS,CCE,CCI,CCL,CELG,CERN,CF,CFN,CHK,CHRW,CI,CINF,CL,CLF,CLX,CMA,CMCSA,CME,CMG,CMI,CMS,CNP,CNX,COF,COG,COL,COP,COST,COV,CPB,CRM,CSCO,CSX,CTAS,CTL,CTSH,CTXS,CVC,CVH,CVS,CVX,D,DD,DE,DELL,DF,DFS,DGX,DHI,DHR,DIS,DISCA,DLTR,DNB,DNR,DO,DOV,DOW,DRI,DTE,DTV,DUK,DVA,DVN,DXC,EA,EBAY,ECL,ED,EFX,EIX,EL,EMC,EMN,EMR,EOG,EQR,EQT,ES,ESRX,ESV,ETFC,ETN,ETR,EW,EXC,EXPD,EXPE,F,FAST,FCX,FDO,FDX,FE,FFIV,FHN,FII,FIS,FISV,FITB,FLIR,FLR,FLS,FMC,FOSL,FOXA,FRX,FSLR,FTI,FTR,GAS,GD,GE,GHC,GILD,GIS,GLW,GME,GNW,GOOGL,GPC,GPS,GS,GT,GWW,HAL,HAR,HAS,HBAN,HCBK,HCP,HD,HES,HIG,HNZ,HOG,HON,HOT,HP,HPQ,HRB,HRL,HRS,HSP,HST,HSY,HUM,IBM,ICE,IFF,IGT,INTC,INTU,IP,IPG,IR,IRM,ISRG,ITW,IVZ,JBL,JCI,JCP,JEC,JEF,JNJ,JNPR,JOY,JPM,JWN,K,KDP,KEY,KIM,KLAC,KMB,KMI,KMX,KO,KR,KSS,L,LB,LDOS,LEG,LEN,LH,LIFE,LLL,LLTC,LLY,LM,LMT,LNC,LO,LOW,LRCX,LSI,LUV,LYB,M,MA,MAR,MAS,MAT,MCD,MCHP,MCK,MCO,MDLZ,MDT,MET,MJN,MKC,MMC,MMM,MNST,MO,MOLX,MON,MOS,MPC,MRK,MRO,MS,MSFT,MSI,MTB,MU,MUR,MWV,MYL,NBL,NBR,NDAQ,NE,NEE,NEM,NFLX,NFX,NI,NKE,NOC,NOV,NRG,NSC,NTAP,NTRS,NUE,NVDA,NWL,NYX,OI,OKE,OMC,ORCL,ORLY,OXY,PAYX,PBCT,PBI,PCAR,PCG,PCL,PCP,PDCO,PEG,PEP,PFE,PFG,PG,PGR,PH,PHM,PKI,PLD,PLL,PM,PNC,PNR,PNW,POM,PPG,PPL,PRGO,PRU,PSA,PSX,PWR,PX,PXD,QCOM,QEP,R,RAI,RDC,RF,RHI,RHT,RL,ROK,ROP,ROST,RRC,RRD,RSG,RTN,S,SBUX,SCG,SCHW,SE,SEE,SHW,SIAL,SJM,SLB,SLM,SNA,SNDK,SNI,SO,SPG,SPGI,SPLS,SRCL,SRE,STI,STJ,STT,STX,STZ,SUN,SWK,SWN,SWY,SYK,SYMC,SYY,T,TAP,TDC,TE,TEG,TEL,TER,TGNA,TGT,THC,TIE,TIF,TJX,TMK,TMO,TMUS,TPR,TRIP,TROW,TRV,TSN,TSS,TWC,TWX,TXN,TXT,UNH,UNM,UNP,UPS,URBN,USB,UTX,V,VAR,VFC,VIAB,VIAV,VLO,VMC,VNO,VRSN,VTR,VZ,WAT,WBA,WDC,WEC,WELL,WFC,WFM,WHR,WIN,WM,WMB,WMT,WPX,WU,WY,WYND,WYNN,X,XEL,XL,XLNX,XOM,XRAY,XRX,XYL,YUM,ZBH,ZION"
2012-10-02,"A,AABA,AAPL,ABC,ABT,ACN,ADBE,ADI,ADM,ADP,ADSK,ADT,AEE,AEP,AES,AET,AFL,AGN,AIG,AIV,AIZ,AKAM,ALL,ALTR,ALXN,AMAT,AMD,AMGN,AMP,AMT,AMZN,AN,ANDV,ANF,ANTM,AON,APA,APC,APD,APH,APOL,ARG,ARNC,ATI,AVB,AVP,AVY,AXP,AZO,BA,BAC,BAX,BBBY,BBT,BBY,BCR,BDX,BEAM,BEN,BF.B,BHGE,BIG,BIIB,BK,BKNG,BLK,BLL,BMC,BMS,BMY,BRCM,BRK.B,BSX,BTUUQ,BWA,BXP,C,CA,CAG,CAH,CAM,CAT,CB,CBE,CBRE,CBS,CCE,CCI,CCL,CELG,CERN,CF,CFN,CHK,CHRW,CI,CINF,CL,CLF,CLX,CMA,CMCSA,CME,CMG,CMI,CMS,CNP,CNX,COF,COG,COL,COP,COST,COV,CPB,CRM,CSCO,CSX,CTAS,CTL,CTSH,CTXS,CVC,CVH,CVS,CVX,D,DD,DE,DELL,DF,DFS,DGX,DHI,DHR,DIS,DISCA,DLTR,DNB,DNR,DO,DOV,DOW,DRI,DTE,DTV,DUK,DVA,DVN,DXC,EA,EBAY,ECL,ED,EFX,EIX,EL,EMC,EMN,EMR,EOG,EQR,EQT,ES,ESRX,ESV,ETFC,ETN,ETR,EW,EXC,EXPD,EXPE,F,FAST,FCX,FDO,FDX,FE,FFIV,FHN,FII,FIS,FISV,FITB,FLIR,FLR,FLS,FMC,FOSL,FOXA,FRX,FSLR,FTI,FTR,GAS,GD,GE,GHC,GILD,GIS,GLW,GME,GNW,GOOGL,GPC,GPS,GS,GT,GWW,HAL,HAR,HAS,HBAN,HCBK,HCP,HD,HES,HIG,HNZ,HOG,HON,HOT,HP,HPQ,HRB,HRL,HRS,HSP,HST,HSY,HUM,IBM,ICE,IFF,IGT,INTC,INTU,IP,IPG,IR,IRM,ISRG,ITW,IVZ,JBL,JCI,JCP,JEC,JEF,JNJ,JNPR,JOY,JPM,JWN,K,KDP,KEY,KIM,KLAC,KMB,KMI,KMX,KO,KR,KRFT,KSS,L,LB,LDOS,LEG,LEN,LH,LIFE,LLL,LLTC,LLY,LM,LMT,LNC,LO,LOW,LRCX,LSI,LUV,LYB,M,MA,MAR,MAS,MAT,MCD,MCHP,MCK,MCO,MDLZ,MDT,MET,MJN,MKC,MMC,MMM,MNST,MO,MOLX,MON,MOS,MPC,MRK,MRO,MS,MSFT,MSI,MTB,MU,MUR,MWV,MYL,NBL,NBR,NDAQ,NE,NEE,NEM,NFLX,NFX,NI,NKE,NOC,NOV,NRG,NSC,NTAP,NTRS,NUE,NVDA,NWL,NYX,OI,OKE,OMC,ORCL,ORLY,OXY,PAYX,PBCT,PBI,PCAR,PCG,PCL,PCP,PDCO,PEG,PEP,PFE,PFG,PG,PGR,PH,PHM,PKI,PLD,PLL,PM,PNC,PNR,PNW,POM,PPG,PPL,PRGO,PRU,PSA,PSX,PWR,PX,PXD,QCOM,QEP,R,RAI,RDC,RF,RHI,RHT,RL,ROK,ROP,ROST,RRC,RRD,RSG,RTN,S,SBUX,SCG,SCHW,SE,SEE,SHW,SIAL,SJM,SLB,SLM,SNA,SNDK,SNI,SO,SPG,SPGI,SPLS,SRCL,SRE,STI,STJ,STT,STX,STZ,SUN,SWK,SWN,SWY,SYK,SYMC,SYY,T,TAP,TDC,TE,TEG,TEL,TER,TGNA,TGT,THC,TIE,TIF,TJX,TMK,TMO,TMUS,TPR,TRIP,TROW,TRV,TSN,TSS,TWC,TWX,TXN,TXT,UNH,UNM,UNP,UPS,URBN,USB,UTX,V,VAR,VFC,VIAB,VIAV,VLO,VMC,VNO,VRSN,VTR,VZ,WAT,WBA,WDC,WEC,WELL,WFC,WFM,WHR,WIN,WM,WMB,WMT,WPX,WU,WY,WYND,WYNN,X,XEL,XL,XLNX,XOM,XRAY,XRX,XYL,YUM,ZBH,ZION"
2012-10-05,"A,AABA,AAPL,ABC,ABT,ACN,ADBE,ADI,ADM,ADP,ADSK,ADT,AEE,AEP,AES,AET,AFL,AGN,AIG,AIV,AIZ,AKAM,ALL,ALTR,ALXN,AMAT,AMD,AMGN,AMP,AMT,AMZN,AN,ANDV,ANF,ANTM,AON,APA,APC,APD,APH,APOL,ARG,ARNC,ATI,AVB,AVP,AVY,AXP,AZO,BA,BAC,BAX,BBBY,BBT,BBY,BCR,BDX,BEAM,BEN,BF.B,BHGE,BIG,BIIB,BK,BKNG,BLK,BLL,BMC,BMS,BMY,BRCM,BRK.B,BSX,BTUUQ,BWA,BXP,C,CA,CAG,CAH,CAM,CAT,CB,CBE,CBRE,CBS,CCE,CCI,CCL,CELG,CERN,CF,CFN,CHK,CHRW,CI,CINF,CL,CLF,CLX,CMA,CMCSA,CME,CMG,CMI,CMS,CNP,CNX,COF,COG,COL,COP,COST,COV,CPB,CRM,CSCO,CSX,CTAS,CTL,CTSH,CTXS,CVC,CVH,CVS,CVX,D,DD,DE,DELL,DF,DFS,DGX,DHI,DHR,DIS,DISCA,DLTR,DNB,DNR,DO,DOV,DOW,DRI,DTE,DTV,DUK,DVA,DVN,DXC,EA,EBAY,ECL,ED,EFX,EIX,EL,EMC,EMN,EMR,EOG,EQR,EQT,ES,ESRX,ESV,ETFC,ETN,ETR,EW,EXC,EXPD,EXPE,F,FAST,FCX,FDO,FDX,FE,FFIV,FHN,FII,FIS,FISV,FITB,FLIR,FLR,FLS,FMC,FOSL,FOXA,FRX,FSLR,FTI,FTR,GAS,GD,GE,GHC,GILD,GIS,GLW,GME,GNW,GOOGL,GPC,GPS,GS,GT,GWW,HAL,HAR,HAS,HBAN,HCBK,HCP,HD,HES,HIG,HNZ,HOG,HON,HOT,HP,HPQ,HRB,HRL,HRS,HSP,HST,HSY,HUM,IBM,ICE,IFF,IGT,INTC,INTU,IP,IPG,IR,IRM,ISRG,ITW,IVZ,JBL,JCI,JCP,JEC,JEF,JNJ,JNPR,JOY,JPM,JWN,K,KDP,KEY,KIM,KLAC,KMB,KMI,KMX,KO,KR,KRFT,KSS,L,LB,LDOS,LEG,LEN,LH,LIFE,LLL,LLTC,LLY,LM,LMT,LNC,LO,LOW,LRCX,LSI,LUV,LYB,M,MA,MAR,MAS,MAT,MCD,MCHP,MCK,MCO,MDLZ,MDT,MET,MJN,MKC,MMC,MMM,MNST,MO,MOLX,MON,MOS,MPC,MRK,MRO,MS,MSFT,MSI,MTB,MU,MUR,MWV,MYL,NBL,NBR,NDAQ,NE,NEE,NEM,NFLX,NFX,NI,NKE,NOC,NOV,NRG,NSC,NTAP,NTRS,NUE,NVDA,NWL,NYX,OI,OKE,OMC,ORCL,ORLY,OXY,PAYX,PBCT,PBI,PCAR,PCG,PCL,PCP,PDCO,PEG,PEP,PETM,PFE,PFG,PG,PGR,PH,PHM,PKI,PLD,PLL,PM,PNC,PNR,PNW,POM,PPG,PPL,PRGO,PRU,PSA,PSX,PWR,PX,PXD,QCOM,QEP,R,RAI,RDC,RF,RHI,RHT,RL,ROK,ROP,ROST,RRC,RRD,RSG,RTN,S,SBUX,SCG,SCHW,SE,SEE,SHW,SIAL,SJM,SLB,SLM,SNA,SNDK,SNI,SO,SPG,SPGI,SPLS,SRCL,SRE,STI,STJ,STT,STX,STZ,SWK,SWN,SWY,SYK,SYMC,SYY,T,TAP,TDC,TE,TEG,TEL,TER,TGNA,TGT,THC,TIE,TIF,TJX,TMK,TMO,TMUS,TPR,TRIP,TROW,TRV,TSN,TSS,TWC,TWX,TXN,TXT,UNH,UNM,UNP,UPS,URBN,USB,UTX,V,VAR,VFC,VIAB,VIAV,VLO,VMC,VNO,VRSN,VTR,VZ,WAT,WBA,WDC,WEC,WELL,WFC,WFM,WHR,WIN,WM,WMB,WMT,WPX,WU,WY,WYND,WYNN,X,XEL,XL,XLNX,XOM,XRAY,XRX,XYL,YUM,ZBH,ZION"
2012-12-03,"A,AABA,AAPL,ABC,ABT,ACN,ADBE,ADI,ADM,ADP,ADSK,ADT,AEE,AEP,AES,AET,AFL,AGN,AIG,AIV,AIZ,AKAM,ALL,ALTR,ALXN,AMAT,AMD,AMGN,AMP,AMT,AMZN,AN,ANDV,ANF,ANTM,AON,APA,APC,APD,APH,APOL,ARG,ARNC,ATI,AVB,AVP,AVY,AXP,AZO,BA,BAC,BAX,BBBY,BBT,BBY,BCR,BDX,BEAM,BEN,BF.B,BHGE,BIG,BIIB,BK,BKNG,BLK,BLL,BMC,BMS,BMY,BRCM,BRK.B,BSX,BTUUQ,BWA,BXP,C,CA,CAG,CAH,CAM,CAT,CB,CBRE,CBS,CCE,CCI,CCL,CELG,CERN,CF,CFN,CHK,CHRW,CI,CINF,CL,CLF,CLX,CMA,CMCSA,CME,CMG,CMI,CMS,CNP,CNX,COF,COG,COL,COP,COST,COV,CPB,CRM,CSCO,CSX,CTAS,CTL,CTSH,CTXS,CVC,CVH,CVS,CVX,D,DD,DE,DELL,DF,DFS,DG,DGX,DHI,DHR,DIS,DISCA,DLTR,DNB,DNR,DO,DOV,DOW,DRI,DTE,DTV,DUK,DVA,DVN,DXC,EA,EBAY,ECL,ED,EFX,EIX,EL,EMC,EMN,EMR,EOG,EQR,EQT,ES,ESRX,ESV,ETFC,ETN,ETR,EW,EXC,EXPD,EXPE,F,FAST,FCX,FDO,FDX,FE,FFIV,FHN,FII,FIS,FISV,FITB,FLIR,FLR,FLS,FMC,FOSL,FOXA,FRX,FSLR,FTI,FTR,GAS,GD,GE,GHC,GILD,GIS,GLW,GME,GNW,GOOGL,GPC,GPS,GS,GT,GWW,HAL,HAR,HAS,HBAN,HCBK,HCP,HD,HES,HIG,HNZ,HOG,HON,HOT,HP,HPQ,HRB,HRL,HRS,HSP,HST,HSY,HUM,IBM,ICE,IFF,IGT,INTC,INTU,IP,IPG,IR,IRM,ISRG,ITW,IVZ,JBL,JCI,JCP,JEC,JEF,JNJ,JNPR,JOY,JPM,JWN,K,KDP,KEY,KIM,KLAC,KMB,KMI,KMX,KO,KR,KRFT,KSS,L,LB,LDOS,LEG,LEN,LH,LIFE,LLL,LLTC,LLY,LM,LMT,LNC,LO,LOW,LRCX,LSI,LUV,LYB,M,MA,MAR,MAS,MAT,MCD,MCHP,MCK,MCO,MDLZ,MDT,MET,MJN,MKC,MMC,MMM,MNST,MO,MOLX,MON,MOS,MPC,MRK,MRO,MS,MSFT,MSI,MTB,MU,MUR,MWV,MYL,NBL,NBR,NDAQ,NE,NEE,NEM,NFLX,NFX,NI,NKE,NOC,NOV,NRG,NSC,NTAP,NTRS,NUE,NVDA,NWL,NYX,OI,OKE,OMC,ORCL,ORLY,OXY,PAYX,PBCT,PBI,PCAR,PCG,PCL,PCP,PDCO,PEG,PEP,PETM,PFE,PFG,PG,PGR,PH,PHM,PKI,PLD,PLL,PM,PNC,PNR,PNW,POM,PPG,PPL,PRGO,PRU,PSA,PSX,PWR,PX,PXD,QCOM,QEP,R,RAI,RDC,RF,RHI,RHT,RL,ROK,ROP,ROST,RRC,RRD,RSG,RTN,S,SBUX,SCG,SCHW,SE,SEE,SHW,SIAL,SJM,SLB,SLM,SNA,SNDK,SNI,SO,SPG,SPGI,SPLS,SRCL,SRE,STI,STJ,STT,STX,STZ,SWK,SWN,SWY,SYK,SYMC,SYY,T,TAP,TDC,TE,TEG,TEL,TER,TGNA,TGT,THC,TIE,TIF,TJX,TMK,TMO,TMUS,TPR,TRIP,TROW,TRV,TSN,TSS,TWC,TWX,TXN,TXT,UNH,UNM,UNP,UPS,URBN,USB,UTX,V,VAR,VFC,VIAB,VIAV,VLO,VMC,VNO,VRSN,VTR,VZ,WAT,WBA,WDC,WEC,WELL,WFC,WFM,WHR,WIN,WM,WMB,WMT,WPX,WU,WY,WYND,WYNN,X,XEL,XL,XLNX,XOM,XRAY,XRX,XYL,YUM,ZBH,ZION"
2012-12-12,"A,AABA,AAPL,ABC,ABT,ACN,ADBE,ADI,ADM,ADP,ADSK,ADT,AEE,AEP,AES,AET,AFL,AGN,AIG,AIV,AIZ,AKAM,ALL,ALTR,ALXN,AMAT,AMD,AMGN,AMP,AMT,AMZN,AN,ANDV,ANF,ANTM,AON,APA,APC,APD,APH,APOL,ARG,ARNC,ATI,AVB,AVP,AVY,AXP,AZO,BA,BAC,BAX,BBBY,BBT,BBY,BCR,BDX,BEAM,BEN,BF.B,BHGE,BIG,BIIB,BK,BKNG,BLK,BLL,BMC,BMS,BMY,BRCM,BRK.B,BSX,BTUUQ,BWA,BXP,C,CA,CAG,CAH,CAM,CAT,CB,CBRE,CBS,CCE,CCI,CCL,CELG,CERN,CF,CFN,CHK,CHRW,CI,CINF,CL,CLF,CLX,CMA,CMCSA,CME,CMG,CMI,CMS,CNP,CNX,COF,COG,COL,COP,COST,COV,CPB,CRM,CSCO,CSX,CTAS,CTL,CTSH,CTXS,CVC,CVH,CVS,CVX,D,DD,DE,DELL,DF,DFS,DG,DGX,DHI,DHR,DIS,DISCA,DLTR,DNB,DNR,DO,DOV,DOW,DRI,DTE,DTV,DUK,DVA,DVN,DXC,EA,EBAY,ECL,ED,EFX,EIX,EL,EMC,EMN,EMR,EOG,EQR,EQT,ES,ESRX,ESV,ETFC,ETN,ETR,EW,EXC,EXPD,EXPE,F,FAST,FCX,FDO,FDX,FE,FFIV,FHN,FII,FIS,FISV,FITB,FLIR,FLR,FLS,FMC,FOSL,FOXA,FRX,FSLR,FTI,FTR,GAS,GD,GE,GHC,GILD,GIS,GLW,GME,GNW,GOOGL,GPC,GPS,GRMN,GS,GT,GWW,HAL,HAR,HAS,HBAN,HCBK,HCP,HD,HES,HIG,HNZ,HOG,HON,HOT,HP,HPQ,HRB,HRL,HRS,HSP,HST,HSY,HUM,IBM,ICE,IFF,IGT,INTC,INTU,IP,IPG,IR,IRM,ISRG,ITW,IVZ,JBL,JCI,JCP,JEC,JEF,JNJ,JNPR,JOY,JPM,JWN,K,KDP,KEY,KIM,KLAC,KMB,KMI,KMX,KO,KR,KRFT,KSS,L,LB,LDOS,LEG,LEN,LH,LIFE,LLL,LLTC,LLY,LM,LMT,LNC,LO,LOW,LRCX,LSI,LUV,LYB,M,MA,MAR,MAS,MAT,MCD,MCHP,MCK,MCO,MDLZ,MDT,MET,MJN,MKC,MMC,MMM,MNST,MO,MOLX,MON,MOS,MPC,MRK,MRO,MS,MSFT,MSI,MTB,MU,MUR,MWV,MYL,NBL,NBR,NDAQ,NE,NEE,NEM,NFLX,NFX,NI,NKE,NOC,NOV,NRG,NSC,NTAP,NTRS,NUE,NVDA,NWL,NYX,OI,OKE,OMC,ORCL,ORLY,OXY,PAYX,PBCT,PBI,PCAR,PCG,PCL,PCP,PDCO,PEG,PEP,PETM,PFE,PFG,PG,PGR,PH,PHM,PKI,PLD,PLL,PM,PNC,PNR,PNW,POM,PPG,PPL,PRGO,PRU,PSA,PSX,PWR,PX,PXD,QCOM,QEP,R,RAI,RDC,RF,RHI,RHT,RL,ROK,ROP,ROST,RRC,RSG,RTN,S,SBUX,SCG,SCHW,SE,SEE,SHW,SIAL,SJM,SLB,SLM,SNA,SNDK,SNI,SO,SPG,SPGI,SPLS,SRCL,SRE,STI,STJ,STT,STX,STZ,SWK,SWN,SWY,SYK,SYMC,SYY,T,TAP,TDC,TE,TEG,TEL,TER,TGNA,TGT,THC,TIE,TIF,TJX,TMK,TMO,TMUS,TPR,TRIP,TROW,TRV,TSN,TSS,TWC,TWX,TXN,TXT,UNH,UNM,UNP,UPS,URBN,USB,UTX,V,VAR,VFC,VIAB,VIAV,VLO,VMC,VNO,VRSN,VTR,VZ,WAT,WBA,WDC,WEC,WELL,WFC,WFM,WHR,WIN,WM,WMB,WMT,WPX,WU,WY,WYND,WYNN,X,XEL,XL,XLNX,XOM,XRAY,XRX,XYL,YUM,ZBH,ZION"
2012-12-24,"A,AABA,AAPL,ABC,ABT,ACN,ADBE,ADI,ADM,ADP,ADSK,ADT,AEE,AEP,AES,AET,AFL,AGN,AIG,AIV,AIZ,AKAM,ALL,ALTR,ALXN,AMAT,AMD,AMGN,AMP,AMT,AMZN,AN,ANDV,ANF,ANTM,AON,APA,APC,APD,APH,APOL,APTV,ARG,ARNC,ATI,AVB,AVP,AVY,AXP,AZO,BA,BAC,BAX,BBBY,BBT,BBY,BCR,BDX,BEAM,BEN,BF.B,BHGE,BIG,BIIB,BK,BKNG,BLK,BLL,BMC,BMS,BMY,BRCM,BRK.B,BSX,BTUUQ,BWA,BXP,C,CA,CAG,CAH,CAM,CAT,CB,CBRE,CBS,CCE,CCI,CCL,CELG,CERN,CF,CFN,CHK,CHRW,CI,CINF,CL,CLF,CLX,CMA,CMCSA,CME,CMG,CMI,CMS,CNP,CNX,COF,COG,COL,COP,COST,COV,CPB,CRM,CSCO,CSX,CTAS,CTL,CTSH,CTXS,CVC,CVH,CVS,CVX,D,DD,DE,DELL,DF,DFS,DG,DGX,DHI,DHR,DIS,DISCA,DLTR,DNB,DNR,DO,DOV,DOW,DRI,DTE,DTV,DUK,DVA,DVN,DXC,EA,EBAY,ECL,ED,EFX,EIX,EL,EMC,EMN,EMR,EOG,EQR,EQT,ES,ESRX,ESV,ETFC,ETN,ETR,EW,EXC,EXPD,EXPE,F,FAST,FCX,FDO,FDX,FE,FFIV,FHN,FII,FIS,FISV,FITB,FLIR,FLR,FLS,FMC,FOSL,FOXA,FRX,FSLR,FTI,FTR,GAS,GD,GE,GHC,GILD,GIS,GLW,GME,GNW,GOOGL,GPC,GPS,GRMN,GS,GT,GWW,HAL,HAR,HAS,HBAN,HCBK,HCP,HD,HES,HIG,HNZ,HOG,HON,HOT,HP,HPQ,HRB,HRL,HRS,HSP,HST,HSY,HUM,IBM,ICE,IFF,IGT,INTC,INTU,IP,IPG,IR,IRM,ISRG,ITW,IVZ,JBL,JCI,JCP,JEC,JEF,JNJ,JNPR,JOY,JPM,JWN,K,KDP,KEY,KIM,KLAC,KMB,KMI,KMX,KO,KR,KRFT,KSS,L,LB,LDOS,LEG,LEN,LH,LIFE,LLL,LLTC,LLY,LM,LMT,LNC,LO,LOW,LRCX,LSI,LUV,LYB,M,MA,MAR,MAS,MAT,MCD,MCHP,MCK,MCO,MDLZ,MDT,MET,MJN,MKC,MMC,MMM,MNST,MO,MOLX,MON,MOS,MPC,MRK,MRO,MS,MSFT,MSI,MTB,MU,MUR,MWV,MYL,NBL,NBR,NDAQ,NE,NEE,NEM,NFLX,NFX,NI,NKE,NOC,NOV,NRG,NSC,NTAP,NTRS,NUE,NVDA,NWL,NYX,OI,OKE,OMC,ORCL,ORLY,OXY,PAYX,PBCT,PBI,PCAR,PCG,PCL,PCP,PDCO,PEG,PEP,PETM,PFE,PFG,PG,PGR,PH,PHM,PKI,PLD,PLL,PM,PNC,PNR,PNW,POM,PPG,PPL,PRGO,PRU,PSA,PSX,PWR,PX,PXD,QCOM,QEP,R,RAI,RDC,RF,RHI,RHT,RL,ROK,ROP,ROST,RRC,RSG,RTN,S,SBUX,SCG,SCHW,SE,SEE,SHW,SIAL,SJM,SLB,SLM,SNA,SNDK,SNI,SO,SPG,SPGI,SPLS,SRCL,SRE,STI,STJ,STT,STX,STZ,SWK,SWN,SWY,SYK,SYMC,SYY,T,TAP,TDC,TE,TEG,TEL,TER,TGNA,TGT,THC,TIF,TJX,TMK,TMO,TMUS,TPR,TRIP,TROW,TRV,TSN,TSS,TWC,TWX,TXN,TXT,UNH,UNM,UNP,UPS,URBN,USB,UTX,V,VAR,VFC,VIAB,VIAV,VLO,VMC,VNO,VRSN,VTR,VZ,WAT,WBA,WDC,WEC,WELL,WFC,WFM,WHR,WIN,WM,WMB,WMT,WPX,WU,WY,WYND,WYNN,X,XEL,XL,XLNX,XOM,XRAY,XRX,XYL,YUM,ZBH,ZION"
2013-01-02,"A,AABA,AAPL,ABBV,ABC,ABT,ACN,ADBE,ADI,ADM,ADP,ADSK,ADT,AEE,AEP,AES,AET,AFL,AGN,AIG,AIV,AIZ,AKAM,ALL,ALTR,ALXN,AMAT,AMD,AMGN,AMP,AMT,AMZN,AN,ANDV,ANF,ANTM,AON,APA,APC,APD,APH,APOL,APTV,ARG,ARNC,ATI,AVB,AVP,AVY,AXP,AZO,BA,BAC,BAX,BBBY,BBT,BBY,BCR,BDX,BEAM,BEN,BF.B,BHGE,BIG,BIIB,BK,BKNG,BLK,BLL,BMC,BMS,BMY,BRCM,BRK.B,BSX,BTUUQ,BWA,BXP,C,CA,CAG,CAH,CAM,CAT,CB,CBRE,CBS,CCE,CCI,CCL,CELG,CERN,CF,CFN,CHK,CHRW,CI,CINF,CL,CLF,CLX,CMA,CMCSA,CME,CMG,CMI,CMS,CNP,CNX,COF,COG,COL,COP,COST,COV,CPB,CRM,CSCO,CSX,CTAS,CTL,CTSH,CTXS,CVC,CVH,CVS,CVX,D,DD,DE,DELL,DF,DFS,DG,DGX,DHI,DHR,DIS,DISCA,DLTR,DNB,DNR,DO,DOV,DOW,DRI,DTE,DTV,DUK,DVA,DVN,DXC,EA,EBAY,ECL,ED,EFX,EIX,EL,EMC,EMN,EMR,EOG,EQR,EQT,ES,ESRX,ESV,ETFC,ETN,ETR,EW,EXC,EXPD,EXPE,F,FAST,FCX,FDO,FDX,FE,FFIV,FHN,FIS,FISV,FITB,FLIR,FLR,FLS,FMC,FOSL,FOXA,FRX,FSLR,FTI,FTR,GAS,GD,GE,GHC,GILD,GIS,GLW,GME,GNW,GOOGL,GPC,GPS,GRMN,GS,GT,GWW,HAL,HAR,HAS,HBAN,HCBK,HCP,HD,HES,HIG,HNZ,HOG,HON,HOT,HP,HPQ,HRB,HRL,HRS,HSP,HST,HSY,HUM,IBM,ICE,IFF,IGT,INTC,INTU,IP,IPG,IR,IRM,ISRG,ITW,IVZ,JBL,JCI,JCP,JEC,JEF,JNJ,JNPR,JOY,JPM,JWN,K,KDP,KEY,KIM,KLAC,KMB,KMI,KMX,KO,KR,KRFT,KSS,L,LB,LDOS,LEG,LEN,LH,LIFE,LLL,LLTC,LLY,LM,LMT,LNC,LO,LOW,LRCX,LSI,LUV,LYB,M,MA,MAR,MAS,MAT,MCD,MCHP,MCK,MCO,MDLZ,MDT,MET,MJN,MKC,MMC,MMM,MNST,MO,MOLX,MON,MOS,MPC,MRK,MRO,MS,MSFT,MSI,MTB,MU,MUR,MWV,MYL,NBL,NBR,NDAQ,NE,NEE,NEM,NFLX,NFX,NI,NKE,NOC,NOV,NRG,NSC,NTAP,NTRS,NUE,NVDA,NWL,NYX,OI,OKE,OMC,ORCL,ORLY,OXY,PAYX,PBCT,PBI,PCAR,PCG,PCL,PCP,PDCO,PEG,PEP,PETM,PFE,PFG,PG,PGR,PH,PHM,PKI,PLD,PLL,PM,PNC,PNR,PNW,POM,PPG,PPL,PRGO,PRU,PSA,PSX,PWR,PX,PXD,QCOM,QEP,R,RAI,RDC,RF,RHI,RHT,RL,ROK,ROP,ROST,RRC,RSG,RTN,S,SBUX,SCG,SCHW,SE,SEE,SHW,SIAL,SJM,SLB,SLM,SNA,SNDK,SNI,SO,SPG,SPGI,SPLS,SRCL,SRE,STI,STJ,STT,STX,STZ,SWK,SWN,SWY,SYK,SYMC,SYY,T,TAP,TDC,TE,TEG,TEL,TER,TGNA,TGT,THC,TIF,TJX,TMK,TMO,TMUS,TPR,TRIP,TROW,TRV,TSN,TSS,TWC,TWX,TXN,TXT,UNH,UNM,UNP,UPS,URBN,USB,UTX,V,VAR,VFC,VIAB,VIAV,VLO,VMC,VNO,VRSN,VTR,VZ,WAT,WBA,WDC,WEC,WELL,WFC,WFM,WHR,WIN,WM,WMB,WMT,WPX,WU,WY,WYND,WYNN,X,XEL,XL,XLNX,XOM,XRAY,XRX,XYL,YUM,ZBH,ZION"
2013-02-14,"A,AABA,AAPL,ABBV,ABC,ABT,ACN,ADBE,ADI,ADM,ADP,ADSK,ADT,AEE,AEP,AES,AET,AFL,AGN,AIG,AIV,AIZ,AKAM,ALL,ALTR,ALXN,AMAT,AMD,AMGN,AMP,AMT,AMZN,AN,ANDV,ANF,ANTM,AON,APA,APC,APD,APH,APOL,APTV,ARG,ARNC,ATI,AVB,AVP,AVY,AXP,AZO,BA,BAC,BAX,BBBY,BBT,BBY,BCR,BDX,BEAM,BEN,BF.B,BHGE,BIIB,BK,BKNG,BLK,BLL,BMC,BMS,BMY,BRCM,BRK.B,BSX,BTUUQ,BWA,BXP,C,CA,CAG,CAH,CAM,CAT,CB,CBRE,CBS,CCE,CCI,CCL,CELG,CERN,CF,CFN,CHK,CHRW,CI,CINF,CL,CLF,CLX,CMA,CMCSA,CME,CMG,CMI,CMS,CNP,CNX,COF,COG,COL,COP,COST,COV,CPB,CRM,CSCO,CSX,CTAS,CTL,CTSH,CTXS,CVC,CVH,CVS,CVX,D,DD,DE,DELL,DF,DFS,DG,DGX,DHI,DHR,DIS,DISCA,DLTR,DNB,DNR,DO,DOV,DOW,DRI,DTE,DTV,DUK,DVA,DVN,DXC,EA,EBAY,ECL,ED,EFX,EIX,EL,EMC,EMN,EMR,EOG,EQR,EQT,ES,ESRX,ESV,ETFC,ETN,ETR,EW,EXC,EXPD,EXPE,F,FAST,FCX,FDO,FDX,FE,FFIV,FHN,FIS,FISV,FITB,FLIR,FLR,FLS,FMC,FOSL,FOXA,FRX,FSLR,FTI,FTR,GAS,GD,GE,GHC,GILD,GIS,GLW,GME,GNW,GOOGL,GPC,GPS,GRMN,GS,GT,GWW,HAL,HAR,HAS,HBAN,HCBK,HCP,HD,HES,HIG,HNZ,HOG,HON,HOT,HP,HPQ,HRB,HRL,HRS,HSP,HST,HSY,HUM,IBM,ICE,IFF,IGT,INTC,INTU,IP,IPG,IR,IRM,ISRG,ITW,IVZ,JBL,JCI,JCP,JEC,JEF,JNJ,JNPR,JOY,JPM,JWN,K,KDP,KEY,KIM,KLAC,KMB,KMI,KMX,KO,KR,KRFT,KSS,L,LB,LDOS,LEG,LEN,LH,LIFE,LLL,LLTC,LLY,LM,LMT,LNC,LO,LOW,LRCX,LSI,LUV,LYB,M,MA,MAR,MAS,MAT,MCD,MCHP,MCK,MCO,MDLZ,MDT,MET,MJN,MKC,MMC,MMM,MNST,MO,MOLX,MON,MOS,MPC,MRK,MRO,MS,MSFT,MSI,MTB,MU,MUR,MWV,MYL,NBL,NBR,NDAQ,NE,NEE,NEM,NFLX,NFX,NI,NKE,NOC,NOV,NRG,NSC,NTAP,NTRS,NUE,NVDA,NWL,NYX,OI,OKE,OMC,ORCL,ORLY,OXY,PAYX,PBCT,PBI,PCAR,PCG,PCL,PCP,PDCO,PEG,PEP,PETM,PFE,PFG,PG,PGR,PH,PHM,PKI,PLD,PLL,PM,PNC,PNR,PNW,POM,PPG,PPL,PRGO,PRU,PSA,PSX,PVH,PWR,PX,PXD,QCOM,QEP,R,RAI,RDC,RF,RHI,RHT,RL,ROK,ROP,ROST,RRC,RSG,RTN,S,SBUX,SCG,SCHW,SE,SEE,SHW,SIAL,SJM,SLB,SLM,SNA,SNDK,SNI,SO,SPG,SPGI,SPLS,SRCL,SRE,STI,STJ,STT,STX,STZ,SWK,SWN,SWY,SYK,SYMC,SYY,T,TAP,TDC,TE,TEG,TEL,TER,TGNA,TGT,THC,TIF,TJX,TMK,TMO,TMUS,TPR,TRIP,TROW,TRV,TSN,TSS,TWC,TWX,TXN,TXT,UNH,UNM,UNP,UPS,URBN,USB,UTX,V,VAR,VFC,VIAB,VIAV,VLO,VMC,VNO,VRSN,VTR,VZ,WAT,WBA,WDC,WEC,WELL,WFC,WFM,WHR,WIN,WM,WMB,WMT,WPX,WU,WY,WYND,WYNN,X,XEL,XL,XLNX,XOM,XRAY,XRX,XYL,YUM,ZBH,ZION"
2013-05-01,"A,AABA,AAPL,ABBV,ABC,ABT,ACN,ADBE,ADI,ADM,ADP,ADSK,ADT,AEE,AEP,AES,AET,AFL,AGN,AIG,AIV,AIZ,AKAM,ALL,ALTR,ALXN,AMAT,AMD,AMGN,AMP,AMT,AMZN,AN,ANDV,ANF,ANTM,AON,APA,APC,APD,APH,APOL,APTV,ARG,ARNC,ATI,AVB,AVP,AVY,AXP,AZO,BA,BAC,BAX,BBBY,BBT,BBY,BCR,BDX,BEAM,BEN,BF.B,BHGE,BIIB,BK,BKNG,BLK,BLL,BMC,BMS,BMY,BRCM,BRK.B,BSX,BTUUQ,BWA,BXP,C,CA,CAG,CAH,CAM,CAT,CB,CBRE,CBS,CCE,CCI,CCL,CELG,CERN,CF,CFN,CHK,CHRW,CI,CINF,CL,CLF,CLX,CMA,CMCSA,CME,CMG,CMI,CMS,CNP,CNX,COF,COG,COL,COP,COST,COV,CPB,CRM,CSCO,CSX,CTAS,CTL,CTSH,CTXS,CVC,CVH,CVS,CVX,D,DD,DE,DELL,DF,DFS,DG,DGX,DHI,DHR,DIS,DISCA,DLTR,DNB,DNR,DO,DOV,DOW,DRI,DTE,DTV,DUK,DVA,DVN,DXC,EA,EBAY,ECL,ED,EFX,EIX,EL,EMC,EMN,EMR,EOG,EQR,EQT,ES,ESRX,ESV,ETFC,ETN,ETR,EW,EXC,EXPD,EXPE,F,FAST,FCX,FDO,FDX,FE,FFIV,FHN,FIS,FISV,FITB,FLIR,FLR,FLS,FMC,FOSL,FOXA,FRX,FSLR,FTI,FTR,GAS,GD,GE,GHC,GILD,GIS,GLW,GME,GNW,GOOGL,GPC,GPS,GRMN,GS,GT,GWW,HAL,HAR,HAS,HBAN,HCBK,HCP,HD,HES,HIG,HNZ,HOG,HON,HOT,HP,HPQ,HRB,HRL,HRS,HSP,HST,HSY,HUM,IBM,ICE,IFF,IGT,INTC,INTU,IP,IPG,IR,IRM,ISRG,ITW,IVZ,JBL,JCI,JCP,JEC,JEF,JNJ,JNPR,JOY,JPM,JWN,K,KDP,KEY,KIM,KLAC,KMB,KMI,KMX,KO,KR,KRFT,KSS,L,LB,LDOS,LEG,LEN,LH,LIFE,LLL,LLTC,LLY,LM,LMT,LNC,LO,LOW,LRCX,LSI,LUV,LYB,M,MA,MAR,MAS,MAT,MCD,MCHP,MCK,MCO,MDLZ,MDT,MET,MJN,MKC,MMC,MMM,MNST,MO,MOLX,MON,MOS,MPC,MRK,MRO,MS,MSFT,MSI,MTB,MU,MUR,MWV,MYL,NBL,NBR,NDAQ,NE,NEE,NEM,NFLX,NFX,NI,NKE,NOC,NOV,NRG,NSC,NTAP,NTRS,NUE,NVDA,NWL,NYX,OI,OKE,OMC,ORCL,ORLY,OXY,PAYX,PBCT,PBI,PCAR,PCG,PCL,PCP,PDCO,PEG,PEP,PETM,PFE,PFG,PG,PGR,PH,PHM,PKI,PLD,PLL,PM,PNC,PNR,PNW,POM,PPG,PPL,PRGO,PRU,PSA,PSX,PVH,PWR,PX,PXD,QCOM,QEP,R,RAI,RDC,REGN,RF,RHI,RHT,RL,ROK,ROP,ROST,RRC,RSG,RTN,S,SBUX,SCG,SCHW,SE,SEE,SHW,SIAL,SJM,SLB,SLM,SNA,SNDK,SNI,SO,SPG,SPGI,SPLS,SRCL,SRE,STI,STJ,STT,STX,STZ,SWK,SWN,SWY,SYK,SYMC,SYY,T,TAP,TDC,TE,TEG,TEL,TER,TGNA,TGT,THC,TIF,TJX,TMK,TMO,TPR,TRIP,TROW,TRV,TSN,TSS,TWC,TWX,TXN,TXT,UNH,UNM,UNP,UPS,URBN,USB,UTX,V,VAR,VFC,VIAB,VIAV,VLO,VMC,VNO,VRSN,VTR,VZ,WAT,WBA,WDC,WEC,WELL,WFC,WFM,WHR,WIN,WM,WMB,WMT,WPX,WU,WY,WYND,WYNN,X,XEL,XL,XLNX,XOM,XRAY,XRX,XYL,YUM,ZBH,ZION"
2013-05-07,"A,AABA,AAPL,ABBV,ABC,ABT,ACN,ADBE,ADI,ADM,ADP,ADSK,ADT,AEE,AEP,AES,AET,AFL,AGN,AIG,AIV,AIZ,AKAM,ALL,ALTR,ALXN,AMAT,AMD,AMGN,AMP,AMT,AMZN,AN,ANDV,ANF,ANTM,AON,APA,APC,APD,APH,APOL,APTV,ARG,ARNC,ATI,AVB,AVP,AVY,AXP,AZO,BA,BAC,BAX,BBBY,BBT,BBY,BCR,BDX,BEAM,BEN,BF.B,BHGE,BIIB,BK,BKNG,BLK,BLL,BMC,BMS,BMY,BRCM,BRK.B,BSX,BTUUQ,BWA,BXP,C,CA,CAG,CAH,CAM,CAT,CB,CBRE,CBS,CCE,CCI,CCL,CELG,CERN,CF,CFN,CHK,CHRW,CI,CINF,CL,CLF,CLX,CMA,CMCSA,CME,CMG,CMI,CMS,CNP,CNX,COF,COG,COL,COP,COST,COV,CPB,CRM,CSCO,CSX,CTAS,CTL,CTSH,CTXS,CVC,CVS,CVX,D,DD,DE,DELL,DF,DFS,DG,DGX,DHI,DHR,DIS,DISCA,DLTR,DNB,DNR,DO,DOV,DOW,DRI,DTE,DTV,DUK,DVA,DVN,DXC,EA,EBAY,ECL,ED,EFX,EIX,EL,EMC,EMN,EMR,EOG,EQR,EQT,ES,ESRX,ESV,ETFC,ETN,ETR,EW,EXC,EXPD,EXPE,F,FAST,FCX,FDO,FDX,FE,FFIV,FHN,FIS,FISV,FITB,FLIR,FLR,FLS,FMC,FOSL,FOXA,FRX,FSLR,FTI,FTR,GAS,GD,GE,GHC,GILD,GIS,GLW,GME,GNW,GOOGL,GPC,GPS,GRMN,GS,GT,GWW,HAL,HAR,HAS,HBAN,HCBK,HCP,HD,HES,HIG,HNZ,HOG,HON,HOT,HP,HPQ,HRB,HRL,HRS,HSP,HST,HSY,HUM,IBM,ICE,IFF,IGT,INTC,INTU,IP,IPG,IR,IRM,ISRG,ITW,IVZ,JBL,JCI,JCP,JEC,JEF,JNJ,JNPR,JOY,JPM,JWN,K,KDP,KEY,KIM,KLAC,KMB,KMI,KMX,KO,KR,KRFT,KSS,L,LB,LDOS,LEG,LEN,LH,LIFE,LLL,LLTC,LLY,LM,LMT,LNC,LO,LOW,LRCX,LSI,LUV,LYB,M,MA,MAR,MAS,MAT,MCD,MCHP,MCK,MCO,MDLZ,MDT,MET,MJN,MKC,MMC,MMM,MNST,MO,MOLX,MON,MOS,MPC,MRK,MRO,MS,MSFT,MSI,MTB,MU,MUR,MWV,MYL,NBL,NBR,NDAQ,NE,NEE,NEM,NFLX,NFX,NI,NKE,NOC,NOV,NRG,NSC,NTAP,NTRS,NUE,NVDA,NWL,NYX,OI,OKE,OMC,ORCL,ORLY,OXY,PAYX,PBCT,PBI,PCAR,PCG,PCL,PCP,PDCO,PEG,PEP,PETM,PFE,PFG,PG,PGR,PH,PHM,PKI,PLD,PLL,PM,PNC,PNR,PNW,POM,PPG,PPL,PRGO,PRU,PSA,PSX,PVH,PWR,PX,PXD,QCOM,QEP,R,RAI,RDC,REGN,RF,RHI,RHT,RL,ROK,ROP,ROST,RRC,RSG,RTN,S,SBUX,SCG,SCHW,SE,SEE,SHW,SIAL,SJM,SLB,SLM,SNA,SNDK,SNI,SO,SPG,SPGI,SPLS,SRCL,SRE,STI,STJ,STT,STX,STZ,SWK,SWN,SWY,SYK,SYMC,SYY,T,TAP,TDC,TE,TEG,TEL,TER,TGNA,TGT,THC,TIF,TJX,TMK,TMO,TPR,TRIP,TROW,TRV,TSN,TSS,TWC,TWX,TXN,TXT,UNH,UNM,UNP,UPS,URBN,USB,UTX,V,VAR,VFC,VIAB,VIAV,VLO,VMC,VNO,VRSN,VTR,VZ,WAT,WBA,WDC,WEC,WELL,WFC,WFM,WHR,WIN,WM,WMB,WMT,WPX,WU,WY,WYND,WYNN,X,XEL,XL,XLNX,XOM,XRAY,XRX,XYL,YUM,ZBH,ZION"
2013-05-09,"A,AABA,AAPL,ABBV,ABC,ABT,ACN,ADBE,ADI,ADM,ADP,ADSK,ADT,AEE,AEP,AES,AET,AFL,AGN,AIG,AIV,AIZ,AKAM,ALL,ALTR,ALXN,AMAT,AMD,AMGN,AMP,AMT,AMZN,AN,ANDV,ANF,ANTM,AON,APA,APC,APD,APH,APOL,APTV,ARG,ARNC,ATI,AVB,AVP,AVY,AXP,AZO,BA,BAC,BAX,BBBY,BBT,BBY,BCR,BDX,BEAM,BEN,BF.B,BHGE,BIIB,BK,BKNG,BLK,BLL,BMC,BMS,BMY,BRCM,BRK.B,BSX,BTUUQ,BWA,BXP,C,CA,CAG,CAH,CAM,CAT,CB,CBRE,CBS,CCE,CCI,CCL,CELG,CERN,CF,CFN,CHK,CHRW,CI,CINF,CL,CLF,CLX,CMA,CMCSA,CME,CMG,CMI,CMS,CNP,CNX,COF,COG,COL,COP,COST,COV,CPB,CRM,CSCO,CSX,CTAS,CTL,CTSH,CTXS,CVC,CVS,CVX,D,DD,DE,DELL,DF,DFS,DG,DGX,DHI,DHR,DIS,DISCA,DLTR,DNB,DNR,DO,DOV,DOW,DRI,DTE,DTV,DUK,DVA,DVN,DXC,EA,EBAY,ECL,ED,EFX,EIX,EL,EMC,EMN,EMR,EOG,EQR,EQT,ES,ESRX,ESV,ETFC,ETN,ETR,EW,EXC,EXPD,EXPE,F,FAST,FCX,FDO,FDX,FE,FFIV,FHN,FIS,FISV,FITB,FLIR,FLR,FLS,FMC,FOSL,FOXA,FRX,FSLR,FTI,FTR,GAS,GD,GE,GHC,GILD,GIS,GLW,GME,GNW,GOOGL,GPC,GPS,GRMN,GS,GT,GWW,HAL,HAR,HAS,HBAN,HCBK,HCP,HD,HES,HIG,HNZ,HOG,HON,HOT,HP,HPQ,HRB,HRL,HRS,HSP,HST,HSY,HUM,IBM,ICE,IFF,IGT,INTC,INTU,IP,IPG,IR,IRM,ISRG,ITW,IVZ,JBL,JCI,JCP,JEC,JEF,JNJ,JNPR,JOY,JPM,JWN,K,KDP,KEY,KIM,KLAC,KMB,KMI,KMX,KO,KR,KRFT,KSS,L,LB,LDOS,LEG,LEN,LH,LIFE,LLL,LLTC,LLY,LM,LMT,LNC,LO,LOW,LRCX,LSI,LUV,LYB,M,MA,MAC,MAR,MAS,MAT,MCD,MCHP,MCK,MCO,MDLZ,MDT,MET,MJN,MKC,MMC,MMM,MNST,MO,MOLX,MON,MOS,MPC,MRK,MRO,MS,MSFT,MSI,MTB,MU,MUR,MWV,MYL,NBL,NBR,NDAQ,NE,NEE,NEM,NFLX,NFX,NI,NKE,NOC,NOV,NRG,NSC,NTAP,NTRS,NUE,NVDA,NWL,NYX,OI,OKE,OMC,ORCL,ORLY,OXY,PAYX,PBCT,PBI,PCAR,PCG,PCL,PCP,PDCO,PEG,PEP,PETM,PFE,PFG,PG,PGR,PH,PHM,PKI,PLD,PLL,PM,PNC,PNR,PNW,POM,PPG,PPL,PRGO,PRU,PSA,PSX,PVH,PWR,PX,PXD,QCOM,QEP,R,RAI,RDC,REGN,RF,RHI,RHT,RL,ROK,ROP,ROST,RRC,RSG,RTN,S,SBUX,SCG,SCHW,SE,SEE,SHW,SIAL,SJM,SLB,SLM,SNA,SNDK,SNI,SO,SPG,SPGI,SPLS,SRCL,SRE,STI,STJ,STT,STX,STZ,SWK,SWN,SWY,SYK,SYMC,SYY,T,TAP,TDC,TE,TEG,TEL,TER,TGNA,TGT,THC,TIF,TJX,TMK,TMO,TPR,TRIP,TROW,TRV,TSN,TSS,TWC,TWX,TXN,TXT,UNH,UNM,UNP,UPS,URBN,USB,UTX,V,VAR,VFC,VIAB,VIAV,VLO,VMC,VNO,VRSN,VTR,VZ,WAT,WBA,WDC,WEC,WELL,WFC,WFM,WHR,WIN,WM,WMB,WMT,WPX,WU,WY,WYND,WYNN,X,XEL,XL,XLNX,XOM,XRAY,XRX,XYL,YUM,ZBH,ZION"
2013-05-24,"A,AABA,AAPL,ABBV,ABC,ABT,ACN,ADBE,ADI,ADM,ADP,ADSK,ADT,AEE,AEP,AES,AET,AFL,AGN,AIG,AIV,AIZ,AKAM,ALL,ALTR,ALXN,AMAT,AMD,AMGN,AMP,AMT,AMZN,AN,ANDV,ANF,ANTM,AON,APA,APC,APD,APH,APOL,APTV,ARG,ARNC,ATI,AVB,AVP,AVY,AXP,AZO,BA,BAC,BAX,BBBY,BBT,BBY,BCR,BDX,BEAM,BEN,BF.B,BHGE,BIIB,BK,BKNG,BLK,BLL,BMC,BMS,BMY,BRCM,BRK.B,BSX,BTUUQ,BWA,BXP,C,CA,CAG,CAH,CAM,CAT,CB,CBRE,CBS,CCE,CCI,CCL,CELG,CERN,CF,CFN,CHK,CHRW,CI,CINF,CL,CLF,CLX,CMA,CMCSA,CME,CMG,CMI,CMS,CNP,CNX,COF,COG,COL,COP,COST,COV,CPB,CRM,CSCO,CSX,CTAS,CTL,CTSH,CTXS,CVC,CVS,CVX,D,DD,DE,DELL,DFS,DG,DGX,DHI,DHR,DIS,DISCA,DLTR,DNB,DNR,DO,DOV,DOW,DRI,DTE,DTV,DUK,DVA,DVN,DXC,EA,EBAY,ECL,ED,EFX,EIX,EL,EMC,EMN,EMR,EOG,EQR,EQT,ES,ESRX,ESV,ETFC,ETN,ETR,EW,EXC,EXPD,EXPE,F,FAST,FCX,FDO,FDX,FE,FFIV,FHN,FIS,FISV,FITB,FLIR,FLR,FLS,FMC,FOSL,FOXA,FRX,FSLR,FTI,FTR,GAS,GD,GE,GHC,GILD,GIS,GLW,GME,GNW,GOOGL,GPC,GPS,GRMN,GS,GT,GWW,HAL,HAR,HAS,HBAN,HCBK,HCP,HD,HES,HIG,HNZ,HOG,HON,HOT,HP,HPQ,HRB,HRL,HRS,HSP,HST,HSY,HUM,IBM,ICE,IFF,IGT,INTC,INTU,IP,IPG,IR,IRM,ISRG,ITW,IVZ,JBL,JCI,JCP,JEC,JEF,JNJ,JNPR,JOY,JPM,JWN,K,KDP,KEY,KIM,KLAC,KMB,KMI,KMX,KO,KR,KRFT,KSS,KSU,L,LB,LDOS,LEG,LEN,LH,LIFE,LLL,LLTC,LLY,LM,LMT,LNC,LO,LOW,LRCX,LSI,LUV,LYB,M,MA,MAC,MAR,MAS,MAT,MCD,MCHP,MCK,MCO,MDLZ,MDT,MET,MJN,MKC,MMC,MMM,MNST,MO,MOLX,MON,MOS,MPC,MRK,MRO,MS,MSFT,MSI,MTB,MU,MUR,MWV,MYL,NBL,NBR,NDAQ,NE,NEE,NEM,NFLX,NFX,NI,NKE,NOC,NOV,NRG,NSC,NTAP,NTRS,NUE,NVDA,NWL,NYX,OI,OKE,OMC,ORCL,ORLY,OXY,PAYX,PBCT,PBI,PCAR,PCG,PCL,PCP,PDCO,PEG,PEP,PETM,PFE,PFG,PG,PGR,PH,PHM,PKI,PLD,PLL,PM,PNC,PNR,PNW,POM,PPG,PPL,PRGO,PRU,PSA,PSX,PVH,PWR,PX,PXD,QCOM,QEP,R,RAI,RDC,REGN,RF,RHI,RHT,RL,ROK,ROP,ROST,RRC,RSG,RTN,S,SBUX,SCG,SCHW,SE,SEE,SHW,SIAL,SJM,SLB,SLM,SNA,SNDK,SNI,SO,SPG,SPGI,SPLS,SRCL,SRE,STI,STJ,STT,STX,STZ,SWK,SWN,SWY,SYK,SYMC,SYY,T,TAP,TDC,TE,TEG,TEL,TER,TGNA,TGT,THC,TIF,TJX,TMK,TMO,TPR,TRIP,TROW,TRV,TSN,TSS,TWC,TWX,TXN,TXT,UNH,UNM,UNP,UPS,URBN,USB,UTX,V,VAR,VFC,VIAB,VIAV,VLO,VMC,VNO,VRSN,VTR,VZ,WAT,WBA,WDC,WEC,WELL,WFC,WFM,WHR,WIN,WM,WMB,WMT,WPX,WU,WY,WYND,WYNN,X,XEL,XL,XLNX,XOM,XRAY,XRX,XYL,YUM,ZBH,ZION"
2013-06-07,"A,AABA,AAPL,ABBV,ABC,ABT,ACN,ADBE,ADI,ADM,ADP,ADSK,ADT,AEE,AEP,AES,AET,AFL,AGN,AIG,AIV,AIZ,AKAM,ALL,ALTR,ALXN,AMAT,AMD,AMGN,AMP,AMT,AMZN,AN,ANDV,ANF,ANTM,AON,APA,APC,APD,APH,APOL,APTV,ARG,ARNC,ATI,AVB,AVP,AVY,AXP,AZO,BA,BAC,BAX,BBBY,BBT,BBY,BCR,BDX,BEAM,BEN,BF.B,BHGE,BIIB,BK,BKNG,BLK,BLL,BMC,BMS,BMY,BRCM,BRK.B,BSX,BTUUQ,BWA,BXP,C,CA,CAG,CAH,CAM,CAT,CB,CBRE,CBS,CCE,CCI,CCL,CELG,CERN,CF,CFN,CHK,CHRW,CI,CINF,CL,CLF,CLX,CMA,CMCSA,CME,CMG,CMI,CMS,CNP,CNX,COF,COG,COL,COP,COST,COV,CPB,CRM,CSCO,CSX,CTAS,CTL,CTSH,CTXS,CVC,CVS,CVX,D,DD,DE,DELL,DFS,DG,DGX,DHI,DHR,DIS,DISCA,DLTR,DNB,DNR,DO,DOV,DOW,DRI,DTE,DTV,DUK,DVA,DVN,DXC,EA,EBAY,ECL,ED,EFX,EIX,EL,EMC,EMN,EMR,EOG,EQR,EQT,ES,ESRX,ESV,ETFC,ETN,ETR,EW,EXC,EXPD,EXPE,F,FAST,FCX,FDO,FDX,FE,FFIV,FHN,FIS,FISV,FITB,FLIR,FLR,FLS,FMC,FOSL,FOXA,FRX,FSLR,FTI,FTR,GAS,GD,GE,GHC,GILD,GIS,GLW,GM,GME,GNW,GOOGL,GPC,GPS,GRMN,GS,GT,GWW,HAL,HAR,HAS,HBAN,HCBK,HCP,HD,HES,HIG,HOG,HON,HOT,HP,HPQ,HRB,HRL,HRS,HSP,HST,HSY,HUM,IBM,ICE,IFF,IGT,INTC,INTU,IP,IPG,IR,IRM,ISRG,ITW,IVZ,JBL,JCI,JCP,JEC,JEF,JNJ,JNPR,JOY,JPM,JWN,K,KDP,KEY,KIM,KLAC,KMB,KMI,KMX,KO,KR,KRFT,KSS,KSU,L,LB,LDOS,LEG,LEN,LH,LIFE,LLL,LLTC,LLY,LM,LMT,LNC,LO,LOW,LRCX,LSI,LUV,LYB,M,MA,MAC,MAR,MAS,MAT,MCD,MCHP,MCK,MCO,MDLZ,MDT,MET,MJN,MKC,MMC,MMM,MNST,MO,MOLX,MON,MOS,MPC,MRK,MRO,MS,MSFT,MSI,MTB,MU,MUR,MWV,MYL,NBL,NBR,NDAQ,NE,NEE,NEM,NFLX,NFX,NI,NKE,NOC,NOV,NRG,NSC,NTAP,NTRS,NUE,NVDA,NWL,NYX,OI,OKE,OMC,ORCL,ORLY,OXY,PAYX,PBCT,PBI,PCAR,PCG,PCL,PCP,PDCO,PEG,PEP,PETM,PFE,PFG,PG,PGR,PH,PHM,PKI,PLD,PLL,PM,PNC,PNR,PNW,POM,PPG,PPL,PRGO,PRU,PSA,PSX,PVH,PWR,PX,PXD,QCOM,QEP,R,RAI,RDC,REGN,RF,RHI,RHT,RL,ROK,ROP,ROST,RRC,RSG,RTN,S,SBUX,SCG,SCHW,SE,SEE,SHW,SIAL,SJM,SLB,SLM,SNA,SNDK,SNI,SO,SPG,SPGI,SPLS,SRCL,SRE,STI,STJ,STT,STX,STZ,SWK,SWN,SWY,SYK,SYMC,SYY,T,TAP,TDC,TE,TEG,TEL,TER,TGNA,TGT,THC,TIF,TJX,TMK,TMO,TPR,TRIP,TROW,TRV,TSN,TSS,TWC,TWX,TXN,TXT,UNH,UNM,UNP,UPS,URBN,USB,UTX,V,VAR,VFC,VIAB,VIAV,VLO,VMC,VNO,VRSN,VTR,VZ,WAT,WBA,WDC,WEC,WELL,WFC,WFM,WHR,WIN,WM,WMB,WMT,WPX,WU,WY,WYND,WYNN,X,XEL,XL,XLNX,XOM,XRAY,XRX,XYL,YUM,ZBH,ZION"
2013-06-24,"A,AABA,AAPL,ABBV,ABC,ABT,ACN,ADBE,ADI,ADM,ADP,ADSK,ADT,AEE,AEP,AES,AET,AFL,AGN,AIG,AIV,AIZ,AKAM,ALL,ALTR,ALXN,AMAT,AMD,AMGN,AMP,AMT,AMZN,AN,ANDV,ANF,ANTM,AON,APA,APC,APD,APH,APOL,APTV,ARG,ARNC,ATI,AVB,AVP,AVY,AXP,AZO,BA,BAC,BAX,BBBY,BBT,BBY,BCR,BDX,BEAM,BEN,BF.B,BHGE,BIIB,BK,BKNG,BLK,BLL,BMC,BMS,BMY,BRCM,BRK.B,BSX,BTUUQ,BWA,BXP,C,CA,CAG,CAH,CAM,CAT,CB,CBRE,CBS,CCE,CCI,CCL,CELG,CERN,CF,CFN,CHK,CHRW,CI,CINF,CL,CLF,CLX,CMA,CMCSA,CME,CMG,CMI,CMS,CNP,CNX,COF,COG,COL,COP,COST,COV,CPB,CRM,CSCO,CSX,CTAS,CTL,CTSH,CTXS,CVC,CVS,CVX,D,DD,DE,DELL,DFS,DG,DGX,DHI,DHR,DIS,DISCA,DLTR,DNB,DNR,DO,DOV,DOW,DRI,DTE,DTV,DUK,DVA,DVN,DXC,EA,EBAY,ECL,ED,EFX,EIX,EL,EMC,EMN,EMR,EOG,EQR,EQT,ES,ESRX,ESV,ETFC,ETN,ETR,EW,EXC,EXPD,EXPE,F,FAST,FCX,FDO,FDX,FE,FFIV,FIS,FISV,FITB,FLIR,FLR,FLS,FMC,FOSL,FOXA,FRX,FSLR,FTI,FTR,GAS,GD,GE,GHC,GILD,GIS,GLW,GM,GME,GNW,GOOGL,GPC,GPS,GRMN,GS,GT,GWW,HAL,HAR,HAS,HBAN,HCBK,HCP,HD,HES,HIG,HOG,HON,HOT,HP,HPQ,HRB,HRL,HRS,HSP,HST,HSY,HUM,IBM,ICE,IFF,IGT,INTC,INTU,IP,IPG,IR,IRM,ISRG,ITW,IVZ,JBL,JCI,JCP,JEC,JEF,JNJ,JNPR,JOY,JPM,JWN,K,KDP,KEY,KIM,KLAC,KMB,KMI,KMX,KO,KR,KRFT,KSS,KSU,L,LB,LDOS,LEG,LEN,LH,LIFE,LLL,LLTC,LLY,LM,LMT,LNC,LO,LOW,LRCX,LSI,LUV,LYB,M,MA,MAC,MAR,MAS,MAT,MCD,MCHP,MCK,MCO,MDLZ,MDT,MET,MJN,MKC,MMC,MMM,MNST,MO,MOLX,MON,MOS,MPC,MRK,MRO,MS,MSFT,MSI,MTB,MU,MUR,MWV,MYL,NBL,NBR,NDAQ,NE,NEE,NEM,NFLX,NFX,NI,NKE,NOC,NOV,NRG,NSC,NTAP,NTRS,NUE,NVDA,NWL,NYX,OI,OKE,OMC,ORCL,ORLY,OXY,PAYX,PBCT,PBI,PCAR,PCG,PCL,PCP,PDCO,PEG,PEP,PETM,PFE,PFG,PG,PGR,PH,PHM,PKI,PLD,PLL,PM,PNC,PNR,PNW,POM,PPG,PPL,PRGO,PRU,PSA,PSX,PVH,PWR,PX,PXD,QCOM,QEP,R,RAI,RDC,REGN,RF,RHI,RHT,RL,ROK,ROP,ROST,RRC,RSG,RTN,S,SBUX,SCG,SCHW,SE,SEE,SHW,SIAL,SJM,SLB,SLM,SNA,SNDK,SNI,SO,SPG,SPGI,SPLS,SRCL,SRE,STI,STJ,STT,STX,STZ,SWK,SWN,SWY,SYK,SYMC,SYY,T,TAP,TDC,TE,TEG,TEL,TER,TGNA,TGT,THC,TIF,TJX,TMK,TMO,TPR,TRIP,TROW,TRV,TSN,TSS,TWC,TWX,TXN,TXT,UNH,UNM,UNP,UPS,URBN,USB,UTX,V,VAR,VFC,VIAB,VIAV,VLO,VMC,VNO,VRSN,VTR,VZ,WAT,WBA,WDC,WEC,WELL,WFC,WFM,WHR,WIN,WM,WMB,WMT,WPX,WU,WY,WYND,WYNN,X,XEL,XL,XLNX,XOM,XRAY,XRX,XYL,YUM,ZBH,ZION,ZTS"
2013-07-01,"A,AABA,AAPL,ABBV,ABC,ABT,ACN,ADBE,ADI,ADM,ADP,ADSK,ADT,AEE,AEP,AES,AET,AFL,AGN,AIG,AIV,AIZ,AKAM,ALL,ALTR,ALXN,AMAT,AMD,AMGN,AMP,AMT,AMZN,AN,ANDV,ANF,ANTM,AON,APA,APC,APD,APH,APTV,ARG,ARNC,ATI,AVB,AVP,AVY,AXP,AZO,BA,BAC,BAX,BBBY,BBT,BBY,BCR,BDX,BEAM,BEN,BF.B,BHGE,BIIB,BK,BKNG,BLK,BLL,BMC,BMS,BMY,BRCM,BRK.B,BSX,BTUUQ,BWA,BXP,C,CA,CAG,CAH,CAM,CAT,CB,CBRE,CBS,CCE,CCI,CCL,CELG,CERN,CF,CFN,CHK,CHRW,CI,CINF,CL,CLF,CLX,CMA,CMCSA,CME,CMG,CMI,CMS,CNP,CNX,COF,COG,COL,COP,COST,COV,CPB,CRM,CSCO,CSX,CTAS,CTL,CTSH,CTXS,CVC,CVS,CVX,D,DD,DE,DELL,DFS,DG,DGX,DHI,DHR,DIS,DISCA,DLTR,DNB,DNR,DO,DOV,DOW,DRI,DTE,DTV,DUK,DVA,DVN,DXC,EA,EBAY,ECL,ED,EFX,EIX,EL,EMC,EMN,EMR,EOG,EQR,EQT,ES,ESRX,ESV,ETFC,ETN,ETR,EW,EXC,EXPD,EXPE,F,FAST,FCX,FDO,FDX,FE,FFIV,FIS,FISV,FITB,FLIR,FLR,FLS,FMC,FOSL,FOXA,FRX,FSLR,FTI,FTR,GAS,GD,GE,GHC,GILD,GIS,GLW,GM,GME,GNW,GOOGL,GPC,GPS,GRMN,GS,GT,GWW,HAL,HAR,HAS,HBAN,HCBK,HCP,HD,HES,HIG,HOG,HON,HOT,HP,HPQ,HRB,HRL,HRS,HSP,HST,HSY,HUM,IBM,ICE,IFF,IGT,INTC,INTU,IP,IPG,IR,IRM,ISRG,ITW,IVZ,JBL,JCI,JCP,JEC,JEF,JNJ,JNPR,JOY,JPM,JWN,K,KDP,KEY,KIM,KLAC,KMB,KMI,KMX,KO,KR,KRFT,KSS,KSU,L,LB,LDOS,LEG,LEN,LH,LIFE,LLL,LLTC,LLY,LM,LMT,LNC,LO,LOW,LRCX,LSI,LUV,LYB,M,MA,MAC,MAR,MAS,MAT,MCD,MCHP,MCK,MCO,MDLZ,MDT,MET,MJN,MKC,MMC,MMM,MNST,MO,MOLX,MON,MOS,MPC,MRK,MRO,MS,MSFT,MSI,MTB,MU,MUR,MWV,MYL,NBL,NBR,NDAQ,NE,NEE,NEM,NFLX,NFX,NI,NKE,NOC,NOV,NRG,NSC,NTAP,NTRS,NUE,NVDA,NWL,NWSA,NYX,OI,OKE,OMC,ORCL,ORLY,OXY,PAYX,PBCT,PBI,PCAR,PCG,PCL,PCP,PDCO,PEG,PEP,PETM,PFE,PFG,PG,PGR,PH,PHM,PKI,PLD,PLL,PM,PNC,PNR,PNW,POM,PPG,PPL,PRGO,PRU,PSA,PSX,PVH,PWR,PX,PXD,QCOM,QEP,R,RAI,RDC,REGN,RF,RHI,RHT,RL,ROK,ROP,ROST,RRC,RSG,RTN,S,SBUX,SCG,SCHW,SE,SEE,SHW,SIAL,SJM,SLB,SLM,SNA,SNDK,SNI,SO,SPG,SPGI,SPLS,SRCL,SRE,STI,STJ,STT,STX,STZ,SWK,SWN,SWY,SYK,SYMC,SYY,T,TAP,TDC,TE,TEG,TEL,TER,TGNA,TGT,THC,TIF,TJX,TMK,TMO,TPR,TRIP,TROW,TRV,TSN,TSS,TWC,TWX,TXN,TXT,UNH,UNM,UNP,UPS,URBN,USB,UTX,V,VAR,VFC,VIAB,VIAV,VLO,VMC,VNO,VRSN,VTR,VZ,WAT,WBA,WDC,WEC,WELL,WFC,WFM,WHR,WIN,WM,WMB,WMT,WPX,WU,WY,WYND,WYNN,X,XEL,XL,XLNX,XOM,XRAY,XRX,XYL,YUM,ZBH,ZION,ZTS"
2013-07-09,"A,AABA,AAPL,ABBV,ABC,ABT,ACN,ADBE,ADI,ADM,ADP,ADSK,ADT,AEE,AEP,AES,AET,AFL,AGN,AIG,AIV,AIZ,AKAM,ALL,ALTR,ALXN,AMAT,AMD,AMGN,AMP,AMT,AMZN,AN,ANDV,ANF,ANTM,AON,APA,APC,APD,APH,APTV,ARG,ARNC,ATI,AVB,AVP,AVY,AXP,AZO,BA,BAC,BAX,BBBY,BBT,BBY,BCR,BDX,BEAM,BEN,BF.B,BHGE,BIIB,BK,BKNG,BLK,BLL,BMC,BMS,BMY,BRCM,BRK.B,BSX,BTUUQ,BWA,BXP,C,CA,CAG,CAH,CAM,CAT,CB,CBRE,CBS,CCE,CCI,CCL,CELG,CERN,CF,CFN,CHK,CHRW,CI,CINF,CL,CLF,CLX,CMA,CMCSA,CME,CMG,CMI,CMS,CNP,CNX,COF,COG,COL,COP,COST,COV,CPB,CRM,CSCO,CSX,CTAS,CTL,CTSH,CTXS,CVC,CVS,CVX,D,DD,DE,DELL,DFS,DG,DGX,DHI,DHR,DIS,DISCA,DLTR,DNB,DNR,DO,DOV,DOW,DRI,DTE,DTV,DUK,DVA,DVN,DXC,EA,EBAY,ECL,ED,EFX,EIX,EL,EMC,EMN,EMR,EOG,EQR,EQT,ES,ESRX,ESV,ETFC,ETN,ETR,EW,EXC,EXPD,EXPE,F,FAST,FCX,FDO,FDX,FE,FFIV,FIS,FISV,FITB,FLIR,FLR,FLS,FMC,FOSL,FOXA,FRX,FSLR,FTI,FTR,GAS,GD,GE,GHC,GILD,GIS,GLW,GM,GME,GNW,GOOGL,GPC,GPS,GRMN,GS,GT,GWW,HAL,HAR,HAS,HBAN,HCBK,HCP,HD,HES,HIG,HOG,HON,HOT,HP,HPQ,HRB,HRL,HRS,HSP,HST,HSY,HUM,IBM,ICE,IFF,IGT,INTC,INTU,IP,IPG,IR,IRM,ISRG,ITW,IVZ,JBL,JCI,JCP,JEC,JEF,JNJ,JNPR,JOY,JPM,JWN,K,KDP,KEY,KIM,KLAC,KMB,KMI,KMX,KO,KR,KRFT,KSS,KSU,L,LB,LDOS,LEG,LEN,LH,LIFE,LLL,LLTC,LLY,LM,LMT,LNC,LO,LOW,LRCX,LSI,LUV,LYB,M,MA,MAC,MAR,MAS,MAT,MCD,MCHP,MCK,MCO,MDLZ,MDT,MET,MJN,MKC,MMC,MMM,MNST,MO,MOLX,MON,MOS,MPC,MRK,MRO,MS,MSFT,MSI,MTB,MU,MUR,MWV,MYL,NBL,NBR,NDAQ,NE,NEE,NEM,NFLX,NFX,NI,NKE,NLSN,NOC,NOV,NRG,NSC,NTAP,NTRS,NUE,NVDA,NWL,NWSA,NYX,OI,OKE,OMC,ORCL,ORLY,OXY,PAYX,PBCT,PBI,PCAR,PCG,PCL,PCP,PDCO,PEG,PEP,PETM,PFE,PFG,PG,PGR,PH,PHM,PKI,PLD,PLL,PM,PNC,PNR,PNW,POM,PPG,PPL,PRGO,PRU,PSA,PSX,PVH,PWR,PX,PXD,QCOM,QEP,R,RAI,RDC,REGN,RF,RHI,RHT,RL,ROK,ROP,ROST,RRC,RSG,RTN,SBUX,SCG,SCHW,SE,SEE,SHW,SIAL,SJM,SLB,SLM,SNA,SNDK,SNI,SO,SPG,SPGI,SPLS,SRCL,SRE,STI,STJ,STT,STX,STZ,SWK,SWN,SWY,SYK,SYMC,SYY,T,TAP,TDC,TE,TEG,TEL,TER,TGNA,TGT,THC,TIF,TJX,TMK,TMO,TPR,TRIP,TROW,TRV,TSN,TSS,TWC,TWX,TXN,TXT,UNH,UNM,UNP,UPS,URBN,USB,UTX,V,VAR,VFC,VIAB,VIAV,VLO,VMC,VNO,VRSN,VTR,VZ,WAT,WBA,WDC,WEC,WELL,WFC,WFM,WHR,WIN,WM,WMB,WMT,WPX,WU,WY,WYND,WYNN,X,XEL,XL,XLNX,XOM,XRAY,XRX,XYL,YUM,ZBH,ZION,ZTS"
2013-09-11,"A,AABA,AAPL,ABBV,ABC,ABT,ACN,ADBE,ADI,ADM,ADP,ADSK,ADT,AEE,AEP,AES,AET,AFL,AGN,AIG,AIV,AIZ,AKAM,ALL,ALTR,ALXN,AMAT,AMD,AMGN,AMP,AMT,AMZN,AN,ANDV,ANF,ANTM,AON,APA,APC,APD,APH,APTV,ARG,ARNC,ATI,AVB,AVP,AVY,AXP,AZO,BA,BAC,BAX,BBBY,BBT,BBY,BCR,BDX,BEAM,BEN,BF.B,BHGE,BIIB,BK,BKNG,BLK,BLL,BMS,BMY,BRCM,BRK.B,BSX,BTUUQ,BWA,BXP,C,CA,CAG,CAH,CAM,CAT,CB,CBRE,CBS,CCE,CCI,CCL,CELG,CERN,CF,CFN,CHK,CHRW,CI,CINF,CL,CLF,CLX,CMA,CMCSA,CME,CMG,CMI,CMS,CNP,CNX,COF,COG,COL,COP,COST,COV,CPB,CRM,CSCO,CSX,CTAS,CTL,CTSH,CTXS,CVC,CVS,CVX,D,DAL,DD,DE,DELL,DFS,DG,DGX,DHI,DHR,DIS,DISCA,DLTR,DNB,DNR,DO,DOV,DOW,DRI,DTE,DTV,DUK,DVA,DVN,DXC,EA,EBAY,ECL,ED,EFX,EIX,EL,EMC,EMN,EMR,EOG,EQR,EQT,ES,ESRX,ESV,ETFC,ETN,ETR,EW,EXC,EXPD,EXPE,F,FAST,FCX,FDO,FDX,FE,FFIV,FIS,FISV,FITB,FLIR,FLR,FLS,FMC,FOSL,FOXA,FRX,FSLR,FTI,FTR,GAS,GD,GE,GHC,GILD,GIS,GLW,GM,GME,GNW,GOOGL,GPC,GPS,GRMN,GS,GT,GWW,HAL,HAR,HAS,HBAN,HCBK,HCP,HD,HES,HIG,HOG,HON,HOT,HP,HPQ,HRB,HRL,HRS,HSP,HST,HSY,HUM,IBM,ICE,IFF,IGT,INTC,INTU,IP,IPG,IR,IRM,ISRG,ITW,IVZ,JBL,JCI,JCP,JEC,JEF,JNJ,JNPR,JOY,JPM,JWN,K,KDP,KEY,KIM,KLAC,KMB,KMI,KMX,KO,KR,KRFT,KSS,KSU,L,LB,LDOS,LEG,LEN,LH,LIFE,LLL,LLTC,LLY,LM,LMT,LNC,LO,LOW,LRCX,LSI,LUV,LYB,M,MA,MAC,MAR,MAS,MAT,MCD,MCHP,MCK,MCO,MDLZ,MDT,MET,MJN,MKC,MMC,MMM,MNST,MO,MOLX,MON,MOS,MPC,MRK,MRO,MS,MSFT,MSI,MTB,MU,MUR,MWV,MYL,NBL,NBR,NDAQ,NE,NEE,NEM,NFLX,NFX,NI,NKE,NLSN,NOC,NOV,NRG,NSC,NTAP,NTRS,NUE,NVDA,NWL,NWSA,NYX,OI,OKE,OMC,ORCL,ORLY,OXY,PAYX,PBCT,PBI,PCAR,PCG,PCL,PCP,PDCO,PEG,PEP,PETM,PFE,PFG,PG,PGR,PH,PHM,PKI,PLD,PLL,PM,PNC,PNR,PNW,POM,PPG,PPL,PRGO,PRU,PSA,PSX,PVH,PWR,PX,PXD,QCOM,QEP,R,RAI,RDC,REGN,RF,RHI,RHT,RL,ROK,ROP,ROST,RRC,RSG,RTN,SBUX,SCG,SCHW,SE,SEE,SHW,SIAL,SJM,SLB,SLM,SNA,SNDK,SNI,SO,SPG,SPGI,SPLS,SRCL,SRE,STI,STJ,STT,STX,STZ,SWK,SWN,SWY,SYK,SYMC,SYY,T,TAP,TDC,TE,TEG,TEL,TER,TGNA,TGT,THC,TIF,TJX,TMK,TMO,TPR,TRIP,TROW,TRV,TSN,TSS,TWC,TWX,TXN,TXT,UNH,UNM,UNP,UPS,URBN,USB,UTX,V,VAR,VFC,VIAB,VIAV,VLO,VMC,VNO,VRSN,VTR,VZ,WAT,WBA,WDC,WEC,WELL,WFC,WFM,WHR,WIN,WM,WMB,WMT,WPX,WU,WY,WYND,WYNN,X,XEL,XL,XLNX,XOM,XRAY,XRX,XYL,YUM,ZBH,ZION,ZTS"
2013-09-23,"A,AABA,AAPL,ABBV,ABC,ABT,ACN,ADBE,ADI,ADM,ADP,ADSK,ADT,AEE,AEP,AES,AET,AFL,AGN,AIG,AIV,AIZ,AKAM,ALL,ALTR,ALXN,AMAT,AME,AMGN,AMP,AMT,AMZN,AN,ANDV,ANF,ANTM,AON,APA,APC,APD,APH,APTV,ARG,ARNC,ATI,AVB,AVP,AVY,AXP,AZO,BA,BAC,BAX,BBBY,BBT,BBY,BCR,BDX,BEAM,BEN,BF.B,BHGE,BIIB,BK,BKNG,BLK,BLL,BMS,BMY,BRCM,BRK.B,BSX,BTUUQ,BWA,BXP,C,CA,CAG,CAH,CAM,CAT,CB,CBRE,CBS,CCE,CCI,CCL,CELG,CERN,CF,CFN,CHK,CHRW,CI,CINF,CL,CLF,CLX,CMA,CMCSA,CME,CMG,CMI,CMS,CNP,CNX,COF,COG,COL,COP,COST,COV,CPB,CRM,CSCO,CSX,CTAS,CTL,CTSH,CTXS,CVC,CVS,CVX,D,DAL,DD,DE,DELL,DFS,DG,DGX,DHI,DHR,DIS,DISCA,DLTR,DNB,DNR,DO,DOV,DOW,DRI,DTE,DTV,DUK,DVA,DVN,DXC,EA,EBAY,ECL,ED,EFX,EIX,EL,EMC,EMN,EMR,EOG,EQR,EQT,ES,ESRX,ESV,ETFC,ETN,ETR,EW,EXC,EXPD,EXPE,F,FAST,FCX,FDO,FDX,FE,FFIV,FIS,FISV,FITB,FLIR,FLR,FLS,FMC,FOSL,FOXA,FRX,FSLR,FTI,FTR,GAS,GD,GE,GHC,GILD,GIS,GLW,GM,GME,GNW,GOOGL,GPC,GPS,GRMN,GS,GT,GWW,HAL,HAR,HAS,HBAN,HCBK,HCP,HD,HES,HIG,HOG,HON,HOT,HP,HPQ,HRB,HRL,HRS,HSP,HST,HSY,HUM,IBM,ICE,IFF,IGT,INTC,INTU,IP,IPG,IR,IRM,ISRG,ITW,IVZ,JBL,JCI,JCP,JEC,JEF,JNJ,JNPR,JOY,JPM,JWN,K,KDP,KEY,KIM,KLAC,KMB,KMI,KMX,KO,KR,KRFT,KSS,KSU,L,LB,LEG,LEN,LH,LIFE,LLL,LLTC,LLY,LM,LMT,LNC,LO,LOW,LRCX,LSI,LUV,LYB,M,MA,MAC,MAR,MAS,MAT,MCD,MCHP,MCK,MCO,MDLZ,MDT,MET,MJN,MKC,MMC,MMM,MNST,MO,MOLX,MON,MOS,MPC,MRK,MRO,MS,MSFT,MSI,MTB,MU,MUR,MWV,MYL,NBL,NBR,NDAQ,NE,NEE,NEM,NFLX,NFX,NI,NKE,NLSN,NOC,NOV,NRG,NSC,NTAP,NTRS,NUE,NVDA,NWL,NWSA,NYX,OI,OKE,OMC,ORCL,ORLY,OXY,PAYX,PBCT,PBI,PCAR,PCG,PCL,PCP,PDCO,PEG,PEP,PETM,PFE,PFG,PG,PGR,PH,PHM,PKI,PLD,PLL,PM,PNC,PNR,PNW,POM,PPG,PPL,PRGO,PRU,PSA,PSX,PVH,PWR,PX,PXD,QCOM,QEP,R,RAI,RDC,REGN,RF,RHI,RHT,RL,ROK,ROP,ROST,RRC,RSG,RTN,SBUX,SCG,SCHW,SE,SEE,SHW,SIAL,SJM,SLB,SLM,SNA,SNDK,SNI,SO,SPG,SPGI,SPLS,SRCL,SRE,STI,STJ,STT,STX,STZ,SWK,SWN,SWY,SYK,SYMC,SYY,T,TAP,TDC,TE,TEG,TEL,TER,TGNA,TGT,THC,TIF,TJX,TMK,TMO,TPR,TRIP,TROW,TRV,TSN,TSS,TWC,TWX,TXN,TXT,UNH,UNM,UNP,UPS,URBN,USB,UTX,V,VAR,VFC,VIAB,VIAV,VLO,VMC,VNO,VRSN,VRTX,VTR,VZ,WAT,WBA,WDC,WEC,WELL,WFC,WFM,WHR,WIN,WM,WMB,WMT,WPX,WU,WY,WYND,WYNN,X,XEL,XL,XLNX,XOM,XRAY,XRX,XYL,YUM,ZBH,ZION,ZTS"
2013-10-29,"A,AABA,AAPL,ABBV,ABC,ABT,ACN,ADBE,ADI,ADM,ADP,ADSK,ADT,AEE,AEP,AES,AET,AFL,AGN,AIG,AIV,AIZ,AKAM,ALL,ALTR,ALXN,AMAT,AME,AMGN,AMP,AMT,AMZN,AN,ANDV,ANF,ANTM,AON,APA,APC,APD,APH,APTV,ARG,ARNC,ATI,AVB,AVP,AVY,AXP,AZO,BA,BAC,BAX,BBBY,BBT,BBY,BCR,BDX,BEAM,BEN,BF.B,BHGE,BIIB,BK,BKNG,BLK,BLL,BMS,BMY,BRCM,BRK.B,BSX,BTUUQ,BWA,BXP,C,CA,CAG,CAH,CAM,CAT,CB,CBRE,CBS,CCE,CCI,CCL,CELG,CERN,CF,CFN,CHK,CHRW,CI,CINF,CL,CLF,CLX,CMA,CMCSA,CME,CMG,CMI,CMS,CNP,CNX,COF,COG,COL,COP,COST,COV,CPB,CRM,CSCO,CSX,CTAS,CTL,CTSH,CTXS,CVC,CVS,CVX,D,DAL,DD,DE,DFS,DG,DGX,DHI,DHR,DIS,DISCA,DLTR,DNB,DNR,DO,DOV,DOW,DRI,DTE,DTV,DUK,DVA,DVN,DXC,EA,EBAY,ECL,ED,EFX,EIX,EL,EMC,EMN,EMR,EOG,EQR,EQT,ES,ESRX,ESV,ETFC,ETN,ETR,EW,EXC,EXPD,EXPE,F,FAST,FCX,FDO,FDX,FE,FFIV,FIS,FISV,FITB,FLIR,FLR,FLS,FMC,FOSL,FOXA,FRX,FSLR,FTI,FTR,GAS,GD,GE,GHC,GILD,GIS,GLW,GM,GME,GNW,GOOGL,GPC,GPS,GRMN,GS,GT,GWW,HAL,HAR,HAS,HBAN,HCBK,HCP,HD,HES,HIG,HOG,HON,HOT,HP,HPQ,HRB,HRL,HRS,HSP,HST,HSY,HUM,IBM,ICE,IFF,IGT,INTC,INTU,IP,IPG,IR,IRM,ISRG,ITW,IVZ,JBL,JCI,JCP,JEC,JEF,JNJ,JNPR,JOY,JPM,JWN,K,KDP,KEY,KIM,KLAC,KMB,KMI,KMX,KO,KR,KRFT,KSS,KSU,L,LB,LEG,LEN,LH,LIFE,LLL,LLTC,LLY,LM,LMT,LNC,LO,LOW,LRCX,LSI,LUV,LYB,M,MA,MAC,MAR,MAS,MAT,MCD,MCHP,MCK,MCO,MDLZ,MDT,MET,MJN,MKC,MMC,MMM,MNST,MO,MOLX,MON,MOS,MPC,MRK,MRO,MS,MSFT,MSI,MTB,MU,MUR,MWV,MYL,NBL,NBR,NDAQ,NE,NEE,NEM,NFLX,NFX,NI,NKE,NLSN,NOC,NOV,NRG,NSC,NTAP,NTRS,NUE,NVDA,NWL,NWSA,NYX,OI,OKE,OMC,ORCL,ORLY,OXY,PAYX,PBCT,PBI,PCAR,PCG,PCL,PCP,PDCO,PEG,PEP,PETM,PFE,PFG,PG,PGR,PH,PHM,PKI,PLD,PLL,PM,PNC,PNR,PNW,POM,PPG,PPL,PRGO,PRU,PSA,PSX,PVH,PWR,PX,PXD,QCOM,QEP,R,RAI,RDC,REGN,RF,RHI,RHT,RIG,RL,ROK,ROP,ROST,RRC,RSG,RTN,SBUX,SCG,SCHW,SE,SEE,SHW,SIAL,SJM,SLB,SLM,SNA,SNDK,SNI,SO,SPG,SPGI,SPLS,SRCL,SRE,STI,STJ,STT,STX,STZ,SWK,SWN,SWY,SYK,SYMC,SYY,T,TAP,TDC,TE,TEG,TEL,TER,TGNA,TGT,THC,TIF,TJX,TMK,TMO,TPR,TRIP,TROW,TRV,TSN,TSS,TWC,TWX,TXN,TXT,UNH,UNM,UNP,UPS,URBN,USB,UTX,V,VAR,VFC,VIAB,VIAV,VLO,VMC,VNO,VRSN,VRTX,VTR,VZ,WAT,WBA,WDC,WEC,WELL,WFC,WFM,WHR,WIN,WM,WMB,WMT,WPX,WU,WY,WYND,WYNN,X,XEL,XL,XLNX,XOM,XRAY,XRX,XYL,YUM,ZBH,ZION,ZTS"
2013-11-13,"A,AABA,AAPL,ABBV,ABC,ABT,ACN,ADBE,ADI,ADM,ADP,ADSK,ADT,AEE,AEP,AES,AET,AFL,AGN,AIG,AIV,AIZ,AKAM,ALL,ALTR,ALXN,AMAT,AME,AMGN,AMP,AMT,AMZN,AN,ANDV,ANF,ANTM,AON,APA,APC,APD,APH,APTV,ARG,ARNC,ATI,AVB,AVP,AVY,AXP,AZO,BA,BAC,BAX,BBBY,BBT,BBY,BCR,BDX,BEAM,BEN,BF.B,BHGE,BIIB,BK,BKNG,BLK,BLL,BMS,BMY,BRCM,BRK.B,BSX,BTUUQ,BWA,BXP,C,CA,CAG,CAH,CAM,CAT,CB,CBRE,CBS,CCE,CCI,CCL,CELG,CERN,CF,CFN,CHK,CHRW,CI,CINF,CL,CLF,CLX,CMA,CMCSA,CME,CMG,CMI,CMS,CNP,CNX,COF,COG,COL,COP,COST,COV,CPB,CRM,CSCO,CSX,CTAS,CTL,CTSH,CTXS,CVC,CVS,CVX,D,DAL,DD,DE,DFS,DG,DGX,DHI,DHR,DIS,DISCA,DLTR,DNB,DNR,DO,DOV,DOW,DRI,DTE,DTV,DUK,DVA,DVN,DXC,EA,EBAY,ECL,ED,EFX,EIX,EL,EMC,EMN,EMR,EOG,EQR,EQT,ES,ESRX,ESV,ETFC,ETN,ETR,EW,EXC,EXPD,EXPE,F,FAST,FCX,FDO,FDX,FE,FFIV,FIS,FISV,FITB,FLIR,FLR,FLS,FMC,FOSL,FOXA,FRX,FSLR,FTI,FTR,GAS,GD,GE,GHC,GILD,GIS,GLW,GM,GME,GNW,GOOGL,GPC,GPS,GRMN,GS,GT,GWW,HAL,HAR,HAS,HBAN,HCBK,HCP,HD,HES,HIG,HOG,HON,HOT,HP,HPQ,HRB,HRL,HRS,HSP,HST,HSY,HUM,IBM,ICE,IFF,IGT,INTC,INTU,IP,IPG,IR,IRM,ISRG,ITW,IVZ,JBL,JCI,JCP,JEC,JEF,JNJ,JNPR,JOY,JPM,JWN,K,KDP,KEY,KIM,KLAC,KMB,KMI,KMX,KO,KORS,KR,KRFT,KSS,KSU,L,LB,LEG,LEN,LH,LIFE,LLL,LLTC,LLY,LM,LMT,LNC,LO,LOW,LRCX,LSI,LUV,LYB,M,MA,MAC,MAR,MAS,MAT,MCD,MCHP,MCK,MCO,MDLZ,MDT,MET,MJN,MKC,MMC,MMM,MNST,MO,MOLX,MON,MOS,MPC,MRK,MRO,MS,MSFT,MSI,MTB,MU,MUR,MWV,MYL,NBL,NBR,NDAQ,NE,NEE,NEM,NFLX,NFX,NI,NKE,NLSN,NOC,NOV,NRG,NSC,NTAP,NTRS,NUE,NVDA,NWL,NWSA,OI,OKE,OMC,ORCL,ORLY,OXY,PAYX,PBCT,PBI,PCAR,PCG,PCL,PCP,PDCO,PEG,PEP,PETM,PFE,PFG,PG,PGR,PH,PHM,PKI,PLD,PLL,PM,PNC,PNR,PNW,POM,PPG,PPL,PRGO,PRU,PSA,PSX,PVH,PWR,PX,PXD,QCOM,QEP,R,RAI,RDC,REGN,RF,RHI,RHT,RIG,RL,ROK,ROP,ROST,RRC,RSG,RTN,SBUX,SCG,SCHW,SE,SEE,SHW,SIAL,SJM,SLB,SLM,SNA,SNDK,SNI,SO,SPG,SPGI,SPLS,SRCL,SRE,STI,STJ,STT,STX,STZ,SWK,SWN,SWY,SYK,SYMC,SYY,T,TAP,TDC,TE,TEG,TEL,TER,TGNA,TGT,THC,TIF,TJX,TMK,TMO,TPR,TRIP,TROW,TRV,TSN,TSS,TWC,TWX,TXN,TXT,UNH,UNM,UNP,UPS,URBN,USB,UTX,V,VAR,VFC,VIAB,VIAV,VLO,VMC,VNO,VRSN,VRTX,VTR,VZ,WAT,WBA,WDC,WEC,WELL,WFC,WFM,WHR,WIN,WM,WMB,WMT,WPX,WU,WY,WYND,WYNN,X,XEL,XL,XLNX,XOM,XRAY,XRX,XYL,YUM,ZBH,ZION,ZTS"
2013-12-02,"A,AABA,AAPL,ABBV,ABC,ABT,ACN,ADBE,ADI,ADM,ADP,ADSK,ADT,AEE,AEP,AES,AET,AFL,AGN,AIG,AIV,AIZ,AKAM,ALL,ALLE,ALTR,ALXN,AMAT,AME,AMGN,AMP,AMT,AMZN,AN,ANDV,ANF,ANTM,AON,APA,APC,APD,APH,APTV,ARG,ARNC,ATI,AVB,AVP,AVY,AXP,AZO,BA,BAC,BAX,BBBY,BBT,BBY,BCR,BDX,BEAM,BEN,BF.B,BHGE,BIIB,BK,BKNG,BLK,BLL,BMS,BMY,BRCM,BRK.B,BSX,BTUUQ,BWA,BXP,C,CA,CAG,CAH,CAM,CAT,CB,CBRE,CBS,CCE,CCI,CCL,CELG,CERN,CF,CFN,CHK,CHRW,CI,CINF,CL,CLF,CLX,CMA,CMCSA,CME,CMG,CMI,CMS,CNP,CNX,COF,COG,COL,COP,COST,COV,CPB,CRM,CSCO,CSX,CTAS,CTL,CTSH,CTXS,CVC,CVS,CVX,D,DAL,DD,DE,DFS,DG,DGX,DHI,DHR,DIS,DISCA,DLTR,DNB,DNR,DO,DOV,DOW,DRI,DTE,DTV,DUK,DVA,DVN,DXC,EA,EBAY,ECL,ED,EFX,EIX,EL,EMC,EMN,EMR,EOG,EQR,EQT,ES,ESRX,ESV,ETFC,ETN,ETR,EW,EXC,EXPD,EXPE,F,FAST,FCX,FDO,FDX,FE,FFIV,FIS,FISV,FITB,FLIR,FLR,FLS,FMC,FOSL,FOXA,FRX,FSLR,FTI,FTR,GAS,GD,GE,GHC,GILD,GIS,GLW,GM,GME,GNW,GOOGL,GPC,GPS,GRMN,GS,GT,GWW,HAL,HAR,HAS,HBAN,HCBK,HCP,HD,HES,HIG,HOG,HON,HOT,HP,HPQ,HRB,HRL,HRS,HSP,HST,HSY,HUM,IBM,ICE,IFF,IGT,INTC,INTU,IP,IPG,IR,IRM,ISRG,ITW,IVZ,JBL,JCI,JEC,JEF,JNJ,JNPR,JOY,JPM,JWN,K,KDP,KEY,KIM,KLAC,KMB,KMI,KMX,KO,KORS,KR,KRFT,KSS,KSU,L,LB,LEG,LEN,LH,LIFE,LLL,LLTC,LLY,LM,LMT,LNC,LO,LOW,LRCX,LSI,LUV,LYB,M,MA,MAC,MAR,MAS,MAT,MCD,MCHP,MCK,MCO,MDLZ,MDT,MET,MJN,MKC,MMC,MMM,MNST,MO,MOLX,MON,MOS,MPC,MRK,MRO,MS,MSFT,MSI,MTB,MU,MUR,MWV,MYL,NBL,NBR,NDAQ,NE,NEE,NEM,NFLX,NFX,NI,NKE,NLSN,NOC,NOV,NRG,NSC,NTAP,NTRS,NUE,NVDA,NWL,NWSA,OI,OKE,OMC,ORCL,ORLY,OXY,PAYX,PBCT,PBI,PCAR,PCG,PCL,PCP,PDCO,PEG,PEP,PETM,PFE,PFG,PG,PGR,PH,PHM,PKI,PLD,PLL,PM,PNC,PNR,PNW,POM,PPG,PPL,PRGO,PRU,PSA,PSX,PVH,PWR,PX,PXD,QCOM,QEP,R,RAI,RDC,REGN,RF,RHI,RHT,RIG,RL,ROK,ROP,ROST,RRC,RSG,RTN,SBUX,SCG,SCHW,SE,SEE,SHW,SIAL,SJM,SLB,SLM,SNA,SNDK,SNI,SO,SPG,SPGI,SPLS,SRCL,SRE,STI,STJ,STT,STX,STZ,SWK,SWN,SWY,SYK,SYMC,SYY,T,TAP,TDC,TE,TEG,TEL,TER,TGNA,TGT,THC,TIF,TJX,TMK,TMO,TPR,TRIP,TROW,TRV,TSN,TSS,TWC,TWX,TXN,TXT,UNH,UNM,UNP,UPS,URBN,USB,UTX,V,VAR,VFC,VIAB,VIAV,VLO,VMC,VNO,VRSN,VRTX,VTR,VZ,WAT,WBA,WDC,WEC,WELL,WFC,WFM,WHR,WIN,WM,WMB,WMT,WPX,WU,WY,WYND,WYNN,X,XEL,XL,XLNX,XOM,XRAY,XRX,XYL,YUM,ZBH,ZION,ZTS"
2013-12-09,"A,AABA,AAPL,ABBV,ABC,ABT,ACN,ADBE,ADI,ADM,ADP,ADSK,ADT,AEE,AEP,AES,AET,AFL,AGN,AIG,AIV,AIZ,AKAM,ALL,ALLE,ALTR,ALXN,AMAT,AME,AMGN,AMP,AMT,AMZN,AN,ANDV,ANF,ANTM,AON,APA,APC,APD,APH,APTV,ARG,ARNC,ATI,AVB,AVP,AVY,AXP,AZO,BA,BAC,BAX,BBBY,BBT,BBY,BCR,BDX,BEAM,BEN,BF.B,BHGE,BIIB,BK,BKNG,BLK,BLL,BMS,BMY,BRCM,BRK.B,BSX,BTUUQ,BWA,BXP,C,CA,CAG,CAH,CAM,CAT,CB,CBRE,CBS,CCE,CCI,CCL,CELG,CERN,CF,CFN,CHK,CHRW,CI,CINF,CL,CLF,CLX,CMA,CMCSA,CME,CMG,CMI,CMS,CNP,CNX,COF,COG,COL,COP,COST,COV,CPB,CRM,CSCO,CSX,CTAS,CTL,CTSH,CTXS,CVC,CVS,CVX,D,DAL,DD,DE,DFS,DG,DGX,DHI,DHR,DIS,DISCA,DLTR,DNB,DNR,DO,DOV,DOW,DRI,DTE,DTV,DUK,DVA,DVN,DXC,EA,EBAY,ECL,ED,EFX,EIX,EL,EMC,EMN,EMR,EOG,EQR,EQT,ES,ESRX,ESV,ETFC,ETN,ETR,EW,EXC,EXPD,EXPE,F,FAST,FCX,FDO,FDX,FE,FFIV,FIS,FISV,FITB,FLIR,FLR,FLS,FMC,FOSL,FOXA,FRX,FSLR,FTI,FTR,GAS,GD,GE,GHC,GILD,GIS,GLW,GM,GME,GNW,GOOGL,GPC,GPS,GRMN,GS,GT,GWW,HAL,HAR,HAS,HBAN,HCBK,HCP,HD,HES,HIG,HOG,HON,HOT,HP,HPQ,HRB,HRL,HRS,HSP,HST,HSY,HUM,IBM,ICE,IFF,IGT,INTC,INTU,IP,IPG,IR,IRM,ISRG,ITW,IVZ,JBL,JCI,JEC,JEF,JNJ,JNPR,JOY,JPM,JWN,K,KDP,KEY,KIM,KLAC,KMB,KMI,KMX,KO,KORS,KR,KRFT,KSS,KSU,L,LB,LEG,LEN,LH,LIFE,LLL,LLTC,LLY,LM,LMT,LNC,LO,LOW,LRCX,LSI,LUV,LYB,M,MA,MAC,MAR,MAS,MAT,MCD,MCHP,MCK,MCO,MDLZ,MDT,MET,MJN,MKC,MMC,MMM,MNST,MO,MON,MOS,MPC,MRK,MRO,MS,MSFT,MSI,MTB,MU,MUR,MWV,MYL,NBL,NBR,NDAQ,NE,NEE,NEM,NFLX,NFX,NI,NKE,NLSN,NOC,NOV,NRG,NSC,NTAP,NTRS,NUE,NVDA,NWL,NWSA,OI,OKE,OMC,ORCL,ORLY,OXY,PAYX,PBCT,PBI,PCAR,PCG,PCL,PCP,PDCO,PEG,PEP,PETM,PFE,PFG,PG,PGR,PH,PHM,PKI,PLD,PLL,PM,PNC,PNR,PNW,POM,PPG,PPL,PRGO,PRU,PSA,PSX,PVH,PWR,PX,PXD,QCOM,QEP,R,RAI,RDC,REGN,RF,RHI,RHT,RIG,RL,ROK,ROP,ROST,RRC,RSG,RTN,SBUX,SCG,SCHW,SE,SEE,SHW,SIAL,SJM,SLB,SLM,SNA,SNDK,SNI,SO,SPG,SPGI,SPLS,SRCL,SRE,STI,STJ,STT,STX,STZ,SWK,SWN,SWY,SYK,SYMC,SYY,T,TAP,TDC,TE,TEG,TEL,TER,TGNA,TGT,THC,TIF,TJX,TMK,TMO,TPR,TRIP,TROW,TRV,TSN,TSS,TWC,TWX,TXN,TXT,UNH,UNM,UNP,UPS,URBN,USB,UTX,V,VAR,VFC,VIAB,VIAV,VLO,VMC,VNO,VRSN,VRTX,VTR,VZ,WAT,WBA,WDC,WEC,WELL,WFC,WFM,WHR,WIN,WM,WMB,WMT,WPX,WU,WY,WYND,WYNN,X,XEL,XL,XLNX,XOM,XRAY,XRX,XYL,YUM,ZBH,ZION,ZTS"
2013-12-10,"A,AABA,AAPL,ABBV,ABC,ABT,ACN,ADBE,ADI,ADM,ADP,ADSK,ADT,AEE,AEP,AES,AET,AFL,AGN,AIG,AIV,AIZ,AKAM,ALL,ALLE,ALTR,ALXN,AMAT,AME,AMGN,AMP,AMT,AMZN,AN,ANDV,ANF,ANTM,AON,APA,APC,APD,APH,APTV,ARG,ARNC,ATI,AVB,AVP,AVY,AXP,AZO,BA,BAC,BAX,BBBY,BBT,BBY,BCR,BDX,BEAM,BEN,BF.B,BHGE,BIIB,BK,BKNG,BLK,BLL,BMS,BMY,BRCM,BRK.B,BSX,BTUUQ,BWA,BXP,C,CA,CAG,CAH,CAM,CAT,CB,CBRE,CBS,CCE,CCI,CCL,CELG,CERN,CF,CFN,CHK,CHRW,CI,CINF,CL,CLF,CLX,CMA,CMCSA,CME,CMG,CMI,CMS,CNP,CNX,COF,COG,COL,COP,COST,COV,CPB,CRM,CSCO,CSX,CTAS,CTL,CTSH,CTXS,CVC,CVS,CVX,D,DAL,DD,DE,DFS,DG,DGX,DHI,DHR,DIS,DISCA,DLTR,DNB,DNR,DO,DOV,DOW,DRI,DTE,DTV,DUK,DVA,DVN,DXC,EA,EBAY,ECL,ED,EFX,EIX,EL,EMC,EMN,EMR,EOG,EQR,EQT,ES,ESRX,ESV,ETFC,ETN,ETR,EW,EXC,EXPD,EXPE,F,FAST,FCX,FDO,FDX,FE,FFIV,FIS,FISV,FITB,FLIR,FLR,FLS,FMC,FOSL,FOXA,FRX,FSLR,FTI,FTR,GAS,GD,GE,GGP,GHC,GILD,GIS,GLW,GM,GME,GNW,GOOGL,GPC,GPS,GRMN,GS,GT,GWW,HAL,HAR,HAS,HBAN,HCBK,HCP,HD,HES,HIG,HOG,HON,HOT,HP,HPQ,HRB,HRL,HRS,HSP,HST,HSY,HUM,IBM,ICE,IFF,IGT,INTC,INTU,IP,IPG,IR,IRM,ISRG,ITW,IVZ,JBL,JCI,JEC,JEF,JNJ,JNPR,JOY,JPM,JWN,K,KDP,KEY,KIM,KLAC,KMB,KMI,KMX,KO,KORS,KR,KRFT,KSS,KSU,L,LB,LEG,LEN,LH,LIFE,LLL,LLTC,LLY,LM,LMT,LNC,LO,LOW,LRCX,LSI,LUV,LYB,M,MA,MAC,MAR,MAS,MAT,MCD,MCHP,MCK,MCO,MDLZ,MDT,MET,MJN,MKC,MMC,MMM,MNST,MO,MON,MOS,MPC,MRK,MRO,MS,MSFT,MSI,MTB,MU,MUR,MWV,MYL,NBL,NBR,NDAQ,NE,NEE,NEM,NFLX,NFX,NI,NKE,NLSN,NOC,NOV,NRG,NSC,NTAP,NTRS,NUE,NVDA,NWL,NWSA,OI,OKE,OMC,ORCL,ORLY,OXY,PAYX,PBCT,PBI,PCAR,PCG,PCL,PCP,PDCO,PEG,PEP,PETM,PFE,PFG,PG,PGR,PH,PHM,PKI,PLD,PLL,PM,PNC,PNR,PNW,POM,PPG,PPL,PRGO,PRU,PSA,PSX,PVH,PWR,PX,PXD,QCOM,QEP,R,RAI,RDC,REGN,RF,RHI,RHT,RIG,RL,ROK,ROP,ROST,RRC,RSG,RTN,SBUX,SCG,SCHW,SE,SEE,SHW,SIAL,SJM,SLB,SLM,SNA,SNDK,SNI,SO,SPG,SPGI,SPLS,SRCL,SRE,STI,STJ,STT,STX,STZ,SWK,SWN,SWY,SYK,SYMC,SYY,T,TAP,TDC,TE,TEG,TEL,TER,TGNA,TGT,THC,TIF,TJX,TMK,TMO,TPR,TRIP,TROW,TRV,TSN,TSS,TWC,TWX,TXN,TXT,UNH,UNM,UNP,UPS,URBN,USB,UTX,V,VAR,VFC,VIAB,VIAV,VLO,VMC,VNO,VRSN,VRTX,VTR,VZ,WAT,WBA,WDC,WEC,WELL,WFC,WFM,WHR,WIN,WM,WMB,WMT,WPX,WU,WY,WYND,WYNN,X,XEL,XL,XLNX,XOM,XRAY,XRX,XYL,YUM,ZBH,ZION,ZTS"
2013-12-23,"A,AABA,AAPL,ABBV,ABC,ABT,ACN,ADBE,ADI,ADM,ADP,ADS,ADSK,ADT,AEE,AEP,AES,AET,AFL,AGN,AIG,AIV,AIZ,AKAM,ALL,ALLE,ALTR,ALXN,AMAT,AME,AMGN,AMP,AMT,AMZN,AN,ANDV,ANTM,AON,APA,APC,APD,APH,APTV,ARG,ARNC,ATI,AVB,AVP,AVY,AXP,AZO,BA,BAC,BAX,BBBY,BBT,BBY,BCR,BDX,BEAM,BEN,BF.B,BHGE,BIIB,BK,BKNG,BLK,BLL,BMS,BMY,BRCM,BRK.B,BSX,BTUUQ,BWA,BXP,C,CA,CAG,CAH,CAM,CAT,CB,CBRE,CBS,CCE,CCI,CCL,CELG,CERN,CF,CFN,CHK,CHRW,CI,CINF,CL,CLF,CLX,CMA,CMCSA,CME,CMG,CMI,CMS,CNP,CNX,COF,COG,COL,COP,COST,COV,CPB,CRM,CSCO,CSX,CTAS,CTL,CTSH,CTXS,CVC,CVS,CVX,D,DAL,DD,DE,DFS,DG,DGX,DHI,DHR,DIS,DISCA,DLTR,DNB,DNR,DO,DOV,DOW,DRI,DTE,DTV,DUK,DVA,DVN,DXC,EA,EBAY,ECL,ED,EFX,EIX,EL,EMC,EMN,EMR,EOG,EQR,EQT,ES,ESRX,ESV,ETFC,ETN,ETR,EW,EXC,EXPD,EXPE,F,FAST,FB,FCX,FDO,FDX,FE,FFIV,FIS,FISV,FITB,FLIR,FLR,FLS,FMC,FOSL,FOXA,FRX,FSLR,FTI,FTR,GAS,GD,GE,GGP,GHC,GILD,GIS,GLW,GM,GME,GNW,GOOGL,GPC,GPS,GRMN,GS,GT,GWW,HAL,HAR,HAS,HBAN,HCBK,HCP,HD,HES,HIG,HOG,HON,HOT,HP,HPQ,HRB,HRL,HRS,HSP,HST,HSY,HUM,IBM,ICE,IFF,IGT,INTC,INTU,IP,IPG,IR,IRM,ISRG,ITW,IVZ,JBL,JCI,JEC,JEF,JNJ,JNPR,JOY,JPM,JWN,K,KDP,KEY,KIM,KLAC,KMB,KMI,KMX,KO,KORS,KR,KRFT,KSS,KSU,L,LB,LEG,LEN,LH,LIFE,LLL,LLTC,LLY,LM,LMT,LNC,LO,LOW,LRCX,LSI,LUV,LYB,M,MA,MAC,MAR,MAS,MAT,MCD,MCHP,MCK,MCO,MDLZ,MDT,MET,MHK,MJN,MKC,MMC,MMM,MNST,MO,MON,MOS,MPC,MRK,MRO,MS,MSFT,MSI,MTB,MU,MUR,MWV,MYL,NBL,NBR,NDAQ,NE,NEE,NEM,NFLX,NFX,NI,NKE,NLSN,NOC,NOV,NRG,NSC,NTAP,NTRS,NUE,NVDA,NWL,NWSA,OI,OKE,OMC,ORCL,ORLY,OXY,PAYX,PBCT,PBI,PCAR,PCG,PCL,PCP,PDCO,PEG,PEP,PETM,PFE,PFG,PG,PGR,PH,PHM,PKI,PLD,PLL,PM,PNC,PNR,PNW,POM,PPG,PPL,PRGO,PRU,PSA,PSX,PVH,PWR,PX,PXD,QCOM,QEP,R,RAI,RDC,REGN,RF,RHI,RHT,RIG,RL,ROK,ROP,ROST,RRC,RSG,RTN,SBUX,SCG,SCHW,SE,SEE,SHW,SIAL,SJM,SLB,SLM,SNA,SNDK,SNI,SO,SPG,SPGI,SPLS,SRCL,SRE,STI,STJ,STT,STX,STZ,SWK,SWN,SWY,SYK,SYMC,SYY,T,TAP,TDC,TE,TEG,TEL,TGNA,TGT,THC,TIF,TJX,TMK,TMO,TPR,TRIP,TROW,TRV,TSN,TSS,TWC,TWX,TXN,TXT,UNH,UNM,UNP,UPS,URBN,USB,UTX,V,VAR,VFC,VIAB,VLO,VMC,VNO,VRSN,VRTX,VTR,VZ,WAT,WBA,WDC,WEC,WELL,WFC,WFM,WHR,WIN,WM,WMB,WMT,WPX,WU,WY,WYND,WYNN,X,XEL,XL,XLNX,XOM,XRAY,XRX,XYL,YUM,ZBH,ZION,ZTS"
2014-01-24,"A,AABA,AAPL,ABBV,ABC,ABT,ACN,ADBE,ADI,ADM,ADP,ADS,ADSK,ADT,AEE,AEP,AES,AET,AFL,AGN,AIG,AIV,AIZ,AKAM,ALL,ALLE,ALTR,ALXN,AMAT,AME,AMGN,AMP,AMT,AMZN,AN,ANDV,ANTM,AON,APA,APC,APD,APH,APTV,ARG,ARNC,ATI,AVB,AVP,AVY,AXP,AZO,BA,BAC,BAX,BBBY,BBT,BBY,BCR,BDX,BEAM,BEN,BF.B,BHGE,BIIB,BK,BKNG,BLK,BLL,BMS,BMY,BRCM,BRK.B,BSX,BTUUQ,BWA,BXP,C,CA,CAG,CAH,CAM,CAT,CB,CBRE,CBS,CCE,CCI,CCL,CELG,CERN,CF,CFN,CHK,CHRW,CI,CINF,CL,CLF,CLX,CMA,CMCSA,CME,CMG,CMI,CMS,CNP,CNX,COF,COG,COL,COP,COST,COV,CPB,CRM,CSCO,CSX,CTAS,CTL,CTSH,CTXS,CVC,CVS,CVX,D,DAL,DD,DE,DFS,DG,DGX,DHI,DHR,DIS,DISCA,DLTR,DNB,DNR,DO,DOV,DOW,DRI,DTE,DTV,DUK,DVA,DVN,DXC,EA,EBAY,ECL,ED,EFX,EIX,EL,EMC,EMN,EMR,EOG,EQR,EQT,ES,ESRX,ESV,ETFC,ETN,ETR,EW,EXC,EXPD,EXPE,F,FAST,FB,FCX,FDO,FDX,FE,FFIV,FIS,FISV,FITB,FLIR,FLR,FLS,FMC,FOSL,FOXA,FRX,FSLR,FTI,FTR,GAS,GD,GE,GGP,GHC,GILD,GIS,GLW,GM,GME,GNW,GOOGL,GPC,GPS,GRMN,GS,GT,GWW,HAL,HAR,HAS,HBAN,HCBK,HCP,HD,HES,HIG,HOG,HON,HOT,HP,HPQ,HRB,HRL,HRS,HSP,HST,HSY,HUM,IBM,ICE,IFF,IGT,INTC,INTU,IP,IPG,IR,IRM,ISRG,ITW,IVZ,JBL,JCI,JEC,JEF,JNJ,JNPR,JOY,JPM,JWN,K,KDP,KEY,KIM,KLAC,KMB,KMI,KMX,KO,KORS,KR,KRFT,KSS,KSU,L,LB,LEG,LEN,LH,LLL,LLTC,LLY,LM,LMT,LNC,LO,LOW,LRCX,LSI,LUV,LYB,M,MA,MAC,MAR,MAS,MAT,MCD,MCHP,MCK,MCO,MDLZ,MDT,MET,MHK,MJN,MKC,MMC,MMM,MNST,MO,MON,MOS,MPC,MRK,MRO,MS,MSFT,MSI,MTB,MU,MUR,MWV,MYL,NBL,NBR,NDAQ,NE,NEE,NEM,NFLX,NFX,NI,NKE,NLSN,NOC,NOV,NRG,NSC,NTAP,NTRS,NUE,NVDA,NWL,NWSA,OI,OKE,OMC,ORCL,ORLY,OXY,PAYX,PBCT,PBI,PCAR,PCG,PCL,PCP,PDCO,PEG,PEP,PETM,PFE,PFG,PG,PGR,PH,PHM,PKI,PLD,PLL,PM,PNC,PNR,PNW,POM,PPG,PPL,PRGO,PRU,PSA,PSX,PVH,PWR,PX,PXD,QCOM,QEP,R,RAI,RDC,REGN,RF,RHI,RHT,RIG,RL,ROK,ROP,ROST,RRC,RSG,RTN,SBUX,SCG,SCHW,SE,SEE,SHW,SIAL,SJM,SLB,SLM,SNA,SNDK,SNI,SO,SPG,SPGI,SPLS,SRCL,SRE,STI,STJ,STT,STX,STZ,SWK,SWN,SWY,SYK,SYMC,SYY,T,TAP,TDC,TE,TEG,TEL,TGNA,TGT,THC,TIF,TJX,TMK,TMO,TPR,TRIP,TROW,TRV,TSCO,TSN,TSS,TWC,TWX,TXN,TXT,UNH,UNM,UNP,UPS,URBN,USB,UTX,V,VAR,VFC,VIAB,VLO,VMC,VNO,VRSN,VRTX,VTR,VZ,WAT,WBA,WDC,WEC,WELL,WFC,WFM,WHR,WIN,WM,WMB,WMT,WPX,WU,WY,WYND,WYNN,X,XEL,XL,XLNX,XOM,XRAY,XRX,XYL,YUM,ZBH,ZION,ZTS"
2014-03-24,"A,AABA,AAPL,ABBV,ABC,ABT,ACN,ADBE,ADI,ADM,ADP,ADS,ADSK,ADT,AEE,AEP,AES,AET,AFL,AGN,AIG,AIV,AIZ,AKAM,ALL,ALLE,ALTR,ALXN,AMAT,AME,AMGN,AMP,AMT,AMZN,AN,ANDV,ANTM,AON,APA,APC,APD,APH,APTV,ARG,ARNC,ATI,AVB,AVP,AVY,AXP,AZO,BA,BAC,BAX,BBBY,BBT,BBY,BCR,BDX,BEAM,BEN,BF.B,BHGE,BIIB,BK,BKNG,BLK,BLL,BMS,BMY,BRCM,BRK.B,BSX,BTUUQ,BWA,BXP,C,CA,CAG,CAH,CAM,CAT,CB,CBRE,CBS,CCE,CCI,CCL,CELG,CERN,CF,CFN,CHK,CHRW,CI,CINF,CL,CLF,CLX,CMA,CMCSA,CME,CMG,CMI,CMS,CNP,CNX,COF,COG,COL,COP,COST,COV,CPB,CRM,CSCO,CSX,CTAS,CTL,CTSH,CTXS,CVC,CVS,CVX,D,DAL,DD,DE,DFS,DG,DGX,DHI,DHR,DIS,DISCA,DLTR,DNB,DNR,DO,DOV,DOW,DRI,DTE,DTV,DUK,DVA,DVN,DXC,EA,EBAY,ECL,ED,EFX,EIX,EL,EMC,EMN,EMR,EOG,EQR,EQT,ES,ESRX,ESV,ETFC,ETN,ETR,EW,EXC,EXPD,EXPE,F,FAST,FB,FCX,FDO,FDX,FE,FFIV,FIS,FISV,FITB,FLIR,FLR,FLS,FMC,FOSL,FOXA,FRX,FSLR,FTI,FTR,GAS,GD,GE,GGP,GHC,GILD,GIS,GLW,GM,GMCR,GME,GNW,GOOGL,GPC,GPS,GRMN,GS,GT,GWW,HAL,HAR,HAS,HBAN,HCBK,HCP,HD,HES,HIG,HOG,HON,HOT,HP,HPQ,HRB,HRL,HRS,HSP,HST,HSY,HUM,IBM,ICE,IFF,IGT,INTC,INTU,IP,IPG,IR,IRM,ISRG,ITW,IVZ,JBL,JCI,JEC,JEF,JNJ,JNPR,JOY,JPM,JWN,K,KDP,KEY,KIM,KLAC,KMB,KMI,KMX,KO,KORS,KR,KRFT,KSS,KSU,L,LB,LEG,LEN,LH,LLL,LLTC,LLY,LM,LMT,LNC,LO,LOW,LRCX,LSI,LUV,LYB,M,MA,MAC,MAR,MAS,MAT,MCD,MCHP,MCK,MCO,MDLZ,MDT,MET,MHK,MJN,MKC,MMC,MMM,MNST,MO,MON,MOS,MPC,MRK,MRO,MS,MSFT,MSI,MTB,MU,MUR,MWV,MYL,NBL,NBR,NDAQ,NE,NEE,NEM,NFLX,NFX,NI,NKE,NLSN,NOC,NOV,NRG,NSC,NTAP,NTRS,NUE,NVDA,NWL,NWSA,OI,OKE,OMC,ORCL,ORLY,OXY,PAYX,PBCT,PBI,PCAR,PCG,PCL,PCP,PDCO,PEG,PEP,PETM,PFE,PFG,PG,PGR,PH,PHM,PKI,PLD,PLL,PM,PNC,PNR,PNW,POM,PPG,PPL,PRGO,PRU,PSA,PSX,PVH,PWR,PX,PXD,QCOM,QEP,R,RAI,RDC,REGN,RF,RHI,RHT,RIG,RL,ROK,ROP,ROST,RRC,RSG,RTN,SBUX,SCG,SCHW,SE,SEE,SHW,SIAL,SJM,SLB,SLM,SNA,SNDK,SNI,SO,SPG,SPGI,SPLS,SRCL,SRE,STI,STJ,STT,STX,STZ,SWK,SWN,SWY,SYK,SYMC,SYY,T,TAP,TDC,TE,TEG,TEL,TGNA,TGT,THC,TIF,TJX,TMK,TMO,TPR,TRIP,TROW,TRV,TSCO,TSN,TSS,TWC,TWX,TXN,TXT,UNH,UNM,UNP,UPS,URBN,USB,UTX,V,VAR,VFC,VIAB,VLO,VMC,VNO,VRSN,VRTX,VTR,VZ,WAT,WBA,WDC,WEC,WELL,WFC,WFM,WHR,WIN,WM,WMB,WMT,WU,WY,WYND,WYNN,X,XEL,XL,XLNX,XOM,XRAY,XRX,XYL,YUM,ZBH,ZION,ZTS"
2014-04-02,"A,AABA,AAPL,ABBV,ABC,ABT,ACN,ADBE,ADI,ADM,ADP,ADS,ADSK,ADT,AEE,AEP,AES,AET,AFL,AGN,AIG,AIV,AIZ,AKAM,ALL,ALLE,ALTR,ALXN,AMAT,AME,AMGN,AMP,AMT,AMZN,AN,ANDV,ANTM,AON,APA,APC,APD,APH,APTV,ARG,ARNC,ATI,AVB,AVP,AVY,AXP,AZO,BA,BAC,BAX,BBBY,BBT,BBY,BCR,BDX,BEAM,BEN,BF.B,BHGE,BIIB,BK,BKNG,BLK,BLL,BMS,BMY,BRCM,BRK.B,BSX,BTUUQ,BWA,BXP,C,CA,CAG,CAH,CAM,CAT,CB,CBRE,CBS,CCE,CCI,CCL,CELG,CERN,CF,CFN,CHK,CHRW,CI,CINF,CL,CLX,CMA,CMCSA,CME,CMG,CMI,CMS,CNP,CNX,COF,COG,COL,COP,COST,COV,CPB,CRM,CSCO,CSX,CTAS,CTL,CTSH,CTXS,CVC,CVS,CVX,D,DAL,DD,DE,DFS,DG,DGX,DHI,DHR,DIS,DISCA,DLTR,DNB,DNR,DO,DOV,DOW,DRI,DTE,DTV,DUK,DVA,DVN,DXC,EA,EBAY,ECL,ED,EFX,EIX,EL,EMC,EMN,EMR,EOG,EQR,EQT,ES,ESRX,ESS,ESV,ETFC,ETN,ETR,EW,EXC,EXPD,EXPE,F,FAST,FB,FCX,FDO,FDX,FE,FFIV,FIS,FISV,FITB,FLIR,FLR,FLS,FMC,FOSL,FOXA,FRX,FSLR,FTI,FTR,GAS,GD,GE,GGP,GHC,GILD,GIS,GLW,GM,GMCR,GME,GNW,GOOGL,GPC,GPS,GRMN,GS,GT,GWW,HAL,HAR,HAS,HBAN,HCBK,HCP,HD,HES,HIG,HOG,HON,HOT,HP,HPQ,HRB,HRL,HRS,HSP,HST,HSY,HUM,IBM,ICE,IFF,IGT,INTC,INTU,IP,IPG,IR,IRM,ISRG,ITW,IVZ,JBL,JCI,JEC,JEF,JNJ,JNPR,JOY,JPM,JWN,K,KDP,KEY,KIM,KLAC,KMB,KMI,KMX,KO,KORS,KR,KRFT,KSS,KSU,L,LB,LEG,LEN,LH,LLL,LLTC,LLY,LM,LMT,LNC,LO,LOW,LRCX,LSI,LUV,LYB,M,MA,MAC,MAR,MAS,MAT,MCD,MCHP,MCK,MCO,MDLZ,MDT,MET,MHK,MJN,MKC,MMC,MMM,MNST,MO,MON,MOS,MPC,MRK,MRO,MS,MSFT,MSI,MTB,MU,MUR,MWV,MYL,NBL,NBR,NDAQ,NE,NEE,NEM,NFLX,NFX,NI,NKE,NLSN,NOC,NOV,NRG,NSC,NTAP,NTRS,NUE,NVDA,NWL,NWSA,OI,OKE,OMC,ORCL,ORLY,OXY,PAYX,PBCT,PBI,PCAR,PCG,PCL,PCP,PDCO,PEG,PEP,PETM,PFE,PFG,PG,PGR,PH,PHM,PKI,PLD,PLL,PM,PNC,PNR,PNW,POM,PPG,PPL,PRGO,PRU,PSA,PSX,PVH,PWR,PX,PXD,QCOM,QEP,R,RAI,RDC,REGN,RF,RHI,RHT,RIG,RL,ROK,ROP,ROST,RRC,RSG,RTN,SBUX,SCG,SCHW,SE,SEE,SHW,SIAL,SJM,SLB,SLM,SNA,SNDK,SNI,SO,SPG,SPGI,SPLS,SRCL,SRE,STI,STJ,STT,STX,STZ,SWK,SWN,SWY,SYK,SYMC,SYY,T,TAP,TDC,TE,TEG,TEL,TGNA,TGT,THC,TIF,TJX,TMK,TMO,TPR,TRIP,TROW,TRV,TSCO,TSN,TSS,TWC,TWX,TXN,TXT,UNH,UNM,UNP,UPS,URBN,USB,UTX,V,VAR,VFC,VIAB,VLO,VMC,VNO,VRSN,VRTX,VTR,VZ,WAT,WBA,WDC,WEC,WELL,WFC,WFM,WHR,WIN,WM,WMB,WMT,WU,WY,WYND,WYNN,X,XEL,XL,XLNX,XOM,XRAY,XRX,XYL,YUM,ZBH,ZION,ZTS"
2014-04-03,"A,AABA,AAPL,ABBV,ABC,ABT,ACN,ADBE,ADI,ADM,ADP,ADS,ADSK,ADT,AEE,AEP,AES,AET,AFL,AGN,AIG,AIV,AIZ,AKAM,ALL,ALLE,ALTR,ALXN,AMAT,AME,AMGN,AMP,AMT,AMZN,AN,ANDV,ANTM,AON,APA,APC,APD,APH,APTV,ARG,ARNC,ATI,AVB,AVP,AVY,AXP,AZO,BA,BAC,BAX,BBBY,BBT,BBY,BCR,BDX,BEAM,BEN,BF.B,BHGE,BIIB,BK,BKNG,BLK,BLL,BMS,BMY,BRCM,BRK.B,BSX,BTUUQ,BWA,BXP,C,CA,CAG,CAH,CAM,CAT,CB,CBRE,CBS,CCE,CCI,CCL,CELG,CERN,CF,CFN,CHK,CHRW,CI,CINF,CL,CLX,CMA,CMCSA,CME,CMG,CMI,CMS,CNP,CNX,COF,COG,COL,COP,COST,COV,CPB,CRM,CSCO,CSX,CTAS,CTL,CTSH,CTXS,CVC,CVS,CVX,D,DAL,DD,DE,DFS,DG,DGX,DHI,DHR,DIS,DISCA,DLTR,DNB,DNR,DO,DOV,DOW,DRI,DTE,DTV,DUK,DVA,DVN,DXC,EA,EBAY,ECL,ED,EFX,EIX,EL,EMC,EMN,EMR,EOG,EQR,EQT,ES,ESRX,ESS,ESV,ETFC,ETN,ETR,EW,EXC,EXPD,EXPE,F,FAST,FB,FCX,FDO,FDX,FE,FFIV,FIS,FISV,FITB,FLIR,FLR,FLS,FMC,FOSL,FOXA,FRX,FSLR,FTI,FTR,GAS,GD,GE,GGP,GHC,GILD,GIS,GLW,GM,GMCR,GME,GNW,GOOG,GOOGL,GPC,GPS,GRMN,GS,GT,GWW,HAL,HAR,HAS,HBAN,HCBK,HCP,HD,HES,HIG,HOG,HON,HOT,HP,HPQ,HRB,HRL,HRS,HSP,HST,HSY,HUM,IBM,ICE,IFF,IGT,INTC,INTU,IP,IPG,IR,IRM,ISRG,ITW,IVZ,JBL,JCI,JEC,JEF,JNJ,JNPR,JOY,JPM,JWN,K,KDP,KEY,KIM,KLAC,KMB,KMI,KMX,KO,KORS,KR,KRFT,KSS,KSU,L,LB,LEG,LEN,LH,LLL,LLTC,LLY,LM,LMT,LNC,LO,LOW,LRCX,LSI,LUV,LYB,M,MA,MAC,MAR,MAS,MAT,MCD,MCHP,MCK,MCO,MDLZ,MDT,MET,MHK,MJN,MKC,MMC,MMM,MNST,MO,MON,MOS,MPC,MRK,MRO,MS,MSFT,MSI,MTB,MU,MUR,MWV,MYL,NBL,NBR,NDAQ,NE,NEE,NEM,NFLX,NFX,NI,NKE,NLSN,NOC,NOV,NRG,NSC,NTAP,NTRS,NUE,NVDA,NWL,NWSA,OI,OKE,OMC,ORCL,ORLY,OXY,PAYX,PBCT,PBI,PCAR,PCG,PCL,PCP,PDCO,PEG,PEP,PETM,PFE,PFG,PG,PGR,PH,PHM,PKI,PLD,PLL,PM,PNC,PNR,PNW,POM,PPG,PPL,PRGO,PRU,PSA,PSX,PVH,PWR,PX,PXD,QCOM,QEP,R,RAI,RDC,REGN,RF,RHI,RHT,RIG,RL,ROK,ROP,ROST,RRC,RSG,RTN,SBUX,SCG,SCHW,SE,SEE,SHW,SIAL,SJM,SLB,SLM,SNA,SNDK,SNI,SO,SPG,SPGI,SPLS,SRCL,SRE,STI,STJ,STT,STX,STZ,SWK,SWN,SWY,SYK,SYMC,SYY,T,TAP,TDC,TE,TEG,TEL,TGNA,TGT,THC,TIF,TJX,TMK,TMO,TPR,TRIP,TROW,TRV,TSCO,TSN,TSS,TWC,TWX,TXN,TXT,UNH,UNM,UNP,UPS,URBN,USB,UTX,V,VAR,VFC,VIAB,VLO,VMC,VNO,VRSN,VRTX,VTR,VZ,WAT,WBA,WDC,WEC,WELL,WFC,WFM,WHR,WIN,WM,WMB,WMT,WU,WY,WYND,WYNN,X,XEL,XL,XLNX,XOM,XRAY,XRX,XYL,YUM,ZBH,ZION,ZTS"
2014-05-01,"A,AABA,AAPL,ABBV,ABC,ABT,ACN,ADBE,ADI,ADM,ADP,ADS,ADSK,ADT,AEE,AEP,AES,AET,AFL,AGN,AIG,AIV,AIZ,AKAM,ALL,ALLE,ALTR,ALXN,AMAT,AME,AMGN,AMP,AMT,AMZN,AN,ANDV,ANTM,AON,APA,APC,APD,APH,APTV,ARG,ARNC,ATI,AVB,AVP,AVY,AXP,AZO,BA,BAC,BAX,BBBY,BBT,BBY,BCR,BDX,BEN,BF.B,BHGE,BIIB,BK,BKNG,BLK,BLL,BMS,BMY,BRCM,BRK.B,BSX,BTUUQ,BWA,BXP,C,CA,CAG,CAH,CAM,CAT,CB,CBRE,CBS,CCE,CCI,CCL,CELG,CERN,CF,CFN,CHK,CHRW,CI,CINF,CL,CLX,CMA,CMCSA,CME,CMG,CMI,CMS,CNP,CNX,COF,COG,COL,COP,COST,COV,CPB,CRM,CSCO,CSX,CTAS,CTL,CTSH,CTXS,CVC,CVS,CVX,D,DAL,DD,DE,DFS,DG,DGX,DHI,DHR,DIS,DISCA,DLTR,DNB,DNR,DO,DOV,DOW,DRI,DTE,DTV,DUK,DVA,DVN,DXC,EA,EBAY,ECL,ED,EFX,EIX,EL,EMC,EMN,EMR,EOG,EQR,EQT,ES,ESRX,ESS,ESV,ETFC,ETN,ETR,EW,EXC,EXPD,EXPE,F,FAST,FB,FCX,FDO,FDX,FE,FFIV,FIS,FISV,FITB,FLIR,FLR,FLS,FMC,FOSL,FOXA,FRX,FSLR,FTI,FTR,GAS,GD,GE,GGP,GHC,GILD,GIS,GLW,GM,GMCR,GME,GNW,GOOG,GOOGL,GPC,GPS,GRMN,GS,GT,GWW,HAL,HAR,HAS,HBAN,HCBK,HCP,HD,HES,HIG,HOG,HON,HOT,HP,HPQ,HRB,HRL,HRS,HSP,HST,HSY,HUM,IBM,ICE,IFF,IGT,INTC,INTU,IP,IPG,IR,IRM,ISRG,ITW,IVZ,JBL,JCI,JEC,JEF,JNJ,JNPR,JOY,JPM,JWN,K,KDP,KEY,KIM,KLAC,KMB,KMI,KMX,KO,KORS,KR,KRFT,KSS,KSU,L,LB,LEG,LEN,LH,LLL,LLTC,LLY,LM,LMT,LNC,LO,LOW,LRCX,LSI,LUV,LYB,M,MA,MAC,MAR,MAS,MAT,MCD,MCHP,MCK,MCO,MDLZ,MDT,MET,MHK,MJN,MKC,MMC,MMM,MNST,MO,MON,MOS,MPC,MRK,MRO,MS,MSFT,MSI,MTB,MU,MUR,MWV,MYL,NAVI,NBL,NBR,NDAQ,NE,NEE,NEM,NFLX,NFX,NI,NKE,NLSN,NOC,NOV,NRG,NSC,NTAP,NTRS,NUE,NVDA,NWL,NWSA,OI,OKE,OMC,ORCL,ORLY,OXY,PAYX,PBCT,PBI,PCAR,PCG,PCL,PCP,PDCO,PEG,PEP,PETM,PFE,PFG,PG,PGR,PH,PHM,PKI,PLD,PLL,PM,PNC,PNR,PNW,POM,PPG,PPL,PRGO,PRU,PSA,PSX,PVH,PWR,PX,PXD,QCOM,QEP,R,RAI,RDC,REGN,RF,RHI,RHT,RIG,RL,ROK,ROP,ROST,RRC,RSG,RTN,SBUX,SCG,SCHW,SE,SEE,SHW,SIAL,SJM,SLB,SNA,SNDK,SNI,SO,SPG,SPGI,SPLS,SRCL,SRE,STI,STJ,STT,STX,STZ,SWK,SWN,SWY,SYK,SYMC,SYY,T,TAP,TDC,TE,TEG,TEL,TGNA,TGT,THC,TIF,TJX,TMK,TMO,TPR,TRIP,TROW,TRV,TSCO,TSN,TSS,TWC,TWX,TXN,TXT,UAA,UNH,UNM,UNP,UPS,URBN,USB,UTX,V,VAR,VFC,VIAB,VLO,VMC,VNO,VRSN,VRTX,VTR,VZ,WAT,WBA,WDC,WEC,WELL,WFC,WFM,WHR,WIN,WM,WMB,WMT,WU,WY,WYND,WYNN,X,XEL,XL,XLNX,XOM,XRAY,XRX,XYL,YUM,ZBH,ZION,ZTS"
2014-05-07,"A,AABA,AAPL,ABBV,ABC,ABT,ACN,ADBE,ADI,ADM,ADP,ADS,ADSK,ADT,AEE,AEP,AES,AET,AFL,AGN,AIG,AIV,AIZ,AKAM,ALL,ALLE,ALTR,ALXN,AMAT,AME,AMGN,AMP,AMT,AMZN,AN,ANDV,ANTM,AON,APA,APC,APD,APH,APTV,ARG,ARNC,ATI,AVB,AVP,AVY,AXP,AZO,BA,BAC,BAX,BBBY,BBT,BBY,BCR,BDX,BEN,BF.B,BHGE,BIIB,BK,BKNG,BLK,BLL,BMS,BMY,BRCM,BRK.B,BSX,BTUUQ,BWA,BXP,C,CA,CAG,CAH,CAM,CAT,CB,CBRE,CBS,CCE,CCI,CCL,CELG,CERN,CF,CFN,CHK,CHRW,CI,CINF,CL,CLX,CMA,CMCSA,CME,CMG,CMI,CMS,CNP,CNX,COF,COG,COL,COP,COST,COV,CPB,CRM,CSCO,CSX,CTAS,CTL,CTSH,CTXS,CVC,CVS,CVX,D,DAL,DD,DE,DFS,DG,DGX,DHI,DHR,DIS,DISCA,DLTR,DNB,DNR,DO,DOV,DOW,DRI,DTE,DTV,DUK,DVA,DVN,DXC,EA,EBAY,ECL,ED,EFX,EIX,EL,EMC,EMN,EMR,EOG,EQR,EQT,ES,ESRX,ESS,ESV,ETFC,ETN,ETR,EW,EXC,EXPD,EXPE,F,FAST,FB,FCX,FDO,FDX,FE,FFIV,FIS,FISV,FITB,FLIR,FLR,FLS,FMC,FOSL,FOXA,FRX,FSLR,FTI,FTR,GAS,GD,GE,GGP,GHC,GILD,GIS,GLW,GM,GMCR,GME,GNW,GOOG,GOOGL,GPC,GPS,GRMN,GS,GT,GWW,HAL,HAR,HAS,HBAN,HCBK,HCP,HD,HES,HIG,HOG,HON,HOT,HP,HPQ,HRB,HRL,HRS,HSP,HST,HSY,HUM,IBM,ICE,IFF,IGT,INTC,INTU,IP,IPG,IR,IRM,ISRG,ITW,IVZ,JBL,JCI,JEC,JEF,JNJ,JNPR,JOY,JPM,JWN,K,KDP,KEY,KIM,KLAC,KMB,KMI,KMX,KO,KORS,KR,KRFT,KSS,KSU,L,LB,LEG,LEN,LH,LLL,LLTC,LLY,LM,LMT,LNC,LO,LOW,LRCX,LUV,LYB,M,MA,MAC,MAR,MAS,MAT,MCD,MCHP,MCK,MCO,MDLZ,MDT,MET,MHK,MJN,MKC,MMC,MMM,MNST,MO,MON,MOS,MPC,MRK,MRO,MS,MSFT,MSI,MTB,MU,MUR,MWV,MYL,NAVI,NBL,NBR,NDAQ,NE,NEE,NEM,NFLX,NFX,NI,NKE,NLSN,NOC,NOV,NRG,NSC,NTAP,NTRS,NUE,NVDA,NWL,NWSA,OI,OKE,OMC,ORCL,ORLY,OXY,PAYX,PBCT,PBI,PCAR,PCG,PCL,PCP,PDCO,PEG,PEP,PETM,PFE,PFG,PG,PGR,PH,PHM,PKI,PLD,PLL,PM,PNC,PNR,PNW,POM,PPG,PPL,PRGO,PRU,PSA,PSX,PVH,PWR,PX,PXD,QCOM,QEP,R,RAI,RDC,REGN,RF,RHI,RHT,RIG,RL,ROK,ROP,ROST,RRC,RSG,RTN,SBUX,SCG,SCHW,SE,SEE,SHW,SIAL,SJM,SLB,SNA,SNDK,SNI,SO,SPG,SPGI,SPLS,SRCL,SRE,STI,STJ,STT,STX,STZ,SWK,SWN,SWY,SYK,SYMC,SYY,T,TAP,TDC,TE,TEG,TEL,TGNA,TGT,THC,TIF,TJX,TMK,TMO,TPR,TRIP,TROW,TRV,TSCO,TSN,TSS,TWC,TWX,TXN,TXT,UAA,UNH,UNM,UNP,UPS,URBN,USB,UTX,V,VAR,VFC,VIAB,VLO,VMC,VNO,VRSN,VRTX,VTR,VZ,WAT,WBA,WDC,WEC,WELL,WFC,WFM,WHR,WIN,WM,WMB,WMT,WU,WY,WYND,WYNN,X,XEL,XL,XLNX,XOM,XRAY,XRX,XYL,YUM,ZBH,ZION,ZTS"
2014-05-08,"A,AABA,AAPL,ABBV,ABC,ABT,ACN,ADBE,ADI,ADM,ADP,ADS,ADSK,ADT,AEE,AEP,AES,AET,AFL,AGN,AIG,AIV,AIZ,AKAM,ALL,ALLE,ALTR,ALXN,AMAT,AME,AMGN,AMP,AMT,AMZN,AN,ANDV,ANTM,AON,APA,APC,APD,APH,APTV,ARG,ARNC,ATI,AVB,AVGO,AVP,AVY,AXP,AZO,BA,BAC,BAX,BBBY,BBT,BBY,BCR,BDX,BEN,BF.B,BHGE,BIIB,BK,BKNG,BLK,BLL,BMS,BMY,BRCM,BRK.B,BSX,BTUUQ,BWA,BXP,C,CA,CAG,CAH,CAM,CAT,CB,CBRE,CBS,CCE,CCI,CCL,CELG,CERN,CF,CFN,CHK,CHRW,CI,CINF,CL,CLX,CMA,CMCSA,CME,CMG,CMI,CMS,CNP,CNX,COF,COG,COL,COP,COST,COV,CPB,CRM,CSCO,CSX,CTAS,CTL,CTSH,CTXS,CVC,CVS,CVX,D,DAL,DD,DE,DFS,DG,DGX,DHI,DHR,DIS,DISCA,DLTR,DNB,DNR,DO,DOV,DOW,DRI,DTE,DTV,DUK,DVA,DVN,DXC,EA,EBAY,ECL,ED,EFX,EIX,EL,EMC,EMN,EMR,EOG,EQR,EQT,ES,ESRX,ESS,ESV,ETFC,ETN,ETR,EW,EXC,EXPD,EXPE,F,FAST,FB,FCX,FDO,FDX,FE,FFIV,FIS,FISV,FITB,FLIR,FLR,FLS,FMC,FOSL,FOXA,FRX,FSLR,FTI,FTR,GAS,GD,GE,GGP,GHC,GILD,GIS,GLW,GM,GMCR,GME,GNW,GOOG,GOOGL,GPC,GPS,GRMN,GS,GT,GWW,HAL,HAR,HAS,HBAN,HCBK,HCP,HD,HES,HIG,HOG,HON,HOT,HP,HPQ,HRB,HRL,HRS,HSP,HST,HSY,HUM,IBM,ICE,IFF,IGT,INTC,INTU,IP,IPG,IR,IRM,ISRG,ITW,IVZ,JBL,JCI,JEC,JEF,JNJ,JNPR,JOY,JPM,JWN,K,KDP,KEY,KIM,KLAC,KMB,KMI,KMX,KO,KORS,KR,KRFT,KSS,KSU,L,LB,LEG,LEN,LH,LLL,LLTC,LLY,LM,LMT,LNC,LO,LOW,LRCX,LUV,LYB,M,MA,MAC,MAR,MAS,MAT,MCD,MCHP,MCK,MCO,MDLZ,MDT,MET,MHK,MJN,MKC,MMC,MMM,MNST,MO,MON,MOS,MPC,MRK,MRO,MS,MSFT,MSI,MTB,MU,MUR,MWV,MYL,NAVI,NBL,NBR,NDAQ,NE,NEE,NEM,NFLX,NFX,NI,NKE,NLSN,NOC,NOV,NRG,NSC,NTAP,NTRS,NUE,NVDA,NWL,NWSA,OI,OKE,OMC,ORCL,ORLY,OXY,PAYX,PBCT,PBI,PCAR,PCG,PCL,PCP,PDCO,PEG,PEP,PETM,PFE,PFG,PG,PGR,PH,PHM,PKI,PLD,PLL,PM,PNC,PNR,PNW,POM,PPG,PPL,PRGO,PRU,PSA,PSX,PVH,PWR,PX,PXD,QCOM,QEP,R,RAI,RDC,REGN,RF,RHI,RHT,RIG,RL,ROK,ROP,ROST,RRC,RSG,RTN,SBUX,SCG,SCHW,SE,SEE,SHW,SIAL,SJM,SLB,SNA,SNDK,SNI,SO,SPG,SPGI,SPLS,SRCL,SRE,STI,STJ,STT,STX,STZ,SWK,SWN,SWY,SYK,SYMC,SYY,T,TAP,TDC,TE,TEG,TEL,TGNA,TGT,THC,TIF,TJX,TMK,TMO,TPR,TRIP,TROW,TRV,TSCO,TSN,TSS,TWC,TWX,TXN,TXT,UAA,UNH,UNM,UNP,UPS,URBN,USB,UTX,V,VAR,VFC,VIAB,VLO,VMC,VNO,VRSN,VRTX,VTR,VZ,WAT,WBA,WDC,WEC,WELL,WFC,WFM,WHR,WIN,WM,WMB,WMT,WU,WY,WYND,WYNN,X,XEL,XL,XLNX,XOM,XRAY,XRX,XYL,YUM,ZBH,ZION,ZTS"
2014-06-20,"A,AABA,AAPL,ABBV,ABC,ABT,ACN,ADBE,ADI,ADM,ADP,ADS,ADSK,ADT,AEE,AEP,AES,AET,AFL,AGN,AIG,AIV,AIZ,AKAM,ALL,ALLE,ALTR,ALXN,AMAT,AME,AMGN,AMP,AMT,AMZN,AN,ANDV,ANTM,AON,APA,APC,APD,APH,APTV,ARG,ARNC,ATI,AVB,AVGO,AVP,AVY,AXP,AZO,BA,BAC,BAX,BBBY,BBT,BBY,BCR,BDX,BEN,BF.B,BHGE,BIIB,BK,BKNG,BLK,BLL,BMS,BMY,BRCM,BRK.B,BSX,BTUUQ,BWA,BXP,C,CA,CAG,CAH,CAM,CAT,CB,CBRE,CBS,CCE,CCI,CCL,CELG,CERN,CF,CFN,CHK,CHRW,CI,CINF,CL,CLX,CMA,CMCSA,CME,CMG,CMI,CMS,CNP,CNX,COF,COG,COL,COP,COST,COV,CPB,CRM,CSCO,CSX,CTAS,CTL,CTSH,CTXS,CVC,CVS,CVX,D,DAL,DD,DE,DFS,DG,DGX,DHI,DHR,DIS,DISCA,DLTR,DNB,DNR,DO,DOV,DOW,DRI,DTE,DTV,DUK,DVA,DVN,DXC,EA,EBAY,ECL,ED,EFX,EIX,EL,EMC,EMN,EMR,EOG,EQR,EQT,ES,ESRX,ESS,ESV,ETFC,ETN,ETR,EW,EXC,EXPD,EXPE,F,FAST,FB,FCX,FDO,FDX,FE,FFIV,FIS,FISV,FITB,FLIR,FLR,FLS,FMC,FOSL,FOXA,FRX,FSLR,FTI,FTR,GAS,GD,GE,GGP,GHC,GILD,GIS,GLW,GM,GMCR,GME,GNW,GOOG,GOOGL,GPC,GPS,GRMN,GS,GT,GWW,HAL,HAR,HAS,HBAN,HCBK,HCP,HD,HES,HIG,HOG,HON,HOT,HP,HPQ,HRB,HRL,HRS,HSP,HST,HSY,HUM,IBM,ICE,IFF,INTC,INTU,IP,IPG,IR,IRM,ISRG,ITW,IVZ,JBL,JCI,JEC,JEF,JNJ,JNPR,JOY,JPM,JWN,K,KDP,KEY,KIM,KLAC,KMB,KMI,KMX,KO,KORS,KR,KRFT,KSS,KSU,L,LB,LEG,LEN,LH,LLL,LLTC,LLY,LM,LMT,LNC,LO,LOW,LRCX,LUV,LYB,M,MA,MAC,MAR,MAS,MAT,MCD,MCHP,MCK,MCO,MDLZ,MDT,MET,MHK,MJN,MKC,MMC,MMM,MNST,MO,MON,MOS,MPC,MRK,MRO,MS,MSFT,MSI,MTB,MU,MUR,MWV,MYL,NAVI,NBL,NBR,NDAQ,NE,NEE,NEM,NFLX,NFX,NI,NKE,NLSN,NOC,NOV,NRG,NSC,NTAP,NTRS,NUE,NVDA,NWL,NWSA,OI,OKE,OMC,ORCL,ORLY,OXY,PAYX,PBCT,PBI,PCAR,PCG,PCL,PCP,PDCO,PEG,PEP,PETM,PFE,PFG,PG,PGR,PH,PHM,PKI,PLD,PLL,PM,PNC,PNR,PNW,POM,PPG,PPL,PRGO,PRU,PSA,PSX,PVH,PWR,PX,PXD,QCOM,QEP,R,RAI,RDC,REGN,RF,RHI,RHT,RIG,RL,ROK,ROP,ROST,RRC,RSG,RTN,SBUX,SCG,SCHW,SE,SEE,SHW,SIAL,SJM,SLB,SNA,SNDK,SNI,SO,SPG,SPGI,SPLS,SRCL,SRE,STI,STJ,STT,STX,STZ,SWK,SWN,SWY,SYK,SYMC,SYY,T,TAP,TDC,TE,TEG,TEL,TGNA,TGT,THC,TIF,TJX,TMK,TMO,TPR,TRIP,TROW,TRV,TSCO,TSN,TSS,TWC,TWX,TXN,TXT,UAA,UNH,UNM,UNP,UPS,URBN,USB,UTX,V,VAR,VFC,VIAB,VLO,VMC,VNO,VRSN,VRTX,VTR,VZ,WAT,WBA,WDC,WEC,WELL,WFC,WFM,WHR,WIN,WM,WMB,WMT,WU,WY,WYND,WYNN,X,XEC,XEL,XL,XLNX,XOM,XRAY,XRX,XYL,YUM,ZBH,ZION,ZTS"
2014-07-01,"A,AABA,AAPL,ABBV,ABC,ABT,ACN,ADBE,ADI,ADM,ADP,ADS,ADSK,ADT,AEE,AEP,AES,AET,AFL,AGN,AIG,AIV,AIZ,AKAM,ALL,ALLE,ALTR,ALXN,AMAT,AME,AMG,AMGN,AMP,AMT,AMZN,AN,ANDV,ANTM,AON,APA,APC,APD,APH,APTV,ARG,ARNC,ATI,AVB,AVGO,AVP,AVY,AXP,AZO,BA,BAC,BAX,BBBY,BBT,BBY,BCR,BDX,BEN,BF.B,BHGE,BIIB,BK,BKNG,BLK,BLL,BMS,BMY,BRCM,BRK.B,BSX,BTUUQ,BWA,BXP,C,CA,CAG,CAH,CAM,CAT,CB,CBRE,CBS,CCE,CCI,CCL,CELG,CERN,CF,CFN,CHK,CHRW,CI,CINF,CL,CLX,CMA,CMCSA,CME,CMG,CMI,CMS,CNP,CNX,COF,COG,COL,COP,COST,COV,CPB,CRM,CSCO,CSX,CTAS,CTL,CTSH,CTXS,CVC,CVS,CVX,D,DAL,DD,DE,DFS,DG,DGX,DHI,DHR,DIS,DISCA,DLTR,DNB,DNR,DO,DOV,DOW,DRI,DTE,DTV,DUK,DVA,DVN,DXC,EA,EBAY,ECL,ED,EFX,EIX,EL,EMC,EMN,EMR,EOG,EQR,EQT,ES,ESRX,ESS,ESV,ETFC,ETN,ETR,EW,EXC,EXPD,EXPE,F,FAST,FB,FCX,FDO,FDX,FE,FFIV,FIS,FISV,FITB,FLIR,FLR,FLS,FMC,FOSL,FOXA,FSLR,FTI,FTR,GAS,GD,GE,GGP,GHC,GILD,GIS,GLW,GM,GMCR,GME,GNW,GOOG,GOOGL,GPC,GPS,GRMN,GS,GT,GWW,HAL,HAR,HAS,HBAN,HCBK,HCP,HD,HES,HIG,HOG,HON,HOT,HP,HPQ,HRB,HRL,HRS,HSP,HST,HSY,HUM,IBM,ICE,IFF,INTC,INTU,IP,IPG,IR,IRM,ISRG,ITW,IVZ,JBL,JCI,JEC,JEF,JNJ,JNPR,JOY,JPM,JWN,K,KDP,KEY,KIM,KLAC,KMB,KMI,KMX,KO,KORS,KR,KRFT,KSS,KSU,L,LB,LEG,LEN,LH,LLL,LLTC,LLY,LM,LMT,LNC,LO,LOW,LRCX,LUV,LYB,M,MA,MAC,MAR,MAS,MAT,MCD,MCHP,MCK,MCO,MDLZ,MDT,MET,MHK,MJN,MKC,MMC,MMM,MNST,MO,MON,MOS,MPC,MRK,MRO,MS,MSFT,MSI,MTB,MU,MUR,MWV,MYL,NAVI,NBL,NBR,NDAQ,NE,NEE,NEM,NFLX,NFX,NI,NKE,NLSN,NOC,NOV,NRG,NSC,NTAP,NTRS,NUE,NVDA,NWL,NWSA,OI,OKE,OMC,ORCL,ORLY,OXY,PAYX,PBCT,PBI,PCAR,PCG,PCL,PCP,PDCO,PEG,PEP,PETM,PFE,PFG,PG,PGR,PH,PHM,PKI,PLD,PLL,PM,PNC,PNR,PNW,POM,PPG,PPL,PRGO,PRU,PSA,PSX,PVH,PWR,PX,PXD,QCOM,QEP,R,RAI,RDC,REGN,RF,RHI,RHT,RIG,RL,ROK,ROP,ROST,RRC,RSG,RTN,SBUX,SCG,SCHW,SE,SEE,SHW,SIAL,SJM,SLB,SNA,SNDK,SNI,SO,SPG,SPGI,SPLS,SRCL,SRE,STI,STJ,STT,STX,STZ,SWK,SWN,SWY,SYK,SYMC,SYY,T,TAP,TDC,TE,TEG,TEL,TGNA,TGT,THC,TIF,TJX,TMK,TMO,TPR,TRIP,TROW,TRV,TSCO,TSN,TSS,TWC,TWX,TXN,TXT,UAA,UNH,UNM,UNP,UPS,URBN,USB,UTX,V,VAR,VFC,VIAB,VLO,VMC,VNO,VRSN,VRTX,VTR,VZ,WAT,WBA,WDC,WEC,WELL,WFC,WFM,WHR,WIN,WM,WMB,WMT,WU,WY,WYND,WYNN,X,XEC,XEL,XL,XLNX,XOM,XRAY,XRX,XYL,YUM,ZBH,ZION,ZTS"
2014-07-02,"A,AABA,AAPL,ABBV,ABC,ABT,ACN,ADBE,ADI,ADM,ADP,ADS,ADSK,ADT,AEE,AEP,AES,AET,AFL,AGN,AIG,AIV,AIZ,AKAM,ALL,ALLE,ALTR,ALXN,AMAT,AME,AMG,AMGN,AMP,AMT,AMZN,AN,ANDV,ANTM,AON,APA,APC,APD,APH,APTV,ARG,ARNC,ATI,AVB,AVGO,AVP,AVY,AXP,AZO,BA,BAC,BAX,BBBY,BBT,BBY,BCR,BDX,BEN,BF.B,BHGE,BIIB,BK,BKNG,BLK,BLL,BMS,BMY,BRCM,BRK.B,BSX,BTUUQ,BWA,BXP,C,CA,CAG,CAH,CAM,CAT,CB,CBRE,CBS,CCE,CCI,CCL,CELG,CERN,CF,CFN,CHK,CHRW,CI,CINF,CL,CLX,CMA,CMCSA,CME,CMG,CMI,CMS,CNP,CNX,COF,COG,COL,COP,COST,COV,CPB,CRM,CSCO,CSX,CTAS,CTL,CTSH,CTXS,CVC,CVS,CVX,D,DAL,DD,DE,DFS,DG,DGX,DHI,DHR,DIS,DISCA,DLTR,DNB,DNR,DO,DOV,DOW,DRI,DTE,DTV,DUK,DVA,DVN,DXC,EA,EBAY,ECL,ED,EFX,EIX,EL,EMC,EMN,EMR,EOG,EQR,EQT,ES,ESRX,ESS,ESV,ETFC,ETN,ETR,EW,EXC,EXPD,EXPE,F,FAST,FB,FCX,FDO,FDX,FE,FFIV,FIS,FISV,FITB,FLIR,FLR,FLS,FMC,FOSL,FOXA,FSLR,FTI,FTR,GAS,GD,GE,GGP,GHC,GILD,GIS,GLW,GM,GMCR,GME,GNW,GOOG,GOOGL,GPC,GPS,GRMN,GS,GT,GWW,HAL,HAR,HAS,HBAN,HCBK,HCP,HD,HES,HIG,HOG,HON,HOT,HP,HPQ,HRB,HRL,HRS,HSP,HST,HSY,HUM,IBM,ICE,IFF,INTC,INTU,IP,IPG,IR,IRM,ISRG,ITW,IVZ,JBL,JCI,JEC,JEF,JNJ,JNPR,JOY,JPM,JWN,K,KDP,KEY,KIM,KLAC,KMB,KMI,KMX,KO,KORS,KR,KRFT,KSS,KSU,L,LB,LEG,LEN,LH,LLL,LLTC,LLY,LM,LMT,LNC,LO,LOW,LRCX,LUV,LYB,M,MA,MAC,MAR,MAS,MAT,MCD,MCHP,MCK,MCO,MDLZ,MDT,MET,MHK,MJN,MKC,MLM,MMC,MMM,MNST,MO,MON,MOS,MPC,MRK,MRO,MS,MSFT,MSI,MTB,MU,MUR,MWV,MYL,NAVI,NBL,NBR,NDAQ,NE,NEE,NEM,NFLX,NFX,NI,NKE,NLSN,NOC,NOV,NRG,NSC,NTAP,NTRS,NUE,NVDA,NWL,NWSA,OI,OKE,OMC,ORCL,ORLY,OXY,PAYX,PBCT,PBI,PCAR,PCG,PCL,PCP,PDCO,PEG,PEP,PETM,PFE,PFG,PG,PGR,PH,PHM,PKI,PLD,PLL,PM,PNC,PNR,PNW,POM,PPG,PPL,PRGO,PRU,PSA,PSX,PVH,PWR,PX,PXD,QCOM,QEP,R,RAI,RDC,REGN,RF,RHI,RHT,RIG,RL,ROK,ROP,ROST,RRC,RSG,RTN,SBUX,SCG,SCHW,SE,SEE,SHW,SIAL,SJM,SLB,SNA,SNDK,SNI,SO,SPG,SPGI,SPLS,SRCL,SRE,STI,STJ,STT,STX,STZ,SWK,SWN,SWY,SYK,SYMC,SYY,T,TAP,TDC,TE,TEG,TEL,TGNA,TGT,THC,TIF,TJX,TMK,TMO,TPR,TRIP,TROW,TRV,TSCO,TSN,TSS,TWC,TWX,TXN,TXT,UAA,UNH,UNM,UNP,UPS,URBN,USB,UTX,V,VAR,VFC,VIAB,VLO,VMC,VNO,VRSN,VRTX,VTR,VZ,WAT,WBA,WDC,WEC,WELL,WFC,WFM,WHR,WIN,WM,WMB,WMT,WU,WY,WYND,WYNN,XEC,XEL,XL,XLNX,XOM,XRAY,XRX,XYL,YUM,ZBH,ZION,ZTS"
2014-08-07,"A,AABA,AAPL,ABBV,ABC,ABT,ACN,ADBE,ADI,ADM,ADP,ADS,ADSK,ADT,AEE,AEP,AES,AET,AFL,AGN,AIG,AIV,AIZ,AKAM,ALL,ALLE,ALTR,ALXN,AMAT,AME,AMG,AMGN,AMP,AMT,AMZN,AN,ANDV,ANTM,AON,APA,APC,APD,APH,APTV,ARG,ARNC,ATI,AVB,AVGO,AVP,AVY,AXP,AZO,BA,BAC,BAX,BBBY,BBT,BBY,BCR,BDX,BEN,BF.B,BHGE,BIIB,BK,BKNG,BLK,BLL,BMS,BMY,BRCM,BRK.B,BSX,BTUUQ,BWA,BXP,C,CA,CAG,CAH,CAM,CAT,CB,CBRE,CBS,CCE,CCI,CCL,CELG,CERN,CF,CFN,CHK,CHRW,CI,CINF,CL,CLX,CMA,CMCSA,CME,CMG,CMI,CMS,CNP,CNX,COF,COG,COL,COP,COST,COV,CPB,CRM,CSCO,CSX,CTAS,CTL,CTSH,CTXS,CVC,CVS,CVX,D,DAL,DD,DE,DFS,DG,DGX,DHI,DHR,DIS,DISCA,DISCK,DLTR,DNB,DNR,DO,DOV,DOW,DRI,DTE,DTV,DUK,DVA,DVN,DXC,EA,EBAY,ECL,ED,EFX,EIX,EL,EMC,EMN,EMR,EOG,EQR,EQT,ES,ESRX,ESS,ESV,ETFC,ETN,ETR,EW,EXC,EXPD,EXPE,F,FAST,FB,FCX,FDO,FDX,FE,FFIV,FIS,FISV,FITB,FLIR,FLR,FLS,FMC,FOSL,FOXA,FSLR,FTI,FTR,GAS,GD,GE,GGP,GHC,GILD,GIS,GLW,GM,GMCR,GME,GNW,GOOG,GOOGL,GPC,GPS,GRMN,GS,GT,GWW,HAL,HAR,HAS,HBAN,HCBK,HCP,HD,HES,HIG,HOG,HON,HOT,HP,HPQ,HRB,HRL,HRS,HSP,HST,HSY,HUM,IBM,ICE,IFF,INTC,INTU,IP,IPG,IR,IRM,ISRG,ITW,IVZ,JBL,JCI,JEC,JEF,JNJ,JNPR,JOY,JPM,JWN,K,KDP,KEY,KIM,KLAC,KMB,KMI,KMX,KO,KORS,KR,KRFT,KSS,KSU,L,LB,LEG,LEN,LH,LLL,LLTC,LLY,LM,LMT,LNC,LO,LOW,LRCX,LUV,LYB,M,MA,MAC,MAR,MAS,MAT,MCD,MCHP,MCK,MCO,MDLZ,MDT,MET,MHK,MJN,MKC,MLM,MMC,MMM,MNST,MO,MON,MOS,MPC,MRK,MRO,MS,MSFT,MSI,MTB,MU,MUR,MWV,MYL,NAVI,NBL,NBR,NDAQ,NE,NEE,NEM,NFLX,NFX,NI,NKE,NLSN,NOC,NOV,NRG,NSC,NTAP,NTRS,NUE,NVDA,NWL,NWSA,OI,OKE,OMC,ORCL,ORLY,OXY,PAYX,PBCT,PBI,PCAR,PCG,PCL,PCP,PDCO,PEG,PEP,PETM,PFE,PFG,PG,PGR,PH,PHM,PKI,PLD,PLL,PM,PNC,PNR,PNW,POM,PPG,PPL,PRGO,PRU,PSA,PSX,PVH,PWR,PX,PXD,QCOM,QEP,R,RAI,RDC,REGN,RF,RHI,RHT,RIG,RL,ROK,ROP,ROST,RRC,RSG,RTN,SBUX,SCG,SCHW,SE,SEE,SHW,SIAL,SJM,SLB,SNA,SNDK,SNI,SO,SPG,SPGI,SPLS,SRCL,SRE,STI,STJ,STT,STX,STZ,SWK,SWN,SWY,SYK,SYMC,SYY,T,TAP,TDC,TE,TEG,TEL,TGNA,TGT,THC,TIF,TJX,TMK,TMO,TPR,TRIP,TROW,TRV,TSCO,TSN,TSS,TWC,TWX,TXN,TXT,UAA,UNH,UNM,UNP,UPS,URBN,USB,UTX,V,VAR,VFC,VIAB,VLO,VMC,VNO,VRSN,VRTX,VTR,VZ,WAT,WBA,WDC,WEC,WELL,WFC,WFM,WHR,WIN,WM,WMB,WMT,WU,WY,WYND,WYNN,XEC,XEL,XL,XLNX,XOM,XRAY,XRX,XYL,YUM,ZBH,ZION,ZTS"
2014-08-19,"A,AABA,AAPL,ABBV,ABC,ABT,ACN,ADBE,ADI,ADM,ADP,ADS,ADSK,ADT,AEE,AEP,AES,AET,AFL,AGN,AIG,AIV,AIZ,AKAM,ALL,ALLE,ALTR,ALXN,AMAT,AME,AMG,AMGN,AMP,AMT,AMZN,AN,ANDV,ANTM,AON,APA,APC,APD,APH,APTV,ARG,ARNC,ATI,AVB,AVGO,AVP,AVY,AXP,AZO,BA,BAC,BAX,BBBY,BBT,BBY,BCR,BDX,BEN,BF.B,BHGE,BIIB,BK,BKNG,BLK,BLL,BMS,BMY,BRCM,BRK.B,BSX,BTUUQ,BWA,BXP,C,CA,CAG,CAH,CAM,CAT,CB,CBRE,CBS,CCE,CCI,CCL,CELG,CERN,CF,CFN,CHK,CHRW,CI,CINF,CL,CLX,CMA,CMCSA,CME,CMG,CMI,CMS,CNP,CNX,COF,COG,COL,COP,COST,COV,CPB,CRM,CSCO,CSX,CTAS,CTL,CTSH,CTXS,CVC,CVS,CVX,D,DAL,DD,DE,DFS,DG,DGX,DHI,DHR,DIS,DISCA,DISCK,DLTR,DNB,DNR,DO,DOV,DOW,DRI,DTE,DTV,DUK,DVA,DVN,DXC,EA,EBAY,ECL,ED,EFX,EIX,EL,EMC,EMN,EMR,EOG,EQR,EQT,ES,ESRX,ESS,ESV,ETFC,ETN,ETR,EW,EXC,EXPD,EXPE,F,FAST,FB,FCX,FDO,FDX,FE,FFIV,FIS,FISV,FITB,FLIR,FLR,FLS,FMC,FOSL,FOXA,FSLR,FTI,FTR,GAS,GD,GE,GGP,GHC,GILD,GIS,GLW,GM,GMCR,GME,GNW,GOOG,GOOGL,GPC,GPS,GRMN,GS,GT,GWW,HAL,HAR,HAS,HBAN,HCBK,HCP,HD,HES,HIG,HOG,HON,HOT,HP,HPQ,HRB,HRL,HRS,HSP,HST,HSY,HUM,IBM,ICE,IFF,INTC,INTU,IP,IPG,IR,IRM,ISRG,ITW,IVZ,JBL,JCI,JEC,JEF,JNJ,JNPR,JOY,JPM,JWN,K,KDP,KEY,KIM,KLAC,KMB,KMI,KMX,KO,KORS,KR,KRFT,KSS,KSU,L,LB,LEG,LEN,LH,LLL,LLTC,LLY,LM,LMT,LNC,LO,LOW,LRCX,LUV,LYB,M,MA,MAC,MAR,MAS,MAT,MCD,MCHP,MCK,MCO,MDLZ,MDT,MET,MHK,MJN,MKC,MLM,MMC,MMM,MNK,MNST,MO,MON,MOS,MPC,MRK,MRO,MS,MSFT,MSI,MTB,MU,MUR,MWV,MYL,NAVI,NBL,NBR,NDAQ,NE,NEE,NEM,NFLX,NFX,NI,NKE,NLSN,NOC,NOV,NRG,NSC,NTAP,NTRS,NUE,NVDA,NWL,NWSA,OI,OKE,OMC,ORCL,ORLY,OXY,PAYX,PBCT,PBI,PCAR,PCG,PCL,PCP,PDCO,PEG,PEP,PETM,PFE,PFG,PG,PGR,PH,PHM,PKI,PLD,PLL,PM,PNC,PNR,PNW,POM,PPG,PPL,PRGO,PRU,PSA,PSX,PVH,PWR,PX,PXD,QCOM,QEP,R,RAI,REGN,RF,RHI,RHT,RIG,RL,ROK,ROP,ROST,RRC,RSG,RTN,SBUX,SCG,SCHW,SE,SEE,SHW,SIAL,SJM,SLB,SNA,SNDK,SNI,SO,SPG,SPGI,SPLS,SRCL,SRE,STI,STJ,STT,STX,STZ,SWK,SWN,SWY,SYK,SYMC,SYY,T,TAP,TDC,TE,TEG,TEL,TGNA,TGT,THC,TIF,TJX,TMK,TMO,TPR,TRIP,TROW,TRV,TSCO,TSN,TSS,TWC,TWX,TXN,TXT,UAA,UNH,UNM,UNP,UPS,URBN,USB,UTX,V,VAR,VFC,VIAB,VLO,VMC,VNO,VRSN,VRTX,VTR,VZ,WAT,WBA,WDC,WEC,WELL,WFC,WFM,WHR,WIN,WM,WMB,WMT,WU,WY,WYND,WYNN,XEC,XEL,XL,XLNX,XOM,XRAY,XRX,XYL,YUM,ZBH,ZION,ZTS"
2014-09-22,"A,AABA,AAPL,ABBV,ABC,ABT,ACN,ADBE,ADI,ADM,ADP,ADS,ADSK,ADT,AEE,AEP,AES,AET,AFL,AGN,AIG,AIV,AIZ,AKAM,ALL,ALLE,ALTR,ALXN,AMAT,AME,AMG,AMGN,AMP,AMT,AMZN,AN,ANDV,ANTM,AON,APA,APC,APD,APH,APTV,ARG,ARNC,ATI,AVB,AVGO,AVP,AVY,AXP,AZO,BA,BAC,BAX,BBBY,BBT,BBY,BCR,BDX,BEN,BF.B,BHGE,BIIB,BK,BKNG,BLK,BLL,BMS,BMY,BRCM,BRK.B,BSX,BWA,BXP,C,CA,CAG,CAH,CAM,CAT,CB,CBRE,CBS,CCE,CCI,CCL,CELG,CERN,CF,CFN,CHK,CHRW,CI,CINF,CL,CLX,CMA,CMCSA,CME,CMG,CMI,CMS,CNP,CNX,COF,COG,COL,COP,COST,COV,CPB,CRM,CSCO,CSX,CTAS,CTL,CTSH,CTXS,CVC,CVS,CVX,D,DAL,DD,DE,DFS,DG,DGX,DHI,DHR,DIS,DISCA,DISCK,DLTR,DNB,DNR,DO,DOV,DOW,DRI,DTE,DTV,DUK,DVA,DVN,DXC,EA,EBAY,ECL,ED,EFX,EIX,EL,EMC,EMN,EMR,EOG,EQR,EQT,ES,ESRX,ESS,ESV,ETFC,ETN,ETR,EW,EXC,EXPD,EXPE,F,FAST,FB,FCX,FDO,FDX,FE,FFIV,FIS,FISV,FITB,FLIR,FLR,FLS,FMC,FOSL,FOXA,FSLR,FTI,FTR,GAS,GD,GE,GGP,GILD,GIS,GLW,GM,GMCR,GME,GNW,GOOG,GOOGL,GPC,GPS,GRMN,GS,GT,GWW,HAL,HAR,HAS,HBAN,HCBK,HCP,HD,HES,HIG,HOG,HON,HOT,HP,HPQ,HRB,HRL,HRS,HSP,HST,HSY,HUM,IBM,ICE,IFF,INTC,INTU,IP,IPG,IR,IRM,ISRG,ITW,IVZ,JBL,JCI,JEC,JEF,JNJ,JNPR,JOY,JPM,JWN,K,KDP,KEY,KIM,KLAC,KMB,KMI,KMX,KO,KORS,KR,KRFT,KSS,KSU,L,LB,LEG,LEN,LH,LLL,LLTC,LLY,LM,LMT,LNC,LO,LOW,LRCX,LUV,LYB,M,MA,MAC,MAR,MAS,MAT,MCD,MCHP,MCK,MCO,MDLZ,MDT,MET,MHK,MJN,MKC,MLM,MMC,MMM,MNK,MNST,MO,MON,MOS,MPC,MRK,MRO,MS,MSFT,MSI,MTB,MU,MUR,MWV,MYL,NAVI,NBL,NBR,NDAQ,NE,NEE,NEM,NFLX,NFX,NI,NKE,NLSN,NOC,NOV,NRG,NSC,NTAP,NTRS,NUE,NVDA,NWL,NWSA,OI,OKE,OMC,ORCL,ORLY,OXY,PAYX,PBCT,PBI,PCAR,PCG,PCL,PCP,PDCO,PEG,PEP,PETM,PFE,PFG,PG,PGR,PH,PHM,PKI,PLD,PLL,PM,PNC,PNR,PNW,POM,PPG,PPL,PRGO,PRU,PSA,PSX,PVH,PWR,PX,PXD,QCOM,QEP,R,RAI,REGN,RF,RHI,RHT,RIG,RL,ROK,ROP,ROST,RRC,RSG,RTN,SBUX,SCG,SCHW,SE,SEE,SHW,SIAL,SJM,SLB,SNA,SNDK,SNI,SO,SPG,SPGI,SPLS,SRCL,SRE,STI,STJ,STT,STX,STZ,SWK,SWN,SWY,SYK,SYMC,SYY,T,TAP,TDC,TE,TEG,TEL,TGNA,TGT,THC,TIF,TJX,TMK,TMO,TPR,TRIP,TROW,TRV,TSCO,TSN,TSS,TWC,TWX,TXN,TXT,UAA,UHS,UNH,UNM,UNP,UPS,URBN,URI,USB,UTX,V,VAR,VFC,VIAB,VLO,VMC,VNO,VRSN,VRTX,VTR,VZ,WAT,WBA,WDC,WEC,WELL,WFC,WFM,WHR,WIN,WM,WMB,WMT,WU,WY,WYND,WYNN,XEC,XEL,XL,XLNX,XOM,XRAY,XRX,XYL,YUM,ZBH,ZION,ZTS"
2014-11-05,"A,AABA,AAPL,ABBV,ABC,ABT,ACN,ADBE,ADI,ADM,ADP,ADS,ADSK,ADT,AEE,AEP,AES,AET,AFL,AGN,AIG,AIV,AIZ,AKAM,ALL,ALLE,ALTR,ALXN,AMAT,AME,AMG,AMGN,AMP,AMT,AMZN,AN,ANDV,ANTM,AON,APA,APC,APD,APH,APTV,ARG,ARNC,ATI,AVB,AVGO,AVP,AVY,AXP,AZO,BA,BAC,BAX,BBBY,BBT,BBY,BCR,BDX,BEN,BF.B,BHGE,BIIB,BK,BKNG,BLK,BLL,BMS,BMY,BRCM,BRK.B,BSX,BWA,BXP,C,CA,CAG,CAH,CAM,CAT,CB,CBRE,CBS,CCE,CCI,CCL,CELG,CERN,CF,CFN,CHK,CHRW,CI,CINF,CL,CLX,CMA,CMCSA,CME,CMG,CMI,CMS,CNP,CNX,COF,COG,COL,COP,COST,COV,CPB,CRM,CSCO,CSX,CTAS,CTL,CTSH,CTXS,CVC,CVS,CVX,D,DAL,DD,DE,DFS,DG,DGX,DHI,DHR,DIS,DISCA,DISCK,DLTR,DNB,DNR,DO,DOV,DOW,DRI,DTE,DTV,DUK,DVA,DVN,DXC,EA,EBAY,ECL,ED,EFX,EIX,EL,EMC,EMN,EMR,EOG,EQR,EQT,ES,ESRX,ESS,ESV,ETFC,ETN,ETR,EW,EXC,EXPD,EXPE,F,FAST,FB,FCX,FDO,FDX,FE,FFIV,FIS,FISV,FITB,FLIR,FLR,FLS,FMC,FOSL,FOXA,FSLR,FTI,FTR,GAS,GD,GE,GGP,GILD,GIS,GLW,GM,GMCR,GME,GNW,GOOG,GOOGL,GPC,GPS,GRMN,GS,GT,GWW,HAL,HAR,HAS,HBAN,HCBK,HCP,HD,HES,HIG,HOG,HON,HOT,HP,HPQ,HRB,HRL,HRS,HSP,HST,HSY,HUM,IBM,ICE,IFF,INTC,INTU,IP,IPG,IR,IRM,ISRG,ITW,IVZ,JCI,JEC,JEF,JNJ,JNPR,JOY,JPM,JWN,K,KDP,KEY,KIM,KLAC,KMB,KMI,KMX,KO,KORS,KR,KRFT,KSS,KSU,L,LB,LEG,LEN,LH,LLL,LLTC,LLY,LM,LMT,LNC,LO,LOW,LRCX,LUV,LVLT,LYB,M,MA,MAC,MAR,MAS,MAT,MCD,MCHP,MCK,MCO,MDLZ,MDT,MET,MHK,MJN,MKC,MLM,MMC,MMM,MNK,MNST,MO,MON,MOS,MPC,MRK,MRO,MS,MSFT,MSI,MTB,MU,MUR,MWV,MYL,NAVI,NBL,NBR,NDAQ,NE,NEE,NEM,NFLX,NFX,NI,NKE,NLSN,NOC,NOV,NRG,NSC,NTAP,NTRS,NUE,NVDA,NWL,NWSA,OI,OKE,OMC,ORCL,ORLY,OXY,PAYX,PBCT,PBI,PCAR,PCG,PCL,PCP,PDCO,PEG,PEP,PETM,PFE,PFG,PG,PGR,PH,PHM,PKI,PLD,PLL,PM,PNC,PNR,PNW,POM,PPG,PPL,PRGO,PRU,PSA,PSX,PVH,PWR,PX,PXD,QCOM,QEP,R,RAI,REGN,RF,RHI,RHT,RIG,RL,ROK,ROP,ROST,RRC,RSG,RTN,SBUX,SCG,SCHW,SE,SEE,SHW,SIAL,SJM,SLB,SNA,SNDK,SNI,SO,SPG,SPGI,SPLS,SRCL,SRE,STI,STJ,STT,STX,STZ,SWK,SWN,SWY,SYK,SYMC,SYY,T,TAP,TDC,TE,TEG,TEL,TGNA,TGT,THC,TIF,TJX,TMK,TMO,TPR,TRIP,TROW,TRV,TSCO,TSN,TSS,TWC,TWX,TXN,TXT,UAA,UHS,UNH,UNM,UNP,UPS,URBN,URI,USB,UTX,V,VAR,VFC,VIAB,VLO,VMC,VNO,VRSN,VRTX,VTR,VZ,WAT,WBA,WDC,WEC,WELL,WFC,WFM,WHR,WIN,WM,WMB,WMT,WU,WY,WYND,WYNN,XEC,XEL,XL,XLNX,XOM,XRAY,XRX,XYL,YUM,ZBH,ZION,ZTS"
2014-12-05,"A,AABA,AAPL,ABBV,ABC,ABT,ACN,ADBE,ADI,ADM,ADP,ADS,ADSK,ADT,AEE,AEP,AES,AET,AFL,AGN,AIG,AIV,AIZ,AKAM,ALL,ALLE,ALTR,ALXN,AMAT,AME,AMG,AMGN,AMP,AMT,AMZN,AN,ANDV,ANTM,AON,APA,APC,APD,APH,APTV,ARG,ARNC,ATI,AVB,AVGO,AVP,AVY,AXP,AZO,BA,BAC,BAX,BBBY,BBT,BBY,BCR,BDX,BEN,BF.B,BHGE,BIIB,BK,BKNG,BLK,BLL,BMY,BRCM,BRK.B,BSX,BWA,BXP,C,CA,CAG,CAH,CAM,CAT,CB,CBRE,CBS,CCE,CCI,CCL,CELG,CERN,CF,CFN,CHK,CHRW,CI,CINF,CL,CLX,CMA,CMCSA,CME,CMG,CMI,CMS,CNP,CNX,COF,COG,COL,COP,COST,COV,CPB,CRM,CSCO,CSX,CTAS,CTL,CTSH,CTXS,CVC,CVS,CVX,D,DAL,DD,DE,DFS,DG,DGX,DHI,DHR,DIS,DISCA,DISCK,DLTR,DNB,DNR,DO,DOV,DOW,DRI,DTE,DTV,DUK,DVA,DVN,DXC,EA,EBAY,ECL,ED,EFX,EIX,EL,EMC,EMN,EMR,EOG,EQR,EQT,ES,ESRX,ESS,ESV,ETFC,ETN,ETR,EW,EXC,EXPD,EXPE,F,FAST,FB,FCX,FDO,FDX,FE,FFIV,FIS,FISV,FITB,FLIR,FLR,FLS,FMC,FOSL,FOXA,FSLR,FTI,FTR,GAS,GD,GE,GGP,GILD,GIS,GLW,GM,GMCR,GME,GNW,GOOG,GOOGL,GPC,GPS,GRMN,GS,GT,GWW,HAL,HAR,HAS,HBAN,HCBK,HCP,HD,HES,HIG,HOG,HON,HOT,HP,HPQ,HRB,HRL,HRS,HSP,HST,HSY,HUM,IBM,ICE,IFF,INTC,INTU,IP,IPG,IR,IRM,ISRG,ITW,IVZ,JCI,JEC,JEF,JNJ,JNPR,JOY,JPM,JWN,K,KDP,KEY,KIM,KLAC,KMB,KMI,KMX,KO,KORS,KR,KRFT,KSS,KSU,L,LB,LEG,LEN,LH,LLL,LLTC,LLY,LM,LMT,LNC,LO,LOW,LRCX,LUV,LVLT,LYB,M,MA,MAC,MAR,MAS,MAT,MCD,MCHP,MCK,MCO,MDLZ,MDT,MET,MHK,MJN,MKC,MLM,MMC,MMM,MNK,MNST,MO,MON,MOS,MPC,MRK,MRO,MS,MSFT,MSI,MTB,MU,MUR,MWV,MYL,NAVI,NBL,NBR,NDAQ,NE,NEE,NEM,NFLX,NFX,NI,NKE,NLSN,NOC,NOV,NRG,NSC,NTAP,NTRS,NUE,NVDA,NWL,NWSA,OI,OKE,OMC,ORCL,ORLY,OXY,PAYX,PBCT,PBI,PCAR,PCG,PCL,PCP,PDCO,PEG,PEP,PETM,PFE,PFG,PG,PGR,PH,PHM,PKI,PLD,PLL,PM,PNC,PNR,PNW,POM,PPG,PPL,PRGO,PRU,PSA,PSX,PVH,PWR,PX,PXD,QCOM,QEP,R,RAI,RCL,REGN,RF,RHI,RHT,RIG,RL,ROK,ROP,ROST,RRC,RSG,RTN,SBUX,SCG,SCHW,SE,SEE,SHW,SIAL,SJM,SLB,SNA,SNDK,SNI,SO,SPG,SPGI,SPLS,SRCL,SRE,STI,STJ,STT,STX,STZ,SWK,SWN,SWY,SYK,SYMC,SYY,T,TAP,TDC,TE,TEG,TEL,TGNA,TGT,THC,TIF,TJX,TMK,TMO,TPR,TRIP,TROW,TRV,TSCO,TSN,TSS,TWC,TWX,TXN,TXT,UAA,UHS,UNH,UNM,UNP,UPS,URBN,URI,USB,UTX,V,VAR,VFC,VIAB,VLO,VMC,VNO,VRSN,VRTX,VTR,VZ,WAT,WBA,WDC,WEC,WELL,WFC,WFM,WHR,WIN,WM,WMB,WMT,WU,WY,WYND,WYNN,XEC,XEL,XL,XLNX,XOM,XRAY,XRX,XYL,YUM,ZBH,ZION,ZTS"
2015-01-27,"A,AABA,AAPL,ABBV,ABC,ABT,ACN,ADBE,ADI,ADM,ADP,ADS,ADSK,ADT,AEE,AEP,AES,AET,AFL,AGN,AIG,AIV,AIZ,AKAM,ALL,ALLE,ALTR,ALXN,AMAT,AME,AMG,AMGN,AMP,AMT,AMZN,AN,ANDV,ANTM,AON,APA,APC,APD,APH,APTV,ARG,ARNC,ATI,AVB,AVGO,AVP,AVY,AXP,AZO,BA,BAC,BAX,BBBY,BBT,BBY,BCR,BDX,BEN,BF.B,BHGE,BIIB,BK,BKNG,BLK,BLL,BMY,BRCM,BRK.B,BSX,BWA,BXP,C,CA,CAG,CAH,CAM,CAT,CB,CBRE,CBS,CCE,CCI,CCL,CELG,CERN,CF,CFN,CHK,CHRW,CI,CINF,CL,CLX,CMA,CMCSA,CME,CMG,CMI,CMS,CNP,CNX,COF,COG,COL,COP,COST,CPB,CRM,CSCO,CSX,CTAS,CTL,CTSH,CTXS,CVC,CVS,CVX,D,DAL,DD,DE,DFS,DG,DGX,DHI,DHR,DIS,DISCA,DISCK,DLTR,DNB,DNR,DO,DOV,DOW,DRI,DTE,DTV,DUK,DVA,DVN,DXC,EA,EBAY,ECL,ED,EFX,EIX,EL,EMC,EMN,EMR,ENDP,EOG,EQR,EQT,ES,ESRX,ESS,ESV,ETFC,ETN,ETR,EW,EXC,EXPD,EXPE,F,FAST,FB,FCX,FDO,FDX,FE,FFIV,FIS,FISV,FITB,FLIR,FLR,FLS,FMC,FOSL,FOXA,FSLR,FTI,FTR,GAS,GD,GE,GGP,GILD,GIS,GLW,GM,GMCR,GME,GNW,GOOG,GOOGL,GPC,GPS,GRMN,GS,GT,GWW,HAL,HAR,HAS,HBAN,HCA,HCBK,HCP,HD,HES,HIG,HOG,HON,HOT,HP,HPQ,HRB,HRL,HRS,HSP,HST,HSY,HUM,IBM,ICE,IFF,INTC,INTU,IP,IPG,IR,IRM,ISRG,ITW,IVZ,JCI,JEC,JEF,JNJ,JNPR,JOY,JPM,JWN,K,KDP,KEY,KIM,KLAC,KMB,KMI,KMX,KO,KORS,KR,KRFT,KSS,KSU,L,LB,LEG,LEN,LH,LLL,LLTC,LLY,LM,LMT,LNC,LO,LOW,LRCX,LUV,LVLT,LYB,M,MA,MAC,MAR,MAS,MAT,MCD,MCHP,MCK,MCO,MDLZ,MDT,MET,MHK,MJN,MKC,MLM,MMC,MMM,MNK,MNST,MO,MON,MOS,MPC,MRK,MRO,MS,MSFT,MSI,MTB,MU,MUR,MWV,MYL,NAVI,NBL,NBR,NDAQ,NE,NEE,NEM,NFLX,NFX,NI,NKE,NLSN,NOC,NOV,NRG,NSC,NTAP,NTRS,NUE,NVDA,NWL,NWSA,OI,OKE,OMC,ORCL,ORLY,OXY,PAYX,PBCT,PBI,PCAR,PCG,PCL,PCP,PDCO,PEG,PEP,PETM,PFE,PFG,PG,PGR,PH,PHM,PKI,PLD,PLL,PM,PNC,PNR,PNW,POM,PPG,PPL,PRGO,PRU,PSA,PSX,PVH,PWR,PX,PXD,QCOM,QEP,R,RAI,RCL,REGN,RF,RHI,RHT,RIG,RL,ROK,ROP,ROST,RRC,RSG,RTN,SBUX,SCG,SCHW,SE,SEE,SHW,SIAL,SJM,SLB,SNA,SNDK,SNI,SO,SPG,SPGI,SPLS,SRCL,SRE,STI,STJ,STT,STX,STZ,SWK,SWN,SYK,SYMC,SYY,T,TAP,TDC,TE,TEG,TEL,TGNA,TGT,THC,TIF,TJX,TMK,TMO,TPR,TRIP,TROW,TRV,TSCO,TSN,TSS,TWC,TWX,TXN,TXT,UAA,UHS,UNH,UNM,UNP,UPS,URBN,URI,USB,UTX,V,VAR,VFC,VIAB,VLO,VMC,VNO,VRSN,VRTX,VTR,VZ,WAT,WBA,WDC,WEC,WELL,WFC,WFM,WHR,WIN,WM,WMB,WMT,WU,WY,WYND,WYNN,XEC,XEL,XL,XLNX,XOM,XRAY,XRX,XYL,YUM,ZBH,ZION,ZTS"
2015-03-12,"A,AABA,AAPL,ABBV,ABC,ABT,ACN,ADBE,ADI,ADM,ADP,ADS,ADSK,ADT,AEE,AEP,AES,AET,AFL,AGN,AIG,AIV,AIZ,AKAM,ALL,ALLE,ALTR,ALXN,AMAT,AME,AMG,AMGN,AMP,AMT,AMZN,AN,ANDV,ANTM,AON,APA,APC,APD,APH,APTV,ARG,ARNC,ATI,AVB,AVGO,AVP,AVY,AXP,AZO,BA,BAC,BAX,BBBY,BBT,BBY,BCR,BDX,BEN,BF.B,BHGE,BIIB,BK,BKNG,BLK,BLL,BMY,BRCM,BRK.B,BSX,BWA,BXP,C,CA,CAG,CAH,CAM,CAT,CB,CBRE,CBS,CCE,CCI,CCL,CELG,CERN,CF,CFN,CHK,CHRW,CI,CINF,CL,CLX,CMA,CMCSA,CME,CMG,CMI,CMS,CNP,CNX,COF,COG,COL,COP,COST,CPB,CRM,CSCO,CSX,CTAS,CTL,CTSH,CTXS,CVC,CVS,CVX,D,DAL,DD,DE,DFS,DG,DGX,DHI,DHR,DIS,DISCA,DISCK,DLTR,DNB,DNR,DO,DOV,DOW,DRI,DTE,DTV,DUK,DVA,DVN,DXC,EA,EBAY,ECL,ED,EFX,EIX,EL,EMC,EMN,EMR,ENDP,EOG,EQR,EQT,ES,ESRX,ESS,ESV,ETFC,ETN,ETR,EW,EXC,EXPD,EXPE,F,FAST,FB,FCX,FDO,FDX,FE,FFIV,FIS,FISV,FITB,FLIR,FLR,FLS,FMC,FOSL,FOXA,FSLR,FTI,FTR,GAS,GD,GE,GGP,GILD,GIS,GLW,GM,GMCR,GME,GNW,GOOG,GOOGL,GPC,GPS,GRMN,GS,GT,GWW,HAL,HAR,HAS,HBAN,HCA,HCBK,HCP,HD,HES,HIG,HOG,HON,HOT,HP,HPQ,HRB,HRL,HRS,HSP,HST,HSY,HUM,IBM,ICE,IFF,INTC,INTU,IP,IPG,IR,IRM,ISRG,ITW,IVZ,JCI,JEC,JEF,JNJ,JNPR,JOY,JPM,JWN,K,KDP,KEY,KIM,KLAC,KMB,KMI,KMX,KO,KORS,KR,KRFT,KSS,KSU,L,LB,LEG,LEN,LH,LLL,LLTC,LLY,LM,LMT,LNC,LO,LOW,LRCX,LUV,LVLT,LYB,M,MA,MAC,MAR,MAS,MAT,MCD,MCHP,MCK,MCO,MDLZ,MDT,MET,MHK,MJN,MKC,MLM,MMC,MMM,MNK,MNST,MO,MON,MOS,MPC,MRK,MRO,MS,MSFT,MSI,MTB,MU,MUR,MWV,MYL,NAVI,NBL,NBR,NDAQ,NE,NEE,NEM,NFLX,NFX,NI,NKE,NLSN,NOC,NOV,NRG,NSC,NTAP,NTRS,NUE,NVDA,NWL,NWSA,OI,OKE,OMC,ORCL,ORLY,OXY,PAYX,PBCT,PBI,PCAR,PCG,PCL,PCP,PDCO,PEG,PEP,PFE,PFG,PG,PGR,PH,PHM,PKI,PLD,PLL,PM,PNC,PNR,PNW,POM,PPG,PPL,PRGO,PRU,PSA,PSX,PVH,PWR,PX,PXD,QCOM,QEP,R,RAI,RCL,REGN,RF,RHI,RHT,RIG,RL,ROK,ROP,ROST,RRC,RSG,RTN,SBUX,SCG,SCHW,SE,SEE,SHW,SIAL,SJM,SLB,SNA,SNDK,SNI,SO,SPG,SPGI,SPLS,SRCL,SRE,STI,STJ,STT,STX,STZ,SWK,SWKS,SWN,SYK,SYMC,SYY,T,TAP,TDC,TE,TEG,TEL,TGNA,TGT,THC,TIF,TJX,TMK,TMO,TPR,TRIP,TROW,TRV,TSCO,TSN,TSS,TWC,TWX,TXN,TXT,UAA,UHS,UNH,UNM,UNP,UPS,URBN,URI,USB,UTX,V,VAR,VFC,VIAB,VLO,VMC,VNO,VRSN,VRTX,VTR,VZ,WAT,WBA,WDC,WEC,WELL,WFC,WFM,WHR,WIN,WM,WMB,WMT,WU,WY,WYND,WYNN,XEC,XEL,XL,XLNX,XOM,XRAY,XRX,XYL,YUM,ZBH,ZION,ZTS"
2015-03-17,"A,AABA,AAPL,ABBV,ABC,ABT,ACN,ADBE,ADI,ADM,ADP,ADS,ADSK,ADT,AEE,AEP,AES,AET,AFL,AGN,AIG,AIV,AIZ,AKAM,ALL,ALLE,ALTR,ALXN,AMAT,AME,AMG,AMGN,AMP,AMT,AMZN,AN,ANDV,ANTM,AON,APA,APC,APD,APH,APTV,ARG,ARNC,ATI,AVB,AVGO,AVP,AVY,AXP,AZO,BA,BAC,BAX,BBBY,BBT,BBY,BCR,BDX,BEN,BF.B,BHGE,BIIB,BK,BKNG,BLK,BLL,BMY,BRCM,BRK.B,BSX,BWA,BXP,C,CA,CAG,CAH,CAM,CAT,CB,CBRE,CBS,CCE,CCI,CCL,CELG,CERN,CF,CHK,CHRW,CI,CINF,CL,CLX,CMA,CMCSA,CME,CMG,CMI,CMS,CNP,CNX,COF,COG,COL,COP,COST,CPB,CRM,CSCO,CSX,CTAS,CTL,CTSH,CTXS,CVC,CVS,CVX,D,DAL,DD,DE,DFS,DG,DGX,DHI,DHR,DIS,DISCA,DISCK,DLTR,DNB,DNR,DO,DOV,DOW,DRI,DTE,DTV,DUK,DVA,DVN,DXC,EA,EBAY,ECL,ED,EFX,EIX,EL,EMC,EMN,EMR,ENDP,EOG,EQR,EQT,ES,ESRX,ESS,ESV,ETFC,ETN,ETR,EW,EXC,EXPD,EXPE,F,FAST,FB,FCX,FDO,FDX,FE,FFIV,FIS,FISV,FITB,FLIR,FLR,FLS,FMC,FOSL,FOXA,FSLR,FTI,FTR,GAS,GD,GE,GGP,GILD,GIS,GLW,GM,GMCR,GME,GNW,GOOG,GOOGL,GPC,GPS,GRMN,GS,GT,GWW,HAL,HAR,HAS,HBAN,HCA,HCBK,HCP,HD,HES,HIG,HOG,HON,HOT,HP,HPQ,HRB,HRL,HRS,HSP,HST,HSY,HUM,IBM,ICE,IFF,INTC,INTU,IP,IPG,IR,IRM,ISRG,ITW,IVZ,JCI,JEC,JEF,JNJ,JNPR,JOY,JPM,JWN,K,KDP,KEY,KIM,KLAC,KMB,KMI,KMX,KO,KORS,KR,KRFT,KSS,KSU,L,LB,LEG,LEN,LH,LLL,LLTC,LLY,LM,LMT,LNC,LO,LOW,LRCX,LUV,LVLT,LYB,M,MA,MAC,MAR,MAS,MAT,MCD,MCHP,MCK,MCO,MDLZ,MDT,MET,MHK,MJN,MKC,MLM,MMC,MMM,MNK,MNST,MO,MON,MOS,MPC,MRK,MRO,MS,MSFT,MSI,MTB,MU,MUR,MWV,MYL,NAVI,NBL,NBR,NDAQ,NE,NEE,NEM,NFLX,NFX,NI,NKE,NLSN,NOC,NOV,NRG,NSC,NTAP,NTRS,NUE,NVDA,NWL,NWSA,OI,OKE,OMC,ORCL,ORLY,OXY,PAYX,PBCT,PBI,PCAR,PCG,PCL,PCP,PDCO,PEG,PEP,PFE,PFG,PG,PGR,PH,PHM,PKI,PLD,PLL,PM,PNC,PNR,PNW,POM,PPG,PPL,PRGO,PRU,PSA,PSX,PVH,PWR,PX,PXD,QCOM,QEP,R,RAI,RCL,REGN,RF,RHI,RHT,RIG,RL,ROK,ROP,ROST,RRC,RSG,RTN,SBUX,SCG,SCHW,SE,SEE,SHW,SIAL,SJM,SLB,SNA,SNDK,SNI,SO,SPG,SPGI,SPLS,SRCL,SRE,STI,STJ,STT,STX,STZ,SWK,SWKS,SWN,SYK,SYMC,SYY,T,TAP,TDC,TE,TEG,TEL,TGNA,TGT,THC,TIF,TJX,TMK,TMO,TPR,TRIP,TROW,TRV,TSCO,TSN,TSS,TWC,TWX,TXN,TXT,UAA,UHS,UNH,UNM,UNP,UPS,URBN,URI,USB,UTX,V,VAR,VFC,VIAB,VLO,VMC,VNO,VRSN,VRTX,VTR,VZ,WAT,WBA,WDC,WEC,WELL,WFC,WFM,WHR,WIN,WM,WMB,WMT,WU,WY,WYND,WYNN,XEC,XEL,XL,XLNX,XOM,XRAY,XRX,XYL,YUM,ZBH,ZION,ZTS"
2015-03-18,"A,AABA,AAPL,ABBV,ABC,ABT,ACN,ADBE,ADI,ADM,ADP,ADS,ADSK,ADT,AEE,AEP,AES,AET,AFL,AGN,AIG,AIV,AIZ,AKAM,ALL,ALLE,ALTR,ALXN,AMAT,AME,AMG,AMGN,AMP,AMT,AMZN,AN,ANDV,ANTM,AON,APA,APC,APD,APH,APTV,ARG,ARNC,ATI,AVB,AVGO,AVP,AVY,AXP,AZO,BA,BAC,BAX,BBBY,BBT,BBY,BCR,BDX,BEN,BF.B,BHGE,BIIB,BK,BKNG,BLK,BLL,BMY,BRCM,BRK.B,BSX,BWA,BXP,C,CA,CAG,CAH,CAM,CAT,CB,CBRE,CBS,CCE,CCI,CCL,CELG,CERN,CF,CHK,CHRW,CI,CINF,CL,CLX,CMA,CMCSA,CME,CMG,CMI,CMS,CNP,CNX,COF,COG,COL,COP,COST,CPB,CRM,CSCO,CSX,CTAS,CTL,CTSH,CTXS,CVC,CVS,CVX,D,DAL,DD,DE,DFS,DG,DGX,DHI,DHR,DIS,DISCA,DISCK,DLTR,DNB,DNR,DO,DOV,DOW,DRI,DTE,DTV,DUK,DVA,DVN,DXC,EA,EBAY,ECL,ED,EFX,EIX,EL,EMC,EMN,EMR,ENDP,EOG,EQR,EQT,ES,ESRX,ESS,ESV,ETFC,ETN,ETR,EW,EXC,EXPD,EXPE,F,FAST,FB,FCX,FDO,FDX,FE,FFIV,FIS,FISV,FITB,FLIR,FLR,FLS,FMC,FOSL,FOXA,FSLR,FTI,FTR,GAS,GD,GE,GGP,GILD,GIS,GLW,GM,GMCR,GME,GNW,GOOG,GOOGL,GPC,GPS,GRMN,GS,GT,GWW,HAL,HAR,HAS,HBAN,HCA,HCBK,HCP,HD,HES,HIG,HOG,HON,HOT,HP,HPQ,HRB,HRL,HRS,HSIC,HSP,HST,HSY,HUM,IBM,ICE,IFF,INTC,INTU,IP,IPG,IR,IRM,ISRG,ITW,IVZ,JCI,JEC,JEF,JNJ,JNPR,JOY,JPM,JWN,K,KDP,KEY,KIM,KLAC,KMB,KMI,KMX,KO,KORS,KR,KRFT,KSS,KSU,L,LB,LEG,LEN,LH,LLL,LLTC,LLY,LM,LMT,LNC,LO,LOW,LRCX,LUV,LVLT,LYB,M,MA,MAC,MAR,MAS,MAT,MCD,MCHP,MCK,MCO,MDLZ,MDT,MET,MHK,MJN,MKC,MLM,MMC,MMM,MNK,MNST,MO,MON,MOS,MPC,MRK,MRO,MS,MSFT,MSI,MTB,MU,MUR,MWV,MYL,NAVI,NBL,NBR,NDAQ,NE,NEE,NEM,NFLX,NFX,NI,NKE,NLSN,NOC,NOV,NRG,NSC,NTAP,NTRS,NUE,NVDA,NWL,NWSA,OI,OKE,OMC,ORCL,ORLY,OXY,PAYX,PBCT,PBI,PCAR,PCG,PCL,PCP,PDCO,PEG,PEP,PFE,PFG,PG,PGR,PH,PHM,PKI,PLD,PLL,PM,PNC,PNR,PNW,POM,PPG,PPL,PRGO,PRU,PSA,PSX,PVH,PWR,PX,PXD,QCOM,QEP,R,RAI,RCL,REGN,RF,RHI,RHT,RIG,RL,ROK,ROP,ROST,RRC,RSG,RTN,SBUX,SCG,SCHW,SE,SEE,SHW,SIAL,SJM,SLB,SNA,SNDK,SNI,SO,SPG,SPGI,SPLS,SRCL,SRE,STI,STJ,STT,STX,STZ,SWK,SWKS,SWN,SYK,SYMC,SYY,T,TAP,TDC,TE,TEG,TEL,TGNA,TGT,THC,TIF,TJX,TMK,TMO,TPR,TRIP,TROW,TRV,TSCO,TSN,TSS,TWC,TWX,TXN,TXT,UAA,UHS,UNH,UNM,UNP,UPS,URBN,URI,USB,UTX,V,VAR,VFC,VIAB,VLO,VMC,VNO,VRSN,VRTX,VTR,VZ,WAT,WBA,WDC,WEC,WELL,WFC,WFM,WHR,WIN,WM,WMB,WMT,WU,WY,WYND,WYNN,XEC,XEL,XL,XLNX,XOM,XRAY,XRX,XYL,YUM,ZBH,ZION,ZTS"
2015-03-23,"A,AABA,AAL,AAPL,ABBV,ABC,ABT,ACN,ADBE,ADI,ADM,ADP,ADS,ADSK,ADT,AEE,AEP,AES,AET,AFL,AGN,AIG,AIV,AIZ,AKAM,ALL,ALLE,ALTR,ALXN,AMAT,AME,AMG,AMGN,AMP,AMT,AMZN,AN,ANDV,ANTM,AON,APA,APC,APD,APH,APTV,ARG,ARNC,ATI,AVB,AVGO,AVY,AXP,AZO,BA,BAC,BAX,BBBY,BBT,BBY,BCR,BDX,BEN,BF.B,BHGE,BIIB,BK,BKNG,BLK,BLL,BMY,BRCM,BRK.B,BSX,BWA,BXP,C,CA,CAG,CAH,CAM,CAT,CB,CBRE,CBS,CCE,CCI,CCL,CELG,CERN,CF,CHK,CHRW,CI,CINF,CL,CLX,CMA,CMCSA,CME,CMG,CMI,CMS,CNP,CNX,COF,COG,COL,COP,COST,CPB,CRM,CSCO,CSX,CTAS,CTL,CTSH,CTXS,CVC,CVS,CVX,D,DAL,DD,DE,DFS,DG,DGX,DHI,DHR,DIS,DISCA,DISCK,DLTR,DNB,DO,DOV,DOW,DRI,DTE,DTV,DUK,DVA,DVN,DXC,EA,EBAY,ECL,ED,EFX,EIX,EL,EMC,EMN,EMR,ENDP,EOG,EQIX,EQR,EQT,ES,ESRX,ESS,ESV,ETFC,ETN,ETR,EW,EXC,EXPD,EXPE,F,FAST,FB,FCX,FDO,FDX,FE,FFIV,FIS,FISV,FITB,FLIR,FLR,FLS,FMC,FOSL,FOXA,FSLR,FTI,FTR,GAS,GD,GE,GGP,GILD,GIS,GLW,GM,GMCR,GME,GNW,GOOG,GOOGL,GPC,GPS,GRMN,GS,GT,GWW,HAL,HAR,HAS,HBAN,HBI,HCA,HCBK,HCP,HD,HES,HIG,HOG,HON,HOT,HP,HPQ,HRB,HRL,HRS,HSIC,HSP,HST,HSY,HUM,IBM,ICE,IFF,INTC,INTU,IP,IPG,IR,IRM,ISRG,ITW,IVZ,JCI,JEC,JEF,JNJ,JNPR,JOY,JPM,JWN,K,KDP,KEY,KIM,KLAC,KMB,KMI,KMX,KO,KORS,KR,KRFT,KSS,KSU,L,LB,LEG,LEN,LH,LLL,LLTC,LLY,LM,LMT,LNC,LO,LOW,LRCX,LUV,LVLT,LYB,M,MA,MAC,MAR,MAS,MAT,MCD,MCHP,MCK,MCO,MDLZ,MDT,MET,MHK,MJN,MKC,MLM,MMC,MMM,MNK,MNST,MO,MON,MOS,MPC,MRK,MRO,MS,MSFT,MSI,MTB,MU,MUR,MWV,MYL,NAVI,NBL,NDAQ,NE,NEE,NEM,NFLX,NFX,NI,NKE,NLSN,NOC,NOV,NRG,NSC,NTAP,NTRS,NUE,NVDA,NWL,NWSA,OI,OKE,OMC,ORCL,ORLY,OXY,PAYX,PBCT,PBI,PCAR,PCG,PCL,PCP,PDCO,PEG,PEP,PFE,PFG,PG,PGR,PH,PHM,PKI,PLD,PLL,PM,PNC,PNR,PNW,POM,PPG,PPL,PRGO,PRU,PSA,PSX,PVH,PWR,PX,PXD,QCOM,QEP,R,RAI,RCL,REGN,RF,RHI,RHT,RIG,RL,ROK,ROP,ROST,RRC,RSG,RTN,SBUX,SCG,SCHW,SE,SEE,SHW,SIAL,SJM,SLB,SLG,SNA,SNDK,SNI,SO,SPG,SPGI,SPLS,SRCL,SRE,STI,STJ,STT,STX,STZ,SWK,SWKS,SWN,SYK,SYMC,SYY,T,TAP,TDC,TE,TEG,TEL,TGNA,TGT,THC,TIF,TJX,TMK,TMO,TPR,TRIP,TROW,TRV,TSCO,TSN,TSS,TWC,TWX,TXN,TXT,UAA,UHS,UNH,UNM,UNP,UPS,URBN,URI,USB,UTX,V,VAR,VFC,VIAB,VLO,VMC,VNO,VRSN,VRTX,VTR,VZ,WAT,WBA,WDC,WEC,WELL,WFC,WFM,WHR,WIN,WM,WMB,WMT,WU,WY,WYND,WYNN,XEC,XEL,XL,XLNX,XOM,XRAY,XRX,XYL,YUM,ZBH,ZION,ZTS"
2015-04-07,"A,AABA,AAL,AAPL,ABBV,ABC,ABT,ACN,ADBE,ADI,ADM,ADP,ADS,ADSK,ADT,AEE,AEP,AES,AET,AFL,AGN,AIG,AIV,AIZ,AKAM,ALL,ALLE,ALTR,ALXN,AMAT,AME,AMG,AMGN,AMP,AMT,AMZN,AN,ANDV,ANTM,AON,APA,APC,APD,APH,APTV,ARG,ARNC,ATI,AVB,AVGO,AVY,AXP,AZO,BA,BAC,BAX,BBBY,BBT,BBY,BCR,BDX,BEN,BF.B,BHGE,BIIB,BK,BKNG,BLK,BLL,BMY,BRCM,BRK.B,BSX,BWA,BXP,C,CA,CAG,CAH,CAM,CAT,CB,CBRE,CBS,CCE,CCI,CCL,CELG,CERN,CF,CHK,CHRW,CI,CINF,CL,CLX,CMA,CMCSA,CME,CMG,CMI,CMS,CNP,CNX,COF,COG,COL,COP,COST,CPB,CRM,CSCO,CSX,CTAS,CTL,CTSH,CTXS,CVC,CVS,CVX,D,DAL,DD,DE,DFS,DG,DGX,DHI,DHR,DIS,DISCA,DISCK,DLTR,DNB,DO,DOV,DOW,DRI,DTE,DTV,DUK,DVA,DVN,DXC,EA,EBAY,ECL,ED,EFX,EIX,EL,EMC,EMN,EMR,ENDP,EOG,EQIX,EQR,EQT,ES,ESRX,ESS,ESV,ETFC,ETN,ETR,EW,EXC,EXPD,EXPE,F,FAST,FB,FCX,FDO,FDX,FE,FFIV,FIS,FISV,FITB,FLIR,FLR,FLS,FMC,FOSL,FOXA,FSLR,FTI,FTR,GAS,GD,GE,GGP,GILD,GIS,GLW,GM,GMCR,GME,GNW,GOOG,GOOGL,GPC,GPS,GRMN,GS,GT,GWW,HAL,HAR,HAS,HBAN,HBI,HCA,HCBK,HCP,HD,HES,HIG,HOG,HON,HOT,HP,HPQ,HRB,HRL,HRS,HSIC,HSP,HST,HSY,HUM,IBM,ICE,IFF,INTC,INTU,IP,IPG,IR,IRM,ISRG,ITW,IVZ,JCI,JEC,JEF,JNJ,JNPR,JOY,JPM,JWN,K,KDP,KEY,KIM,KLAC,KMB,KMI,KMX,KO,KORS,KR,KRFT,KSS,KSU,L,LB,LEG,LEN,LH,LLL,LLTC,LLY,LM,LMT,LNC,LO,LOW,LRCX,LUV,LVLT,LYB,M,MA,MAC,MAR,MAS,MAT,MCD,MCHP,MCK,MCO,MDLZ,MDT,MET,MHK,MJN,MKC,MLM,MMC,MMM,MNK,MNST,MO,MON,MOS,MPC,MRK,MRO,MS,MSFT,MSI,MTB,MU,MUR,MWV,MYL,NAVI,NBL,NDAQ,NE,NEE,NEM,NFLX,NFX,NI,NKE,NLSN,NOC,NOV,NRG,NSC,NTAP,NTRS,NUE,NVDA,NWL,NWSA,O,OI,OKE,OMC,ORCL,ORLY,OXY,PAYX,PBCT,PBI,PCAR,PCG,PCL,PCP,PDCO,PEG,PEP,PFE,PFG,PG,PGR,PH,PHM,PKI,PLD,PLL,PM,PNC,PNR,PNW,POM,PPG,PPL,PRGO,PRU,PSA,PSX,PVH,PWR,PX,PXD,QCOM,QEP,R,RAI,RCL,REGN,RF,RHI,RHT,RIG,RL,ROK,ROP,ROST,RRC,RSG,RTN,SBUX,SCG,SCHW,SE,SEE,SHW,SIAL,SJM,SLB,SLG,SNA,SNDK,SNI,SO,SPG,SPGI,SPLS,SRCL,SRE,STI,STJ,STT,STX,STZ,SWK,SWKS,SWN,SYK,SYMC,SYY,T,TAP,TDC,TE,TEG,TEL,TGNA,TGT,THC,TIF,TJX,TMK,TMO,TPR,TRIP,TROW,TRV,TSCO,TSN,TSS,TWC,TWX,TXN,TXT,UAA,UHS,UNH,UNM,UNP,UPS,URBN,URI,USB,UTX,V,VAR,VFC,VIAB,VLO,VMC,VNO,VRSN,VRTX,VTR,VZ,WAT,WBA,WDC,WEC,WELL,WFC,WFM,WHR,WM,WMB,WMT,WU,WY,WYND,WYNN,XEC,XEL,XL,XLNX,XOM,XRAY,XRX,XYL,YUM,ZBH,ZION,ZTS"
2015-06-12,"A,AABA,AAL,AAPL,ABBV,ABC,ABT,ACN,ADBE,ADI,ADM,ADP,ADS,ADSK,ADT,AEE,AEP,AES,AET,AFL,AGN,AIG,AIV,AIZ,AKAM,ALL,ALLE,ALTR,ALXN,AMAT,AME,AMG,AMGN,AMP,AMT,AMZN,AN,ANDV,ANTM,AON,APA,APC,APD,APH,APTV,ARG,ARNC,ATI,AVB,AVGO,AVY,AXP,AZO,BA,BAC,BAX,BBBY,BBT,BBY,BCR,BDX,BEN,BF.B,BHGE,BIIB,BK,BKNG,BLK,BLL,BMY,BRCM,BRK.B,BSX,BWA,BXP,C,CA,CAG,CAH,CAM,CAT,CB,CBRE,CBS,CCE,CCI,CCL,CELG,CERN,CF,CHK,CHRW,CI,CINF,CL,CLX,CMA,CMCSA,CME,CMG,CMI,CMS,CNP,CNX,COF,COG,COL,COP,COST,CPB,CRM,CSCO,CSX,CTAS,CTL,CTSH,CTXS,CVC,CVS,CVX,D,DAL,DD,DE,DFS,DG,DGX,DHI,DHR,DIS,DISCA,DISCK,DLTR,DNB,DO,DOV,DOW,DRI,DTE,DTV,DUK,DVA,DVN,DXC,EA,EBAY,ECL,ED,EFX,EIX,EL,EMC,EMN,EMR,ENDP,EOG,EQIX,EQR,EQT,ES,ESRX,ESS,ESV,ETFC,ETN,ETR,EW,EXC,EXPD,EXPE,F,FAST,FB,FCX,FDO,FDX,FE,FFIV,FIS,FISV,FITB,FLIR,FLR,FLS,FMC,FOSL,FOXA,FSLR,FTI,FTR,GAS,GD,GE,GGP,GILD,GIS,GLW,GM,GMCR,GME,GNW,GOOG,GOOGL,GPC,GPS,GRMN,GS,GT,GWW,HAL,HAR,HAS,HBAN,HBI,HCA,HCBK,HCP,HD,HES,HIG,HOG,HON,HOT,HP,HPQ,HRB,HRL,HRS,HSIC,HSP,HST,HSY,HUM,IBM,ICE,IFF,INTC,INTU,IP,IPG,IR,IRM,ISRG,ITW,IVZ,JCI,JEC,JEF,JNJ,JNPR,JOY,JPM,JWN,K,KDP,KEY,KIM,KLAC,KMB,KMI,KMX,KO,KORS,KR,KRFT,KSS,KSU,L,LB,LEG,LEN,LH,LLL,LLTC,LLY,LM,LMT,LNC,LOW,LRCX,LUV,LVLT,LYB,M,MA,MAC,MAR,MAS,MAT,MCD,MCHP,MCK,MCO,MDLZ,MDT,MET,MHK,MJN,MKC,MLM,MMC,MMM,MNK,MNST,MO,MON,MOS,MPC,MRK,MRO,MS,MSFT,MSI,MTB,MU,MUR,MWV,MYL,NAVI,NBL,NDAQ,NE,NEE,NEM,NFLX,NFX,NI,NKE,NLSN,NOC,NOV,NRG,NSC,NTAP,NTRS,NUE,NVDA,NWL,NWSA,O,OI,OKE,OMC,ORCL,ORLY,OXY,PAYX,PBCT,PBI,PCAR,PCG,PCL,PCP,PDCO,PEG,PEP,PFE,PFG,PG,PGR,PH,PHM,PKI,PLD,PLL,PM,PNC,PNR,PNW,POM,PPG,PPL,PRGO,PRU,PSA,PSX,PVH,PWR,PX,PXD,QCOM,QEP,QRVO,R,RAI,RCL,REGN,RF,RHI,RHT,RIG,RL,ROK,ROP,ROST,RRC,RSG,RTN,SBUX,SCG,SCHW,SE,SEE,SHW,SIAL,SJM,SLB,SLG,SNA,SNDK,SNI,SO,SPG,SPGI,SPLS,SRCL,SRE,STI,STJ,STT,STX,STZ,SWK,SWKS,SWN,SYK,SYMC,SYY,T,TAP,TDC,TE,TEG,TEL,TGNA,TGT,THC,TIF,TJX,TMK,TMO,TPR,TRIP,TROW,TRV,TSCO,TSN,TSS,TWC,TWX,TXN,TXT,UAA,UHS,UNH,UNM,UNP,UPS,URBN,URI,USB,UTX,V,VAR,VFC,VIAB,VLO,VMC,VNO,VRSN,VRTX,VTR,VZ,WAT,WBA,WDC,WEC,WELL,WFC,WFM,WHR,WM,WMB,WMT,WU,WY,WYND,WYNN,XEC,XEL,XL,XLNX,XOM,XRAY,XRX,XYL,YUM,ZBH,ZION,ZTS"
2015-06-30,"A,AABA,AAL,AAPL,ABBV,ABC,ABT,ACN,ADBE,ADI,ADM,ADP,ADS,ADSK,ADT,AEE,AEP,AES,AET,AFL,AGN,AIG,AIV,AIZ,AKAM,ALL,ALLE,ALTR,ALXN,AMAT,AME,AMG,AMGN,AMP,AMT,AMZN,AN,ANDV,ANTM,AON,APA,APC,APD,APH,APTV,ARG,ARNC,ATI,AVB,AVGO,AVY,AXP,AZO,BA,BAC,BAX,BBBY,BBT,BBY,BCR,BDX,BEN,BF.B,BHGE,BIIB,BK,BKNG,BLK,BLL,BMY,BRCM,BRK.B,BSX,BWA,BXP,C,CA,CAG,CAH,CAM,CAT,CB,CBRE,CBS,CCE,CCI,CCL,CELG,CERN,CF,CHK,CHRW,CI,CINF,CL,CLX,CMA,CMCSA,CME,CMG,CMI,CMS,CNP,CNX,COF,COG,COL,COP,COST,CPB,CRM,CSCO,CSX,CTAS,CTL,CTSH,CTXS,CVC,CVS,CVX,D,DAL,DD,DE,DFS,DG,DGX,DHI,DHR,DIS,DISCA,DISCK,DLTR,DNB,DO,DOV,DOW,DRI,DTE,DTV,DUK,DVA,DVN,DXC,EA,EBAY,ECL,ED,EFX,EIX,EL,EMC,EMN,EMR,ENDP,EOG,EQIX,EQR,EQT,ES,ESRX,ESS,ESV,ETFC,ETN,ETR,EW,EXC,EXPD,EXPE,F,FAST,FB,FCX,FDO,FDX,FE,FFIV,FIS,FISV,FITB,FLIR,FLR,FLS,FMC,FOSL,FOXA,FSLR,FTI,FTR,GAS,GD,GE,GGP,GILD,GIS,GLW,GM,GMCR,GME,GNW,GOOG,GOOGL,GPC,GPS,GRMN,GS,GT,GWW,HAL,HAR,HAS,HBAN,HBI,HCA,HCBK,HCP,HD,HES,HIG,HOG,HON,HOT,HP,HPQ,HRB,HRL,HRS,HSIC,HSP,HST,HSY,HUM,IBM,ICE,IFF,INTC,INTU,IP,IPG,IR,IRM,ISRG,ITW,IVZ,JCI,JEC,JEF,JNJ,JNPR,JOY,JPM,JWN,K,KDP,KEY,KIM,KLAC,KMB,KMI,KMX,KO,KORS,KR,KRFT,KSS,KSU,L,LB,LEG,LEN,LH,LLL,LLTC,LLY,LM,LMT,LNC,LOW,LRCX,LUV,LVLT,LYB,M,MA,MAC,MAR,MAS,MAT,MCD,MCHP,MCK,MCO,MDLZ,MDT,MET,MHK,MJN,MKC,MLM,MMC,MMM,MNK,MNST,MO,MON,MOS,MPC,MRK,MRO,MS,MSFT,MSI,MTB,MU,MUR,MWV,MYL,NAVI,NBL,NDAQ,NE,NEE,NEM,NFLX,NFX,NI,NKE,NLSN,NOC,NOV,NRG,NSC,NTAP,NTRS,NUE,NVDA,NWL,NWSA,O,OI,OKE,OMC,ORCL,ORLY,OXY,PAYX,PBCT,PBI,PCAR,PCG,PCL,PCP,PDCO,PEG,PEP,PFE,PFG,PG,PGR,PH,PHM,PKI,PLD,PLL,PM,PNC,PNR,PNW,POM,PPG,PPL,PRGO,PRU,PSA,PSX,PVH,PWR,PX,PXD,QCOM,QEP,QRVO,R,RAI,RCL,REGN,RF,RHI,RHT,RIG,RL,ROK,ROP,ROST,RRC,RSG,RTN,SBUX,SCG,SCHW,SE,SEE,SHW,SIAL,SJM,SLB,SLG,SNA,SNDK,SNI,SO,SPG,SPGI,SPLS,SRCL,SRE,STI,STJ,STT,STX,STZ,SWK,SWKS,SWN,SYK,SYMC,SYY,T,TAP,TDC,TE,TEL,TGNA,TGT,THC,TIF,TJX,TMK,TMO,TPR,TRIP,TROW,TRV,TSCO,TSN,TSS,TWC,TWX,TXN,TXT,UAA,UHS,UNH,UNM,UNP,UPS,URBN,URI,USB,UTX,V,VAR,VFC,VIAB,VLO,VMC,VNO,VRSN,VRTX,VTR,VZ,WAT,WBA,WDC,WEC,WELL,WFC,WFM,WHR,WM,WMB,WMT,WU,WY,WYND,WYNN,XEC,XEL,XL,XLNX,XOM,XRAY,XRX,XYL,YUM,ZBH,ZION,ZTS"
2015-07-01,"A,AABA,AAL,AAPL,ABBV,ABC,ABT,ACN,ADBE,ADI,ADM,ADP,ADS,ADSK,ADT,AEE,AEP,AES,AET,AFL,AGN,AIG,AIV,AIZ,AKAM,ALL,ALLE,ALTR,ALXN,AMAT,AME,AMG,AMGN,AMP,AMT,AMZN,AN,ANDV,ANTM,AON,APA,APC,APD,APH,APTV,ARG,ARNC,ATI,AVB,AVGO,AVY,AXP,AZO,BA,BAC,BAX,BBBY,BBT,BBY,BCR,BDX,BEN,BF.B,BHGE,BIIB,BK,BKNG,BLK,BLL,BMY,BRCM,BRK.B,BSX,BWA,BXLT,BXP,C,CA,CAG,CAH,CAM,CAT,CB,CBRE,CBS,CCE,CCI,CCL,CELG,CERN,CF,CHK,CHRW,CI,CINF,CL,CLX,CMA,CMCSA,CME,CMG,CMI,CMS,CNP,CNX,COF,COG,COL,COP,COST,CPB,CRM,CSCO,CSX,CTAS,CTL,CTSH,CTXS,CVC,CVS,CVX,D,DAL,DD,DE,DFS,DG,DGX,DHI,DHR,DIS,DISCA,DISCK,DLTR,DNB,DO,DOV,DOW,DRI,DTE,DTV,DUK,DVA,DVN,DXC,EA,EBAY,ECL,ED,EFX,EIX,EL,EMC,EMN,EMR,ENDP,EOG,EQIX,EQR,EQT,ES,ESRX,ESS,ESV,ETFC,ETN,ETR,EW,EXC,EXPD,EXPE,F,FAST,FB,FCX,FDO,FDX,FE,FFIV,FIS,FISV,FITB,FLIR,FLR,FLS,FMC,FOSL,FOXA,FSLR,FTI,FTR,GAS,GD,GE,GGP,GILD,GIS,GLW,GM,GMCR,GME,GNW,GOOG,GOOGL,GPC,GPS,GRMN,GS,GT,GWW,HAL,HAR,HAS,HBAN,HBI,HCA,HCBK,HCP,HD,HES,HIG,HOG,HON,HOT,HP,HPQ,HRB,HRL,HRS,HSIC,HSP,HST,HSY,HUM,IBM,ICE,IFF,INTC,INTU,IP,IPG,IR,IRM,ISRG,ITW,IVZ,JBHT,JCI,JEC,JEF,JNJ,JNPR,JOY,JPM,JWN,K,KDP,KEY,KIM,KLAC,KMB,KMI,KMX,KO,KORS,KR,KRFT,KSS,KSU,L,LB,LEG,LEN,LH,LLL,LLTC,LLY,LM,LMT,LNC,LOW,LRCX,LUV,LVLT,LYB,M,MA,MAC,MAR,MAS,MAT,MCD,MCHP,MCK,MCO,MDLZ,MDT,MET,MHK,MJN,MKC,MLM,MMC,MMM,MNK,MNST,MO,MON,MOS,MPC,MRK,MRO,MS,MSFT,MSI,MTB,MU,MUR,MWV,MYL,NAVI,NBL,NDAQ,NE,NEE,NEM,NFLX,NFX,NI,NKE,NLSN,NOC,NOV,NRG,NSC,NTAP,NTRS,NUE,NVDA,NWL,NWSA,O,OI,OKE,OMC,ORCL,ORLY,OXY,PAYX,PBCT,PBI,PCAR,PCG,PCL,PCP,PDCO,PEG,PEP,PFE,PFG,PG,PGR,PH,PHM,PKI,PLD,PLL,PM,PNC,PNR,PNW,POM,PPG,PPL,PRGO,PRU,PSA,PSX,PVH,PWR,PX,PXD,QCOM,QRVO,R,RAI,RCL,REGN,RF,RHI,RHT,RIG,RL,ROK,ROP,ROST,RRC,RSG,RTN,SBUX,SCG,SCHW,SE,SEE,SHW,SIAL,SJM,SLB,SLG,SNA,SNDK,SNI,SO,SPG,SPGI,SPLS,SRCL,SRE,STI,STJ,STT,STX,STZ,SWK,SWKS,SWN,SYK,SYMC,SYY,T,TAP,TDC,TE,TEL,TGNA,TGT,THC,TIF,TJX,TMK,TMO,TPR,TRIP,TROW,TRV,TSCO,TSN,TSS,TWC,TWX,TXN,TXT,UAA,UHS,UNH,UNM,UNP,UPS,URBN,URI,USB,UTX,V,VAR,VFC,VIAB,VLO,VMC,VNO,VRSN,VRTX,VTR,VZ,WAT,WBA,WDC,WEC,WELL,WFC,WFM,WHR,WM,WMB,WMT,WU,WY,WYND,WYNN,XEC,XEL,XL,XLNX,XOM,XRAY,XRX,XYL,YUM,ZBH,ZION,ZTS"
2015-07-02,"A,AABA,AAL,AAPL,ABBV,ABC,ABT,ACN,ADBE,ADI,ADM,ADP,ADS,ADSK,ADT,AEE,AEP,AES,AET,AFL,AGN,AIG,AIV,AIZ,AKAM,ALL,ALLE,ALTR,ALXN,AMAT,AME,AMG,AMGN,AMP,AMT,AMZN,AN,ANDV,ANTM,AON,APA,APC,APD,APH,APTV,ARG,ARNC,AVB,AVGO,AVY,AXP,AZO,BA,BAC,BAX,BBBY,BBT,BBY,BCR,BDX,BEN,BF.B,BHGE,BIIB,BK,BKNG,BLK,BLL,BMY,BRCM,BRK.B,BSX,BWA,BXLT,BXP,C,CA,CAG,CAH,CAM,CAT,CB,CBRE,CBS,CCE,CCI,CCL,CELG,CERN,CF,CHK,CHRW,CI,CINF,CL,CLX,CMA,CMCSA,CME,CMG,CMI,CMS,CNP,CNX,COF,COG,COL,COP,COST,CPB,CPGX,CRM,CSCO,CSX,CTAS,CTL,CTSH,CTXS,CVC,CVS,CVX,D,DAL,DD,DE,DFS,DG,DGX,DHI,DHR,DIS,DISCA,DISCK,DLTR,DNB,DO,DOV,DOW,DRI,DTE,DTV,DUK,DVA,DVN,DXC,EA,EBAY,ECL,ED,EFX,EIX,EL,EMC,EMN,EMR,ENDP,EOG,EQIX,EQR,EQT,ES,ESRX,ESS,ESV,ETFC,ETN,ETR,EW,EXC,EXPD,EXPE,F,FAST,FB,FCX,FDO,FDX,FE,FFIV,FIS,FISV,FITB,FLIR,FLR,FLS,FMC,FOSL,FOXA,FSLR,FTI,FTR,GAS,GD,GE,GGP,GILD,GIS,GLW,GM,GMCR,GME,GNW,GOOG,GOOGL,GPC,GPS,GRMN,GS,GT,GWW,HAL,HAR,HAS,HBAN,HBI,HCA,HCBK,HCP,HD,HES,HIG,HOG,HON,HOT,HP,HPQ,HRB,HRL,HRS,HSIC,HSP,HST,HSY,HUM,IBM,ICE,IFF,INTC,INTU,IP,IPG,IR,IRM,ISRG,ITW,IVZ,JBHT,JCI,JEC,JEF,JNJ,JNPR,JOY,JPM,JWN,K,KDP,KEY,KIM,KLAC,KMB,KMI,KMX,KO,KORS,KR,KRFT,KSS,KSU,L,LB,LEG,LEN,LH,LLL,LLTC,LLY,LM,LMT,LNC,LOW,LRCX,LUV,LVLT,LYB,M,MA,MAC,MAR,MAS,MAT,MCD,MCHP,MCK,MCO,MDLZ,MDT,MET,MHK,MJN,MKC,MLM,MMC,MMM,MNK,MNST,MO,MON,MOS,MPC,MRK,MRO,MS,MSFT,MSI,MTB,MU,MUR,MYL,NAVI,NBL,NDAQ,NE,NEE,NEM,NFLX,NFX,NI,NKE,NLSN,NOC,NOV,NRG,NSC,NTAP,NTRS,NUE,NVDA,NWL,NWSA,O,OI,OKE,OMC,ORCL,ORLY,OXY,PAYX,PBCT,PBI,PCAR,PCG,PCL,PCP,PDCO,PEG,PEP,PFE,PFG,PG,PGR,PH,PHM,PKI,PLD,PLL,PM,PNC,PNR,PNW,POM,PPG,PPL,PRGO,PRU,PSA,PSX,PVH,PWR,PX,PXD,QCOM,QRVO,R,RAI,RCL,REGN,RF,RHI,RHT,RIG,RL,ROK,ROP,ROST,RRC,RSG,RTN,SBUX,SCG,SCHW,SE,SEE,SHW,SIAL,SJM,SLB,SLG,SNA,SNDK,SNI,SO,SPG,SPGI,SPLS,SRCL,SRE,STI,STJ,STT,STX,STZ,SWK,SWKS,SWN,SYK,SYMC,SYY,T,TAP,TDC,TE,TEL,TGNA,TGT,THC,TIF,TJX,TMK,TMO,TPR,TRIP,TROW,TRV,TSCO,TSN,TSS,TWC,TWX,TXN,TXT,UAA,UHS,UNH,UNM,UNP,UPS,URBN,URI,USB,UTX,V,VAR,VFC,VIAB,VLO,VMC,VNO,VRSN,VRTX,VTR,VZ,WAT,WBA,WDC,WEC,WELL,WFC,WFM,WHR,WM,WMB,WMT,WRK,WU,WY,WYND,WYNN,XEC,XEL,XL,XLNX,XOM,XRAY,XRX,XYL,YUM,ZBH,ZION,ZTS"
2015-07-06,"A,AABA,AAL,AAPL,ABBV,ABC,ABT,ACN,ADBE,ADI,ADM,ADP,ADS,ADSK,ADT,AEE,AEP,AES,AET,AFL,AGN,AIG,AIV,AIZ,AKAM,ALL,ALLE,ALTR,ALXN,AMAT,AME,AMG,AMGN,AMP,AMT,AMZN,AN,ANDV,ANTM,AON,APA,APC,APD,APH,APTV,ARG,ARNC,AVB,AVGO,AVY,AXP,AZO,BA,BAC,BAX,BBBY,BBT,BBY,BCR,BDX,BEN,BF.B,BHGE,BIIB,BK,BKNG,BLK,BLL,BMY,BRCM,BRK.B,BSX,BWA,BXLT,BXP,C,CA,CAG,CAH,CAM,CAT,CB,CBRE,CBS,CCE,CCI,CCL,CELG,CERN,CF,CHK,CHRW,CI,CINF,CL,CLX,CMA,CMCSA,CME,CMG,CMI,CMS,CNP,CNX,COF,COG,COL,COP,COST,CPB,CPGX,CRM,CSCO,CSX,CTAS,CTL,CTSH,CTXS,CVC,CVS,CVX,D,DAL,DD,DE,DFS,DG,DGX,DHI,DHR,DIS,DISCA,DISCK,DLTR,DNB,DO,DOV,DOW,DRI,DTE,DTV,DUK,DVA,DVN,DXC,EA,EBAY,ECL,ED,EFX,EIX,EL,EMC,EMN,EMR,ENDP,EOG,EQIX,EQR,EQT,ES,ESRX,ESS,ESV,ETFC,ETN,ETR,EW,EXC,EXPD,EXPE,F,FAST,FB,FCX,FDO,FDX,FE,FFIV,FIS,FISV,FITB,FLIR,FLR,FLS,FMC,FOSL,FOXA,FSLR,FTI,FTR,GAS,GD,GE,GGP,GILD,GIS,GLW,GM,GMCR,GME,GNW,GOOG,GOOGL,GPC,GPS,GRMN,GS,GT,GWW,HAL,HAR,HAS,HBAN,HBI,HCA,HCBK,HCP,HD,HES,HIG,HOG,HON,HOT,HP,HPQ,HRB,HRL,HRS,HSIC,HSP,HST,HSY,HUM,IBM,ICE,IFF,INTC,INTU,IP,IPG,IR,IRM,ISRG,ITW,IVZ,JBHT,JCI,JEC,JEF,JNJ,JNPR,JOY,JPM,JWN,K,KDP,KEY,KHC,KIM,KLAC,KMB,KMI,KMX,KO,KORS,KR,KSS,KSU,L,LB,LEG,LEN,LH,LLL,LLTC,LLY,LM,LMT,LNC,LOW,LRCX,LUV,LVLT,LYB,M,MA,MAC,MAR,MAS,MAT,MCD,MCHP,MCK,MCO,MDLZ,MDT,MET,MHK,MJN,MKC,MLM,MMC,MMM,MNK,MNST,MO,MON,MOS,MPC,MRK,MRO,MS,MSFT,MSI,MTB,MU,MUR,MYL,NAVI,NBL,NDAQ,NE,NEE,NEM,NFLX,NFX,NI,NKE,NLSN,NOC,NOV,NRG,NSC,NTAP,NTRS,NUE,NVDA,NWL,NWSA,O,OI,OKE,OMC,ORCL,ORLY,OXY,PAYX,PBCT,PBI,PCAR,PCG,PCL,PCP,PDCO,PEG,PEP,PFE,PFG,PG,PGR,PH,PHM,PKI,PLD,PLL,PM,PNC,PNR,PNW,POM,PPG,PPL,PRGO,PRU,PSA,PSX,PVH,PWR,PX,PXD,QCOM,QRVO,R,RAI,RCL,REGN,RF,RHI,RHT,RIG,RL,ROK,ROP,ROST,RRC,RSG,RTN,SBUX,SCG,SCHW,SE,SEE,SHW,SIAL,SJM,SLB,SLG,SNA,SNDK,SNI,SO,SPG,SPGI,SPLS,SRCL,SRE,STI,STJ,STT,STX,STZ,SWK,SWKS,SWN,SYK,SYMC,SYY,T,TAP,TDC,TE,TEL,TGNA,TGT,THC,TIF,TJX,TMK,TMO,TPR,TRIP,TROW,TRV,TSCO,TSN,TSS,TWC,TWX,TXN,TXT,UAA,UHS,UNH,UNM,UNP,UPS,URBN,URI,USB,UTX,V,VAR,VFC,VIAB,VLO,VMC,VNO,VRSN,VRTX,VTR,VZ,WAT,WBA,WDC,WEC,WELL,WFC,WFM,WHR,WM,WMB,WMT,WRK,WU,WY,WYND,WYNN,XEC,XEL,XL,XLNX,XOM,XRAY,XRX,XYL,YUM,ZBH,ZION,ZTS"
2015-07-07,"A,AABA,AAL,AAPL,ABBV,ABC,ABT,ACN,ADBE,ADI,ADM,ADP,ADS,ADSK,ADT,AEE,AEP,AES,AET,AFL,AGN,AIG,AIV,AIZ,AKAM,ALL,ALLE,ALTR,ALXN,AMAT,AME,AMG,AMGN,AMP,AMT,AMZN,AN,ANDV,ANTM,AON,APA,APC,APD,APH,APTV,ARG,ARNC,AVB,AVGO,AVY,AXP,AZO,BA,BAC,BAX,BBBY,BBT,BBY,BCR,BDX,BEN,BF.B,BHGE,BIIB,BK,BKNG,BLK,BLL,BMY,BRCM,BRK.B,BSX,BWA,BXLT,BXP,C,CA,CAG,CAH,CAM,CAT,CB,CBRE,CBS,CCE,CCI,CCL,CELG,CERN,CF,CHK,CHRW,CI,CINF,CL,CLX,CMA,CMCSA,CME,CMG,CMI,CMS,CNP,CNX,COF,COG,COL,COP,COST,CPB,CPGX,CRM,CSCO,CSX,CTAS,CTL,CTSH,CTXS,CVC,CVS,CVX,D,DAL,DD,DE,DFS,DG,DGX,DHI,DHR,DIS,DISCA,DISCK,DLTR,DNB,DO,DOV,DOW,DRI,DTE,DTV,DUK,DVA,DVN,DXC,EA,EBAY,ECL,ED,EFX,EIX,EL,EMC,EMN,EMR,ENDP,EOG,EQIX,EQR,EQT,ES,ESRX,ESS,ESV,ETFC,ETN,ETR,EW,EXC,EXPD,EXPE,F,FAST,FB,FCX,FDX,FE,FFIV,FIS,FISV,FITB,FLIR,FLR,FLS,FMC,FOSL,FOXA,FSLR,FTI,FTR,GAS,GD,GE,GGP,GILD,GIS,GLW,GM,GMCR,GME,GNW,GOOG,GOOGL,GPC,GPS,GRMN,GS,GT,GWW,HAL,HAR,HAS,HBAN,HBI,HCA,HCBK,HCP,HD,HES,HIG,HOG,HON,HOT,HP,HPQ,HRB,HRL,HRS,HSIC,HSP,HST,HSY,HUM,IBM,ICE,IFF,INTC,INTU,IP,IPG,IR,IRM,ISRG,ITW,IVZ,JBHT,JCI,JEC,JEF,JNJ,JNPR,JOY,JPM,JWN,K,KDP,KEY,KHC,KIM,KLAC,KMB,KMI,KMX,KO,KORS,KR,KSS,KSU,L,LB,LEG,LEN,LH,LLL,LLTC,LLY,LM,LMT,LNC,LOW,LRCX,LUV,LVLT,LYB,M,MA,MAC,MAR,MAS,MAT,MCD,MCHP,MCK,MCO,MDLZ,MDT,MET,MHK,MJN,MKC,MLM,MMC,MMM,MNK,MNST,MO,MON,MOS,MPC,MRK,MRO,MS,MSFT,MSI,MTB,MU,MUR,MYL,NAVI,NBL,NDAQ,NE,NEE,NEM,NFLX,NFX,NI,NKE,NLSN,NOC,NOV,NRG,NSC,NTAP,NTRS,NUE,NVDA,NWL,NWSA,O,OI,OKE,OMC,ORCL,ORLY,OXY,PAYX,PBCT,PBI,PCAR,PCG,PCL,PCP,PDCO,PEG,PEP,PFE,PFG,PG,PGR,PH,PHM,PKI,PLD,PLL,PM,PNC,PNR,PNW,POM,PPG,PPL,PRGO,PRU,PSA,PSX,PVH,PWR,PX,PXD,QCOM,QRVO,R,RAI,RCL,REGN,RF,RHI,RHT,RIG,RL,ROK,ROP,ROST,RRC,RSG,RTN,SBUX,SCG,SCHW,SE,SEE,SHW,SIAL,SJM,SLB,SLG,SNA,SNDK,SNI,SO,SPG,SPGI,SPLS,SRCL,SRE,STI,STJ,STT,STX,STZ,SWK,SWKS,SWN,SYK,SYMC,SYY,T,TAP,TDC,TE,TEL,TGNA,TGT,THC,TIF,TJX,TMK,TMO,TPR,TRIP,TROW,TRV,TSCO,TSN,TSS,TWC,TWX,TXN,TXT,UAA,UHS,UNH,UNM,UNP,UPS,URBN,URI,USB,UTX,V,VAR,VFC,VIAB,VLO,VMC,VNO,VRSN,VRTX,VTR,VZ,WAT,WBA,WDC,WEC,WELL,WFC,WFM,WHR,WM,WMB,WMT,WRK,WU,WY,WYND,WYNN,XEC,XEL,XL,XLNX,XOM,XRAY,XRX,XYL,YUM,ZBH,ZION,ZTS"
2015-07-09,"A,AABA,AAL,AAP,AAPL,ABBV,ABC,ABT,ACN,ADBE,ADI,ADM,ADP,ADS,ADSK,ADT,AEE,AEP,AES,AET,AFL,AGN,AIG,AIV,AIZ,AKAM,ALL,ALLE,ALTR,ALXN,AMAT,AME,AMG,AMGN,AMP,AMT,AMZN,AN,ANDV,ANTM,AON,APA,APC,APD,APH,APTV,ARG,ARNC,AVB,AVGO,AVY,AXP,AZO,BA,BAC,BAX,BBBY,BBT,BBY,BCR,BDX,BEN,BF.B,BHGE,BIIB,BK,BKNG,BLK,BLL,BMY,BRCM,BRK.B,BSX,BWA,BXLT,BXP,C,CA,CAG,CAH,CAM,CAT,CB,CBRE,CBS,CCE,CCI,CCL,CELG,CERN,CF,CHK,CHRW,CI,CINF,CL,CLX,CMA,CMCSA,CME,CMG,CMI,CMS,CNP,CNX,COF,COG,COL,COP,COST,CPB,CPGX,CRM,CSCO,CSX,CTAS,CTL,CTSH,CTXS,CVC,CVS,CVX,D,DAL,DD,DE,DFS,DG,DGX,DHI,DHR,DIS,DISCA,DISCK,DLTR,DNB,DO,DOV,DOW,DRI,DTE,DTV,DUK,DVA,DVN,DXC,EA,EBAY,ECL,ED,EFX,EIX,EL,EMC,EMN,EMR,ENDP,EOG,EQIX,EQR,EQT,ES,ESRX,ESS,ESV,ETFC,ETN,ETR,EW,EXC,EXPD,EXPE,F,FAST,FB,FCX,FDX,FE,FFIV,FIS,FISV,FITB,FLIR,FLR,FLS,FMC,FOSL,FOXA,FSLR,FTI,FTR,GAS,GD,GE,GGP,GILD,GIS,GLW,GM,GMCR,GME,GNW,GOOG,GOOGL,GPC,GPS,GRMN,GS,GT,GWW,HAL,HAR,HAS,HBAN,HBI,HCA,HCBK,HCP,HD,HES,HIG,HOG,HON,HOT,HP,HPQ,HRB,HRL,HRS,HSIC,HSP,HST,HSY,HUM,IBM,ICE,IFF,INTC,INTU,IP,IPG,IR,IRM,ISRG,ITW,IVZ,JBHT,JCI,JEC,JEF,JNJ,JNPR,JOY,JPM,JWN,K,KDP,KEY,KHC,KIM,KLAC,KMB,KMI,KMX,KO,KORS,KR,KSS,KSU,L,LB,LEG,LEN,LH,LLL,LLTC,LLY,LM,LMT,LNC,LOW,LRCX,LUV,LVLT,LYB,M,MA,MAC,MAR,MAS,MAT,MCD,MCHP,MCK,MCO,MDLZ,MDT,MET,MHK,MJN,MKC,MLM,MMC,MMM,MNK,MNST,MO,MON,MOS,MPC,MRK,MRO,MS,MSFT,MSI,MTB,MU,MUR,MYL,NAVI,NBL,NDAQ,NE,NEE,NEM,NFLX,NFX,NI,NKE,NLSN,NOC,NOV,NRG,NSC,NTAP,NTRS,NUE,NVDA,NWL,NWSA,O,OI,OKE,OMC,ORCL,ORLY,OXY,PAYX,PBCT,PBI,PCAR,PCG,PCL,PCP,PDCO,PEG,PEP,PFE,PFG,PG,PGR,PH,PHM,PKI,PLD,PLL,PM,PNC,PNR,PNW,POM,PPG,PPL,PRGO,PRU,PSA,PSX,PVH,PWR,PX,PXD,QCOM,QRVO,R,RAI,RCL,REGN,RF,RHI,RHT,RIG,RL,ROK,ROP,ROST,RRC,RSG,RTN,SBUX,SCG,SCHW,SE,SEE,SHW,SIAL,SJM,SLB,SLG,SNA,SNDK,SNI,SO,SPG,SPGI,SPLS,SRCL,SRE,STI,STJ,STT,STX,STZ,SWK,SWKS,SWN,SYK,SYMC,SYY,T,TAP,TDC,TE,TEL,TGNA,TGT,THC,TIF,TJX,TMK,TMO,TPR,TRIP,TROW,TRV,TSCO,TSN,TSS,TWC,TWX,TXN,TXT,UAA,UHS,UNH,UNM,UNP,UPS,URBN,URI,USB,UTX,V,VAR,VFC,VIAB,VLO,VMC,VNO,VRSN,VRTX,VTR,VZ,WAT,WBA,WDC,WEC,WELL,WFC,WFM,WHR,WM,WMB,WMT,WRK,WU,WY,WYND,WYNN,XEC,XEL,XL,XLNX,XOM,XRAY,XRX,XYL,YUM,ZBH,ZION,ZTS"
2015-07-20,"A,AABA,AAL,AAP,AAPL,ABBV,ABC,ABT,ACN,ADBE,ADI,ADM,ADP,ADS,ADSK,ADT,AEE,AEP,AES,AET,AFL,AGN,AIG,AIV,AIZ,AKAM,ALL,ALLE,ALTR,ALXN,AMAT,AME,AMG,AMGN,AMP,AMT,AMZN,AN,ANDV,ANTM,AON,APA,APC,APD,APH,APTV,ARG,ARNC,AVB,AVGO,AVY,AXP,AZO,BA,BAC,BAX,BBBY,BBT,BBY,BCR,BDX,BEN,BF.B,BHGE,BIIB,BK,BKNG,BLK,BLL,BMY,BRCM,BRK.B,BSX,BWA,BXLT,BXP,C,CA,CAG,CAH,CAM,CAT,CB,CBRE,CBS,CCE,CCI,CCL,CELG,CERN,CF,CHK,CHRW,CI,CINF,CL,CLX,CMA,CMCSA,CME,CMG,CMI,CMS,CNP,CNX,COF,COG,COL,COP,COST,CPB,CPGX,CRM,CSCO,CSX,CTAS,CTL,CTSH,CTXS,CVC,CVS,CVX,D,DAL,DD,DE,DFS,DG,DGX,DHI,DHR,DIS,DISCA,DISCK,DLTR,DNB,DO,DOV,DOW,DRI,DTE,DTV,DUK,DVA,DVN,DXC,EA,EBAY,ECL,ED,EFX,EIX,EL,EMC,EMN,EMR,ENDP,EOG,EQIX,EQR,EQT,ES,ESRX,ESS,ESV,ETFC,ETN,ETR,EW,EXC,EXPD,EXPE,F,FAST,FB,FCX,FDX,FE,FFIV,FIS,FISV,FITB,FLIR,FLR,FLS,FMC,FOSL,FOXA,FSLR,FTI,FTR,GAS,GD,GE,GGP,GILD,GIS,GLW,GM,GMCR,GME,GNW,GOOG,GOOGL,GPC,GPS,GRMN,GS,GT,GWW,HAL,HAR,HAS,HBAN,HBI,HCA,HCBK,HCP,HD,HES,HIG,HOG,HON,HOT,HP,HPQ,HRB,HRL,HRS,HSIC,HSP,HST,HSY,HUM,IBM,ICE,IFF,INTC,INTU,IP,IPG,IR,IRM,ISRG,ITW,IVZ,JBHT,JCI,JEC,JEF,JNJ,JNPR,JOY,JPM,JWN,K,KDP,KEY,KHC,KIM,KLAC,KMB,KMI,KMX,KO,KORS,KR,KSS,KSU,L,LB,LEG,LEN,LH,LLL,LLTC,LLY,LM,LMT,LNC,LOW,LRCX,LUV,LVLT,LYB,M,MA,MAC,MAR,MAS,MAT,MCD,MCHP,MCK,MCO,MDLZ,MDT,MET,MHK,MJN,MKC,MLM,MMC,MMM,MNK,MNST,MO,MON,MOS,MPC,MRK,MRO,MS,MSFT,MSI,MTB,MU,MUR,MYL,NAVI,NBL,NDAQ,NEE,NEM,NFLX,NFX,NI,NKE,NLSN,NOC,NOV,NRG,NSC,NTAP,NTRS,NUE,NVDA,NWL,NWSA,O,OI,OKE,OMC,ORCL,ORLY,OXY,PAYX,PBCT,PBI,PCAR,PCG,PCL,PCP,PDCO,PEG,PEP,PFE,PFG,PG,PGR,PH,PHM,PKI,PLD,PLL,PM,PNC,PNR,PNW,POM,PPG,PPL,PRGO,PRU,PSA,PSX,PVH,PWR,PX,PXD,PYPL,QCOM,QRVO,R,RAI,RCL,REGN,RF,RHI,RHT,RIG,RL,ROK,ROP,ROST,RRC,RSG,RTN,SBUX,SCG,SCHW,SE,SEE,SHW,SIAL,SJM,SLB,SLG,SNA,SNDK,SNI,SO,SPG,SPGI,SPLS,SRCL,SRE,STI,STJ,STT,STX,STZ,SWK,SWKS,SWN,SYK,SYMC,SYY,T,TAP,TDC,TE,TEL,TGNA,TGT,THC,TIF,TJX,TMK,TMO,TPR,TRIP,TROW,TRV,TSCO,TSN,TSS,TWC,TWX,TXN,TXT,UAA,UHS,UNH,UNM,UNP,UPS,URBN,URI,USB,UTX,V,VAR,VFC,VIAB,VLO,VMC,VNO,VRSN,VRTX,VTR,VZ,WAT,WBA,WDC,WEC,WELL,WFC,WFM,WHR,WM,WMB,WMT,WRK,WU,WY,WYND,WYNN,XEC,XEL,XL,XLNX,XOM,XRAY,XRX,XYL,YUM,ZBH,ZION,ZTS"
2015-07-27,"A,AABA,AAL,AAP,AAPL,ABBV,ABC,ABT,ACN,ADBE,ADI,ADM,ADP,ADS,ADSK,ADT,AEE,AEP,AES,AET,AFL,AGN,AIG,AIV,AIZ,AKAM,ALL,ALLE,ALTR,ALXN,AMAT,AME,AMG,AMGN,AMP,AMT,AMZN,AN,ANDV,ANTM,AON,APA,APC,APD,APH,APTV,ARG,ARNC,AVB,AVGO,AVY,AXP,AZO,BA,BAC,BAX,BBBY,BBT,BBY,BCR,BDX,BEN,BF.B,BHGE,BIIB,BK,BKNG,BLK,BLL,BMY,BRCM,BRK.B,BSX,BWA,BXLT,BXP,C,CA,CAG,CAH,CAM,CAT,CB,CBRE,CBS,CCE,CCI,CCL,CELG,CERN,CF,CHK,CHRW,CI,CINF,CL,CLX,CMA,CMCSA,CME,CMG,CMI,CMS,CNP,CNX,COF,COG,COL,COP,COST,CPB,CPGX,CRM,CSCO,CSX,CTAS,CTL,CTSH,CTXS,CVC,CVS,CVX,D,DAL,DD,DE,DFS,DG,DGX,DHI,DHR,DIS,DISCA,DISCK,DLTR,DNB,DO,DOV,DOW,DRI,DTE,DUK,DVA,DVN,DXC,EA,EBAY,ECL,ED,EFX,EIX,EL,EMC,EMN,EMR,ENDP,EOG,EQIX,EQR,EQT,ES,ESRX,ESS,ESV,ETFC,ETN,ETR,EW,EXC,EXPD,EXPE,F,FAST,FB,FCX,FDX,FE,FFIV,FIS,FISV,FITB,FLIR,FLR,FLS,FMC,FOSL,FOXA,FSLR,FTI,FTR,GAS,GD,GE,GGP,GILD,GIS,GLW,GM,GMCR,GME,GNW,GOOG,GOOGL,GPC,GPS,GRMN,GS,GT,GWW,HAL,HAR,HAS,HBAN,HBI,HCA,HCBK,HCP,HD,HES,HIG,HOG,HON,HOT,HP,HPQ,HRB,HRL,HRS,HSIC,HSP,HST,HSY,HUM,IBM,ICE,IFF,INTC,INTU,IP,IPG,IR,IRM,ISRG,ITW,IVZ,JBHT,JCI,JEC,JEF,JNJ,JNPR,JOY,JPM,JWN,K,KDP,KEY,KHC,KIM,KLAC,KMB,KMI,KMX,KO,KORS,KR,KSS,KSU,L,LB,LEG,LEN,LH,LLL,LLTC,LLY,LM,LMT,LNC,LOW,LRCX,LUV,LVLT,LYB,M,MA,MAC,MAR,MAS,MAT,MCD,MCHP,MCK,MCO,MDLZ,MDT,MET,MHK,MJN,MKC,MLM,MMC,MMM,MNK,MNST,MO,MON,MOS,MPC,MRK,MRO,MS,MSFT,MSI,MTB,MU,MUR,MYL,NAVI,NBL,NDAQ,NEE,NEM,NFLX,NFX,NI,NKE,NLSN,NOC,NOV,NRG,NSC,NTAP,NTRS,NUE,NVDA,NWL,NWSA,O,OI,OKE,OMC,ORCL,ORLY,OXY,PAYX,PBCT,PBI,PCAR,PCG,PCL,PCP,PDCO,PEG,PEP,PFE,PFG,PG,PGR,PH,PHM,PKI,PLD,PLL,PM,PNC,PNR,PNW,POM,PPG,PPL,PRGO,PRU,PSA,PSX,PVH,PWR,PX,PXD,PYPL,QCOM,QRVO,R,RAI,RCL,REGN,RF,RHI,RHT,RIG,RL,ROK,ROP,ROST,RRC,RSG,RTN,SBUX,SCG,SCHW,SE,SEE,SHW,SIAL,SJM,SLB,SLG,SNA,SNDK,SNI,SO,SPG,SPGI,SPLS,SRCL,SRE,STI,STJ,STT,STX,STZ,SWK,SWKS,SWN,SYK,SYMC,SYY,T,TAP,TDC,TE,TEL,TGNA,TGT,THC,TIF,TJX,TMK,TMO,TPR,TRIP,TROW,TRV,TSCO,TSN,TSS,TWC,TWX,TXN,TXT,UAA,UHS,UNH,UNM,UNP,UPS,URBN,URI,USB,UTX,V,VAR,VFC,VIAB,VLO,VMC,VNO,VRSN,VRTX,VTR,VZ,WAT,WBA,WDC,WEC,WELL,WFC,WFM,WHR,WM,WMB,WMT,WRK,WU,WY,WYND,WYNN,XEC,XEL,XL,XLNX,XOM,XRAY,XRX,XYL,YUM,ZBH,ZION,ZTS"
2015-07-29,"A,AABA,AAL,AAP,AAPL,ABBV,ABC,ABT,ACN,ADBE,ADI,ADM,ADP,ADS,ADSK,ADT,AEE,AEP,AES,AET,AFL,AGN,AIG,AIV,AIZ,AKAM,ALL,ALLE,ALTR,ALXN,AMAT,AME,AMG,AMGN,AMP,AMT,AMZN,AN,ANDV,ANTM,AON,APA,APC,APD,APH,APTV,ARG,ARNC,AVB,AVGO,AVY,AXP,AZO,BA,BAC,BAX,BBBY,BBT,BBY,BCR,BDX,BEN,BF.B,BHGE,BIIB,BK,BKNG,BLK,BLL,BMY,BRCM,BRK.B,BSX,BWA,BXLT,BXP,C,CA,CAG,CAH,CAM,CAT,CB,CBRE,CBS,CCE,CCI,CCL,CELG,CERN,CF,CHK,CHRW,CI,CINF,CL,CLX,CMA,CMCSA,CME,CMG,CMI,CMS,CNP,CNX,COF,COG,COL,COP,COST,CPB,CPGX,CRM,CSCO,CSX,CTAS,CTL,CTSH,CTXS,CVC,CVS,CVX,D,DAL,DD,DE,DFS,DG,DGX,DHI,DHR,DIS,DISCA,DISCK,DLTR,DNB,DO,DOV,DOW,DRI,DTE,DUK,DVA,DVN,DXC,EA,EBAY,ECL,ED,EFX,EIX,EL,EMC,EMN,EMR,ENDP,EOG,EQIX,EQR,EQT,ES,ESRX,ESS,ESV,ETFC,ETN,ETR,EW,EXC,EXPD,EXPE,F,FAST,FB,FCX,FDX,FE,FFIV,FIS,FISV,FITB,FLIR,FLR,FLS,FMC,FOSL,FOXA,FSLR,FTI,FTR,GAS,GD,GE,GGP,GILD,GIS,GLW,GM,GMCR,GME,GNW,GOOG,GOOGL,GPC,GPS,GRMN,GS,GT,GWW,HAL,HAR,HAS,HBAN,HBI,HCA,HCBK,HCP,HD,HES,HIG,HOG,HON,HOT,HP,HPQ,HRB,HRL,HRS,HSIC,HSP,HST,HSY,HUM,IBM,ICE,IFF,INTC,INTU,IP,IPG,IR,IRM,ISRG,ITW,IVZ,JBHT,JCI,JEC,JEF,JNJ,JNPR,JOY,JPM,JWN,K,KDP,KEY,KHC,KIM,KLAC,KMB,KMI,KMX,KO,KORS,KR,KSS,KSU,L,LB,LEG,LEN,LH,LLL,LLTC,LLY,LM,LMT,LNC,LOW,LRCX,LUV,LVLT,LYB,M,MA,MAC,MAR,MAS,MAT,MCD,MCHP,MCK,MCO,MDLZ,MDT,MET,MHK,MJN,MKC,MLM,MMC,MMM,MNK,MNST,MO,MON,MOS,MPC,MRK,MRO,MS,MSFT,MSI,MTB,MU,MUR,MYL,NAVI,NBL,NDAQ,NEE,NEM,NFLX,NFX,NI,NKE,NLSN,NOC,NOV,NRG,NSC,NTAP,NTRS,NUE,NVDA,NWL,NWSA,O,OI,OKE,OMC,ORCL,ORLY,OXY,PAYX,PBCT,PBI,PCAR,PCG,PCL,PCP,PDCO,PEG,PEP,PFE,PFG,PG,PGR,PH,PHM,PKI,PLD,PLL,PM,PNC,PNR,PNW,POM,PPG,PPL,PRGO,PRU,PSA,PSX,PVH,PWR,PX,PXD,PYPL,QCOM,QRVO,R,RAI,RCL,REGN,RF,RHI,RHT,RIG,RL,ROK,ROP,ROST,RRC,RSG,RTN,SBUX,SCG,SCHW,SE,SEE,SHW,SIAL,SIG,SJM,SLB,SLG,SNA,SNDK,SNI,SO,SPG,SPGI,SPLS,SRCL,SRE,STI,STJ,STT,STX,STZ,SWK,SWKS,SWN,SYK,SYMC,SYY,T,TAP,TDC,TE,TEL,TGNA,TGT,THC,TIF,TJX,TMK,TMO,TPR,TRIP,TROW,TRV,TSCO,TSN,TSS,TWC,TWX,TXN,TXT,UAA,UHS,UNH,UNM,UNP,UPS,URBN,URI,USB,UTX,V,VAR,VFC,VIAB,VLO,VMC,VNO,VRSN,VRTX,VTR,VZ,WAT,WBA,WDC,WEC,WELL,WFC,WFM,WHR,WM,WMB,WMT,WRK,WU,WY,WYND,WYNN,XEC,XEL,XL,XLNX,XOM,XRAY,XRX,XYL,YUM,ZBH,ZION,ZTS"
2015-08-31,"A,AABA,AAL,AAP,AAPL,ABBV,ABC,ABT,ACN,ADBE,ADI,ADM,ADP,ADS,ADSK,ADT,AEE,AEP,AES,AET,AFL,AGN,AIG,AIV,AIZ,AKAM,ALL,ALLE,ALTR,ALXN,AMAT,AME,AMG,AMGN,AMP,AMT,AMZN,AN,ANDV,ANTM,AON,APA,APC,APD,APH,APTV,ARG,ARNC,ATVI,AVB,AVGO,AVY,AXP,AZO,BA,BAC,BAX,BBBY,BBT,BBY,BCR,BDX,BEN,BF.B,BHGE,BIIB,BK,BKNG,BLK,BLL,BMY,BRCM,BRK.B,BSX,BWA,BXLT,BXP,C,CA,CAG,CAH,CAM,CAT,CB,CBRE,CBS,CCE,CCI,CCL,CELG,CERN,CF,CHK,CHRW,CI,CINF,CL,CLX,CMA,CMCSA,CME,CMG,CMI,CMS,CNP,CNX,COF,COG,COL,COP,COST,CPB,CPGX,CRM,CSCO,CSX,CTAS,CTL,CTSH,CTXS,CVC,CVS,CVX,D,DAL,DD,DE,DFS,DG,DGX,DHI,DHR,DIS,DISCA,DISCK,DLTR,DNB,DO,DOV,DOW,DRI,DTE,DUK,DVA,DVN,DXC,EA,EBAY,ECL,ED,EFX,EIX,EL,EMC,EMN,EMR,ENDP,EOG,EQIX,EQR,EQT,ES,ESRX,ESS,ESV,ETFC,ETN,ETR,EW,EXC,EXPD,EXPE,F,FAST,FB,FCX,FDX,FE,FFIV,FIS,FISV,FITB,FLIR,FLR,FLS,FMC,FOSL,FOXA,FSLR,FTI,FTR,GAS,GD,GE,GGP,GILD,GIS,GLW,GM,GMCR,GME,GNW,GOOG,GOOGL,GPC,GPS,GRMN,GS,GT,GWW,HAL,HAR,HAS,HBAN,HBI,HCA,HCBK,HCP,HD,HES,HIG,HOG,HON,HOT,HP,HPQ,HRB,HRL,HRS,HSIC,HSP,HST,HSY,HUM,IBM,ICE,IFF,INTC,INTU,IP,IPG,IR,IRM,ISRG,ITW,IVZ,JBHT,JCI,JEC,JEF,JNJ,JNPR,JOY,JPM,JWN,K,KDP,KEY,KHC,KIM,KLAC,KMB,KMI,KMX,KO,KORS,KR,KSS,KSU,L,LB,LEG,LEN,LH,LLL,LLTC,LLY,LM,LMT,LNC,LOW,LRCX,LUV,LVLT,LYB,M,MA,MAC,MAR,MAS,MAT,MCD,MCHP,MCK,MCO,MDLZ,MDT,MET,MHK,MJN,MKC,MLM,MMC,MMM,MNK,MNST,MO,MON,MOS,MPC,MRK,MRO,MS,MSFT,MSI,MTB,MU,MUR,MYL,NAVI,NBL,NDAQ,NEE,NEM,NFLX,NFX,NI,NKE,NLSN,NOC,NOV,NRG,NSC,NTAP,NTRS,NUE,NVDA,NWL,NWSA,O,OI,OKE,OMC,ORCL,ORLY,OXY,PAYX,PBCT,PBI,PCAR,PCG,PCL,PCP,PDCO,PEG,PEP,PFE,PFG,PG,PGR,PH,PHM,PKI,PLD,PM,PNC,PNR,PNW,POM,PPG,PPL,PRGO,PRU,PSA,PSX,PVH,PWR,PX,PXD,PYPL,QCOM,QRVO,R,RAI,RCL,REGN,RF,RHI,RHT,RIG,RL,ROK,ROP,ROST,RRC,RSG,RTN,SBUX,SCG,SCHW,SE,SEE,SHW,SIAL,SIG,SJM,SLB,SLG,SNA,SNDK,SNI,SO,SPG,SPGI,SPLS,SRCL,SRE,STI,STJ,STT,STX,STZ,SWK,SWKS,SWN,SYK,SYMC,SYY,T,TAP,TDC,TE,TEL,TGNA,TGT,THC,TIF,TJX,TMK,TMO,TPR,TRIP,TROW,TRV,TSCO,TSN,TSS,TWC,TWX,TXN,TXT,UAA,UHS,UNH,UNM,UNP,UPS,URBN,URI,USB,UTX,V,VAR,VFC,VIAB,VLO,VMC,VNO,VRSN,VRTX,VTR,VZ,WAT,WBA,WDC,WEC,WELL,WFC,WFM,WHR,WM,WMB,WMT,WRK,WU,WY,WYND,WYNN,XEC,XEL,XL,XLNX,XOM,XRAY,XRX,XYL,YUM,ZBH,ZION,ZTS"
2015-09-03,"A,AABA,AAL,AAP,AAPL,ABBV,ABC,ABT,ACN,ADBE,ADI,ADM,ADP,ADS,ADSK,ADT,AEE,AEP,AES,AET,AFL,AGN,AIG,AIV,AIZ,AKAM,ALL,ALLE,ALTR,ALXN,AMAT,AME,AMG,AMGN,AMP,AMT,AMZN,AN,ANDV,ANTM,AON,APA,APC,APD,APH,APTV,ARG,ARNC,ATVI,AVB,AVGO,AVY,AXP,AZO,BA,BAC,BAX,BBBY,BBT,BBY,BCR,BDX,BEN,BF.B,BHGE,BIIB,BK,BKNG,BLK,BLL,BMY,BRCM,BRK.B,BSX,BWA,BXLT,BXP,C,CA,CAG,CAH,CAM,CAT,CB,CBRE,CBS,CCE,CCI,CCL,CELG,CERN,CF,CHK,CHRW,CI,CINF,CL,CLX,CMA,CMCSA,CME,CMG,CMI,CMS,CNP,CNX,COF,COG,COL,COP,COST,CPB,CPGX,CRM,CSCO,CSX,CTAS,CTL,CTSH,CTXS,CVC,CVS,CVX,D,DAL,DD,DE,DFS,DG,DGX,DHI,DHR,DIS,DISCA,DISCK,DLTR,DNB,DO,DOV,DOW,DRI,DTE,DUK,DVA,DVN,DXC,EA,EBAY,ECL,ED,EFX,EIX,EL,EMC,EMN,EMR,ENDP,EOG,EQIX,EQR,EQT,ES,ESRX,ESS,ESV,ETFC,ETN,ETR,EW,EXC,EXPD,EXPE,F,FAST,FB,FCX,FDX,FE,FFIV,FIS,FISV,FITB,FLIR,FLR,FLS,FMC,FOSL,FOXA,FSLR,FTI,FTR,GAS,GD,GE,GGP,GILD,GIS,GLW,GM,GMCR,GME,GNW,GOOG,GOOGL,GPC,GPS,GRMN,GS,GT,GWW,HAL,HAR,HAS,HBAN,HBI,HCA,HCBK,HCP,HD,HES,HIG,HOG,HON,HOT,HP,HPQ,HRB,HRL,HRS,HSIC,HST,HSY,HUM,IBM,ICE,IFF,INTC,INTU,IP,IPG,IR,IRM,ISRG,ITW,IVZ,JBHT,JCI,JEC,JEF,JNJ,JNPR,JOY,JPM,JWN,K,KDP,KEY,KHC,KIM,KLAC,KMB,KMI,KMX,KO,KORS,KR,KSS,KSU,L,LB,LEG,LEN,LH,LLL,LLTC,LLY,LM,LMT,LNC,LOW,LRCX,LUV,LVLT,LYB,M,MA,MAC,MAR,MAS,MAT,MCD,MCHP,MCK,MCO,MDLZ,MDT,MET,MHK,MJN,MKC,MLM,MMC,MMM,MNK,MNST,MO,MON,MOS,MPC,MRK,MRO,MS,MSFT,MSI,MTB,MU,MUR,MYL,NAVI,NBL,NDAQ,NEE,NEM,NFLX,NFX,NI,NKE,NLSN,NOC,NOV,NRG,NSC,NTAP,NTRS,NUE,NVDA,NWL,NWSA,O,OI,OKE,OMC,ORCL,ORLY,OXY,PAYX,PBCT,PBI,PCAR,PCG,PCL,PCP,PDCO,PEG,PEP,PFE,PFG,PG,PGR,PH,PHM,PKI,PLD,PM,PNC,PNR,PNW,POM,PPG,PPL,PRGO,PRU,PSA,PSX,PVH,PWR,PX,PXD,PYPL,QCOM,QRVO,R,RAI,RCL,REGN,RF,RHI,RHT,RIG,RL,ROK,ROP,ROST,RRC,RSG,RTN,SBUX,SCG,SCHW,SE,SEE,SHW,SIAL,SIG,SJM,SLB,SLG,SNA,SNDK,SNI,SO,SPG,SPGI,SPLS,SRCL,SRE,STI,STJ,STT,STX,STZ,SWK,SWKS,SWN,SYK,SYMC,SYY,T,TAP,TDC,TE,TEL,TGNA,TGT,THC,TIF,TJX,TMK,TMO,TPR,TRIP,TROW,TRV,TSCO,TSN,TSS,TWC,TWX,TXN,TXT,UAA,UAL,UHS,UNH,UNM,UNP,UPS,URBN,URI,USB,UTX,V,VAR,VFC,VIAB,VLO,VMC,VNO,VRSN,VRTX,VTR,VZ,WAT,WBA,WDC,WEC,WELL,WFC,WFM,WHR,WM,WMB,WMT,WRK,WU,WY,WYND,WYNN,XEC,XEL,XL,XLNX,XOM,XRAY,XRX,XYL,YUM,ZBH,ZION,ZTS"
2015-09-21,"A,AABA,AAL,AAP,AAPL,ABBV,ABC,ABT,ACN,ADBE,ADI,ADM,ADP,ADS,ADSK,ADT,AEE,AEP,AES,AET,AFL,AGN,AIG,AIV,AIZ,AKAM,ALL,ALLE,ALTR,ALXN,AMAT,AME,AMG,AMGN,AMP,AMT,AMZN,AN,ANDV,ANTM,AON,APA,APC,APD,APH,APTV,ARG,ARNC,ATVI,AVB,AVGO,AVY,AXP,AZO,BA,BAC,BAX,BBBY,BBT,BBY,BCR,BDX,BEN,BF.B,BHGE,BIIB,BK,BKNG,BLK,BLL,BMY,BRCM,BRK.B,BSX,BWA,BXLT,BXP,C,CA,CAG,CAH,CAM,CAT,CB,CBRE,CBS,CCE,CCI,CCL,CELG,CERN,CF,CHK,CHRW,CI,CINF,CL,CLX,CMA,CMCSA,CMCSK,CME,CMG,CMI,CMS,CNP,CNX,COF,COG,COL,COP,COST,CPB,CPGX,CRM,CSCO,CSX,CTAS,CTL,CTSH,CTXS,CVC,CVS,CVX,D,DAL,DD,DE,DFS,DG,DGX,DHI,DHR,DIS,DISCA,DISCK,DLTR,DNB,DO,DOV,DOW,DRI,DTE,DUK,DVA,DVN,DXC,EA,EBAY,ECL,ED,EFX,EIX,EL,EMC,EMN,EMR,ENDP,EOG,EQIX,EQR,EQT,ES,ESRX,ESS,ESV,ETFC,ETN,ETR,EW,EXC,EXPD,EXPE,F,FAST,FB,FCX,FDX,FE,FFIV,FIS,FISV,FITB,FLIR,FLR,FLS,FMC,FOSL,FOX,FOXA,FSLR,FTI,FTR,GAS,GD,GE,GGP,GILD,GIS,GLW,GM,GMCR,GME,GNW,GOOG,GOOGL,GPC,GPS,GRMN,GS,GT,GWW,HAL,HAR,HAS,HBAN,HBI,HCA,HCBK,HCP,HD,HES,HIG,HOG,HON,HOT,HP,HPQ,HRB,HRL,HRS,HSIC,HST,HSY,HUM,IBM,ICE,IFF,INTC,INTU,IP,IPG,IR,IRM,ISRG,ITW,IVZ,JBHT,JCI,JEC,JEF,JNJ,JNPR,JOY,JPM,JWN,K,KDP,KEY,KHC,KIM,KLAC,KMB,KMI,KMX,KO,KORS,KR,KSS,KSU,L,LB,LEG,LEN,LH,LLL,LLTC,LLY,LM,LMT,LNC,LOW,LRCX,LUV,LVLT,LYB,M,MA,MAC,MAR,MAS,MAT,MCD,MCHP,MCK,MCO,MDLZ,MDT,MET,MHK,MJN,MKC,MLM,MMC,MMM,MNK,MNST,MO,MON,MOS,MPC,MRK,MRO,MS,MSFT,MSI,MTB,MU,MUR,MYL,NAVI,NBL,NDAQ,NEE,NEM,NFLX,NFX,NI,NKE,NLSN,NOC,NOV,NRG,NSC,NTAP,NTRS,NUE,NVDA,NWL,NWS,NWSA,O,OI,OKE,OMC,ORCL,ORLY,OXY,PAYX,PBCT,PBI,PCAR,PCG,PCL,PCP,PDCO,PEG,PEP,PFE,PFG,PG,PGR,PH,PHM,PKI,PLD,PM,PNC,PNR,PNW,POM,PPG,PPL,PRGO,PRU,PSA,PSX,PVH,PWR,PX,PXD,PYPL,QCOM,QRVO,R,RAI,RCL,REGN,RF,RHI,RHT,RIG,RL,ROK,ROP,ROST,RRC,RSG,RTN,SBUX,SCG,SCHW,SE,SEE,SHW,SIAL,SIG,SJM,SLB,SLG,SNA,SNDK,SNI,SO,SPG,SPGI,SPLS,SRCL,SRE,STI,STJ,STT,STX,STZ,SWK,SWKS,SWN,SYK,SYMC,SYY,T,TAP,TDC,TE,TEL,TGNA,TGT,THC,TIF,TJX,TMK,TMO,TPR,TRIP,TROW,TRV,TSCO,TSN,TSS,TWC,TWX,TXN,TXT,UAA,UAL,UHS,UNH,UNM,UNP,UPS,URBN,URI,USB,UTX,V,VAR,VFC,VIAB,VLO,VMC,VNO,VRSN,VRTX,VTR,VZ,WAT,WBA,WDC,WEC,WELL,WFC,WFM,WHR,WM,WMB,WMT,WRK,WU,WY,WYND,WYNN,XEC,XEL,XL,XLNX,XOM,XRAY,XRX,XYL,YUM,ZBH,ZION,ZTS"
2015-10-08,"A,AABA,AAL,AAP,AAPL,ABBV,ABC,ABT,ACN,ADBE,ADI,ADM,ADP,ADS,ADSK,ADT,AEE,AEP,AES,AET,AFL,AGN,AIG,AIV,AIZ,AKAM,ALL,ALLE,ALTR,ALXN,AMAT,AME,AMG,AMGN,AMP,AMT,AMZN,AN,ANDV,ANTM,AON,APA,APC,APD,APH,APTV,ARG,ARNC,ATVI,AVB,AVGO,AVY,AXP,AZO,BA,BAC,BAX,BBBY,BBT,BBY,BCR,BDX,BEN,BF.B,BHGE,BIIB,BK,BKNG,BLK,BLL,BMY,BRCM,BRK.B,BSX,BWA,BXLT,BXP,C,CA,CAG,CAH,CAM,CAT,CB,CBRE,CBS,CCE,CCI,CCL,CELG,CERN,CF,CHK,CHRW,CI,CINF,CL,CLX,CMA,CMCSA,CMCSK,CME,CMG,CMI,CMS,CNP,CNX,COF,COG,COL,COP,COST,CPB,CPGX,CRM,CSCO,CSX,CTAS,CTL,CTSH,CTXS,CVC,CVS,CVX,D,DAL,DD,DE,DFS,DG,DGX,DHI,DHR,DIS,DISCA,DISCK,DLTR,DNB,DO,DOV,DOW,DRI,DTE,DUK,DVA,DVN,DXC,EA,EBAY,ECL,ED,EFX,EIX,EL,EMC,EMN,EMR,ENDP,EOG,EQIX,EQR,EQT,ES,ESRX,ESS,ESV,ETFC,ETN,ETR,EW,EXC,EXPD,EXPE,F,FAST,FB,FCX,FDX,FE,FFIV,FIS,FISV,FITB,FLIR,FLR,FLS,FMC,FOSL,FOX,FOXA,FSLR,FTI,FTR,GAS,GD,GE,GGP,GILD,GIS,GLW,GM,GMCR,GME,GNW,GOOG,GOOGL,GPC,GPS,GRMN,GS,GT,GWW,HAL,HAR,HAS,HBAN,HBI,HCA,HCBK,HCP,HD,HES,HIG,HOG,HON,HOT,HP,HPQ,HRB,HRL,HRS,HSIC,HST,HSY,HUM,IBM,ICE,IFF,INTC,INTU,IP,IPG,IR,IRM,ISRG,ITW,IVZ,JBHT,JCI,JEC,JEF,JNJ,JNPR,JPM,JWN,K,KDP,KEY,KHC,KIM,KLAC,KMB,KMI,KMX,KO,KORS,KR,KSS,KSU,L,LB,LEG,LEN,LH,LLL,LLTC,LLY,LM,LMT,LNC,LOW,LRCX,LUV,LVLT,LYB,M,MA,MAC,MAR,MAS,MAT,MCD,MCHP,MCK,MCO,MDLZ,MDT,MET,MHK,MJN,MKC,MLM,MMC,MMM,MNK,MNST,MO,MON,MOS,MPC,MRK,MRO,MS,MSFT,MSI,MTB,MU,MUR,MYL,NAVI,NBL,NDAQ,NEE,NEM,NFLX,NFX,NI,NKE,NLSN,NOC,NOV,NRG,NSC,NTAP,NTRS,NUE,NVDA,NWL,NWS,NWSA,O,OI,OKE,OMC,ORCL,ORLY,OXY,PAYX,PBCT,PBI,PCAR,PCG,PCL,PCP,PDCO,PEG,PEP,PFE,PFG,PG,PGR,PH,PHM,PKI,PLD,PM,PNC,PNR,PNW,POM,PPG,PPL,PRGO,PRU,PSA,PSX,PVH,PWR,PX,PXD,PYPL,QCOM,QRVO,R,RAI,RCL,REGN,RF,RHI,RHT,RIG,RL,ROK,ROP,ROST,RRC,RSG,RTN,SBUX,SCG,SCHW,SE,SEE,SHW,SIAL,SIG,SJM,SLB,SLG,SNA,SNDK,SNI,SO,SPG,SPGI,SPLS,SRCL,SRE,STI,STJ,STT,STX,STZ,SWK,SWKS,SWN,SYK,SYMC,SYY,T,TAP,TDC,TE,TEL,TGNA,TGT,THC,TIF,TJX,TMK,TMO,TPR,TRIP,TROW,TRV,TSCO,TSN,TSS,TWC,TWX,TXN,TXT,UAA,UAL,UHS,UNH,UNM,UNP,UPS,URBN,URI,USB,UTX,V,VAR,VFC,VIAB,VLO,VMC,VNO,VRSK,VRSN,VRTX,VTR,VZ,WAT,WBA,WDC,WEC,WELL,WFC,WFM,WHR,WM,WMB,WMT,WRK,WU,WY,WYND,WYNN,XEC,XEL,XL,XLNX,XOM,XRAY,XRX,XYL,YUM,ZBH,ZION,ZTS"
2015-11-02,"A,AABA,AAL,AAP,AAPL,ABBV,ABC,ABT,ACN,ADBE,ADI,ADM,ADP,ADS,ADSK,ADT,AEE,AEP,AES,AET,AFL,AGN,AIG,AIV,AIZ,AKAM,ALL,ALLE,ALTR,ALXN,AMAT,AME,AMG,AMGN,AMP,AMT,AMZN,AN,ANDV,ANTM,AON,APA,APC,APD,APH,APTV,ARG,ARNC,ATVI,AVB,AVGO,AVY,AXP,AZO,BA,BAC,BAX,BBBY,BBT,BBY,BCR,BDX,BEN,BF.B,BHGE,BIIB,BK,BKNG,BLK,BLL,BMY,BRCM,BRK.B,BSX,BWA,BXLT,BXP,C,CA,CAG,CAH,CAM,CAT,CB,CBRE,CBS,CCE,CCI,CCL,CELG,CERN,CF,CHK,CHRW,CI,CINF,CL,CLX,CMA,CMCSA,CMCSK,CME,CMG,CMI,CMS,CNP,CNX,COF,COG,COL,COP,COST,CPB,CPGX,CRM,CSCO,CSX,CTAS,CTL,CTSH,CTXS,CVC,CVS,CVX,D,DAL,DD,DE,DFS,DG,DGX,DHI,DHR,DIS,DISCA,DISCK,DLTR,DNB,DO,DOV,DOW,DRI,DTE,DUK,DVA,DVN,DXC,EA,EBAY,ECL,ED,EFX,EIX,EL,EMC,EMN,EMR,ENDP,EOG,EQIX,EQR,EQT,ES,ESRX,ESS,ESV,ETFC,ETN,ETR,EW,EXC,EXPD,EXPE,F,FAST,FB,FCX,FDX,FE,FFIV,FIS,FISV,FITB,FLIR,FLR,FLS,FMC,FOSL,FOX,FOXA,FSLR,FTI,FTR,GAS,GD,GE,GGP,GILD,GIS,GLW,GM,GMCR,GME,GNW,GOOG,GOOGL,GPC,GPS,GRMN,GS,GT,GWW,HAL,HAR,HAS,HBAN,HBI,HCA,HCP,HD,HES,HIG,HOG,HON,HOT,HP,HPE,HPQ,HRB,HRL,HRS,HSIC,HST,HSY,HUM,IBM,ICE,IFF,INTC,INTU,IP,IPG,IR,IRM,ISRG,ITW,IVZ,JBHT,JCI,JEC,JEF,JNJ,JNPR,JPM,JWN,K,KDP,KEY,KHC,KIM,KLAC,KMB,KMI,KMX,KO,KORS,KR,KSS,KSU,L,LB,LEG,LEN,LH,LLL,LLTC,LLY,LM,LMT,LNC,LOW,LRCX,LUV,LVLT,LYB,M,MA,MAC,MAR,MAS,MAT,MCD,MCHP,MCK,MCO,MDLZ,MDT,MET,MHK,MJN,MKC,MLM,MMC,MMM,MNK,MNST,MO,MON,MOS,MPC,MRK,MRO,MS,MSFT,MSI,MTB,MU,MUR,MYL,NAVI,NBL,NDAQ,NEE,NEM,NFLX,NFX,NI,NKE,NLSN,NOC,NOV,NRG,NSC,NTAP,NTRS,NUE,NVDA,NWL,NWS,NWSA,O,OI,OKE,OMC,ORCL,ORLY,OXY,PAYX,PBCT,PBI,PCAR,PCG,PCL,PCP,PDCO,PEG,PEP,PFE,PFG,PG,PGR,PH,PHM,PKI,PLD,PM,PNC,PNR,PNW,POM,PPG,PPL,PRGO,PRU,PSA,PSX,PVH,PWR,PX,PXD,PYPL,QCOM,QRVO,R,RAI,RCL,REGN,RF,RHI,RHT,RIG,RL,ROK,ROP,ROST,RRC,RSG,RTN,SBUX,SCG,SCHW,SE,SEE,SHW,SIAL,SIG,SJM,SLB,SLG,SNA,SNDK,SNI,SO,SPG,SPGI,SPLS,SRCL,SRE,STI,STJ,STT,STX,STZ,SWK,SWKS,SWN,SYK,SYMC,SYY,T,TAP,TDC,TE,TEL,TGNA,TGT,THC,TIF,TJX,TMK,TMO,TPR,TRIP,TROW,TRV,TSCO,TSN,TSS,TWC,TWX,TXN,TXT,UAA,UAL,UHS,UNH,UNM,UNP,UPS,URBN,URI,USB,UTX,V,VAR,VFC,VIAB,VLO,VMC,VNO,VRSK,VRSN,VRTX,VTR,VZ,WAT,WBA,WDC,WEC,WELL,WFC,WFM,WHR,WM,WMB,WMT,WRK,WU,WY,WYND,WYNN,XEC,XEL,XL,XLNX,XOM,XRAY,XRX,XYL,YUM,ZBH,ZION,ZTS"
2015-11-10,"A,AABA,AAL,AAP,AAPL,ABBV,ABC,ABT,ACN,ADBE,ADI,ADM,ADP,ADS,ADSK,ADT,AEE,AEP,AES,AET,AFL,AGN,AIG,AIV,AIZ,AKAM,ALL,ALLE,ALTR,ALXN,AMAT,AME,AMG,AMGN,AMP,AMT,AMZN,AN,ANDV,ANTM,AON,APA,APC,APD,APH,APTV,ARG,ARNC,ATVI,AVB,AVGO,AVY,AXP,AZO,BA,BAC,BAX,BBBY,BBT,BBY,BCR,BDX,BEN,BF.B,BHGE,BIIB,BK,BKNG,BLK,BLL,BMY,BRCM,BRK.B,BSX,BWA,BXLT,BXP,C,CA,CAG,CAH,CAM,CAT,CB,CBRE,CBS,CCE,CCI,CCL,CELG,CERN,CF,CHK,CHRW,CI,CINF,CL,CLX,CMA,CMCSA,CMCSK,CME,CMG,CMI,CMS,CNP,CNX,COF,COG,COL,COP,COST,CPB,CPGX,CRM,CSCO,CSX,CTAS,CTL,CTSH,CTXS,CVC,CVS,CVX,D,DAL,DD,DE,DFS,DG,DGX,DHI,DHR,DIS,DISCA,DISCK,DLTR,DNB,DO,DOV,DOW,DRI,DTE,DUK,DVA,DVN,DXC,EA,EBAY,ECL,ED,EFX,EIX,EL,EMC,EMN,EMR,ENDP,EOG,EQIX,EQR,EQT,ES,ESRX,ESS,ESV,ETFC,ETN,ETR,EW,EXC,EXPD,EXPE,F,FAST,FB,FCPT,FCX,FDX,FE,FFIV,FIS,FISV,FITB,FLIR,FLR,FLS,FMC,FOSL,FOX,FOXA,FSLR,FTI,FTR,GAS,GD,GE,GGP,GILD,GIS,GLW,GM,GMCR,GME,GNW,GOOG,GOOGL,GPC,GPS,GRMN,GS,GT,GWW,HAL,HAR,HAS,HBAN,HBI,HCA,HCP,HD,HES,HIG,HOG,HON,HOT,HP,HPE,HPQ,HRB,HRL,HRS,HSIC,HST,HSY,HUM,IBM,ICE,IFF,INTC,INTU,IP,IPG,IR,IRM,ISRG,ITW,IVZ,JBHT,JCI,JEC,JEF,JNJ,JNPR,JPM,JWN,K,KDP,KEY,KHC,KIM,KLAC,KMB,KMI,KMX,KO,KORS,KR,KSS,KSU,L,LB,LEG,LEN,LH,LLL,LLTC,LLY,LM,LMT,LNC,LOW,LRCX,LUV,LVLT,LYB,M,MA,MAC,MAR,MAS,MAT,MCD,MCHP,MCK,MCO,MDLZ,MDT,MET,MHK,MJN,MKC,MLM,MMC,MMM,MNK,MNST,MO,MON,MOS,MPC,MRK,MRO,MS,MSFT,MSI,MTB,MU,MUR,MYL,NAVI,NBL,NDAQ,NEE,NEM,NFLX,NFX,NI,NKE,NLSN,NOC,NOV,NRG,NSC,NTAP,NTRS,NUE,NVDA,NWL,NWS,NWSA,O,OI,OKE,OMC,ORCL,ORLY,OXY,PAYX,PBCT,PBI,PCAR,PCG,PCL,PCP,PDCO,PEG,PEP,PFE,PFG,PG,PGR,PH,PHM,PKI,PLD,PM,PNC,PNR,PNW,POM,PPG,PPL,PRGO,PRU,PSA,PSX,PVH,PWR,PX,PXD,PYPL,QCOM,QRVO,R,RAI,RCL,REGN,RF,RHI,RHT,RIG,RL,ROK,ROP,ROST,RRC,RSG,RTN,SBUX,SCG,SCHW,SE,SEE,SHW,SIAL,SIG,SJM,SLB,SLG,SNA,SNDK,SNI,SO,SPG,SPGI,SPLS,SRCL,SRE,STI,STJ,STT,STX,STZ,SWK,SWKS,SWN,SYK,SYMC,SYY,T,TAP,TDC,TE,TEL,TGNA,TGT,THC,TIF,TJX,TMK,TMO,TPR,TRIP,TROW,TRV,TSCO,TSN,TSS,TWC,TWX,TXN,TXT,UAA,UAL,UHS,UNH,UNM,UNP,UPS,URBN,URI,USB,UTX,V,VAR,VFC,VIAB,VLO,VMC,VNO,VRSK,VRSN,VRTX,VTR,VZ,WAT,WBA,WDC,WEC,WELL,WFC,WFM,WHR,WM,WMB,WMT,WRK,WU,WY,WYND,WYNN,XEC,XEL,XL,XLNX,XOM,XRAY,XRX,XYL,YUM,ZBH,ZION,ZTS"
2015-11-17,"A,AABA,AAL,AAP,AAPL,ABBV,ABC,ABT,ACN,ADBE,ADI,ADM,ADP,ADS,ADSK,ADT,AEE,AEP,AES,AET,AFL,AGN,AIG,AIV,AIZ,AKAM,ALL,ALLE,ALTR,ALXN,AMAT,AME,AMG,AMGN,AMP,AMT,AMZN,AN,ANDV,ANTM,AON,APA,APC,APD,APH,APTV,ARG,ARNC,ATVI,AVB,AVGO,AVY,AXP,AZO,BA,BAC,BAX,BBBY,BBT,BBY,BCR,BDX,BEN,BF.B,BHGE,BIIB,BK,BKNG,BLK,BLL,BMY,BRCM,BRK.B,BSX,BWA,BXLT,BXP,C,CA,CAG,CAH,CAM,CAT,CB,CBRE,CBS,CCE,CCI,CCL,CELG,CERN,CF,CHK,CHRW,CI,CINF,CL,CLX,CMA,CMCSA,CMCSK,CME,CMG,CMI,CMS,CNP,CNX,COF,COG,COL,COP,COST,CPB,CPGX,CRM,CSCO,CSX,CTAS,CTL,CTSH,CTXS,CVC,CVS,CVX,D,DAL,DD,DE,DFS,DG,DGX,DHI,DHR,DIS,DISCA,DISCK,DLTR,DNB,DO,DOV,DOW,DRI,DTE,DUK,DVA,DVN,DXC,EA,EBAY,ECL,ED,EFX,EIX,EL,EMC,EMN,EMR,ENDP,EOG,EQIX,EQR,EQT,ES,ESRX,ESS,ESV,ETFC,ETN,ETR,EW,EXC,EXPD,EXPE,F,FAST,FB,FCX,FDX,FE,FFIV,FIS,FISV,FITB,FLIR,FLR,FLS,FMC,FOSL,FOX,FOXA,FSLR,FTI,FTR,GAS,GD,GE,GGP,GILD,GIS,GLW,GM,GMCR,GME,GNW,GOOG,GOOGL,GPC,GPS,GRMN,GS,GT,GWW,HAL,HAR,HAS,HBAN,HBI,HCA,HCP,HD,HES,HIG,HOG,HON,HOT,HP,HPE,HPQ,HRB,HRL,HRS,HSIC,HST,HSY,HUM,IBM,ICE,IFF,INTC,INTU,IP,IPG,IR,IRM,ISRG,ITW,IVZ,JBHT,JCI,JEC,JEF,JNJ,JNPR,JPM,JWN,K,KDP,KEY,KHC,KIM,KLAC,KMB,KMI,KMX,KO,KORS,KR,KSS,KSU,L,LB,LEG,LEN,LH,LLL,LLTC,LLY,LM,LMT,LNC,LOW,LRCX,LUV,LVLT,LYB,M,MA,MAC,MAR,MAS,MAT,MCD,MCHP,MCK,MCO,MDLZ,MDT,MET,MHK,MJN,MKC,MLM,MMC,MMM,MNK,MNST,MO,MON,MOS,MPC,MRK,MRO,MS,MSFT,MSI,MTB,MU,MUR,MYL,NAVI,NBL,NDAQ,NEE,NEM,NFLX,NFX,NI,NKE,NLSN,NOC,NOV,NRG,NSC,NTAP,NTRS,NUE,NVDA,NWL,NWS,NWSA,O,OI,OKE,OMC,ORCL,ORLY,OXY,PAYX,PBCT,PBI,PCAR,PCG,PCL,PCP,PDCO,PEG,PEP,PFE,PFG,PG,PGR,PH,PHM,PKI,PLD,PM,PNC,PNR,PNW,POM,PPG,PPL,PRGO,PRU,PSA,PSX,PVH,PWR,PX,PXD,PYPL,QCOM,QRVO,R,RAI,RCL,REGN,RF,RHI,RHT,RIG,RL,ROK,ROP,ROST,RRC,RSG,RTN,SBUX,SCG,SCHW,SE,SEE,SHW,SIAL,SIG,SJM,SLB,SLG,SNA,SNDK,SNI,SO,SPG,SPGI,SPLS,SRCL,SRE,STI,STJ,STT,STX,STZ,SWK,SWKS,SWN,SYK,SYMC,SYY,T,TAP,TDC,TE,TEL,TGNA,TGT,THC,TIF,TJX,TMK,TMO,TPR,TRIP,TROW,TRV,TSCO,TSN,TSS,TWC,TWX,TXN,TXT,UAA,UAL,UHS,UNH,UNM,UNP,UPS,URBN,URI,USB,UTX,V,VAR,VFC,VIAB,VLO,VMC,VNO,VRSK,VRSN,VRTX,VTR,VZ,WAT,WBA,WDC,WEC,WELL,WFC,WFM,WHR,WM,WMB,WMT,WRK,WU,WY,WYND,WYNN,XEC,XEL,XL,XLNX,XOM,XRAY,XRX,XYL,YUM,ZBH,ZION,ZTS"
2015-11-18,"A,AABA,AAL,AAP,AAPL,ABBV,ABC,ABT,ACN,ADBE,ADI,ADM,ADP,ADS,ADSK,ADT,AEE,AEP,AES,AET,AFL,AGN,AIG,AIV,AIZ,AKAM,ALL,ALLE,ALTR,ALXN,AMAT,AME,AMG,AMGN,AMP,AMT,AMZN,AN,ANDV,ANTM,AON,APA,APC,APD,APH,APTV,ARG,ARNC,ATVI,AVB,AVGO,AVY,AXP,AZO,BA,BAC,BAX,BBBY,BBT,BBY,BCR,BDX,BEN,BF.B,BHGE,BIIB,BK,BKNG,BLK,BLL,BMY,BRCM,BRK.B,BSX,BWA,BXLT,BXP,C,CA,CAG,CAH,CAM,CAT,CB,CBRE,CBS,CCE,CCI,CCL,CELG,CERN,CF,CHK,CHRW,CI,CINF,CL,CLX,CMA,CMCSA,CMCSK,CME,CMG,CMI,CMS,CNP,CNX,COF,COG,COL,COP,COST,CPB,CPGX,CRM,CSCO,CSX,CTAS,CTL,CTSH,CTXS,CVC,CVS,CVX,D,DAL,DD,DE,DFS,DG,DGX,DHI,DHR,DIS,DISCA,DISCK,DLTR,DNB,DO,DOV,DOW,DRI,DTE,DUK,DVA,DVN,DXC,EA,EBAY,ECL,ED,EFX,EIX,EL,EMC,EMN,EMR,ENDP,EOG,EQIX,EQR,EQT,ES,ESRX,ESS,ESV,ETFC,ETN,ETR,EW,EXC,EXPD,EXPE,F,FAST,FB,FCX,FDX,FE,FFIV,FIS,FISV,FITB,FLIR,FLR,FLS,FMC,FOSL,FOX,FOXA,FSLR,FTI,FTR,GAS,GD,GE,GGP,GILD,GIS,GLW,GM,GMCR,GME,GOOG,GOOGL,GPC,GPS,GRMN,GS,GT,GWW,HAL,HAR,HAS,HBAN,HBI,HCA,HCP,HD,HES,HIG,HOG,HON,HOT,HP,HPE,HPQ,HRB,HRL,HRS,HSIC,HST,HSY,HUM,IBM,ICE,IFF,INTC,INTU,IP,IPG,IR,IRM,ISRG,ITW,IVZ,JBHT,JCI,JEC,JEF,JNJ,JNPR,JPM,JWN,K,KDP,KEY,KHC,KIM,KLAC,KMB,KMI,KMX,KO,KORS,KR,KSS,KSU,L,LB,LEG,LEN,LH,LLL,LLTC,LLY,LM,LMT,LNC,LOW,LRCX,LUV,LVLT,LYB,M,MA,MAC,MAR,MAS,MAT,MCD,MCHP,MCK,MCO,MDLZ,MDT,MET,MHK,MJN,MKC,MLM,MMC,MMM,MNK,MNST,MO,MON,MOS,MPC,MRK,MRO,MS,MSFT,MSI,MTB,MU,MUR,MYL,NAVI,NBL,NDAQ,NEE,NEM,NFLX,NFX,NI,NKE,NLSN,NOC,NOV,NRG,NSC,NTAP,NTRS,NUE,NVDA,NWL,NWS,NWSA,O,OI,OKE,OMC,ORCL,ORLY,OXY,PAYX,PBCT,PBI,PCAR,PCG,PCL,PCP,PDCO,PEG,PEP,PFE,PFG,PG,PGR,PH,PHM,PKI,PLD,PM,PNC,PNR,PNW,POM,PPG,PPL,PRGO,PRU,PSA,PSX,PVH,PWR,PX,PXD,PYPL,QCOM,QRVO,R,RAI,RCL,REGN,RF,RHI,RHT,RIG,RL,ROK,ROP,ROST,RRC,RSG,RTN,SBUX,SCG,SCHW,SE,SEE,SHW,SIG,SJM,SLB,SLG,SNA,SNDK,SNI,SO,SPG,SPGI,SPLS,SRCL,SRE,STI,STJ,STT,STX,STZ,SWK,SWKS,SWN,SYF,SYK,SYMC,SYY,T,TAP,TDC,TE,TEL,TGNA,TGT,THC,TIF,TJX,TMK,TMO,TPR,TRIP,TROW,TRV,TSCO,TSN,TSS,TWC,TWX,TXN,TXT,UAA,UAL,UHS,UNH,UNM,UNP,UPS,URBN,URI,USB,UTX,V,VAR,VFC,VIAB,VLO,VMC,VNO,VRSK,VRSN,VRTX,VTR,VZ,WAT,WBA,WDC,WEC,WELL,WFC,WFM,WHR,WM,WMB,WMT,WRK,WU,WY,WYND,WYNN,XEC,XEL,XL,XLNX,XOM,XRAY,XRX,XYL,YUM,ZBH,ZION,ZTS"
2015-11-19,"A,AABA,AAL,AAP,AAPL,ABBV,ABC,ABT,ACN,ADBE,ADI,ADM,ADP,ADS,ADSK,ADT,AEE,AEP,AES,AET,AFL,AGN,AIG,AIV,AIZ,AKAM,ALL,ALLE,ALTR,ALXN,AMAT,AME,AMG,AMGN,AMP,AMT,AMZN,AN,ANDV,ANTM,AON,APA,APC,APD,APH,APTV,ARG,ARNC,ATVI,AVB,AVGO,AVY,AXP,AZO,BA,BAC,BAX,BBBY,BBT,BBY,BCR,BDX,BEN,BF.B,BHGE,BIIB,BK,BKNG,BLK,BLL,BMY,BRCM,BRK.B,BSX,BWA,BXLT,BXP,C,CA,CAG,CAH,CAM,CAT,CB,CBRE,CBS,CCE,CCI,CCL,CELG,CERN,CF,CHK,CHRW,CI,CINF,CL,CLX,CMA,CMCSA,CMCSK,CME,CMG,CMI,CMS,CNP,CNX,COF,COG,COL,COP,COST,CPB,CPGX,CRM,CSCO,CSX,CTAS,CTL,CTSH,CTXS,CVC,CVS,CVX,D,DAL,DD,DE,DFS,DG,DGX,DHI,DHR,DIS,DISCA,DISCK,DLTR,DNB,DO,DOV,DOW,DRI,DTE,DUK,DVA,DVN,DXC,EA,EBAY,ECL,ED,EFX,EIX,EL,EMC,EMN,EMR,ENDP,EOG,EQIX,EQR,EQT,ES,ESRX,ESS,ESV,ETFC,ETN,ETR,EW,EXC,EXPD,EXPE,F,FAST,FB,FCX,FDX,FE,FFIV,FIS,FISV,FITB,FLIR,FLR,FLS,FMC,FOSL,FOX,FOXA,FSLR,FTI,FTR,GAS,GD,GE,GGP,GILD,GIS,GLW,GM,GMCR,GME,GOOG,GOOGL,GPC,GPS,GRMN,GS,GT,GWW,HAL,HAR,HAS,HBAN,HBI,HCA,HCP,HD,HES,HIG,HOG,HON,HOT,HP,HPE,HPQ,HRB,HRL,HRS,HSIC,HST,HSY,HUM,IBM,ICE,IFF,ILMN,INTC,INTU,IP,IPG,IR,IRM,ISRG,ITW,IVZ,JBHT,JCI,JEC,JEF,JNJ,JNPR,JPM,JWN,K,KDP,KEY,KHC,KIM,KLAC,KMB,KMI,KMX,KO,KORS,KR,KSS,KSU,L,LB,LEG,LEN,LH,LLL,LLTC,LLY,LM,LMT,LNC,LOW,LRCX,LUV,LVLT,LYB,M,MA,MAC,MAR,MAS,MAT,MCD,MCHP,MCK,MCO,MDLZ,MDT,MET,MHK,MJN,MKC,MLM,MMC,MMM,MNK,MNST,MO,MON,MOS,MPC,MRK,MRO,MS,MSFT,MSI,MTB,MU,MUR,MYL,NAVI,NBL,NDAQ,NEE,NEM,NFLX,NFX,NI,NKE,NLSN,NOC,NOV,NRG,NSC,NTAP,NTRS,NUE,NVDA,NWL,NWS,NWSA,O,OI,OKE,OMC,ORCL,ORLY,OXY,PAYX,PBCT,PBI,PCAR,PCG,PCL,PCP,PDCO,PEG,PEP,PFE,PFG,PG,PGR,PH,PHM,PKI,PLD,PM,PNC,PNR,PNW,POM,PPG,PPL,PRGO,PRU,PSA,PSX,PVH,PWR,PX,PXD,PYPL,QCOM,QRVO,R,RAI,RCL,REGN,RF,RHI,RHT,RIG,RL,ROK,ROP,ROST,RRC,RSG,RTN,SBUX,SCG,SCHW,SE,SEE,SHW,SIG,SJM,SLB,SLG,SNA,SNDK,SNI,SO,SPG,SPGI,SPLS,SRCL,SRE,STI,STJ,STT,STX,STZ,SWK,SWKS,SWN,SYF,SYK,SYMC,SYY,T,TAP,TDC,TE,TEL,TGNA,TGT,THC,TIF,TJX,TMK,TMO,TPR,TRIP,TROW,TRV,TSCO,TSN,TSS,TWC,TWX,TXN,TXT,UAA,UAL,UHS,UNH,UNM,UNP,UPS,URBN,URI,USB,UTX,V,VAR,VFC,VIAB,VLO,VMC,VNO,VRSK,VRSN,VRTX,VTR,VZ,WAT,WBA,WDC,WEC,WELL,WFC,WFM,WHR,WM,WMB,WMT,WRK,WU,WY,WYND,WYNN,XEC,XEL,XL,XLNX,XOM,XRAY,XRX,XYL,YUM,ZBH,ZION,ZTS"
2015-11-30,"A,AABA,AAL,AAP,AAPL,ABBV,ABC,ABT,ACN,ADBE,ADI,ADM,ADP,ADS,ADSK,ADT,AEE,AEP,AES,AET,AFL,AGN,AIG,AIV,AIZ,AKAM,ALL,ALLE,ALTR,ALXN,AMAT,AME,AMG,AMGN,AMP,AMT,AMZN,AN,ANDV,ANTM,AON,APA,APC,APD,APH,APTV,ARG,ARNC,ATVI,AVB,AVGO,AVY,AXP,AZO,BA,BAC,BAX,BBBY,BBT,BBY,BCR,BDX,BEN,BF.B,BHGE,BIIB,BK,BKNG,BLK,BLL,BMY,BRCM,BRK.B,BSX,BWA,BXLT,BXP,C,CA,CAG,CAH,CAM,CAT,CB,CBRE,CBS,CCE,CCI,CCL,CELG,CERN,CF,CHK,CHRW,CI,CINF,CL,CLX,CMA,CMCSA,CMCSK,CME,CMG,CMI,CMS,CNP,CNX,COF,COG,COL,COP,COST,CPB,CPGX,CRM,CSCO,CSRA,CSX,CTAS,CTL,CTSH,CTXS,CVC,CVS,CVX,D,DAL,DD,DE,DFS,DG,DGX,DHI,DHR,DIS,DISCA,DISCK,DLTR,DNB,DO,DOV,DOW,DRI,DTE,DUK,DVA,DVN,DXC,EA,EBAY,ECL,ED,EFX,EIX,EL,EMC,EMN,EMR,ENDP,EOG,EQIX,EQR,EQT,ES,ESRX,ESS,ESV,ETFC,ETN,ETR,EW,EXC,EXPD,EXPE,F,FAST,FB,FCX,FDX,FE,FFIV,FIS,FISV,FITB,FLIR,FLR,FLS,FMC,FOSL,FOX,FOXA,FSLR,FTI,FTR,GAS,GD,GE,GGP,GILD,GIS,GLW,GM,GMCR,GME,GOOG,GOOGL,GPC,GPS,GRMN,GS,GT,GWW,HAL,HAR,HAS,HBAN,HBI,HCA,HCP,HD,HES,HIG,HOG,HON,HOT,HP,HPE,HPQ,HRB,HRL,HRS,HSIC,HST,HSY,HUM,IBM,ICE,IFF,ILMN,INTC,INTU,IP,IPG,IR,IRM,ISRG,ITW,IVZ,JBHT,JCI,JEC,JEF,JNJ,JNPR,JPM,JWN,K,KDP,KEY,KHC,KIM,KLAC,KMB,KMI,KMX,KO,KORS,KR,KSS,KSU,L,LB,LEG,LEN,LH,LLL,LLTC,LLY,LM,LMT,LNC,LOW,LRCX,LUV,LVLT,LYB,M,MA,MAC,MAR,MAS,MAT,MCD,MCHP,MCK,MCO,MDLZ,MDT,MET,MHK,MJN,MKC,MLM,MMC,MMM,MNK,MNST,MO,MON,MOS,MPC,MRK,MRO,MS,MSFT,MSI,MTB,MU,MUR,MYL,NAVI,NBL,NDAQ,NEE,NEM,NFLX,NFX,NI,NKE,NLSN,NOC,NOV,NRG,NSC,NTAP,NTRS,NUE,NVDA,NWL,NWS,NWSA,O,OI,OKE,OMC,ORCL,ORLY,OXY,PAYX,PBCT,PBI,PCAR,PCG,PCL,PCP,PDCO,PEG,PEP,PFE,PFG,PG,PGR,PH,PHM,PKI,PLD,PM,PNC,PNR,PNW,POM,PPG,PPL,PRGO,PRU,PSA,PSX,PVH,PWR,PX,PXD,PYPL,QCOM,QRVO,R,RAI,RCL,REGN,RF,RHI,RHT,RIG,RL,ROK,ROP,ROST,RRC,RSG,RTN,SBUX,SCG,SCHW,SE,SEE,SHW,SIG,SJM,SLB,SLG,SNA,SNDK,SNI,SO,SPG,SPGI,SPLS,SRCL,SRE,STI,STJ,STT,STX,STZ,SWK,SWKS,SWN,SYF,SYK,SYMC,SYY,T,TAP,TDC,TE,TEL,TGNA,TGT,THC,TIF,TJX,TMK,TMO,TPR,TRIP,TROW,TRV,TSCO,TSN,TSS,TWC,TWX,TXN,TXT,UAA,UAL,UHS,UNH,UNM,UNP,UPS,URBN,URI,USB,UTX,V,VAR,VFC,VIAB,VLO,VMC,VNO,VRSK,VRSN,VRTX,VTR,VZ,WAT,WBA,WDC,WEC,WELL,WFC,WFM,WHR,WM,WMB,WMT,WRK,WU,WY,WYND,WYNN,XEC,XEL,XL,XLNX,XOM,XRAY,XRX,XYL,YUM,ZBH,ZION,ZTS"
2015-12-01,"A,AABA,AAL,AAP,AAPL,ABBV,ABC,ABT,ACN,ADBE,ADI,ADM,ADP,ADS,ADSK,ADT,AEE,AEP,AES,AET,AFL,AGN,AIG,AIV,AIZ,AKAM,ALL,ALLE,ALTR,ALXN,AMAT,AME,AMG,AMGN,AMP,AMT,AMZN,AN,ANDV,ANTM,AON,APA,APC,APD,APH,APTV,ARG,ARNC,ATVI,AVB,AVGO,AVY,AXP,AZO,BA,BAC,BAX,BBBY,BBT,BBY,BCR,BDX,BEN,BF.B,BHGE,BIIB,BK,BKNG,BLK,BLL,BMY,BRCM,BRK.B,BSX,BWA,BXLT,BXP,C,CA,CAG,CAH,CAM,CAT,CB,CBRE,CBS,CCE,CCI,CCL,CELG,CERN,CF,CHK,CHRW,CI,CINF,CL,CLX,CMA,CMCSA,CMCSK,CME,CMG,CMI,CMS,CNP,CNX,COF,COG,COL,COP,COST,CPB,CPGX,CRM,CSCO,CSRA,CSX,CTAS,CTL,CTSH,CTXS,CVC,CVS,CVX,D,DAL,DD,DE,DFS,DG,DGX,DHI,DHR,DIS,DISCA,DISCK,DLTR,DNB,DO,DOV,DOW,DRI,DTE,DUK,DVA,DVN,EA,EBAY,ECL,ED,EFX,EIX,EL,EMC,EMN,EMR,ENDP,EOG,EQIX,EQR,EQT,ES,ESRX,ESS,ESV,ETFC,ETN,ETR,EW,EXC,EXPD,EXPE,F,FAST,FB,FCX,FDX,FE,FFIV,FIS,FISV,FITB,FLIR,FLR,FLS,FMC,FOSL,FOX,FOXA,FSLR,FTI,FTR,GAS,GD,GE,GGP,GILD,GIS,GLW,GM,GMCR,GME,GOOG,GOOGL,GPC,GPS,GRMN,GS,GT,GWW,HAL,HAR,HAS,HBAN,HBI,HCA,HCP,HD,HES,HIG,HOG,HON,HOT,HP,HPE,HPQ,HRB,HRL,HRS,HSIC,HST,HSY,HUM,IBM,ICE,IFF,ILMN,INTC,INTU,IP,IPG,IR,IRM,ISRG,ITW,IVZ,JBHT,JCI,JEC,JEF,JNJ,JNPR,JPM,JWN,K,KDP,KEY,KHC,KIM,KLAC,KMB,KMI,KMX,KO,KORS,KR,KSS,KSU,L,LB,LEG,LEN,LH,LLL,LLTC,LLY,LM,LMT,LNC,LOW,LRCX,LUV,LVLT,LYB,M,MA,MAC,MAR,MAS,MAT,MCD,MCHP,MCK,MCO,MDLZ,MDT,MET,MHK,MJN,MKC,MLM,MMC,MMM,MNK,MNST,MO,MON,MOS,MPC,MRK,MRO,MS,MSFT,MSI,MTB,MU,MUR,MYL,NAVI,NBL,NDAQ,NEE,NEM,NFLX,NFX,NI,NKE,NLSN,NOC,NOV,NRG,NSC,NTAP,NTRS,NUE,NVDA,NWL,NWS,NWSA,O,OI,OKE,OMC,ORCL,ORLY,OXY,PAYX,PBCT,PBI,PCAR,PCG,PCL,PCP,PDCO,PEG,PEP,PFE,PFG,PG,PGR,PH,PHM,PKI,PLD,PM,PNC,PNR,PNW,POM,PPG,PPL,PRGO,PRU,PSA,PSX,PVH,PWR,PX,PXD,PYPL,QCOM,QRVO,R,RAI,RCL,REGN,RF,RHI,RHT,RIG,RL,ROK,ROP,ROST,RRC,RSG,RTN,SBUX,SCG,SCHW,SE,SEE,SHW,SIG,SJM,SLB,SLG,SNA,SNDK,SNI,SO,SPG,SPGI,SPLS,SRCL,SRE,STI,STJ,STT,STX,STZ,SWK,SWKS,SWN,SYF,SYK,SYMC,SYY,T,TAP,TDC,TE,TEL,TGNA,TGT,THC,TIF,TJX,TMK,TMO,TPR,TRIP,TROW,TRV,TSCO,TSN,TSS,TWC,TWX,TXN,TXT,UAA,UAL,UHS,UNH,UNM,UNP,UPS,URBN,URI,USB,UTX,V,VAR,VFC,VIAB,VLO,VMC,VNO,VRSK,VRSN,VRTX,VTR,VZ,WAT,WBA,WDC,WEC,WELL,WFC,WFM,WHR,WM,WMB,WMT,WRK,WU,WY,WYND,WYNN,XEC,XEL,XL,XLNX,XOM,XRAY,XRX,XYL,YUM,ZBH,ZION,ZTS"
2015-12-14,"A,AABA,AAL,AAP,AAPL,ABBV,ABC,ABT,ACN,ADBE,ADI,ADM,ADP,ADS,ADSK,ADT,AEE,AEP,AES,AET,AFL,AGN,AIG,AIV,AIZ,AKAM,ALL,ALLE,ALTR,ALXN,AMAT,AME,AMG,AMGN,AMP,AMT,AMZN,AN,ANDV,ANTM,AON,APA,APC,APD,APH,APTV,ARG,ARNC,ATVI,AVB,AVGO,AVY,AXP,AZO,BA,BAC,BAX,BBBY,BBT,BBY,BCR,BDX,BEN,BF.B,BHGE,BIIB,BK,BKNG,BLK,BLL,BMY,BRCM,BRK.B,BSX,BWA,BXLT,BXP,C,CA,CAG,CAH,CAM,CAT,CB,CBRE,CBS,CCE,CCI,CCL,CELG,CERN,CF,CHK,CHRW,CI,CINF,CL,CLX,CMA,CMCSA,CME,CMG,CMI,CMS,CNP,CNX,COF,COG,COL,COP,COST,CPB,CPGX,CRM,CSCO,CSRA,CSX,CTAS,CTL,CTSH,CTXS,CVC,CVS,CVX,D,DAL,DD,DE,DFS,DG,DGX,DHI,DHR,DIS,DISCA,DISCK,DLTR,DNB,DO,DOV,DOW,DRI,DTE,DUK,DVA,DVN,EA,EBAY,ECL,ED,EFX,EIX,EL,EMC,EMN,EMR,ENDP,EOG,EQIX,EQR,EQT,ES,ESRX,ESS,ESV,ETFC,ETN,ETR,EW,EXC,EXPD,EXPE,F,FAST,FB,FCX,FDX,FE,FFIV,FIS,FISV,FITB,FLIR,FLR,FLS,FMC,FOSL,FOX,FOXA,FSLR,FTI,FTR,GAS,GD,GE,GGP,GILD,GIS,GLW,GM,GMCR,GME,GOOG,GOOGL,GPC,GPS,GRMN,GS,GT,GWW,HAL,HAR,HAS,HBAN,HBI,HCA,HCP,HD,HES,HIG,HOG,HON,HOT,HP,HPE,HPQ,HRB,HRL,HRS,HSIC,HST,HSY,HUM,IBM,ICE,IFF,ILMN,INTC,INTU,IP,IPG,IR,IRM,ISRG,ITW,IVZ,JBHT,JCI,JEC,JEF,JNJ,JNPR,JPM,JWN,K,KDP,KEY,KHC,KIM,KLAC,KMB,KMI,KMX,KO,KORS,KR,KSS,KSU,L,LB,LEG,LEN,LH,LLL,LLTC,LLY,LM,LMT,LNC,LOW,LRCX,LUV,LVLT,LYB,M,MA,MAC,MAR,MAS,MAT,MCD,MCHP,MCK,MCO,MDLZ,MDT,MET,MHK,MJN,MKC,MLM,MMC,MMM,MNK,MNST,MO,MON,MOS,MPC,MRK,MRO,MS,MSFT,MSI,MTB,MU,MUR,MYL,NAVI,NBL,NDAQ,NEE,NEM,NFLX,NFX,NI,NKE,NLSN,NOC,NOV,NRG,NSC,NTAP,NTRS,NUE,NVDA,NWL,NWS,NWSA,O,OI,OKE,OMC,ORCL,ORLY,OXY,PAYX,PBCT,PBI,PCAR,PCG,PCL,PCP,PDCO,PEG,PEP,PFE,PFG,PG,PGR,PH,PHM,PKI,PLD,PM,PNC,PNR,PNW,POM,PPG,PPL,PRGO,PRU,PSA,PSX,PVH,PWR,PX,PXD,PYPL,QCOM,QRVO,R,RAI,RCL,REGN,RF,RHI,RHT,RIG,RL,ROK,ROP,ROST,RRC,RSG,RTN,SBUX,SCG,SCHW,SE,SEE,SHW,SIG,SJM,SLB,SLG,SNA,SNDK,SNI,SO,SPG,SPGI,SPLS,SRCL,SRE,STI,STJ,STT,STX,STZ,SWK,SWKS,SWN,SYF,SYK,SYMC,SYY,T,TAP,TDC,TE,TEL,TGNA,TGT,THC,TIF,TJX,TMK,TMO,TPR,TRIP,TROW,TRV,TSCO,TSN,TSS,TWC,TWX,TXN,TXT,UAA,UAL,UHS,UNH,UNM,UNP,UPS,URBN,URI,USB,UTX,V,VAR,VFC,VIAB,VLO,VMC,VNO,VRSK,VRSN,VRTX,VTR,VZ,WAT,WBA,WDC,WEC,WELL,WFC,WFM,WHR,WM,WMB,WMT,WRK,WU,WY,WYND,WYNN,XEC,XEL,XL,XLNX,XOM,XRAY,XRX,XYL,YUM,ZBH,ZION,ZTS"
2015-12-28,"A,AABA,AAL,AAP,AAPL,ABBV,ABC,ABT,ACN,ADBE,ADI,ADM,ADP,ADS,ADSK,ADT,AEE,AEP,AES,AET,AFL,AGN,AIG,AIV,AIZ,AKAM,ALL,ALLE,ALXN,AMAT,AME,AMG,AMGN,AMP,AMT,AMZN,AN,ANDV,ANTM,AON,APA,APC,APD,APH,APTV,ARG,ARNC,ATVI,AVB,AVGO,AVY,AXP,AZO,BA,BAC,BAX,BBBY,BBT,BBY,BCR,BDX,BEN,BF.B,BHGE,BIIB,BK,BKNG,BLK,BLL,BMY,BRCM,BRK.B,BSX,BWA,BXLT,BXP,C,CA,CAG,CAH,CAM,CAT,CB,CBRE,CBS,CCE,CCI,CCL,CELG,CERN,CF,CHK,CHRW,CI,CINF,CL,CLX,CMA,CMCSA,CME,CMG,CMI,CMS,CNP,CNX,COF,COG,COL,COP,COST,CPB,CPGX,CRM,CSCO,CSRA,CSX,CTAS,CTL,CTSH,CTXS,CVC,CVS,CVX,D,DAL,DD,DE,DFS,DG,DGX,DHI,DHR,DIS,DISCA,DISCK,DLTR,DNB,DO,DOV,DOW,DRI,DTE,DUK,DVA,DVN,EA,EBAY,ECL,ED,EFX,EIX,EL,EMC,EMN,EMR,ENDP,EOG,EQIX,EQR,EQT,ES,ESRX,ESS,ESV,ETFC,ETN,ETR,EW,EXC,EXPD,EXPE,F,FAST,FB,FCX,FDX,FE,FFIV,FIS,FISV,FITB,FLIR,FLR,FLS,FMC,FOSL,FOX,FOXA,FSLR,FTI,FTR,GAS,GD,GE,GGP,GILD,GIS,GLW,GM,GMCR,GME,GOOG,GOOGL,GPC,GPS,GRMN,GS,GT,GWW,HAL,HAR,HAS,HBAN,HBI,HCA,HCP,HD,HES,HIG,HOG,HON,HOT,HP,HPE,HPQ,HRB,HRL,HRS,HSIC,HST,HSY,HUM,IBM,ICE,IFF,ILMN,INTC,INTU,IP,IPG,IR,IRM,ISRG,ITW,IVZ,JBHT,JCI,JEC,JEF,JNJ,JNPR,JPM,JWN,K,KDP,KEY,KHC,KIM,KLAC,KMB,KMI,KMX,KO,KORS,KR,KSS,KSU,L,LB,LEG,LEN,LH,LLL,LLTC,LLY,LM,LMT,LNC,LOW,LRCX,LUV,LVLT,LYB,M,MA,MAC,MAR,MAS,MAT,MCD,MCHP,MCK,MCO,MDLZ,MDT,MET,MHK,MJN,MKC,MLM,MMC,MMM,MNK,MNST,MO,MON,MOS,MPC,MRK,MRO,MS,MSFT,MSI,MTB,MU,MUR,MYL,NAVI,NBL,NDAQ,NEE,NEM,NFLX,NFX,NI,NKE,NLSN,NOC,NOV,NRG,NSC,NTAP,NTRS,NUE,NVDA,NWL,NWS,NWSA,O,OI,OKE,OMC,ORCL,ORLY,OXY,PAYX,PBCT,PBI,PCAR,PCG,PCL,PCP,PDCO,PEG,PEP,PFE,PFG,PG,PGR,PH,PHM,PKI,PLD,PM,PNC,PNR,PNW,POM,PPG,PPL,PRGO,PRU,PSA,PSX,PVH,PWR,PX,PXD,PYPL,QCOM,QRVO,R,RAI,RCL,REGN,RF,RHI,RHT,RIG,RL,ROK,ROP,ROST,RRC,RSG,RTN,SBUX,SCG,SCHW,SE,SEE,SHW,SIG,SJM,SLB,SLG,SNA,SNDK,SNI,SO,SPG,SPGI,SPLS,SRCL,SRE,STI,STJ,STT,STX,STZ,SWK,SWKS,SWN,SYF,SYK,SYMC,SYY,T,TAP,TDC,TE,TEL,TGNA,TGT,THC,TIF,TJX,TMK,TMO,TPR,TRIP,TROW,TRV,TSCO,TSN,TSS,TWC,TWX,TXN,TXT,UAA,UAL,UHS,UNH,UNM,UNP,UPS,URBN,URI,USB,UTX,V,VAR,VFC,VIAB,VLO,VMC,VNO,VRSK,VRSN,VRTX,VTR,VZ,WAT,WBA,WDC,WEC,WELL,WFC,WFM,WHR,WM,WMB,WMT,WRK,WU,WY,WYND,WYNN,XEC,XEL,XL,XLNX,XOM,XRAY,XRX,XYL,YUM,ZBH,ZION,ZTS"
2015-12-29,"A,AABA,AAL,AAP,AAPL,ABBV,ABC,ABT,ACN,ADBE,ADI,ADM,ADP,ADS,ADSK,ADT,AEE,AEP,AES,AET,AFL,AGN,AIG,AIV,AIZ,AKAM,ALL,ALLE,ALXN,AMAT,AME,AMG,AMGN,AMP,AMT,AMZN,AN,ANDV,ANTM,AON,APA,APC,APD,APH,APTV,ARG,ARNC,ATVI,AVB,AVGO,AVY,AXP,AZO,BA,BAC,BAX,BBBY,BBT,BBY,BCR,BDX,BEN,BF.B,BHGE,BIIB,BK,BKNG,BLK,BLL,BMY,BRCM,BRK.B,BSX,BWA,BXLT,BXP,C,CA,CAG,CAH,CAM,CAT,CB,CBRE,CBS,CCE,CCI,CCL,CELG,CERN,CF,CHD,CHK,CHRW,CI,CINF,CL,CLX,CMA,CMCSA,CME,CMG,CMI,CMS,CNP,CNX,COF,COG,COL,COP,COST,CPB,CPGX,CRM,CSCO,CSRA,CSX,CTAS,CTL,CTSH,CTXS,CVC,CVS,CVX,D,DAL,DD,DE,DFS,DG,DGX,DHI,DHR,DIS,DISCA,DISCK,DLTR,DNB,DO,DOV,DOW,DRI,DTE,DUK,DVA,DVN,EA,EBAY,ECL,ED,EFX,EIX,EL,EMC,EMN,EMR,ENDP,EOG,EQIX,EQR,EQT,ES,ESRX,ESS,ESV,ETFC,ETN,ETR,EW,EXC,EXPD,EXPE,F,FAST,FB,FCX,FDX,FE,FFIV,FIS,FISV,FITB,FLIR,FLR,FLS,FMC,FOSL,FOX,FOXA,FSLR,FTI,FTR,GAS,GD,GE,GGP,GILD,GIS,GLW,GM,GMCR,GME,GOOG,GOOGL,GPC,GPS,GRMN,GS,GT,GWW,HAL,HAR,HAS,HBAN,HBI,HCA,HCP,HD,HES,HIG,HOG,HON,HOT,HP,HPE,HPQ,HRB,HRL,HRS,HSIC,HST,HSY,HUM,IBM,ICE,IFF,ILMN,INTC,INTU,IP,IPG,IR,IRM,ISRG,ITW,IVZ,JBHT,JCI,JEC,JEF,JNJ,JNPR,JPM,JWN,K,KDP,KEY,KHC,KIM,KLAC,KMB,KMI,KMX,KO,KORS,KR,KSS,KSU,L,LB,LEG,LEN,LH,LLL,LLTC,LLY,LM,LMT,LNC,LOW,LRCX,LUV,LVLT,LYB,M,MA,MAC,MAR,MAS,MAT,MCD,MCHP,MCK,MCO,MDLZ,MDT,MET,MHK,MJN,MKC,MLM,MMC,MMM,MNK,MNST,MO,MON,MOS,MPC,MRK,MRO,MS,MSFT,MSI,MTB,MU,MUR,MYL,NAVI,NBL,NDAQ,NEE,NEM,NFLX,NFX,NI,NKE,NLSN,NOC,NOV,NRG,NSC,NTAP,NTRS,NUE,NVDA,NWL,NWS,NWSA,O,OI,OKE,OMC,ORCL,ORLY,OXY,PAYX,PBCT,PBI,PCAR,PCG,PCL,PCP,PDCO,PEG,PEP,PFE,PFG,PG,PGR,PH,PHM,PKI,PLD,PM,PNC,PNR,PNW,POM,PPG,PPL,PRGO,PRU,PSA,PSX,PVH,PWR,PX,PXD,PYPL,QCOM,QRVO,R,RAI,RCL,REGN,RF,RHI,RHT,RIG,RL,ROK,ROP,ROST,RRC,RSG,RTN,SBUX,SCG,SCHW,SE,SEE,SHW,SIG,SJM,SLB,SLG,SNA,SNDK,SNI,SO,SPG,SPGI,SPLS,SRCL,SRE,STI,STJ,STT,STX,STZ,SWK,SWKS,SWN,SYF,SYK,SYMC,SYY,T,TAP,TDC,TE,TEL,TGNA,TGT,THC,TIF,TJX,TMK,TMO,TPR,TRIP,TROW,TRV,TSCO,TSN,TSS,TWC,TWX,TXN,TXT,UAA,UAL,UHS,UNH,UNM,UNP,UPS,URBN,URI,USB,UTX,V,VAR,VFC,VIAB,VLO,VMC,VNO,VRSK,VRSN,VRTX,VTR,VZ,WAT,WBA,WDC,WEC,WELL,WFC,WFM,WHR,WM,WMB,WMT,WRK,WU,WY,WYND,WYNN,XEC,XEL,XL,XLNX,XOM,XRAY,XRX,XYL,YUM,ZBH,ZION,ZTS"
2016-01-04,"A,AABA,AAL,AAP,AAPL,ABBV,ABC,ABT,ACN,ADBE,ADI,ADM,ADP,ADS,ADSK,ADT,AEE,AEP,AES,AET,AFL,AGN,AIG,AIV,AIZ,AKAM,ALL,ALLE,ALXN,AMAT,AME,AMG,AMGN,AMP,AMT,AMZN,AN,ANDV,ANTM,AON,APA,APC,APD,APH,APTV,ARG,ARNC,ATVI,AVB,AVGO,AVY,AXP,AZO,BA,BAC,BAX,BBBY,BBT,BBY,BCR,BDX,BEN,BF.B,BHGE,BIIB,BK,BKNG,BLK,BLL,BMY,BRCM,BRK.B,BSX,BWA,BXLT,BXP,C,CA,CAG,CAH,CAM,CAT,CB,CBRE,CBS,CCE,CCEP,CCI,CCL,CELG,CERN,CF,CHD,CHK,CHRW,CI,CINF,CL,CLX,CMA,CMCSA,CME,CMG,CMI,CMS,CNP,CNX,COF,COG,COL,COP,COST,CPB,CPGX,CPRI,CRM,CSCO,CSRA,CSX,CTAS,CTL,CTSH,CTXS,CVC,CVS,CVX,D,DAL,DD,DE,DFS,DG,DGX,DHI,DHR,DIS,DISCA,DISCK,DLTR,DNB,DO,DOV,DOW,DRI,DTE,DUK,DVA,DVN,EA,EBAY,ECL,ED,EFX,EIX,EL,EMC,EMN,EMR,ENDP,EOG,EQIX,EQR,EQT,ES,ESRX,ESS,ESV,ETFC,ETN,ETR,EW,EXC,EXPD,EXPE,F,FAST,FB,FCX,FDX,FE,FFIV,FIS,FISV,FITB,FLIR,FLR,FLS,FMC,FOSL,FOX,FOXA,FSLR,FTI,FTR,GAS,GD,GE,GGP,GILD,GIS,GLW,GM,GMCR,GME,GOOG,GOOGL,GPC,GPS,GRMN,GS,GT,GWW,HAL,HAR,HAS,HBAN,HBI,HCA,HCP,HD,HES,HIG,HOG,HON,HOT,HP,HPE,HPQ,HRB,HRL,HRS,HSIC,HST,HSY,HUM,IBM,ICE,IFF,ILMN,INTC,INTU,IP,IPG,IR,IRM,ISRG,ITW,IVZ,JBHT,JCI,JEC,JEF,JNJ,JNPR,JPM,JWN,K,KDP,KEY,KHC,KIM,KLAC,KMB,KMI,KMX,KO,KORS,KR,KSS,KSU,L,LB,LEG,LEN,LH,LLL,LLTC,LLY,LM,LMT,LNC,LOW,LRCX,LUV,LVLT,LYB,M,MA,MAC,MAR,MAS,MAT,MCD,MCHP,MCK,MCO,MDLZ,MDT,MET,MHK,MJN,MKC,MLM,MMC,MMM,MNK,MNST,MO,MON,MOS,MPC,MRK,MRO,MS,MSFT,MSI,MTB,MU,MUR,MYL,NAVI,NBL,NDAQ,NEE,NEM,NFLX,NFX,NI,NKE,NLSN,NOC,NOV,NRG,NSC,NTAP,NTRS,NUE,NVDA,NWL,NWS,NWSA,O,OI,OKE,OMC,ORCL,ORLY,OXY,PAYX,PBCT,PBI,PCAR,PCG,PCL,PCP,PDCO,PEG,PEP,PFE,PFG,PG,PGR,PH,PHM,PKI,PLD,PM,PNC,PNR,PNW,POM,PPG,PPL,PRGO,PRU,PSA,PSX,PVH,PWR,PX,PXD,PYPL,QCOM,QRVO,R,RAI,RCL,REGN,RF,RHI,RHT,RIG,RL,ROK,ROP,ROST,RRC,RSG,RTN,SBUX,SCG,SCHW,SE,SEE,SHW,SIG,SJM,SLB,SLG,SNA,SNDK,SNI,SO,SPG,SPGI,SPLS,SRCL,SRE,STI,STJ,STT,STX,STZ,SWK,SWKS,SWN,SYF,SYK,SYMC,SYY,T,TAP,TDC,TE,TEL,TGNA,TGT,THC,TIF,TJX,TMK,TMO,TPR,TRIP,TROW,TRV,TSCO,TSN,TSS,TWC,TWX,TXN,TXT,UAA,UAL,UHS,UNH,UNM,UNP,UPS,URBN,URI,USB,UTX,V,VAR,VFC,VIAB,VLO,VMC,VNO,VRSK,VRSN,VRTX,VTR,VZ,WAT,WBA,WDC,WEC,WELL,WFC,WFM,WHR,WM,WMB,WMT,WRK,WU,WY,WYND,WYNN,XEC,XEL,XL,XLNX,XOM,XRAY,XRX,XYL,YUM,ZBH,ZION,ZTS"
2016-01-05,"A,AABA,AAL,AAP,AAPL,ABBV,ABC,ABT,ACN,ADBE,ADI,ADM,ADP,ADS,ADSK,ADT,AEE,AEP,AES,AET,AFL,AGN,AIG,AIV,AIZ,AKAM,ALL,ALLE,ALXN,AMAT,AME,AMG,AMGN,AMP,AMT,AMZN,AN,ANDV,ANTM,AON,APA,APC,APD,APH,APTV,ARG,ARNC,ATVI,AVB,AVGO,AVY,AXP,AZO,BA,BAC,BAX,BBBY,BBT,BBY,BCR,BDX,BEN,BF.B,BHGE,BIIB,BK,BKNG,BLK,BLL,BMY,BRCM,BRK.B,BSX,BWA,BXLT,BXP,C,CA,CAG,CAH,CAM,CAT,CB,CBRE,CBS,CCE,CCEP,CCI,CCL,CELG,CERN,CF,CHD,CHK,CHRW,CI,CINF,CL,CLX,CMA,CMCSA,CME,CMG,CMI,CMS,CNP,CNX,COF,COG,COL,COP,COST,CPB,CPGX,CPRI,CRM,CSCO,CSRA,CSX,CTAS,CTL,CTSH,CTXS,CVC,CVS,CVX,D,DAL,DD,DE,DFS,DG,DGX,DHI,DHR,DIS,DISCA,DISCK,DLTR,DNB,DO,DOV,DOW,DRI,DTE,DUK,DVA,DVN,EA,EBAY,ECL,ED,EFX,EIX,EL,EMC,EMN,EMR,ENDP,EOG,EQIX,EQR,EQT,ES,ESRX,ESS,ESV,ETFC,ETN,ETR,EW,EXC,EXPD,EXPE,F,FAST,FB,FCX,FDX,FE,FFIV,FIS,FISV,FITB,FLIR,FLR,FLS,FMC,FOX,FOXA,FSLR,FTI,FTR,GAS,GD,GE,GGP,GILD,GIS,GLW,GM,GMCR,GME,GOOG,GOOGL,GPC,GPS,GRMN,GS,GT,GWW,HAL,HAR,HAS,HBAN,HBI,HCA,HCP,HD,HES,HIG,HOG,HON,HOT,HP,HPE,HPQ,HRB,HRL,HRS,HSIC,HST,HSY,HUM,IBM,ICE,IFF,ILMN,INTC,INTU,IP,IPG,IR,IRM,ISRG,ITW,IVZ,JBHT,JCI,JEC,JEF,JNJ,JNPR,JPM,JWN,K,KDP,KEY,KHC,KIM,KLAC,KMB,KMI,KMX,KO,KORS,KR,KSS,KSU,L,LB,LEG,LEN,LH,LLL,LLTC,LLY,LM,LMT,LNC,LOW,LRCX,LUV,LVLT,LYB,M,MA,MAC,MAR,MAS,MAT,MCD,MCHP,MCK,MCO,MDLZ,MDT,MET,MHK,MJN,MKC,MLM,MMC,MMM,MNK,MNST,MO,MON,MOS,MPC,MRK,MRO,MS,MSFT,MSI,MTB,MU,MUR,MYL,NAVI,NBL,NDAQ,NEE,NEM,NFLX,NFX,NI,NKE,NLSN,NOC,NOV,NRG,NSC,NTAP,NTRS,NUE,NVDA,NWL,NWS,NWSA,O,OI,OKE,OMC,ORCL,ORLY,OXY,PAYX,PBCT,PBI,PCAR,PCG,PCL,PCP,PDCO,PEG,PEP,PFE,PFG,PG,PGR,PH,PHM,PKI,PLD,PM,PNC,PNR,PNW,POM,PPG,PPL,PRGO,PRU,PSA,PSX,PVH,PWR,PX,PXD,PYPL,QCOM,QRVO,R,RAI,RCL,REGN,RF,RHI,RHT,RIG,RL,ROK,ROP,ROST,RRC,RSG,RTN,SBUX,SCG,SCHW,SE,SEE,SHW,SIG,SJM,SLB,SLG,SNA,SNDK,SNI,SO,SPG,SPGI,SPLS,SRCL,SRE,STI,STJ,STT,STX,STZ,SWK,SWKS,SWN,SYF,SYK,SYMC,SYY,T,TAP,TDC,TE,TEL,TGNA,TGT,THC,TIF,TJX,TMK,TMO,TPR,TRIP,TROW,TRV,TSCO,TSN,TSS,TWC,TWX,TXN,TXT,UAA,UAL,UHS,UNH,UNM,UNP,UPS,URBN,URI,USB,UTX,V,VAR,VFC,VIAB,VLO,VMC,VNO,VRSK,VRSN,VRTX,VTR,VZ,WAT,WBA,WDC,WEC,WELL,WFC,WFM,WHR,WLTW,WM,WMB,WMT,WRK,WU,WY,WYND,WYNN,XEC,XEL,XL,XLNX,XOM,XRAY,XRX,XYL,YUM,ZBH,ZION,ZTS"
2016-01-19,"A,AABA,AAL,AAP,AAPL,ABBV,ABC,ABT,ACN,ADBE,ADI,ADM,ADP,ADS,ADSK,ADT,AEE,AEP,AES,AET,AFL,AGN,AIG,AIV,AIZ,AKAM,ALL,ALLE,ALXN,AMAT,AME,AMG,AMGN,AMP,AMT,AMZN,AN,ANDV,ANTM,AON,APA,APC,APD,APH,APTV,ARG,ARNC,ATVI,AVB,AVGO,AVY,AXP,AZO,BA,BAC,BAX,BBBY,BBT,BBY,BCR,BDX,BEN,BF.B,BHGE,BIIB,BK,BKNG,BLK,BLL,BMY,BRCM,BRK.B,BSX,BWA,BXLT,BXP,C,CA,CAG,CAH,CAM,CAT,CB,CBRE,CBS,CCE,CCEP,CCI,CCL,CELG,CERN,CF,CHD,CHK,CHRW,CI,CINF,CL,CLX,CMA,CMCSA,CME,CMG,CMI,CMS,CNP,CNX,COF,COG,COL,COP,COST,CPB,CPGX,CPRI,CRM,CSCO,CSRA,CSX,CTAS,CTL,CTSH,CTXS,CVC,CVS,CVX,D,DAL,DD,DE,DFS,DG,DGX,DHI,DHR,DIS,DISCA,DISCK,DLTR,DNB,DO,DOV,DOW,DRI,DTE,DUK,DVA,DVN,EA,EBAY,ECL,ED,EFX,EIX,EL,EMC,EMN,EMR,ENDP,EOG,EQIX,EQR,EQT,ES,ESRX,ESS,ESV,ETFC,ETN,ETR,EW,EXC,EXPD,EXPE,EXR,F,FAST,FB,FCX,FDX,FE,FFIV,FIS,FISV,FITB,FLIR,FLR,FLS,FMC,FOX,FOXA,FSLR,FTI,FTR,GAS,GD,GE,GGP,GILD,GIS,GLW,GM,GMCR,GME,GOOG,GOOGL,GPC,GPS,GRMN,GS,GT,GWW,HAL,HAR,HAS,HBAN,HBI,HCA,HCP,HD,HES,HIG,HOG,HON,HOT,HP,HPE,HPQ,HRB,HRL,HRS,HSIC,HST,HSY,HUM,IBM,ICE,IFF,ILMN,INTC,INTU,IP,IPG,IR,IRM,ISRG,ITW,IVZ,JBHT,JCI,JEC,JEF,JNJ,JNPR,JPM,JWN,K,KDP,KEY,KHC,KIM,KLAC,KMB,KMI,KMX,KO,KORS,KR,KSS,KSU,L,LB,LEG,LEN,LH,LLL,LLTC,LLY,LM,LMT,LNC,LOW,LRCX,LUV,LVLT,LYB,M,MA,MAC,MAR,MAS,MAT,MCD,MCHP,MCK,MCO,MDLZ,MDT,MET,MHK,MJN,MKC,MLM,MMC,MMM,MNK,MNST,MO,MON,MOS,MPC,MRK,MRO,MS,MSFT,MSI,MTB,MU,MUR,MYL,NAVI,NBL,NDAQ,NEE,NEM,NFLX,NFX,NI,NKE,NLSN,NOC,NOV,NRG,NSC,NTAP,NTRS,NUE,NVDA,NWL,NWS,NWSA,O,OI,OKE,OMC,ORCL,ORLY,OXY,PAYX,PBCT,PBI,PCAR,PCG,PCL,PCP,PDCO,PEG,PEP,PFE,PFG,PG,PGR,PH,PHM,PKI,PLD,PM,PNC,PNR,PNW,POM,PPG,PPL,PRGO,PRU,PSA,PSX,PVH,PWR,PX,PXD,PYPL,QCOM,QRVO,R,RAI,RCL,REGN,RF,RHI,RHT,RIG,RL,ROK,ROP,ROST,RRC,RSG,RTN,SBUX,SCG,SCHW,SE,SEE,SHW,SIG,SJM,SLB,SLG,SNA,SNDK,SNI,SO,SPG,SPGI,SPLS,SRCL,SRE,STI,STJ,STT,STX,STZ,SWK,SWKS,SWN,SYF,SYK,SYMC,SYY,T,TAP,TDC,TE,TEL,TGNA,TGT,THC,TIF,TJX,TMK,TMO,TPR,TRIP,TROW,TRV,TSCO,TSN,TSS,TWC,TWX,TXN,TXT,UAA,UAL,UHS,UNH,UNM,UNP,UPS,URBN,URI,USB,UTX,V,VAR,VFC,VIAB,VLO,VMC,VNO,VRSK,VRSN,VRTX,VTR,VZ,WAT,WBA,WDC,WEC,WELL,WFC,WFM,WHR,WLTW,WM,WMB,WMT,WRK,WU,WY,WYND,WYNN,XEC,XEL,XL,XLNX,XOM,XRAY,XRX,XYL,YUM,ZBH,ZION,ZTS"
2016-02-01,"A,AABA,AAL,AAP,AAPL,ABBV,ABC,ABT,ACN,ADBE,ADI,ADM,ADP,ADS,ADSK,ADT,AEE,AEP,AES,AET,AFL,AGN,AIG,AIV,AIZ,AKAM,ALL,ALLE,ALXN,AMAT,AME,AMG,AMGN,AMP,AMT,AMZN,AN,ANDV,ANTM,AON,APA,APC,APD,APH,APTV,ARG,ARNC,ATVI,AVB,AVGO,AVY,AXP,AZO,BA,BAC,BAX,BBBY,BBT,BBY,BCR,BDX,BEN,BF.B,BHGE,BIIB,BK,BKNG,BLK,BLL,BMY,BRK.B,BSX,BWA,BXLT,BXP,C,CA,CAG,CAH,CAM,CAT,CB,CBRE,CBS,CCE,CCEP,CCI,CCL,CELG,CERN,CF,CFG,CHD,CHK,CHRW,CI,CINF,CL,CLX,CMA,CMCSA,CME,CMG,CMI,CMS,CNP,CNX,COF,COG,COL,COP,COST,CPB,CPGX,CPRI,CRM,CSCO,CSRA,CSX,CTAS,CTL,CTSH,CTXS,CVC,CVS,CVX,D,DAL,DD,DE,DFS,DG,DGX,DHI,DHR,DIS,DISCA,DISCK,DLTR,DNB,DO,DOV,DOW,DRI,DTE,DUK,DVA,DVN,EA,EBAY,ECL,ED,EFX,EIX,EL,EMC,EMN,EMR,ENDP,EOG,EQIX,EQR,EQT,ES,ESRX,ESS,ESV,ETFC,ETN,ETR,EW,EXC,EXPD,EXPE,EXR,F,FAST,FB,FCX,FDX,FE,FFIV,FIS,FISV,FITB,FLIR,FLR,FLS,FMC,FOX,FOXA,FRT,FSLR,FTI,FTR,GAS,GD,GE,GGP,GILD,GIS,GLW,GM,GMCR,GME,GOOG,GOOGL,GPC,GPS,GRMN,GS,GT,GWW,HAL,HAR,HAS,HBAN,HBI,HCA,HCP,HD,HES,HIG,HOG,HON,HOT,HP,HPE,HPQ,HRB,HRL,HRS,HSIC,HST,HSY,HUM,IBM,ICE,IFF,ILMN,INTC,INTU,IP,IPG,IR,IRM,ISRG,ITW,IVZ,JBHT,JCI,JEC,JEF,JNJ,JNPR,JPM,JWN,K,KDP,KEY,KHC,KIM,KLAC,KMB,KMI,KMX,KO,KORS,KR,KSS,KSU,L,LB,LEG,LEN,LH,LLL,LLTC,LLY,LM,LMT,LNC,LOW,LRCX,LUV,LVLT,LYB,M,MA,MAC,MAR,MAS,MAT,MCD,MCHP,MCK,MCO,MDLZ,MDT,MET,MHK,MJN,MKC,MLM,MMC,MMM,MNK,MNST,MO,MON,MOS,MPC,MRK,MRO,MS,MSFT,MSI,MTB,MU,MUR,MYL,NAVI,NBL,NDAQ,NEE,NEM,NFLX,NFX,NI,NKE,NLSN,NOC,NOV,NRG,NSC,NTAP,NTRS,NUE,NVDA,NWL,NWS,NWSA,O,OI,OKE,OMC,ORCL,ORLY,OXY,PAYX,PBCT,PBI,PCAR,PCG,PCL,PDCO,PEG,PEP,PFE,PFG,PG,PGR,PH,PHM,PKI,PLD,PM,PNC,PNR,PNW,POM,PPG,PPL,PRGO,PRU,PSA,PSX,PVH,PWR,PX,PXD,PYPL,QCOM,QRVO,R,RAI,RCL,REGN,RF,RHI,RHT,RIG,RL,ROK,ROP,ROST,RRC,RSG,RTN,SBUX,SCG,SCHW,SE,SEE,SHW,SIG,SJM,SLB,SLG,SNA,SNDK,SNI,SO,SPG,SPGI,SPLS,SRCL,SRE,STI,STJ,STT,STX,STZ,SWK,SWKS,SWN,SYF,SYK,SYMC,SYY,T,TAP,TDC,TE,TEL,TGNA,TGT,THC,TIF,TJX,TMK,TMO,TPR,TRIP,TROW,TRV,TSCO,TSN,TSS,TWC,TWX,TXN,TXT,UAA,UAL,UHS,UNH,UNM,UNP,UPS,URBN,URI,USB,UTX,V,VAR,VFC,VIAB,VLO,VMC,VNO,VRSK,VRSN,VRTX,VTR,VZ,WAT,WBA,WDC,WEC,WELL,WFC,WFM,WHR,WLTW,WM,WMB,WMT,WRK,WU,WY,WYND,WYNN,XEC,XEL,XL,XLNX,XOM,XRAY,XRX,XYL,YUM,ZBH,ZION,ZTS"
2016-02-22,"A,AABA,AAL,AAP,AAPL,ABBV,ABC,ABT,ACN,ADBE,ADI,ADM,ADP,ADS,ADSK,ADT,AEE,AEP,AES,AET,AFL,AGN,AIG,AIV,AIZ,AKAM,ALL,ALLE,ALXN,AMAT,AME,AMG,AMGN,AMP,AMT,AMZN,AN,ANDV,ANTM,AON,APA,APC,APD,APH,APTV,ARG,ARNC,ATVI,AVB,AVGO,AVY,AXP,AZO,BA,BAC,BAX,BBBY,BBT,BBY,BCR,BDX,BEN,BF.B,BHGE,BIIB,BK,BKNG,BLK,BLL,BMY,BRK.B,BSX,BWA,BXLT,BXP,C,CA,CAG,CAH,CAM,CAT,CB,CBRE,CBS,CCE,CCEP,CCI,CCL,CELG,CERN,CF,CFG,CHD,CHK,CHRW,CI,CINF,CL,CLX,CMA,CMCSA,CME,CMG,CMI,CMS,CNP,CNX,COF,COG,COL,COP,COST,CPB,CPGX,CPRI,CRM,CSCO,CSRA,CSX,CTAS,CTL,CTSH,CTXS,CVC,CVS,CVX,CXO,D,DAL,DD,DE,DFS,DG,DGX,DHI,DHR,DIS,DISCA,DISCK,DLTR,DNB,DO,DOV,DOW,DRI,DTE,DUK,DVA,DVN,EA,EBAY,ECL,ED,EFX,EIX,EL,EMC,EMN,EMR,ENDP,EOG,EQIX,EQR,EQT,ES,ESRX,ESS,ESV,ETFC,ETN,ETR,EW,EXC,EXPD,EXPE,EXR,F,FAST,FB,FCX,FDX,FE,FFIV,FIS,FISV,FITB,FLIR,FLR,FLS,FMC,FOX,FOXA,FRT,FSLR,FTI,FTR,GAS,GD,GE,GGP,GILD,GIS,GLW,GM,GMCR,GME,GOOG,GOOGL,GPC,GPS,GRMN,GS,GT,GWW,HAL,HAR,HAS,HBAN,HBI,HCA,HCP,HD,HES,HIG,HOG,HON,HOT,HP,HPE,HPQ,HRB,HRL,HRS,HSIC,HST,HSY,HUM,IBM,ICE,IFF,ILMN,INTC,INTU,IP,IPG,IR,IRM,ISRG,ITW,IVZ,JBHT,JCI,JEC,JEF,JNJ,JNPR,JPM,JWN,K,KDP,KEY,KHC,KIM,KLAC,KMB,KMI,KMX,KO,KORS,KR,KSS,KSU,L,LB,LEG,LEN,LH,LLL,LLTC,LLY,LM,LMT,LNC,LOW,LRCX,LUV,LVLT,LYB,M,MA,MAC,MAR,MAS,MAT,MCD,MCHP,MCK,MCO,MDLZ,MDT,MET,MHK,MJN,MKC,MLM,MMC,MMM,MNK,MNST,MO,MON,MOS,MPC,MRK,MRO,MS,MSFT,MSI,MTB,MU,MUR,MYL,NAVI,NBL,NDAQ,NEE,NEM,NFLX,NFX,NI,NKE,NLSN,NOC,NOV,NRG,NSC,NTAP,NTRS,NUE,NVDA,NWL,NWS,NWSA,O,OI,OKE,OMC,ORCL,ORLY,OXY,PAYX,PBCT,PBI,PCAR,PCG,PDCO,PEG,PEP,PFE,PFG,PG,PGR,PH,PHM,PKI,PLD,PM,PNC,PNR,PNW,POM,PPG,PPL,PRGO,PRU,PSA,PSX,PVH,PWR,PX,PXD,PYPL,QCOM,QRVO,R,RAI,RCL,REGN,RF,RHI,RHT,RIG,RL,ROK,ROP,ROST,RRC,RSG,RTN,SBUX,SCG,SCHW,SE,SEE,SHW,SIG,SJM,SLB,SLG,SNA,SNDK,SNI,SO,SPG,SPGI,SPLS,SRCL,SRE,STI,STJ,STT,STX,STZ,SWK,SWKS,SWN,SYF,SYK,SYMC,SYY,T,TAP,TDC,TE,TEL,TGNA,TGT,THC,TIF,TJX,TMK,TMO,TPR,TRIP,TROW,TRV,TSCO,TSN,TSS,TWC,TWX,TXN,TXT,UAA,UAL,UHS,UNH,UNM,UNP,UPS,URBN,URI,USB,UTX,V,VAR,VFC,VIAB,VLO,VMC,VNO,VRSK,VRSN,VRTX,VTR,VZ,WAT,WBA,WDC,WEC,WELL,WFC,WFM,WHR,WLTW,WM,WMB,WMT,WRK,WU,WY,WYND,WYNN,XEC,XEL,XL,XLNX,XOM,XRAY,XRX,XYL,YUM,ZBH,ZION,ZTS"
2016-03-03,"A,AABA,AAL,AAP,AAPL,ABBV,ABC,ABT,ACN,ADBE,ADI,ADM,ADP,ADS,ADSK,ADT,AEE,AEP,AES,AET,AFL,AGN,AIG,AIV,AIZ,AKAM,ALL,ALLE,ALXN,AMAT,AME,AMG,AMGN,AMP,AMT,AMZN,AN,ANDV,ANTM,AON,APA,APC,APD,APH,APTV,ARG,ARNC,ATVI,AVB,AVGO,AVY,AXP,AZO,BA,BAC,BAX,BBBY,BBT,BBY,BCR,BDX,BEN,BF.B,BHGE,BIIB,BK,BKNG,BLK,BLL,BMY,BRK.B,BSX,BWA,BXLT,BXP,C,CA,CAG,CAH,CAM,CAT,CB,CBRE,CBS,CCE,CCEP,CCI,CCL,CELG,CERN,CF,CFG,CHD,CHK,CHRW,CI,CINF,CL,CLX,CMA,CMCSA,CME,CMG,CMI,CMS,CNP,CNX,COF,COG,COL,COP,COST,CPB,CPGX,CPRI,CRM,CSCO,CSRA,CSX,CTAS,CTL,CTSH,CTXS,CVC,CVS,CVX,CXO,D,DAL,DD,DE,DFS,DG,DGX,DHI,DHR,DIS,DISCA,DISCK,DLTR,DNB,DO,DOV,DOW,DRI,DTE,DUK,DVA,DVN,EA,EBAY,ECL,ED,EFX,EIX,EL,EMC,EMN,EMR,ENDP,EOG,EQIX,EQR,EQT,ES,ESRX,ESS,ESV,ETFC,ETN,ETR,EW,EXC,EXPD,EXPE,EXR,F,FAST,FB,FCX,FDX,FE,FFIV,FIS,FISV,FITB,FLIR,FLR,FLS,FMC,FOX,FOXA,FRT,FSLR,FTI,FTR,GAS,GD,GE,GGP,GILD,GIS,GLW,GM,GME,GOOG,GOOGL,GPC,GPS,GRMN,GS,GT,GWW,HAL,HAR,HAS,HBAN,HBI,HCA,HCP,HD,HES,HIG,HOG,HON,HOT,HP,HPE,HPQ,HRB,HRL,HRS,HSIC,HST,HSY,HUM,IBM,ICE,IFF,ILMN,INTC,INTU,IP,IPG,IR,IRM,ISRG,ITW,IVZ,JBHT,JCI,JEC,JEF,JNJ,JNPR,JPM,JWN,K,KDP,KEY,KHC,KIM,KLAC,KMB,KMI,KMX,KO,KORS,KR,KSS,KSU,L,LB,LEG,LEN,LH,LLL,LLTC,LLY,LM,LMT,LNC,LOW,LRCX,LUV,LVLT,LYB,M,MA,MAC,MAR,MAS,MAT,MCD,MCHP,MCK,MCO,MDLZ,MDT,MET,MHK,MJN,MKC,MLM,MMC,MMM,MNK,MNST,MO,MON,MOS,MPC,MRK,MRO,MS,MSFT,MSI,MTB,MU,MUR,MYL,NAVI,NBL,NDAQ,NEE,NEM,NFLX,NFX,NI,NKE,NLSN,NOC,NOV,NRG,NSC,NTAP,NTRS,NUE,NVDA,NWL,NWS,NWSA,O,OI,OKE,OMC,ORCL,ORLY,OXY,PAYX,PBCT,PBI,PCAR,PCG,PDCO,PEG,PEP,PFE,PFG,PG,PGR,PH,PHM,PKI,PLD,PM,PNC,PNR,PNW,POM,PPG,PPL,PRGO,PRU,PSA,PSX,PVH,PWR,PX,PXD,PYPL,QCOM,QRVO,R,RAI,RCL,REGN,RF,RHI,RHT,RIG,RL,ROK,ROP,ROST,RRC,RSG,RTN,SBUX,SCG,SCHW,SE,SEE,SHW,SIG,SJM,SLB,SLG,SNA,SNDK,SNI,SO,SPG,SPGI,SPLS,SRCL,SRE,STI,STJ,STT,STX,STZ,SWK,SWKS,SWN,SYF,SYK,SYMC,SYY,T,TAP,TDC,TE,TEL,TGNA,TGT,THC,TIF,TJX,TMK,TMO,TPR,TRIP,TROW,TRV,TSCO,TSN,TSS,TWC,TWX,TXN,TXT,UAA,UAL,UHS,UNH,UNM,UNP,UPS,URBN,URI,USB,UTX,V,VAR,VFC,VIAB,VLO,VMC,VNO,VRSK,VRSN,VRTX,VTR,VZ,WAT,WBA,WDC,WEC,WELL,WFC,WFM,WHR,WLTW,WM,WMB,WMT,WRK,WU,WY,WYND,WYNN,XEC,XEL,XL,XLNX,XOM,XRAY,XRX,XYL,YUM,ZBH,ZION,ZTS"
2016-03-04,"A,AABA,AAL,AAP,AAPL,ABBV,ABC,ABT,ACN,ADBE,ADI,ADM,ADP,ADS,ADSK,ADT,AEE,AEP,AES,AET,AFL,AGN,AIG,AIV,AIZ,AKAM,ALL,ALLE,ALXN,AMAT,AME,AMG,AMGN,AMP,AMT,AMZN,AN,ANDV,ANTM,AON,APA,APC,APD,APH,APTV,ARG,ARNC,ATVI,AVB,AVGO,AVY,AWK,AXP,AZO,BA,BAC,BAX,BBBY,BBT,BBY,BCR,BDX,BEN,BF.B,BHGE,BIIB,BK,BKNG,BLK,BLL,BMY,BRK.B,BSX,BWA,BXLT,BXP,C,CA,CAG,CAH,CAM,CAT,CB,CBRE,CBS,CCE,CCEP,CCI,CCL,CELG,CERN,CF,CFG,CHD,CHK,CHRW,CI,CINF,CL,CLX,CMA,CMCSA,CME,CMG,CMI,CMS,CNP,COF,COG,COL,COP,COST,CPB,CPGX,CPRI,CRM,CSCO,CSRA,CSX,CTAS,CTL,CTSH,CTXS,CVC,CVS,CVX,CXO,D,DAL,DD,DE,DFS,DG,DGX,DHI,DHR,DIS,DISCA,DISCK,DLTR,DNB,DO,DOV,DOW,DRI,DTE,DUK,DVA,DVN,EA,EBAY,ECL,ED,EFX,EIX,EL,EMC,EMN,EMR,ENDP,EOG,EQIX,EQR,EQT,ES,ESRX,ESS,ESV,ETFC,ETN,ETR,EW,EXC,EXPD,EXPE,EXR,F,FAST,FB,FCX,FDX,FE,FFIV,FIS,FISV,FITB,FLIR,FLR,FLS,FMC,FOX,FOXA,FRT,FSLR,FTI,FTR,GAS,GD,GE,GGP,GILD,GIS,GLW,GM,GME,GOOG,GOOGL,GPC,GPS,GRMN,GS,GT,GWW,HAL,HAR,HAS,HBAN,HBI,HCA,HCP,HD,HES,HIG,HOG,HON,HOT,HP,HPE,HPQ,HRB,HRL,HRS,HSIC,HST,HSY,HUM,IBM,ICE,IFF,ILMN,INTC,INTU,IP,IPG,IR,IRM,ISRG,ITW,IVZ,JBHT,JCI,JEC,JEF,JNJ,JNPR,JPM,JWN,K,KDP,KEY,KHC,KIM,KLAC,KMB,KMI,KMX,KO,KORS,KR,KSS,KSU,L,LB,LEG,LEN,LH,LLL,LLTC,LLY,LM,LMT,LNC,LOW,LRCX,LUV,LVLT,LYB,M,MA,MAC,MAR,MAS,MAT,MCD,MCHP,MCK,MCO,MDLZ,MDT,MET,MHK,MJN,MKC,MLM,MMC,MMM,MNK,MNST,MO,MON,MOS,MPC,MRK,MRO,MS,MSFT,MSI,MTB,MU,MUR,MYL,NAVI,NBL,NDAQ,NEE,NEM,NFLX,NFX,NI,NKE,NLSN,NOC,NOV,NRG,NSC,NTAP,NTRS,NUE,NVDA,NWL,NWS,NWSA,O,OI,OKE,OMC,ORCL,ORLY,OXY,PAYX,PBCT,PBI,PCAR,PCG,PDCO,PEG,PEP,PFE,PFG,PG,PGR,PH,PHM,PKI,PLD,PM,PNC,PNR,PNW,POM,PPG,PPL,PRGO,PRU,PSA,PSX,PVH,PWR,PX,PXD,PYPL,QCOM,QRVO,R,RAI,RCL,REGN,RF,RHI,RHT,RIG,RL,ROK,ROP,ROST,RRC,RSG,RTN,SBUX,SCG,SCHW,SE,SEE,SHW,SIG,SJM,SLB,SLG,SNA,SNDK,SNI,SO,SPG,SPGI,SPLS,SRCL,SRE,STI,STJ,STT,STX,STZ,SWK,SWKS,SWN,SYF,SYK,SYMC,SYY,T,TAP,TDC,TE,TEL,TGNA,TGT,THC,TIF,TJX,TMK,TMO,TPR,TRIP,TROW,TRV,TSCO,TSN,TSS,TWC,TWX,TXN,TXT,UAA,UAL,UHS,UNH,UNM,UNP,UPS,URBN,URI,USB,UTX,V,VAR,VFC,VIAB,VLO,VMC,VNO,VRSK,VRSN,VRTX,VTR,VZ,WAT,WBA,WDC,WEC,WELL,WFC,WFM,WHR,WLTW,WM,WMB,WMT,WRK,WU,WY,WYND,WYNN,XEC,XEL,XL,XLNX,XOM,XRAY,XRX,XYL,YUM,ZBH,ZION,ZTS"
2016-03-07,"A,AABA,AAL,AAP,AAPL,ABBV,ABC,ABT,ACN,ADBE,ADI,ADM,ADP,ADS,ADSK,ADT,AEE,AEP,AES,AET,AFL,AGN,AIG,AIV,AIZ,AKAM,ALL,ALLE,ALXN,AMAT,AME,AMG,AMGN,AMP,AMT,AMZN,AN,ANDV,ANTM,AON,APA,APC,APD,APH,APTV,ARG,ARNC,ATVI,AVB,AVGO,AVY,AWK,AXP,AZO,BA,BAC,BAX,BBBY,BBT,BBY,BCR,BDX,BEN,BF.B,BHGE,BIIB,BK,BKNG,BLK,BLL,BMY,BRK.B,BSX,BWA,BXLT,BXP,C,CA,CAG,CAH,CAM,CAT,CB,CBRE,CBS,CCE,CCEP,CCI,CCL,CELG,CERN,CF,CFG,CHD,CHK,CHRW,CI,CINF,CL,CLX,CMA,CMCSA,CME,CMG,CMI,CMS,CNP,COF,COG,COL,COP,COST,CPB,CPGX,CPRI,CRM,CSCO,CSRA,CSX,CTAS,CTL,CTSH,CTXS,CVC,CVS,CVX,CXO,D,DAL,DD,DE,DFS,DG,DGX,DHI,DHR,DIS,DISCA,DISCK,DLTR,DNB,DO,DOV,DOW,DRI,DTE,DUK,DVA,DVN,EA,EBAY,ECL,ED,EFX,EIX,EL,EMC,EMN,EMR,ENDP,EOG,EQIX,EQR,EQT,ES,ESRX,ESS,ESV,ETFC,ETN,ETR,EW,EXC,EXPD,EXPE,EXR,F,FAST,FB,FCX,FDX,FE,FFIV,FIS,FISV,FITB,FLIR,FLR,FLS,FMC,FOX,FOXA,FRT,FSLR,FTI,FTR,GAS,GD,GE,GGP,GILD,GIS,GLW,GM,GME,GOOG,GOOGL,GPC,GPS,GRMN,GS,GT,GWW,HAL,HAR,HAS,HBAN,HBI,HCA,HCP,HD,HES,HIG,HOG,HON,HOT,HP,HPE,HPQ,HRB,HRL,HRS,HSIC,HST,HSY,HUM,IBM,ICE,IFF,ILMN,INTC,INTU,IP,IPG,IR,IRM,ISRG,ITW,IVZ,JBHT,JCI,JEC,JEF,JNJ,JNPR,JPM,JWN,K,KDP,KEY,KHC,KIM,KLAC,KMB,KMI,KMX,KO,KORS,KR,KSS,KSU,L,LB,LEG,LEN,LH,LLL,LLTC,LLY,LM,LMT,LNC,LOW,LRCX,LUV,LVLT,LYB,M,MA,MAC,MAR,MAS,MAT,MCD,MCHP,MCK,MCO,MDLZ,MDT,MET,MHK,MJN,MKC,MLM,MMC,MMM,MNK,MNST,MO,MON,MOS,MPC,MRK,MRO,MS,MSFT,MSI,MTB,MU,MUR,MYL,NAVI,NBL,NDAQ,NEE,NEM,NFLX,NFX,NI,NKE,NLSN,NOC,NOV,NRG,NSC,NTAP,NTRS,NUE,NVDA,NWL,NWS,NWSA,O,OI,OKE,OMC,ORCL,ORLY,OXY,PAYX,PBCT,PBI,PCAR,PCG,PDCO,PEG,PEP,PFE,PFG,PG,PGR,PH,PHM,PKI,PLD,PM,PNC,PNR,PNW,POM,PPG,PPL,PRGO,PRU,PSA,PSX,PVH,PWR,PX,PXD,PYPL,QCOM,QRVO,R,RAI,RCL,REGN,RF,RHI,RHT,RIG,RL,ROK,ROP,ROST,RRC,RSG,RTN,SBUX,SCG,SCHW,SE,SEE,SHW,SIG,SJM,SLB,SLG,SNA,SNDK,SNI,SO,SPG,SPGI,SPLS,SRCL,SRE,STI,STJ,STT,STX,STZ,SWK,SWKS,SWN,SYF,SYK,SYMC,SYY,T,TAP,TDC,TE,TEL,TGNA,TGT,THC,TIF,TJX,TMK,TMO,TPR,TRIP,TROW,TRV,TSCO,TSN,TSS,TWC,TWX,TXN,TXT,UAA,UAL,UDR,UHS,UNH,UNM,UNP,UPS,URBN,URI,USB,UTX,V,VAR,VFC,VIAB,VLO,VMC,VNO,VRSK,VRSN,VRTX,VTR,VZ,WAT,WBA,WDC,WEC,WELL,WFC,WFM,WHR,WLTW,WM,WMB,WMT,WRK,WU,WY,WYND,WYNN,XEC,XEL,XL,XLNX,XOM,XRAY,XRX,XYL,YUM,ZBH,ZION,ZTS"
2016-03-24,"A,AABA,AAL,AAP,AAPL,ABBV,ABC,ABT,ACN,ADBE,ADI,ADM,ADP,ADS,ADSK,ADT,AEE,AEP,AES,AET,AFL,AGN,AIG,AIV,AIZ,AKAM,ALL,ALLE,ALXN,AMAT,AME,AMG,AMGN,AMP,AMT,AMZN,AN,ANDV,ANTM,AON,APA,APC,APD,APH,APTV,ARG,ARNC,ATVI,AVB,AVGO,AVY,AWK,AXP,AZO,BA,BAC,BAX,BBBY,BBT,BBY,BCR,BDX,BEN,BF.B,BHGE,BIIB,BK,BKNG,BLK,BLL,BMY,BRK.B,BSX,BWA,BXLT,BXP,C,CA,CAG,CAH,CAM,CAT,CB,CBRE,CBS,CCE,CCEP,CCI,CCL,CELG,CERN,CF,CFG,CHD,CHK,CHRW,CI,CINF,CL,CLX,CMA,CMCSA,CME,CMG,CMI,CMS,CNP,COF,COG,COL,COP,COST,CPB,CPGX,CPRI,CRM,CSCO,CSRA,CSX,CTAS,CTL,CTSH,CTXS,CVC,CVS,CVX,CXO,D,DAL,DD,DE,DFS,DG,DGX,DHI,DHR,DIS,DISCA,DISCK,DLTR,DNB,DO,DOV,DOW,DRI,DTE,DUK,DVA,DVN,EA,EBAY,ECL,ED,EFX,EIX,EL,EMC,EMN,EMR,ENDP,EOG,EQIX,EQR,EQT,ES,ESRX,ESS,ESV,ETFC,ETN,ETR,EW,EXC,EXPD,EXPE,EXR,F,FAST,FB,FCX,FDX,FE,FFIV,FIS,FISV,FITB,FLIR,FLR,FLS,FMC,FOX,FOXA,FRT,FSLR,FTI,FTR,GAS,GD,GE,GGP,GILD,GIS,GLW,GM,GME,GOOG,GOOGL,GPC,GPS,GRMN,GS,GT,GWW,HAL,HAR,HAS,HBAN,HBI,HCA,HCP,HD,HES,HIG,HOG,HON,HOT,HP,HPE,HPQ,HRB,HRL,HRS,HSIC,HST,HSY,HUM,IBM,ICE,IFF,ILMN,INTC,INTU,IP,IPG,IR,IRM,ISRG,ITW,IVZ,JBHT,JCI,JEC,JEF,JNJ,JNPR,JPM,JWN,K,KDP,KEY,KHC,KIM,KLAC,KMB,KMI,KMX,KO,KORS,KR,KSS,KSU,L,LB,LEG,LEN,LH,LLL,LLTC,LLY,LM,LMT,LNC,LOW,LRCX,LUV,LVLT,LYB,M,MA,MAC,MAR,MAS,MAT,MCD,MCHP,MCK,MCO,MDLZ,MDT,MET,MHK,MJN,MKC,MLM,MMC,MMM,MNK,MNST,MO,MON,MOS,MPC,MRK,MRO,MS,MSFT,MSI,MTB,MU,MUR,MYL,NAVI,NBL,NDAQ,NEE,NEM,NFLX,NFX,NI,NKE,NLSN,NOC,NOV,NRG,NSC,NTAP,NTRS,NUE,NVDA,NWL,NWS,NWSA,O,OI,OKE,OMC,ORCL,ORLY,OXY,PAYX,PBCT,PBI,PCAR,PCG,PDCO,PEG,PEP,PFE,PFG,PG,PGR,PH,PHM,PKI,PLD,PM,PNC,PNR,PNW,PPG,PPL,PRGO,PRU,PSA,PSX,PVH,PWR,PX,PXD,PYPL,QCOM,QRVO,R,RAI,RCL,REGN,RF,RHI,RHT,RIG,RL,ROK,ROP,ROST,RRC,RSG,RTN,SBUX,SCG,SCHW,SE,SEE,SHW,SIG,SJM,SLB,SLG,SNA,SNDK,SNI,SO,SPG,SPGI,SPLS,SRCL,SRE,STI,STJ,STT,STX,STZ,SWK,SWKS,SWN,SYF,SYK,SYMC,SYY,T,TAP,TDC,TE,TEL,TGNA,TGT,THC,TIF,TJX,TMK,TMO,TPR,TRIP,TROW,TRV,TSCO,TSN,TSS,TWC,TWX,TXN,TXT,UAA,UAL,UDR,UHS,UNH,UNM,UNP,UPS,URBN,URI,USB,UTX,V,VAR,VFC,VIAB,VLO,VMC,VNO,VRSK,VRSN,VRTX,VTR,VZ,WAT,WBA,WDC,WEC,WELL,WFC,WFM,WHR,WLTW,WM,WMB,WMT,WRK,WU,WY,WYND,WYNN,XEC,XEL,XL,XLNX,XOM,XRAY,XRX,XYL,YUM,ZBH,ZION,ZTS"
2016-03-30,"A,AABA,AAL,AAP,AAPL,ABBV,ABC,ABT,ACN,ADBE,ADI,ADM,ADP,ADS,ADSK,ADT,AEE,AEP,AES,AET,AFL,AGN,AIG,AIV,AIZ,AKAM,ALL,ALLE,ALXN,AMAT,AME,AMG,AMGN,AMP,AMT,AMZN,AN,ANDV,ANTM,AON,APA,APC,APD,APH,APTV,ARG,ARNC,ATVI,AVB,AVGO,AVY,AWK,AXP,AZO,BA,BAC,BAX,BBBY,BBT,BBY,BCR,BDX,BEN,BF.B,BHGE,BIIB,BK,BKNG,BLK,BLL,BMY,BRK.B,BSX,BWA,BXLT,BXP,C,CA,CAG,CAH,CAM,CAT,CB,CBRE,CBS,CCE,CCEP,CCI,CCL,CELG,CERN,CF,CFG,CHD,CHK,CHRW,CI,CINF,CL,CLX,CMA,CMCSA,CME,CMG,CMI,CMS,CNC,CNP,COF,COG,COL,COP,COST,CPB,CPGX,CPRI,CRM,CSCO,CSRA,CSX,CTAS,CTL,CTSH,CTXS,CVC,CVS,CVX,CXO,D,DAL,DD,DE,DFS,DG,DGX,DHI,DHR,DIS,DISCA,DISCK,DLTR,DNB,DO,DOV,DOW,DRI,DTE,DUK,DVA,DVN,EA,EBAY,ECL,ED,EFX,EIX,EL,EMC,EMN,EMR,ENDP,EOG,EQIX,EQR,EQT,ES,ESRX,ESS,ETFC,ETN,ETR,EW,EXC,EXPD,EXPE,EXR,F,FAST,FB,FCX,FDX,FE,FFIV,FIS,FISV,FITB,FLIR,FLR,FLS,FMC,FOX,FOXA,FRT,FSLR,FTI,FTR,GAS,GD,GE,GGP,GILD,GIS,GLW,GM,GME,GOOG,GOOGL,GPC,GPS,GRMN,GS,GT,GWW,HAL,HAR,HAS,HBAN,HBI,HCA,HCP,HD,HES,HIG,HOG,HOLX,HON,HOT,HP,HPE,HPQ,HRB,HRL,HRS,HSIC,HST,HSY,HUM,IBM,ICE,IFF,ILMN,INTC,INTU,IP,IPG,IR,IRM,ISRG,ITW,IVZ,JBHT,JCI,JEC,JEF,JNJ,JNPR,JPM,JWN,K,KDP,KEY,KHC,KIM,KLAC,KMB,KMI,KMX,KO,KORS,KR,KSS,KSU,L,LB,LEG,LEN,LH,LLL,LLTC,LLY,LM,LMT,LNC,LOW,LRCX,LUV,LVLT,LYB,M,MA,MAC,MAR,MAS,MAT,MCD,MCHP,MCK,MCO,MDLZ,MDT,MET,MHK,MJN,MKC,MLM,MMC,MMM,MNK,MNST,MO,MON,MOS,MPC,MRK,MRO,MS,MSFT,MSI,MTB,MU,MUR,MYL,NAVI,NBL,NDAQ,NEE,NEM,NFLX,NFX,NI,NKE,NLSN,NOC,NOV,NRG,NSC,NTAP,NTRS,NUE,NVDA,NWL,NWS,NWSA,O,OI,OKE,OMC,ORCL,ORLY,OXY,PAYX,PBCT,PBI,PCAR,PCG,PDCO,PEG,PEP,PFE,PFG,PG,PGR,PH,PHM,PKI,PLD,PM,PNC,PNR,PNW,PPG,PPL,PRGO,PRU,PSA,PSX,PVH,PWR,PX,PXD,PYPL,QCOM,QRVO,R,RAI,RCL,REGN,RF,RHI,RHT,RIG,RL,ROK,ROP,ROST,RRC,RSG,RTN,SBUX,SCG,SCHW,SE,SEE,SHW,SIG,SJM,SLB,SLG,SNA,SNDK,SNI,SO,SPG,SPGI,SPLS,SRCL,SRE,STI,STJ,STT,STX,STZ,SWK,SWKS,SWN,SYF,SYK,SYMC,SYY,T,TAP,TDC,TE,TEL,TGNA,TGT,THC,TIF,TJX,TMK,TMO,TPR,TRIP,TROW,TRV,TSCO,TSN,TSS,TWC,TWX,TXN,TXT,UAA,UAL,UDR,UHS,UNH,UNM,UNP,UPS,URBN,URI,USB,UTX,V,VAR,VFC,VIAB,VLO,VMC,VNO,VRSK,VRSN,VRTX,VTR,VZ,WAT,WBA,WDC,WEC,WELL,WFC,WFM,WHR,WLTW,WM,WMB,WMT,WRK,WU,WY,WYND,WYNN,XEC,XEL,XL,XLNX,XOM,XRAY,XRX,XYL,YUM,ZBH,ZION,ZTS"
2016-04-04,"A,AABA,AAL,AAP,AAPL,ABBV,ABC,ABT,ACN,ADBE,ADI,ADM,ADP,ADS,ADSK,ADT,AEE,AEP,AES,AET,AFL,AGN,AIG,AIV,AIZ,AKAM,ALL,ALLE,ALXN,AMAT,AME,AMG,AMGN,AMP,AMT,AMZN,AN,ANDV,ANTM,AON,APA,APC,APD,APH,APTV,ARG,ARNC,ATVI,AVB,AVGO,AVY,AWK,AXP,AZO,BA,BAC,BAX,BBBY,BBT,BBY,BCR,BDX,BEN,BF.B,BHGE,BIIB,BK,BKNG,BLK,BLL,BMY,BRK.B,BSX,BWA,BXLT,BXP,C,CA,CAG,CAH,CAT,CB,CBRE,CBS,CCE,CCEP,CCI,CCL,CELG,CERN,CF,CFG,CHD,CHK,CHRW,CI,CINF,CL,CLX,CMA,CMCSA,CME,CMG,CMI,CMS,CNC,CNP,COF,COG,COL,COP,COST,CPB,CPGX,CPRI,CRM,CSCO,CSRA,CSX,CTAS,CTL,CTSH,CTXS,CVC,CVS,CVX,CXO,D,DAL,DD,DE,DFS,DG,DGX,DHI,DHR,DIS,DISCA,DISCK,DLTR,DNB,DO,DOV,DOW,DRI,DTE,DUK,DVA,DVN,EA,EBAY,ECL,ED,EFX,EIX,EL,EMC,EMN,EMR,ENDP,EOG,EQIX,EQR,EQT,ES,ESRX,ESS,ETFC,ETN,ETR,EW,EXC,EXPD,EXPE,EXR,F,FAST,FB,FCX,FDX,FE,FFIV,FIS,FISV,FITB,FL,FLIR,FLR,FLS,FMC,FOX,FOXA,FRT,FSLR,FTI,FTR,GAS,GD,GE,GGP,GILD,GIS,GLW,GM,GME,GOOG,GOOGL,GPC,GPS,GRMN,GS,GT,GWW,HAL,HAR,HAS,HBAN,HBI,HCA,HCP,HD,HES,HIG,HOG,HOLX,HON,HOT,HP,HPE,HPQ,HRB,HRL,HRS,HSIC,HST,HSY,HUM,IBM,ICE,IFF,ILMN,INTC,INTU,IP,IPG,IR,IRM,ISRG,ITW,IVZ,JBHT,JCI,JEC,JEF,JNJ,JNPR,JPM,JWN,K,KDP,KEY,KHC,KIM,KLAC,KMB,KMI,KMX,KO,KORS,KR,KSS,KSU,L,LB,LEG,LEN,LH,LLL,LLTC,LLY,LM,LMT,LNC,LOW,LRCX,LUV,LVLT,LYB,M,MA,MAC,MAR,MAS,MAT,MCD,MCHP,MCK,MCO,MDLZ,MDT,MET,MHK,MJN,MKC,MLM,MMC,MMM,MNK,MNST,MO,MON,MOS,MPC,MRK,MRO,MS,MSFT,MSI,MTB,MU,MUR,MYL,NAVI,NBL,NDAQ,NEE,NEM,NFLX,NFX,NI,NKE,NLSN,NOC,NOV,NRG,NSC,NTAP,NTRS,NUE,NVDA,NWL,NWS,NWSA,O,OI,OKE,OMC,ORCL,ORLY,OXY,PAYX,PBCT,PBI,PCAR,PCG,PDCO,PEG,PEP,PFE,PFG,PG,PGR,PH,PHM,PKI,PLD,PM,PNC,PNR,PNW,PPG,PPL,PRGO,PRU,PSA,PSX,PVH,PWR,PX,PXD,PYPL,QCOM,QRVO,R,RAI,RCL,REGN,RF,RHI,RHT,RIG,RL,ROK,ROP,ROST,RRC,RSG,RTN,SBUX,SCG,SCHW,SE,SEE,SHW,SIG,SJM,SLB,SLG,SNA,SNDK,SNI,SO,SPG,SPGI,SPLS,SRCL,SRE,STI,STJ,STT,STX,STZ,SWK,SWKS,SWN,SYF,SYK,SYMC,SYY,T,TAP,TDC,TE,TEL,TGNA,TGT,THC,TIF,TJX,TMK,TMO,TPR,TRIP,TROW,TRV,TSCO,TSN,TSS,TWC,TWX,TXN,TXT,UAA,UAL,UDR,UHS,UNH,UNM,UNP,UPS,URBN,URI,USB,UTX,V,VAR,VFC,VIAB,VLO,VMC,VNO,VRSK,VRSN,VRTX,VTR,VZ,WAT,WBA,WDC,WEC,WELL,WFC,WFM,WHR,WLTW,WM,WMB,WMT,WRK,WU,WY,WYND,WYNN,XEC,XEL,XL,XLNX,XOM,XRAY,XRX,XYL,YUM,ZBH,ZION,ZTS"
2016-04-08,"A,AABA,AAL,AAP,AAPL,ABBV,ABC,ABT,ACN,ADBE,ADI,ADM,ADP,ADS,ADSK,ADT,AEE,AEP,AES,AET,AFL,AGN,AIG,AIV,AIZ,AKAM,ALL,ALLE,ALXN,AMAT,AME,AMG,AMGN,AMP,AMT,AMZN,AN,ANDV,ANTM,AON,APA,APC,APD,APH,APTV,ARG,ARNC,ATVI,AVB,AVGO,AVY,AWK,AXP,AZO,BA,BAC,BAX,BBBY,BBT,BBY,BCR,BDX,BEN,BF.B,BHGE,BIIB,BK,BKNG,BLK,BLL,BMY,BRK.B,BSX,BWA,BXLT,BXP,C,CA,CAG,CAH,CAT,CB,CBRE,CBS,CCE,CCEP,CCI,CCL,CELG,CERN,CF,CFG,CHD,CHK,CHRW,CI,CINF,CL,CLX,CMA,CMCSA,CME,CMG,CMI,CMS,CNC,CNP,COF,COG,COL,COP,COST,CPB,CPGX,CPRI,CRM,CSCO,CSRA,CSX,CTAS,CTL,CTSH,CTXS,CVC,CVS,CVX,CXO,D,DAL,DD,DE,DFS,DG,DGX,DHI,DHR,DIS,DISCA,DISCK,DLTR,DNB,DO,DOV,DOW,DRI,DTE,DUK,DVA,DVN,EA,EBAY,ECL,ED,EFX,EIX,EL,EMC,EMN,EMR,ENDP,EOG,EQIX,EQR,EQT,ES,ESRX,ESS,ETFC,ETN,ETR,EW,EXC,EXPD,EXPE,EXR,F,FAST,FB,FCX,FDX,FE,FFIV,FIS,FISV,FITB,FL,FLIR,FLR,FLS,FMC,FOX,FOXA,FRT,FSLR,FTI,FTR,GAS,GD,GE,GGP,GILD,GIS,GLW,GM,GME,GOOG,GOOGL,GPC,GPS,GRMN,GS,GT,GWW,HAL,HAR,HAS,HBAN,HBI,HCA,HCP,HD,HES,HIG,HOG,HOLX,HON,HOT,HP,HPE,HPQ,HRB,HRL,HRS,HSIC,HST,HSY,HUM,IBM,ICE,IFF,ILMN,INTC,INTU,IP,IPG,IR,IRM,ISRG,ITW,IVZ,JBHT,JCI,JEC,JEF,JNJ,JNPR,JPM,JWN,K,KDP,KEY,KHC,KIM,KLAC,KMB,KMI,KMX,KO,KORS,KR,KSS,KSU,L,LB,LEG,LEN,LH,LLL,LLTC,LLY,LM,LMT,LNC,LOW,LRCX,LUV,LVLT,LYB,M,MA,MAC,MAR,MAS,MAT,MCD,MCHP,MCK,MCO,MDLZ,MDT,MET,MHK,MJN,MKC,MLM,MMC,MMM,MNK,MNST,MO,MON,MOS,MPC,MRK,MRO,MS,MSFT,MSI,MTB,MU,MUR,MYL,NAVI,NBL,NDAQ,NEE,NEM,NFLX,NFX,NI,NKE,NLSN,NOC,NOV,NRG,NSC,NTAP,NTRS,NUE,NVDA,NWL,NWS,NWSA,O,OI,OKE,OMC,ORCL,ORLY,OXY,PAYX,PBCT,PBI,PCAR,PCG,PDCO,PEG,PEP,PFE,PFG,PG,PGR,PH,PHM,PKI,PLD,PM,PNC,PNR,PNW,PPG,PPL,PRGO,PRU,PSA,PSX,PVH,PWR,PX,PXD,PYPL,QCOM,QRVO,R,RAI,RCL,REGN,RF,RHI,RHT,RIG,RL,ROK,ROP,ROST,RRC,RSG,RTN,SBUX,SCG,SCHW,SE,SEE,SHW,SIG,SJM,SLB,SLG,SNA,SNDK,SNI,SO,SPG,SPGI,SPLS,SRCL,SRE,STI,STJ,STT,STX,STZ,SWK,SWKS,SWN,SYF,SYK,SYMC,SYY,T,TAP,TDC,TE,TEL,TGNA,TGT,THC,TIF,TJX,TMK,TMO,TPR,TRIP,TROW,TRV,TSCO,TSN,TSS,TWC,TWX,TXN,TXT,UA,UAA,UAL,UDR,UHS,UNH,UNM,UNP,UPS,URBN,URI,USB,UTX,V,VAR,VFC,VIAB,VLO,VMC,VNO,VRSK,VRSN,VRTX,VTR,VZ,WAT,WBA,WDC,WEC,WELL,WFC,WFM,WHR,WLTW,WM,WMB,WMT,WRK,WU,WY,WYND,WYNN,XEC,XEL,XL,XLNX,XOM,XRAY,XRX,XYL,YUM,ZBH,ZION,ZTS"
2016-04-18,"A,AABA,AAL,AAP,AAPL,ABBV,ABC,ABT,ACN,ADBE,ADI,ADM,ADP,ADS,ADSK,ADT,AEE,AEP,AES,AET,AFL,AGN,AIG,AIV,AIZ,AKAM,ALL,ALLE,ALXN,AMAT,AME,AMG,AMGN,AMP,AMT,AMZN,AN,ANDV,ANTM,AON,APA,APC,APD,APH,APTV,ARG,ARNC,ATVI,AVB,AVGO,AVY,AWK,AXP,AZO,BA,BAC,BAX,BBBY,BBT,BBY,BCR,BDX,BEN,BF.B,BHGE,BIIB,BK,BKNG,BLK,BLL,BMY,BRK.B,BSX,BWA,BXLT,BXP,C,CA,CAG,CAH,CAT,CB,CBRE,CBS,CCE,CCEP,CCI,CCL,CELG,CERN,CF,CFG,CHD,CHK,CHRW,CI,CINF,CL,CLX,CMA,CMCSA,CME,CMG,CMI,CMS,CNC,CNP,COF,COG,COL,COP,COST,CPB,CPGX,CPRI,CRM,CSCO,CSRA,CSX,CTAS,CTL,CTSH,CTXS,CVC,CVS,CVX,CXO,D,DAL,DD,DE,DFS,DG,DGX,DHI,DHR,DIS,DISCA,DISCK,DLTR,DNB,DO,DOV,DOW,DRI,DTE,DUK,DVA,DVN,EA,EBAY,ECL,ED,EFX,EIX,EL,EMC,EMN,EMR,ENDP,EOG,EQIX,EQR,EQT,ES,ESRX,ESS,ETFC,ETN,ETR,EW,EXC,EXPD,EXPE,EXR,F,FAST,FB,FCX,FDX,FE,FFIV,FIS,FISV,FITB,FL,FLIR,FLR,FLS,FMC,FOX,FOXA,FRT,FSLR,FTI,FTR,GAS,GD,GE,GGP,GILD,GIS,GLW,GM,GME,GOOG,GOOGL,GPC,GPS,GRMN,GS,GT,GWW,HAL,HAR,HAS,HBAN,HBI,HCA,HCP,HD,HES,HIG,HOG,HOLX,HON,HOT,HP,HPE,HPQ,HRB,HRL,HRS,HSIC,HST,HSY,HUM,IBM,ICE,IFF,ILMN,INTC,INTU,IP,IPG,IR,IRM,ISRG,ITW,IVZ,JBHT,JCI,JEC,JEF,JNJ,JNPR,JPM,JWN,K,KDP,KEY,KHC,KIM,KLAC,KMB,KMI,KMX,KO,KORS,KR,KSS,KSU,L,LB,LEG,LEN,LH,LLL,LLTC,LLY,LM,LMT,LNC,LOW,LRCX,LUV,LVLT,LYB,M,MA,MAC,MAR,MAS,MAT,MCD,MCHP,MCK,MCO,MDLZ,MDT,MET,MHK,MJN,MKC,MLM,MMC,MMM,MNK,MNST,MO,MON,MOS,MPC,MRK,MRO,MS,MSFT,MSI,MTB,MU,MUR,MYL,NAVI,NBL,NDAQ,NEE,NEM,NFLX,NFX,NI,NKE,NLSN,NOC,NOV,NRG,NSC,NTAP,NTRS,NUE,NVDA,NWL,NWS,NWSA,O,OI,OKE,OMC,ORCL,ORLY,OXY,PAYX,PBCT,PBI,PCAR,PCG,PDCO,PEG,PEP,PFE,PFG,PG,PGR,PH,PHM,PKI,PLD,PM,PNC,PNR,PNW,PPG,PPL,PRGO,PRU,PSA,PSX,PVH,PWR,PX,PXD,PYPL,QCOM,QRVO,R,RAI,RCL,REGN,RF,RHI,RHT,RIG,RL,ROK,ROP,ROST,RRC,RSG,RTN,SBUX,SCG,SCHW,SE,SEE,SHW,SIG,SJM,SLB,SLG,SNA,SNDK,SNI,SO,SPG,SPGI,SPLS,SRCL,SRE,STI,STJ,STT,STX,STZ,SWK,SWKS,SWN,SYF,SYK,SYMC,SYY,T,TAP,TDC,TE,TEL,TGNA,TGT,TIF,TJX,TMK,TMO,TPR,TRIP,TROW,TRV,TSCO,TSN,TSS,TWC,TWX,TXN,TXT,UA,UAA,UAL,UDR,UHS,ULTA,UNH,UNM,UNP,UPS,URBN,URI,USB,UTX,V,VAR,VFC,VIAB,VLO,VMC,VNO,VRSK,VRSN,VRTX,VTR,VZ,WAT,WBA,WDC,WEC,WELL,WFC,WFM,WHR,WLTW,WM,WMB,WMT,WRK,WU,WY,WYND,WYNN,XEC,XEL,XL,XLNX,XOM,XRAY,XRX,XYL,YUM,ZBH,ZION,ZTS"
2016-04-25,"A,AABA,AAL,AAP,AAPL,ABBV,ABC,ABT,ACN,ADBE,ADI,ADM,ADP,ADS,ADSK,ADT,AEE,AEP,AES,AET,AFL,AGN,AIG,AIV,AIZ,AKAM,ALL,ALLE,ALXN,AMAT,AME,AMG,AMGN,AMP,AMT,AMZN,AN,ANDV,ANTM,AON,APA,APC,APD,APH,APTV,ARG,ARNC,ATVI,AVB,AVGO,AVY,AWK,AXP,AZO,BA,BAC,BAX,BBBY,BBT,BBY,BCR,BDX,BEN,BF.B,BHGE,BIIB,BK,BKNG,BLK,BLL,BMY,BRK.B,BSX,BWA,BXLT,BXP,C,CA,CAG,CAH,CAT,CB,CBRE,CBS,CCE,CCEP,CCI,CCL,CELG,CERN,CF,CFG,CHD,CHK,CHRW,CI,CINF,CL,CLX,CMA,CMCSA,CME,CMG,CMI,CMS,CNC,CNP,COF,COG,COL,COP,COST,CPB,CPGX,CPRI,CRM,CSCO,CSRA,CSX,CTAS,CTL,CTSH,CTXS,CVC,CVS,CVX,CXO,D,DAL,DD,DE,DFS,DG,DGX,DHI,DHR,DIS,DISCA,DISCK,DLTR,DNB,DO,DOV,DOW,DRI,DTE,DUK,DVA,DVN,EA,EBAY,ECL,ED,EFX,EIX,EL,EMC,EMN,EMR,ENDP,EOG,EQIX,EQR,EQT,ES,ESRX,ESS,ETFC,ETN,ETR,EW,EXC,EXPD,EXPE,EXR,F,FAST,FB,FCX,FDX,FE,FFIV,FIS,FISV,FITB,FL,FLIR,FLR,FLS,FMC,FOX,FOXA,FRT,FSLR,FTI,FTR,GAS,GD,GE,GGP,GILD,GIS,GLW,GM,GOOG,GOOGL,GPC,GPN,GPS,GRMN,GS,GT,GWW,HAL,HAR,HAS,HBAN,HBI,HCA,HCP,HD,HES,HIG,HOG,HOLX,HON,HOT,HP,HPE,HPQ,HRB,HRL,HRS,HSIC,HST,HSY,HUM,IBM,ICE,IFF,ILMN,INTC,INTU,IP,IPG,IR,IRM,ISRG,ITW,IVZ,JBHT,JCI,JEC,JEF,JNJ,JNPR,JPM,JWN,K,KDP,KEY,KHC,KIM,KLAC,KMB,KMI,KMX,KO,KORS,KR,KSS,KSU,L,LB,LEG,LEN,LH,LLL,LLTC,LLY,LM,LMT,LNC,LOW,LRCX,LUV,LVLT,LYB,M,MA,MAC,MAR,MAS,MAT,MCD,MCHP,MCK,MCO,MDLZ,MDT,MET,MHK,MJN,MKC,MLM,MMC,MMM,MNK,MNST,MO,MON,MOS,MPC,MRK,MRO,MS,MSFT,MSI,MTB,MU,MUR,MYL,NAVI,NBL,NDAQ,NEE,NEM,NFLX,NFX,NI,NKE,NLSN,NOC,NOV,NRG,NSC,NTAP,NTRS,NUE,NVDA,NWL,NWS,NWSA,O,OI,OKE,OMC,ORCL,ORLY,OXY,PAYX,PBCT,PBI,PCAR,PCG,PDCO,PEG,PEP,PFE,PFG,PG,PGR,PH,PHM,PKI,PLD,PM,PNC,PNR,PNW,PPG,PPL,PRGO,PRU,PSA,PSX,PVH,PWR,PX,PXD,PYPL,QCOM,QRVO,R,RAI,RCL,REGN,RF,RHI,RHT,RIG,RL,ROK,ROP,ROST,RRC,RSG,RTN,SBUX,SCG,SCHW,SE,SEE,SHW,SIG,SJM,SLB,SLG,SNA,SNDK,SNI,SO,SPG,SPGI,SPLS,SRCL,SRE,STI,STJ,STT,STX,STZ,SWK,SWKS,SWN,SYF,SYK,SYMC,SYY,T,TAP,TDC,TE,TEL,TGNA,TGT,TIF,TJX,TMK,TMO,TPR,TRIP,TROW,TRV,TSCO,TSN,TSS,TWC,TWX,TXN,TXT,UA,UAA,UAL,UDR,UHS,ULTA,UNH,UNM,UNP,UPS,URBN,URI,USB,UTX,V,VAR,VFC,VIAB,VLO,VMC,VNO,VRSK,VRSN,VRTX,VTR,VZ,WAT,WBA,WDC,WEC,WELL,WFC,WFM,WHR,WLTW,WM,WMB,WMT,WRK,WU,WY,WYND,WYNN,XEC,XEL,XL,XLNX,XOM,XRAY,XRX,XYL,YUM,ZBH,ZION,ZTS"
2016-05-02,"A,AABA,AAL,AAP,AAPL,ABBV,ABC,ABT,ACN,ADBE,ADI,ADM,ADP,ADS,ADSK,AEE,AEP,AES,AET,AFL,AGN,AIG,AIV,AIZ,AKAM,ALL,ALLE,ALXN,AMAT,AME,AMG,AMGN,AMP,AMT,AMZN,AN,ANDV,ANTM,AON,APA,APC,APD,APH,APTV,ARG,ARNC,ATVI,AVB,AVGO,AVY,AWK,AXP,AZO,BA,BAC,BAX,BBBY,BBT,BBY,BCR,BDX,BEN,BF.B,BHGE,BIIB,BK,BKNG,BLK,BLL,BMY,BRK.B,BSX,BWA,BXLT,BXP,C,CA,CAG,CAH,CAT,CB,CBRE,CBS,CCE,CCEP,CCI,CCL,CELG,CERN,CF,CFG,CHD,CHK,CHRW,CI,CINF,CL,CLX,CMA,CMCSA,CME,CMG,CMI,CMS,CNC,CNP,COF,COG,COL,COP,COST,CPB,CPGX,CPRI,CRM,CSCO,CSRA,CSX,CTAS,CTL,CTSH,CTXS,CVC,CVS,CVX,CXO,D,DAL,DD,DE,DFS,DG,DGX,DHI,DHR,DIS,DISCA,DISCK,DLTR,DNB,DO,DOV,DOW,DRI,DTE,DUK,DVA,DVN,EA,EBAY,ECL,ED,EFX,EIX,EL,EMC,EMN,EMR,ENDP,EOG,EQIX,EQR,EQT,ES,ESRX,ESS,ETFC,ETN,ETR,EW,EXC,EXPD,EXPE,EXR,F,FAST,FB,FCX,FDX,FE,FFIV,FIS,FISV,FITB,FL,FLIR,FLR,FLS,FMC,FOX,FOXA,FRT,FSLR,FTI,FTR,GAS,GD,GE,GGP,GILD,GIS,GLW,GM,GOOG,GOOGL,GPC,GPN,GPS,GRMN,GS,GT,GWW,HAL,HAR,HAS,HBAN,HBI,HCA,HCP,HD,HES,HIG,HOG,HOLX,HON,HOT,HP,HPE,HPQ,HRB,HRL,HRS,HSIC,HST,HSY,HUM,IBM,ICE,IFF,ILMN,INTC,INTU,IP,IPG,IR,IRM,ISRG,ITW,IVZ,JBHT,JCI,JEC,JEF,JNJ,JNPR,JPM,JWN,K,KDP,KEY,KHC,KIM,KLAC,KMB,KMI,KMX,KO,KORS,KR,KSS,KSU,L,LB,LEG,LEN,LH,LLL,LLTC,LLY,LM,LMT,LNC,LOW,LRCX,LUV,LVLT,LYB,M,MA,MAC,MAR,MAS,MAT,MCD,MCHP,MCK,MCO,MDLZ,MDT,MET,MHK,MJN,MKC,MLM,MMC,MMM,MNK,MNST,MO,MON,MOS,MPC,MRK,MRO,MS,MSFT,MSI,MTB,MU,MUR,MYL,NAVI,NBL,NDAQ,NEE,NEM,NFLX,NFX,NI,NKE,NLSN,NOC,NOV,NRG,NSC,NTAP,NTRS,NUE,NVDA,NWL,NWS,NWSA,O,OI,OKE,OMC,ORCL,ORLY,OXY,PAYX,PBCT,PBI,PCAR,PCG,PDCO,PEG,PEP,PFE,PFG,PG,PGR,PH,PHM,PKI,PLD,PM,PNC,PNR,PNW,PPG,PPL,PRGO,PRU,PSA,PSX,PVH,PWR,PX,PXD,PYPL,QCOM,QRVO,R,RAI,RCL,REGN,RF,RHI,RHT,RIG,RL,ROK,ROP,ROST,RRC,RSG,RTN,SBUX,SCG,SCHW,SE,SEE,SHW,SIG,SJM,SLB,SLG,SNA,SNDK,SNI,SO,SPG,SPGI,SPLS,SRCL,SRE,STI,STJ,STT,STX,STZ,SWK,SWKS,SWN,SYF,SYK,SYMC,SYY,T,TAP,TDC,TE,TEL,TGNA,TGT,TIF,TJX,TMK,TMO,TPR,TRIP,TROW,TRV,TSCO,TSN,TSS,TWC,TWX,TXN,TXT,UA,UAA,UAL,UDR,UHS,ULTA,UNH,UNM,UNP,UPS,URBN,URI,USB,UTX,V,VAR,VFC,VIAB,VLO,VMC,VNO,VRSK,VRSN,VRTX,VTR,VZ,WAT,WBA,WDC,WEC,WELL,WFC,WFM,WHR,WLTW,WM,WMB,WMT,WRK,WU,WY,WYND,WYNN,XEC,XEL,XL,XLNX,XOM,XRAY,XRX,XYL,YUM,ZBH,ZION,ZTS"
2016-05-03,"A,AABA,AAL,AAP,AAPL,ABBV,ABC,ABT,ACN,ADBE,ADI,ADM,ADP,ADS,ADSK,AEE,AEP,AES,AET,AFL,AGN,AIG,AIV,AIZ,AKAM,ALL,ALLE,ALXN,AMAT,AME,AMG,AMGN,AMP,AMT,AMZN,AN,ANDV,ANTM,AON,APA,APC,APD,APH,APTV,ARG,ARNC,ATVI,AVB,AVGO,AVY,AWK,AXP,AYI,AZO,BA,BAC,BAX,BBBY,BBT,BBY,BCR,BDX,BEN,BF.B,BHGE,BIIB,BK,BKNG,BLK,BLL,BMY,BRK.B,BSX,BWA,BXLT,BXP,C,CA,CAG,CAH,CAT,CB,CBRE,CBS,CCE,CCEP,CCI,CCL,CELG,CERN,CF,CFG,CHD,CHK,CHRW,CI,CINF,CL,CLX,CMA,CMCSA,CME,CMG,CMI,CMS,CNC,CNP,COF,COG,COL,COP,COST,CPB,CPGX,CPRI,CRM,CSCO,CSRA,CSX,CTAS,CTL,CTSH,CTXS,CVC,CVS,CVX,CXO,D,DAL,DD,DE,DFS,DG,DGX,DHI,DHR,DIS,DISCA,DISCK,DLTR,DNB,DO,DOV,DOW,DRI,DTE,DUK,DVA,DVN,EA,EBAY,ECL,ED,EFX,EIX,EL,EMC,EMN,EMR,ENDP,EOG,EQIX,EQR,EQT,ES,ESRX,ESS,ETFC,ETN,ETR,EW,EXC,EXPD,EXPE,EXR,F,FAST,FB,FCX,FDX,FE,FFIV,FIS,FISV,FITB,FL,FLIR,FLR,FLS,FMC,FOX,FOXA,FRT,FSLR,FTI,FTR,GAS,GD,GE,GGP,GILD,GIS,GLW,GM,GOOG,GOOGL,GPC,GPN,GPS,GRMN,GS,GT,GWW,HAL,HAR,HAS,HBAN,HBI,HCA,HCP,HD,HES,HIG,HOG,HOLX,HON,HOT,HP,HPE,HPQ,HRB,HRL,HRS,HSIC,HST,HSY,HUM,IBM,ICE,IFF,ILMN,INTC,INTU,IP,IPG,IR,IRM,ISRG,ITW,IVZ,JBHT,JCI,JEC,JEF,JNJ,JNPR,JPM,JWN,K,KDP,KEY,KHC,KIM,KLAC,KMB,KMI,KMX,KO,KORS,KR,KSS,KSU,L,LB,LEG,LEN,LH,LLL,LLTC,LLY,LM,LMT,LNC,LOW,LRCX,LUV,LVLT,LYB,M,MA,MAC,MAR,MAS,MAT,MCD,MCHP,MCK,MCO,MDLZ,MDT,MET,MHK,MJN,MKC,MLM,MMC,MMM,MNK,MNST,MO,MON,MOS,MPC,MRK,MRO,MS,MSFT,MSI,MTB,MU,MUR,MYL,NAVI,NBL,NDAQ,NEE,NEM,NFLX,NFX,NI,NKE,NLSN,NOC,NOV,NRG,NSC,NTAP,NTRS,NUE,NVDA,NWL,NWS,NWSA,O,OI,OKE,OMC,ORCL,ORLY,OXY,PAYX,PBCT,PBI,PCAR,PCG,PDCO,PEG,PEP,PFE,PFG,PG,PGR,PH,PHM,PKI,PLD,PM,PNC,PNR,PNW,PPG,PPL,PRGO,PRU,PSA,PSX,PVH,PWR,PX,PXD,PYPL,QCOM,QRVO,R,RAI,RCL,REGN,RF,RHI,RHT,RIG,RL,ROK,ROP,ROST,RRC,RSG,RTN,SBUX,SCG,SCHW,SE,SEE,SHW,SIG,SJM,SLB,SLG,SNA,SNDK,SNI,SO,SPG,SPGI,SPLS,SRCL,SRE,STI,STJ,STT,STX,STZ,SWK,SWKS,SWN,SYF,SYK,SYMC,SYY,T,TAP,TDC,TE,TEL,TGNA,TGT,TIF,TJX,TMK,TMO,TPR,TRIP,TROW,TRV,TSCO,TSN,TSS,TWC,TWX,TXN,TXT,UA,UAA,UAL,UDR,UHS,ULTA,UNH,UNM,UNP,UPS,URBN,URI,USB,UTX,V,VAR,VFC,VIAB,VLO,VMC,VNO,VRSK,VRSN,VRTX,VTR,VZ,WAT,WBA,WDC,WEC,WELL,WFC,WFM,WHR,WLTW,WM,WMB,WMT,WRK,WU,WY,WYND,WYNN,XEC,XEL,XL,XLNX,XOM,XRAY,XRX,XYL,YUM,ZBH,ZION,ZTS"
2016-05-12,"A,AABA,AAL,AAP,AAPL,ABBV,ABC,ABT,ACN,ADBE,ADI,ADM,ADP,ADS,ADSK,AEE,AEP,AES,AET,AFL,AGN,AIG,AIV,AIZ,AKAM,ALL,ALLE,ALXN,AMAT,AME,AMG,AMGN,AMP,AMT,AMZN,AN,ANDV,ANTM,AON,APA,APC,APD,APH,APTV,ARG,ARNC,ATVI,AVB,AVGO,AVY,AWK,AXP,AYI,AZO,BA,BAC,BAX,BBBY,BBT,BBY,BCR,BDX,BEN,BF.B,BHGE,BIIB,BK,BKNG,BLK,BLL,BMY,BRK.B,BSX,BWA,BXLT,BXP,C,CA,CAG,CAH,CAT,CB,CBRE,CBS,CCE,CCEP,CCI,CCL,CELG,CERN,CF,CFG,CHD,CHK,CHRW,CI,CINF,CL,CLX,CMA,CMCSA,CME,CMG,CMI,CMS,CNC,CNP,COF,COG,COL,COP,COST,CPB,CPGX,CPRI,CRM,CSCO,CSRA,CSX,CTAS,CTL,CTSH,CTXS,CVC,CVS,CVX,CXO,D,DAL,DD,DE,DFS,DG,DGX,DHI,DHR,DIS,DISCA,DISCK,DLTR,DNB,DO,DOV,DOW,DRI,DTE,DUK,DVA,DVN,EA,EBAY,ECL,ED,EFX,EIX,EL,EMC,EMN,EMR,ENDP,EOG,EQIX,EQR,EQT,ES,ESRX,ESS,ETFC,ETN,ETR,EW,EXC,EXPD,EXPE,EXR,F,FAST,FB,FCX,FDX,FE,FFIV,FIS,FISV,FITB,FL,FLIR,FLR,FLS,FMC,FOX,FOXA,FRT,FSLR,FTI,FTR,GAS,GD,GE,GGP,GILD,GIS,GLW,GM,GOOG,GOOGL,GPC,GPN,GPS,GRMN,GS,GT,GWW,HAL,HAR,HAS,HBAN,HBI,HCA,HCP,HD,HES,HIG,HOG,HOLX,HON,HOT,HP,HPE,HPQ,HRB,HRL,HRS,HSIC,HST,HSY,HUM,IBM,ICE,IFF,ILMN,INTC,INTU,IP,IPG,IR,IRM,ISRG,ITW,IVZ,JBHT,JCI,JEC,JEF,JNJ,JNPR,JPM,JWN,K,KDP,KEY,KHC,KIM,KLAC,KMB,KMI,KMX,KO,KORS,KR,KSS,KSU,L,LB,LEG,LEN,LH,LLL,LLTC,LLY,LM,LMT,LNC,LOW,LRCX,LUV,LVLT,LYB,M,MA,MAC,MAR,MAS,MAT,MCD,MCHP,MCK,MCO,MDLZ,MDT,MET,MHK,MJN,MKC,MLM,MMC,MMM,MNK,MNST,MO,MON,MOS,MPC,MRK,MRO,MS,MSFT,MSI,MTB,MU,MUR,MYL,NAVI,NBL,NDAQ,NEE,NEM,NFLX,NFX,NI,NKE,NLSN,NOC,NOV,NRG,NSC,NTAP,NTRS,NUE,NVDA,NWL,NWS,NWSA,O,OI,OKE,OMC,ORCL,ORLY,OXY,PAYX,PBCT,PBI,PCAR,PCG,PDCO,PEG,PEP,PFE,PFG,PG,PGR,PH,PHM,PKI,PLD,PM,PNC,PNR,PNW,PPG,PPL,PRGO,PRU,PSA,PSX,PVH,PWR,PX,PXD,PYPL,QCOM,QRVO,R,RAI,RCL,REGN,RF,RHI,RHT,RIG,RL,ROK,ROP,ROST,RRC,RSG,RTN,SBUX,SCG,SCHW,SE,SEE,SHW,SIG,SJM,SLB,SLG,SNA,SNI,SO,SPG,SPGI,SPLS,SRCL,SRE,STI,STJ,STT,STX,STZ,SWK,SWKS,SWN,SYF,SYK,SYMC,SYY,T,TAP,TDC,TE,TEL,TGNA,TGT,TIF,TJX,TMK,TMO,TPR,TRIP,TROW,TRV,TSCO,TSN,TSS,TWC,TWX,TXN,TXT,UA,UAA,UAL,UDR,UHS,ULTA,UNH,UNM,UNP,UPS,URBN,URI,USB,UTX,V,VAR,VFC,VIAB,VLO,VMC,VNO,VRSK,VRSN,VRTX,VTR,VZ,WAT,WBA,WDC,WEC,WELL,WFC,WFM,WHR,WLTW,WM,WMB,WMT,WRK,WU,WY,WYND,WYNN,XEC,XEL,XL,XLNX,XOM,XRAY,XRX,XYL,YUM,ZBH,ZION,ZTS"
2016-05-13,"A,AABA,AAL,AAP,AAPL,ABBV,ABC,ABT,ACN,ADBE,ADI,ADM,ADP,ADS,ADSK,AEE,AEP,AES,AET,AFL,AGN,AIG,AIV,AIZ,AKAM,ALK,ALL,ALLE,ALXN,AMAT,AME,AMG,AMGN,AMP,AMT,AMZN,AN,ANDV,ANTM,AON,APA,APC,APD,APH,APTV,ARG,ARNC,ATVI,AVB,AVGO,AVY,AWK,AXP,AYI,AZO,BA,BAC,BAX,BBBY,BBT,BBY,BCR,BDX,BEN,BF.B,BHGE,BIIB,BK,BKNG,BLK,BLL,BMY,BRK.B,BSX,BWA,BXLT,BXP,C,CA,CAG,CAH,CAT,CB,CBRE,CBS,CCE,CCEP,CCI,CCL,CELG,CERN,CF,CFG,CHD,CHK,CHRW,CI,CINF,CL,CLX,CMA,CMCSA,CME,CMG,CMI,CMS,CNC,CNP,COF,COG,COL,COP,COST,CPB,CPGX,CPRI,CRM,CSCO,CSRA,CSX,CTAS,CTL,CTSH,CTXS,CVC,CVS,CVX,CXO,D,DAL,DD,DE,DFS,DG,DGX,DHI,DHR,DIS,DISCA,DISCK,DLTR,DNB,DO,DOV,DOW,DRI,DTE,DUK,DVA,DVN,EA,EBAY,ECL,ED,EFX,EIX,EL,EMC,EMN,EMR,ENDP,EOG,EQIX,EQR,EQT,ES,ESRX,ESS,ETFC,ETN,ETR,EW,EXC,EXPD,EXPE,EXR,F,FAST,FB,FCX,FDX,FE,FFIV,FIS,FISV,FITB,FL,FLIR,FLR,FLS,FMC,FOX,FOXA,FRT,FSLR,FTI,FTR,GAS,GD,GE,GGP,GILD,GIS,GLW,GM,GOOG,GOOGL,GPC,GPN,GPS,GRMN,GS,GT,GWW,HAL,HAR,HAS,HBAN,HBI,HCA,HCP,HD,HES,HIG,HOG,HOLX,HON,HOT,HP,HPE,HPQ,HRB,HRL,HRS,HSIC,HST,HSY,HUM,IBM,ICE,IFF,ILMN,INTC,INTU,IP,IPG,IR,IRM,ISRG,ITW,IVZ,JBHT,JCI,JEC,JEF,JNJ,JNPR,JPM,JWN,K,KDP,KEY,KHC,KIM,KLAC,KMB,KMI,KMX,KO,KORS,KR,KSS,KSU,L,LB,LEG,LEN,LH,LLL,LLTC,LLY,LM,LMT,LNC,LOW,LRCX,LUV,LVLT,LYB,M,MA,MAC,MAR,MAS,MAT,MCD,MCHP,MCK,MCO,MDLZ,MDT,MET,MHK,MJN,MKC,MLM,MMC,MMM,MNK,MNST,MO,MON,MOS,MPC,MRK,MRO,MS,MSFT,MSI,MTB,MU,MUR,MYL,NAVI,NBL,NDAQ,NEE,NEM,NFLX,NFX,NI,NKE,NLSN,NOC,NOV,NRG,NSC,NTAP,NTRS,NUE,NVDA,NWL,NWS,NWSA,O,OI,OKE,OMC,ORCL,ORLY,OXY,PAYX,PBCT,PBI,PCAR,PCG,PDCO,PEG,PEP,PFE,PFG,PG,PGR,PH,PHM,PKI,PLD,PM,PNC,PNR,PNW,PPG,PPL,PRGO,PRU,PSA,PSX,PVH,PWR,PX,PXD,PYPL,QCOM,QRVO,R,RAI,RCL,REGN,RF,RHI,RHT,RIG,RL,ROK,ROP,ROST,RRC,RSG,RTN,SBUX,SCG,SCHW,SE,SEE,SHW,SIG,SJM,SLB,SLG,SNA,SNI,SO,SPG,SPGI,SPLS,SRCL,SRE,STI,STJ,STT,STX,STZ,SWK,SWKS,SWN,SYF,SYK,SYMC,SYY,T,TAP,TDC,TE,TEL,TGNA,TGT,TIF,TJX,TMK,TMO,TPR,TRIP,TROW,TRV,TSCO,TSN,TSS,TWC,TWX,TXN,TXT,UA,UAA,UAL,UDR,UHS,ULTA,UNH,UNM,UNP,UPS,URBN,URI,USB,UTX,V,VAR,VFC,VIAB,VLO,VMC,VNO,VRSK,VRSN,VRTX,VTR,VZ,WAT,WBA,WDC,WEC,WELL,WFC,WFM,WHR,WLTW,WM,WMB,WMT,WRK,WU,WY,WYND,WYNN,XEC,XEL,XL,XLNX,XOM,XRAY,XRX,XYL,YUM,ZBH,ZION,ZTS"
2016-05-18,"A,AABA,AAL,AAP,AAPL,ABBV,ABC,ABT,ACN,ADBE,ADI,ADM,ADP,ADS,ADSK,AEE,AEP,AES,AET,AFL,AGN,AIG,AIV,AIZ,AKAM,ALK,ALL,ALLE,ALXN,AMAT,AME,AMG,AMGN,AMP,AMT,AMZN,AN,ANDV,ANTM,AON,APA,APC,APD,APH,APTV,ARG,ARNC,ATVI,AVB,AVGO,AVY,AWK,AXP,AYI,AZO,BA,BAC,BAX,BBBY,BBT,BBY,BCR,BDX,BEN,BF.B,BHGE,BIIB,BK,BKNG,BLK,BLL,BMY,BRK.B,BSX,BWA,BXLT,BXP,C,CA,CAG,CAH,CAT,CB,CBRE,CBS,CCE,CCEP,CCI,CCL,CELG,CERN,CF,CFG,CHD,CHK,CHRW,CI,CINF,CL,CLX,CMA,CMCSA,CME,CMG,CMI,CMS,CNC,CNP,COF,COG,COL,COP,COST,CPB,CPGX,CPRI,CRM,CSCO,CSRA,CSX,CTAS,CTL,CTSH,CTXS,CVC,CVS,CVX,CXO,D,DAL,DD,DE,DFS,DG,DGX,DHI,DHR,DIS,DISCA,DISCK,DLR,DLTR,DNB,DO,DOV,DOW,DRI,DTE,DUK,DVA,DVN,EA,EBAY,ECL,ED,EFX,EIX,EL,EMC,EMN,EMR,ENDP,EOG,EQIX,EQR,EQT,ES,ESRX,ESS,ETFC,ETN,ETR,EW,EXC,EXPD,EXPE,EXR,F,FAST,FB,FCX,FDX,FE,FFIV,FIS,FISV,FITB,FL,FLIR,FLR,FLS,FMC,FOX,FOXA,FRT,FSLR,FTI,FTR,GAS,GD,GE,GGP,GILD,GIS,GLW,GM,GOOG,GOOGL,GPC,GPN,GPS,GRMN,GS,GT,GWW,HAL,HAR,HAS,HBAN,HBI,HCA,HCP,HD,HES,HIG,HOG,HOLX,HON,HOT,HP,HPE,HPQ,HRB,HRL,HRS,HSIC,HST,HSY,HUM,IBM,ICE,IFF,ILMN,INTC,INTU,IP,IPG,IR,IRM,ISRG,ITW,IVZ,JBHT,JCI,JEC,JEF,JNJ,JNPR,JPM,JWN,K,KDP,KEY,KHC,KIM,KLAC,KMB,KMI,KMX,KO,KORS,KR,KSS,KSU,L,LB,LEG,LEN,LH,LLL,LLTC,LLY,LM,LMT,LNC,LOW,LRCX,LUV,LVLT,LYB,M,MA,MAC,MAR,MAS,MAT,MCD,MCHP,MCK,MCO,MDLZ,MDT,MET,MHK,MJN,MKC,MLM,MMC,MMM,MNK,MNST,MO,MON,MOS,MPC,MRK,MRO,MS,MSFT,MSI,MTB,MU,MUR,MYL,NAVI,NBL,NDAQ,NEE,NEM,NFLX,NFX,NI,NKE,NLSN,NOC,NOV,NRG,NSC,NTAP,NTRS,NUE,NVDA,NWL,NWS,NWSA,O,OI,OKE,OMC,ORCL,ORLY,OXY,PAYX,PBCT,PBI,PCAR,PCG,PDCO,PEG,PEP,PFE,PFG,PG,PGR,PH,PHM,PKI,PLD,PM,PNC,PNR,PNW,PPG,PPL,PRGO,PRU,PSA,PSX,PVH,PWR,PX,PXD,PYPL,QCOM,QRVO,R,RAI,RCL,REGN,RF,RHI,RHT,RIG,RL,ROK,ROP,ROST,RRC,RSG,RTN,SBUX,SCG,SCHW,SE,SEE,SHW,SIG,SJM,SLB,SLG,SNA,SNI,SO,SPG,SPGI,SPLS,SRCL,SRE,STI,STJ,STT,STX,STZ,SWK,SWKS,SWN,SYF,SYK,SYMC,SYY,T,TAP,TDC,TE,TEL,TGNA,TGT,TIF,TJX,TMK,TMO,TPR,TRIP,TROW,TRV,TSCO,TSN,TSS,TWX,TXN,TXT,UA,UAA,UAL,UDR,UHS,ULTA,UNH,UNM,UNP,UPS,URBN,URI,USB,UTX,V,VAR,VFC,VIAB,VLO,VMC,VNO,VRSK,VRSN,VRTX,VTR,VZ,WAT,WBA,WDC,WEC,WELL,WFC,WFM,WHR,WLTW,WM,WMB,WMT,WRK,WU,WY,WYND,WYNN,XEC,XEL,XL,XLNX,XOM,XRAY,XRX,XYL,YUM,ZBH,ZION,ZTS"
2016-05-23,"A,AABA,AAL,AAP,AAPL,ABBV,ABC,ABT,ACN,ADBE,ADI,ADM,ADP,ADS,ADSK,AEE,AEP,AES,AET,AFL,AGN,AIG,AIV,AIZ,AKAM,ALK,ALL,ALLE,ALXN,AMAT,AME,AMG,AMGN,AMP,AMT,AMZN,AN,ANDV,ANTM,AON,APA,APC,APD,APH,APTV,ARNC,ATVI,AVB,AVGO,AVY,AWK,AXP,AYI,AZO,BA,BAC,BAX,BBBY,BBT,BBY,BCR,BDX,BEN,BF.B,BHGE,BIIB,BK,BKNG,BLK,BLL,BMY,BRK.B,BSX,BWA,BXLT,BXP,C,CA,CAG,CAH,CAT,CB,CBRE,CBS,CCE,CCEP,CCI,CCL,CELG,CERN,CF,CFG,CHD,CHK,CHRW,CI,CINF,CL,CLX,CMA,CMCSA,CME,CMG,CMI,CMS,CNC,CNP,COF,COG,COL,COP,COST,CPB,CPGX,CPRI,CRM,CSCO,CSRA,CSX,CTAS,CTL,CTSH,CTXS,CVC,CVS,CVX,CXO,D,DAL,DD,DE,DFS,DG,DGX,DHI,DHR,DIS,DISCA,DISCK,DLR,DLTR,DNB,DO,DOV,DOW,DRI,DTE,DUK,DVA,DVN,EA,EBAY,ECL,ED,EFX,EIX,EL,EMC,EMN,EMR,ENDP,EOG,EQIX,EQR,EQT,ES,ESRX,ESS,ETFC,ETN,ETR,EW,EXC,EXPD,EXPE,EXR,F,FAST,FB,FCX,FDX,FE,FFIV,FIS,FISV,FITB,FL,FLIR,FLR,FLS,FMC,FOX,FOXA,FRT,FSLR,FTI,FTR,GAS,GD,GE,GGP,GILD,GIS,GLW,GM,GOOG,GOOGL,GPC,GPN,GPS,GRMN,GS,GT,GWW,HAL,HAR,HAS,HBAN,HBI,HCA,HCP,HD,HES,HIG,HOG,HOLX,HON,HOT,HP,HPE,HPQ,HRB,HRL,HRS,HSIC,HST,HSY,HUM,IBM,ICE,IFF,ILMN,INTC,INTU,IP,IPG,IR,IRM,ISRG,ITW,IVZ,JBHT,JCI,JEC,JEF,JNJ,JNPR,JPM,JWN,K,KDP,KEY,KHC,KIM,KLAC,KMB,KMI,KMX,KO,KORS,KR,KSS,KSU,L,LB,LEG,LEN,LH,LKQ,LLL,LLTC,LLY,LM,LMT,LNC,LOW,LRCX,LUV,LVLT,LYB,M,MA,MAC,MAR,MAS,MAT,MCD,MCHP,MCK,MCO,MDLZ,MDT,MET,MHK,MJN,MKC,MLM,MMC,MMM,MNK,MNST,MO,MON,MOS,MPC,MRK,MRO,MS,MSFT,MSI,MTB,MU,MUR,MYL,NAVI,NBL,NDAQ,NEE,NEM,NFLX,NFX,NI,NKE,NLSN,NOC,NOV,NRG,NSC,NTAP,NTRS,NUE,NVDA,NWL,NWS,NWSA,O,OI,OKE,OMC,ORCL,ORLY,OXY,PAYX,PBCT,PBI,PCAR,PCG,PDCO,PEG,PEP,PFE,PFG,PG,PGR,PH,PHM,PKI,PLD,PM,PNC,PNR,PNW,PPG,PPL,PRGO,PRU,PSA,PSX,PVH,PWR,PX,PXD,PYPL,QCOM,QRVO,R,RAI,RCL,REGN,RF,RHI,RHT,RIG,RL,ROK,ROP,ROST,RRC,RSG,RTN,SBUX,SCG,SCHW,SE,SEE,SHW,SIG,SJM,SLB,SLG,SNA,SNI,SO,SPG,SPGI,SPLS,SRCL,SRE,STI,STJ,STT,STX,STZ,SWK,SWKS,SWN,SYF,SYK,SYMC,SYY,T,TAP,TDC,TE,TEL,TGNA,TGT,TIF,TJX,TMK,TMO,TPR,TRIP,TROW,TRV,TSCO,TSN,TSS,TWX,TXN,TXT,UA,UAA,UAL,UDR,UHS,ULTA,UNH,UNM,UNP,UPS,URBN,URI,USB,UTX,V,VAR,VFC,VIAB,VLO,VMC,VNO,VRSK,VRSN,VRTX,VTR,VZ,WAT,WBA,WDC,WEC,WELL,WFC,WFM,WHR,WLTW,WM,WMB,WMT,WRK,WU,WY,WYND,WYNN,XEC,XEL,XL,XLNX,XOM,XRAY,XRX,XYL,YUM,ZBH,ZION,ZTS"
2016-05-31,"A,AABA,AAL,AAP,AAPL,ABBV,ABC,ABT,ACN,ADBE,ADI,ADM,ADP,ADS,ADSK,AEE,AEP,AES,AET,AFL,AGN,AIG,AIV,AIZ,AJG,AKAM,ALK,ALL,ALLE,ALXN,AMAT,AME,AMG,AMGN,AMP,AMT,AMZN,AN,ANDV,ANTM,AON,APA,APC,APD,APH,APTV,ARNC,ATVI,AVB,AVGO,AVY,AWK,AXP,AYI,AZO,BA,BAC,BAX,BBBY,BBT,BBY,BCR,BDX,BEN,BF.B,BHGE,BIIB,BK,BKNG,BLK,BLL,BMY,BRK.B,BSX,BWA,BXLT,BXP,C,CA,CAG,CAH,CAT,CB,CBRE,CBS,CCI,CCL,CELG,CERN,CF,CFG,CHD,CHK,CHRW,CI,CINF,CL,CLX,CMA,CMCSA,CME,CMG,CMI,CMS,CNC,CNP,COF,COG,COL,COP,COST,CPB,CPGX,CPRI,CRM,CSCO,CSRA,CSX,CTAS,CTL,CTSH,CTXS,CVC,CVS,CVX,CXO,D,DAL,DD,DE,DFS,DG,DGX,DHI,DHR,DIS,DISCA,DISCK,DLR,DLTR,DNB,DO,DOV,DOW,DRI,DTE,DUK,DVA,DVN,EA,EBAY,ECL,ED,EFX,EIX,EL,EMC,EMN,EMR,ENDP,EOG,EQIX,EQR,EQT,ES,ESRX,ESS,ETFC,ETN,ETR,EW,EXC,EXPD,EXPE,EXR,F,FAST,FB,FCX,FDX,FE,FFIV,FIS,FISV,FITB,FL,FLIR,FLR,FLS,FMC,FOX,FOXA,FRT,FSLR,FTI,FTR,GAS,GD,GE,GGP,GILD,GIS,GLW,GM,GOOG,GOOGL,GPC,GPN,GPS,GRMN,GS,GT,GWW,HAL,HAR,HAS,HBAN,HBI,HCA,HCP,HD,HES,HIG,HOG,HOLX,HON,HOT,HP,HPE,HPQ,HRB,HRL,HRS,HSIC,HST,HSY,HUM,IBM,ICE,IFF,ILMN,INTC,INTU,IP,IPG,IR,IRM,ISRG,ITW,IVZ,JBHT,JCI,JEC,JEF,JNJ,JNPR,JPM,JWN,K,KDP,KEY,KHC,KIM,KLAC,KMB,KMI,KMX,KO,KORS,KR,KSS,KSU,L,LB,LEG,LEN,LH,LKQ,LLL,LLTC,LLY,LM,LMT,LNC,LOW,LRCX,LUV,LVLT,LYB,M,MA,MAC,MAR,MAS,MAT,MCD,MCHP,MCK,MCO,MDLZ,MDT,MET,MHK,MJN,MKC,MLM,MMC,MMM,MNK,MNST,MO,MON,MOS,MPC,MRK,MRO,MS,MSFT,MSI,MTB,MU,MUR,MYL,NAVI,NBL,NDAQ,NEE,NEM,NFLX,NFX,NI,NKE,NLSN,NOC,NOV,NRG,NSC,NTAP,NTRS,NUE,NVDA,NWL,NWS,NWSA,O,OI,OKE,OMC,ORCL,ORLY,OXY,PAYX,PBCT,PBI,PCAR,PCG,PDCO,PEG,PEP,PFE,PFG,PG,PGR,PH,PHM,PKI,PLD,PM,PNC,PNR,PNW,PPG,PPL,PRGO,PRU,PSA,PSX,PVH,PWR,PX,PXD,PYPL,QCOM,QRVO,R,RAI,RCL,REGN,RF,RHI,RHT,RIG,RL,ROK,ROP,ROST,RRC,RSG,RTN,SBUX,SCG,SCHW,SE,SEE,SHW,SIG,SJM,SLB,SLG,SNA,SNI,SO,SPG,SPGI,SPLS,SRCL,SRE,STI,STJ,STT,STX,STZ,SWK,SWKS,SWN,SYF,SYK,SYMC,SYY,T,TAP,TDC,TE,TEL,TGNA,TGT,TIF,TJX,TMK,TMO,TPR,TRIP,TROW,TRV,TSCO,TSN,TSS,TWX,TXN,TXT,UA,UAA,UAL,UDR,UHS,ULTA,UNH,UNM,UNP,UPS,URBN,URI,USB,UTX,V,VAR,VFC,VIAB,VLO,VMC,VNO,VRSK,VRSN,VRTX,VTR,VZ,WAT,WBA,WDC,WEC,WELL,WFC,WFM,WHR,WLTW,WM,WMB,WMT,WRK,WU,WY,WYND,WYNN,XEC,XEL,XL,XLNX,XOM,XRAY,XRX,XYL,YUM,ZBH,ZION,ZTS"
2016-06-03,"A,AABA,AAL,AAP,AAPL,ABBV,ABC,ABT,ACN,ADBE,ADI,ADM,ADP,ADS,ADSK,AEE,AEP,AES,AET,AFL,AGN,AIG,AIV,AIZ,AJG,AKAM,ALK,ALL,ALLE,ALXN,AMAT,AME,AMG,AMGN,AMP,AMT,AMZN,AN,ANDV,ANTM,AON,APA,APC,APD,APH,APTV,ARNC,ATVI,AVB,AVGO,AVY,AWK,AXP,AYI,AZO,BA,BAC,BAX,BBBY,BBT,BBY,BCR,BDX,BEN,BF.B,BHGE,BIIB,BK,BKNG,BLK,BLL,BMY,BRK.B,BSX,BWA,BXP,C,CA,CAG,CAH,CAT,CB,CBRE,CBS,CCI,CCL,CELG,CERN,CF,CFG,CHD,CHK,CHRW,CI,CINF,CL,CLX,CMA,CMCSA,CME,CMG,CMI,CMS,CNC,CNP,COF,COG,COL,COP,COST,CPB,CPGX,CPRI,CRM,CSCO,CSRA,CSX,CTAS,CTL,CTSH,CTXS,CVC,CVS,CVX,CXO,D,DAL,DD,DE,DFS,DG,DGX,DHI,DHR,DIS,DISCA,DISCK,DLR,DLTR,DNB,DO,DOV,DOW,DRI,DTE,DUK,DVA,DVN,EA,EBAY,ECL,ED,EFX,EIX,EL,EMC,EMN,EMR,ENDP,EOG,EQIX,EQR,EQT,ES,ESRX,ESS,ETFC,ETN,ETR,EW,EXC,EXPD,EXPE,EXR,F,FAST,FB,FCX,FDX,FE,FFIV,FIS,FISV,FITB,FL,FLIR,FLR,FLS,FMC,FOX,FOXA,FRT,FSLR,FTI,FTR,GAS,GD,GE,GGP,GILD,GIS,GLW,GM,GOOG,GOOGL,GPC,GPN,GPS,GRMN,GS,GT,GWW,HAL,HAR,HAS,HBAN,HBI,HCA,HCP,HD,HES,HIG,HOG,HOLX,HON,HOT,HP,HPE,HPQ,HRB,HRL,HRS,HSIC,HST,HSY,HUM,IBM,ICE,IFF,ILMN,INTC,INTU,IP,IPG,IR,IRM,ISRG,ITW,IVZ,JBHT,JCI,JEC,JEF,JNJ,JNPR,JPM,JWN,K,KDP,KEY,KHC,KIM,KLAC,KMB,KMI,KMX,KO,KORS,KR,KSS,KSU,L,LB,LEG,LEN,LH,LKQ,LLL,LLTC,LLY,LM,LMT,LNC,LOW,LRCX,LUV,LVLT,LYB,M,MA,MAC,MAR,MAS,MAT,MCD,MCHP,MCK,MCO,MDLZ,MDT,MET,MHK,MJN,MKC,MLM,MMC,MMM,MNK,MNST,MO,MON,MOS,MPC,MRK,MRO,MS,MSFT,MSI,MTB,MU,MUR,MYL,NAVI,NBL,NDAQ,NEE,NEM,NFLX,NFX,NI,NKE,NLSN,NOC,NOV,NRG,NSC,NTAP,NTRS,NUE,NVDA,NWL,NWS,NWSA,O,OI,OKE,OMC,ORCL,ORLY,OXY,PAYX,PBCT,PBI,PCAR,PCG,PDCO,PEG,PEP,PFE,PFG,PG,PGR,PH,PHM,PKI,PLD,PM,PNC,PNR,PNW,PPG,PPL,PRGO,PRU,PSA,PSX,PVH,PWR,PX,PXD,PYPL,QCOM,QRVO,R,RAI,RCL,REGN,RF,RHI,RHT,RIG,RL,ROK,ROP,ROST,RRC,RSG,RTN,SBUX,SCG,SCHW,SE,SEE,SHW,SIG,SJM,SLB,SLG,SNA,SNI,SO,SPG,SPGI,SPLS,SRCL,SRE,STI,STJ,STT,STX,STZ,SWK,SWKS,SWN,SYF,SYK,SYMC,SYY,T,TAP,TDC,TDG,TE,TEL,TGNA,TGT,TIF,TJX,TMK,TMO,TPR,TRIP,TROW,TRV,TSCO,TSN,TSS,TWX,TXN,TXT,UA,UAA,UAL,UDR,UHS,ULTA,UNH,UNM,UNP,UPS,URBN,URI,USB,UTX,V,VAR,VFC,VIAB,VLO,VMC,VNO,VRSK,VRSN,VRTX,VTR,VZ,WAT,WBA,WDC,WEC,WELL,WFC,WFM,WHR,WLTW,WM,WMB,WMT,WRK,WU,WY,WYND,WYNN,XEC,XEL,XL,XLNX,XOM,XRAY,XRX,XYL,YUM,ZBH,ZION,ZTS"
2016-06-21,"A,AABA,AAL,AAP,AAPL,ABBV,ABC,ABT,ACN,ADBE,ADI,ADM,ADP,ADS,ADSK,AEE,AEP,AES,AET,AFL,AGN,AIG,AIV,AIZ,AJG,AKAM,ALK,ALL,ALLE,ALXN,AMAT,AME,AMG,AMGN,AMP,AMT,AMZN,AN,ANDV,ANTM,AON,APA,APC,APD,APH,APTV,ARNC,ATVI,AVB,AVGO,AVY,AWK,AXP,AYI,AZO,BA,BAC,BAX,BBBY,BBT,BBY,BCR,BDX,BEN,BF.B,BHGE,BIIB,BK,BKNG,BLK,BLL,BMY,BRK.B,BSX,BWA,BXP,C,CA,CAG,CAH,CAT,CB,CBRE,CBS,CCI,CCL,CELG,CERN,CF,CFG,CHD,CHK,CHRW,CI,CINF,CL,CLX,CMA,CMCSA,CME,CMG,CMI,CMS,CNC,CNP,COF,COG,COL,COP,COST,CPB,CPGX,CPRI,CRM,CSCO,CSRA,CSX,CTAS,CTL,CTSH,CTXS,CVS,CVX,CXO,D,DAL,DD,DE,DFS,DG,DGX,DHI,DHR,DIS,DISCA,DISCK,DLR,DLTR,DNB,DO,DOV,DOW,DRI,DTE,DUK,DVA,DVN,EA,EBAY,ECL,ED,EFX,EIX,EL,EMC,EMN,EMR,ENDP,EOG,EQIX,EQR,EQT,ES,ESRX,ESS,ETFC,ETN,ETR,EW,EXC,EXPD,EXPE,EXR,F,FAST,FB,FCX,FDX,FE,FFIV,FIS,FISV,FITB,FL,FLIR,FLR,FLS,FMC,FOX,FOXA,FRT,FSLR,FTI,FTR,GAS,GD,GE,GGP,GILD,GIS,GLW,GM,GOOG,GOOGL,GPC,GPN,GPS,GRMN,GS,GT,GWW,HAL,HAR,HAS,HBAN,HBI,HCA,HCP,HD,HES,HIG,HOG,HOLX,HON,HOT,HP,HPE,HPQ,HRB,HRL,HRS,HSIC,HST,HSY,HUM,IBM,ICE,IFF,ILMN,INTC,INTU,IP,IPG,IR,IRM,ISRG,ITW,IVZ,JBHT,JCI,JEC,JEF,JNJ,JNPR,JPM,JWN,K,KDP,KEY,KHC,KIM,KLAC,KMB,KMI,KMX,KO,KORS,KR,KSS,KSU,L,LB,LEG,LEN,LH,LKQ,LLL,LLTC,LLY,LM,LMT,LNC,LOW,LRCX,LUV,LVLT,LYB,M,MA,MAC,MAR,MAS,MAT,MCD,MCHP,MCK,MCO,MDLZ,MDT,MET,MHK,MJN,MKC,MLM,MMC,MMM,MNK,MNST,MO,MON,MOS,MPC,MRK,MRO,MS,MSFT,MSI,MTB,MU,MUR,MYL,NAVI,NBL,NDAQ,NEE,NEM,NFLX,NFX,NI,NKE,NLSN,NOC,NOV,NRG,NSC,NTAP,NTRS,NUE,NVDA,NWL,NWS,NWSA,O,OI,OKE,OMC,ORCL,ORLY,OXY,PAYX,PBCT,PBI,PCAR,PCG,PDCO,PEG,PEP,PFE,PFG,PG,PGR,PH,PHM,PKI,PLD,PM,PNC,PNR,PNW,PPG,PPL,PRGO,PRU,PSA,PSX,PVH,PWR,PX,PXD,PYPL,QCOM,QRVO,R,RAI,RCL,REGN,RF,RHI,RHT,RIG,RL,ROK,ROP,ROST,RRC,RSG,RTN,SBUX,SCG,SCHW,SE,SEE,SHW,SIG,SJM,SLB,SLG,SNA,SNI,SO,SPG,SPGI,SPLS,SRCL,SRE,STI,STJ,STT,STX,STZ,SWK,SWKS,SWN,SYF,SYK,SYMC,SYY,T,TAP,TDC,TDG,TE,TEL,TGNA,TGT,TIF,TJX,TMK,TMO,TPR,TRIP,TROW,TRV,TSCO,TSN,TSS,TWX,TXN,TXT,UA,UAA,UAL,UDR,UHS,ULTA,UNH,UNM,UNP,UPS,URBN,URI,USB,UTX,V,VAR,VFC,VIAB,VLO,VMC,VNO,VRSK,VRSN,VRTX,VTR,VZ,WAT,WBA,WDC,WEC,WELL,WFC,WFM,WHR,WLTW,WM,WMB,WMT,WRK,WU,WY,WYND,WYNN,XEC,XEL,XL,XLNX,XOM,XRAY,XRX,XYL,YUM,ZBH,ZION,ZTS"
2016-06-24,"A,AABA,AAL,AAP,AAPL,ABBV,ABC,ABT,ACN,ADBE,ADI,ADM,ADP,ADS,ADSK,AEE,AEP,AES,AET,AFL,AGN,AIG,AIV,AIZ,AJG,AKAM,ALK,ALL,ALLE,ALXN,AMAT,AME,AMG,AMGN,AMP,AMT,AMZN,AN,ANDV,ANTM,AON,APA,APC,APD,APH,APTV,ARNC,ATVI,AVB,AVGO,AVY,AWK,AXP,AYI,AZO,BA,BAC,BAX,BBBY,BBT,BBY,BCR,BDX,BEN,BF.B,BHGE,BIIB,BK,BKNG,BLK,BLL,BMY,BRK.B,BSX,BWA,BXP,C,CA,CAG,CAH,CAT,CB,CBRE,CBS,CCI,CCL,CELG,CERN,CF,CFG,CHD,CHK,CHRW,CI,CINF,CL,CLX,CMA,CMCSA,CME,CMG,CMI,CMS,CNC,CNP,COF,COG,COL,COP,COST,CPB,CPGX,CPRI,CRM,CSCO,CSRA,CSX,CTAS,CTL,CTSH,CTXS,CVS,CVX,CXO,D,DAL,DD,DE,DFS,DG,DGX,DHI,DHR,DIS,DISCA,DISCK,DLR,DLTR,DNB,DO,DOV,DOW,DRI,DTE,DUK,DVA,DVN,EA,EBAY,ECL,ED,EFX,EIX,EL,EMC,EMN,EMR,ENDP,EOG,EQIX,EQR,EQT,ES,ESRX,ESS,ETFC,ETN,ETR,EW,EXC,EXPD,EXPE,EXR,F,FAST,FB,FBHS,FCX,FDX,FE,FFIV,FIS,FISV,FITB,FL,FLIR,FLR,FLS,FMC,FOX,FOXA,FRT,FSLR,FTI,FTR,GAS,GD,GE,GGP,GILD,GIS,GLW,GM,GOOG,GOOGL,GPC,GPN,GPS,GRMN,GS,GT,GWW,HAL,HAR,HAS,HBAN,HBI,HCA,HCP,HD,HES,HIG,HOG,HOLX,HON,HOT,HP,HPE,HPQ,HRB,HRL,HRS,HSIC,HST,HSY,HUM,IBM,ICE,IFF,ILMN,INTC,INTU,IP,IPG,IR,IRM,ISRG,ITW,IVZ,JBHT,JCI,JEC,JEF,JNJ,JNPR,JPM,JWN,K,KDP,KEY,KHC,KIM,KLAC,KMB,KMI,KMX,KO,KORS,KR,KSS,KSU,L,LB,LEG,LEN,LH,LKQ,LLL,LLTC,LLY,LM,LMT,LNC,LOW,LRCX,LUV,LVLT,LYB,M,MA,MAC,MAR,MAS,MAT,MCD,MCHP,MCK,MCO,MDLZ,MDT,MET,MHK,MJN,MKC,MLM,MMC,MMM,MNK,MNST,MO,MON,MOS,MPC,MRK,MRO,MS,MSFT,MSI,MTB,MU,MUR,MYL,NAVI,NBL,NDAQ,NEE,NEM,NFLX,NFX,NI,NKE,NLSN,NOC,NOV,NRG,NSC,NTAP,NTRS,NUE,NVDA,NWL,NWS,NWSA,O,OI,OKE,OMC,ORCL,ORLY,OXY,PAYX,PBCT,PBI,PCAR,PCG,PDCO,PEG,PEP,PFE,PFG,PG,PGR,PH,PHM,PKI,PLD,PM,PNC,PNR,PNW,PPG,PPL,PRGO,PRU,PSA,PSX,PVH,PWR,PX,PXD,PYPL,QCOM,QRVO,R,RAI,RCL,REGN,RF,RHI,RHT,RIG,RL,ROK,ROP,ROST,RRC,RSG,RTN,SBUX,SCG,SCHW,SE,SEE,SHW,SIG,SJM,SLB,SLG,SNA,SNI,SO,SPG,SPGI,SPLS,SRCL,SRE,STI,STJ,STT,STX,STZ,SWK,SWKS,SWN,SYF,SYK,SYMC,SYY,T,TAP,TDC,TDG,TE,TEL,TGNA,TGT,TIF,TJX,TMK,TMO,TPR,TRIP,TROW,TRV,TSCO,TSN,TSS,TWX,TXN,TXT,UA,UAA,UAL,UDR,UHS,ULTA,UNH,UNM,UNP,UPS,URBN,URI,USB,UTX,V,VAR,VFC,VIAB,VLO,VMC,VNO,VRSK,VRSN,VRTX,VTR,VZ,WAT,WBA,WDC,WEC,WELL,WFC,WFM,WHR,WLTW,WM,WMB,WMT,WRK,WU,WY,WYND,WYNN,XEC,XEL,XL,XLNX,XOM,XRAY,XRX,XYL,YUM,ZBH,ZION,ZTS"
2016-07-01,"A,AABA,AAL,AAP,AAPL,ABBV,ABC,ABT,ACN,ADBE,ADI,ADM,ADP,ADS,ADSK,AEE,AEP,AES,AET,AFL,AGN,AIG,AIV,AIZ,AJG,AKAM,ALB,ALK,ALL,ALLE,ALXN,AMAT,AME,AMG,AMGN,AMP,AMT,AMZN,AN,ANDV,ANTM,AON,APA,APC,APD,APH,APTV,ARNC,ATVI,AVB,AVGO,AVY,AWK,AXP,AYI,AZO,BA,BAC,BAX,BBBY,BBT,BBY,BCR,BDX,BEN,BF.B,BHGE,BIIB,BK,BKNG,BLK,BLL,BMY,BRK.B,BSX,BWA,BXP,C,CA,CAG,CAH,CAT,CB,CBRE,CBS,CCI,CCL,CELG,CERN,CF,CFG,CHD,CHK,CHRW,CI,CINF,CL,CLX,CMA,CMCSA,CME,CMG,CMI,CMS,CNC,CNP,COF,COG,COL,COP,COST,CPB,CPRI,CRM,CSCO,CSRA,CSX,CTAS,CTL,CTSH,CTXS,CVS,CVX,CXO,D,DAL,DD,DE,DFS,DG,DGX,DHI,DHR,DIS,DISCA,DISCK,DLR,DLTR,DNB,DO,DOV,DOW,DRI,DTE,DUK,DVA,DVN,EA,EBAY,ECL,ED,EFX,EIX,EL,EMC,EMN,EMR,ENDP,EOG,EQIX,EQR,EQT,ES,ESRX,ESS,ETFC,ETN,ETR,EW,EXC,EXPD,EXPE,EXR,F,FAST,FB,FBHS,FCX,FDX,FE,FFIV,FIS,FISV,FITB,FL,FLIR,FLR,FLS,FMC,FOX,FOXA,FRT,FSLR,FTI,FTR,GD,GE,GGP,GILD,GIS,GLW,GM,GOOG,GOOGL,GPC,GPN,GPS,GRMN,GS,GT,GWW,HAL,HAR,HAS,HBAN,HBI,HCA,HCP,HD,HES,HIG,HOG,HOLX,HON,HOT,HP,HPE,HPQ,HRB,HRL,HRS,HSIC,HST,HSY,HUM,IBM,ICE,IFF,ILMN,INTC,INTU,IP,IPG,IR,IRM,ISRG,ITW,IVZ,JBHT,JCI,JEC,JEF,JNJ,JNPR,JPM,JWN,K,KDP,KEY,KHC,KIM,KLAC,KMB,KMI,KMX,KO,KORS,KR,KSS,KSU,L,LB,LEG,LEN,LH,LKQ,LLL,LLTC,LLY,LM,LMT,LNC,LNT,LOW,LRCX,LUV,LVLT,LYB,M,MA,MAC,MAR,MAS,MAT,MCD,MCHP,MCK,MCO,MDLZ,MDT,MET,MHK,MJN,MKC,MLM,MMC,MMM,MNK,MNST,MO,MON,MOS,MPC,MRK,MRO,MS,MSFT,MSI,MTB,MU,MUR,MYL,NAVI,NBL,NDAQ,NEE,NEM,NFLX,NFX,NI,NKE,NLSN,NOC,NOV,NRG,NSC,NTAP,NTRS,NUE,NVDA,NWL,NWS,NWSA,O,OI,OKE,OMC,ORCL,ORLY,OXY,PAYX,PBCT,PBI,PCAR,PCG,PDCO,PEG,PEP,PFE,PFG,PG,PGR,PH,PHM,PKI,PLD,PM,PNC,PNR,PNW,PPG,PPL,PRGO,PRU,PSA,PSX,PVH,PWR,PX,PXD,PYPL,QCOM,QRVO,R,RAI,RCL,REGN,RF,RHI,RHT,RIG,RL,ROK,ROP,ROST,RRC,RSG,RTN,SBUX,SCG,SCHW,SE,SEE,SHW,SIG,SJM,SLB,SLG,SNA,SNI,SO,SPG,SPGI,SPLS,SRCL,SRE,STI,STJ,STT,STX,STZ,SWK,SWKS,SWN,SYF,SYK,SYMC,SYY,T,TAP,TDC,TDG,TEL,TGNA,TGT,TIF,TJX,TMK,TMO,TPR,TRIP,TROW,TRV,TSCO,TSN,TSS,TWX,TXN,TXT,UA,UAA,UAL,UDR,UHS,ULTA,UNH,UNM,UNP,UPS,URBN,URI,USB,UTX,V,VAR,VFC,VIAB,VLO,VMC,VNO,VRSK,VRSN,VRTX,VTR,VZ,WAT,WBA,WDC,WEC,WELL,WFC,WFM,WHR,WLTW,WM,WMB,WMT,WRK,WU,WY,WYND,WYNN,XEC,XEL,XL,XLNX,XOM,XRAY,XRX,XYL,YUM,ZBH,ZION,ZTS"
2016-07-05,"A,AABA,AAL,AAP,AAPL,ABBV,ABC,ABT,ACN,ADBE,ADI,ADM,ADP,ADS,ADSK,AEE,AEP,AES,AET,AFL,AGN,AIG,AIV,AIZ,AJG,AKAM,ALB,ALK,ALL,ALLE,ALXN,AMAT,AME,AMG,AMGN,AMP,AMT,AMZN,AN,ANDV,ANTM,AON,APA,APC,APD,APH,APTV,ARNC,ATVI,AVB,AVGO,AVY,AWK,AXP,AYI,AZO,BA,BAC,BAX,BBBY,BBT,BBY,BCR,BDX,BEN,BF.B,BHGE,BIIB,BK,BKNG,BLK,BLL,BMY,BRK.B,BSX,BWA,BXP,C,CA,CAG,CAH,CAT,CB,CBRE,CBS,CCI,CCL,CELG,CERN,CF,CFG,CHD,CHK,CHRW,CI,CINF,CL,CLX,CMA,CMCSA,CME,CMG,CMI,CMS,CNC,CNP,COF,COG,COL,COP,COST,CPB,CPRI,CRM,CSCO,CSRA,CSX,CTAS,CTL,CTSH,CTXS,CVS,CVX,CXO,D,DAL,DD,DE,DFS,DG,DGX,DHI,DHR,DIS,DISCA,DISCK,DLR,DLTR,DNB,DO,DOV,DOW,DRI,DTE,DUK,DVA,DVN,EA,EBAY,ECL,ED,EFX,EIX,EL,EMC,EMN,EMR,ENDP,EOG,EQIX,EQR,EQT,ES,ESRX,ESS,ETFC,ETN,ETR,EW,EXC,EXPD,EXPE,EXR,F,FAST,FB,FBHS,FCX,FDX,FE,FFIV,FIS,FISV,FITB,FL,FLIR,FLR,FLS,FMC,FOX,FOXA,FRT,FSLR,FTI,FTR,FTV,GD,GE,GGP,GILD,GIS,GLW,GM,GOOG,GOOGL,GPC,GPN,GPS,GRMN,GS,GT,GWW,HAL,HAR,HAS,HBAN,HBI,HCA,HCP,HD,HES,HIG,HOG,HOLX,HON,HOT,HP,HPE,HPQ,HRB,HRL,HRS,HSIC,HST,HSY,HUM,IBM,ICE,IFF,ILMN,INTC,INTU,IP,IPG,IR,IRM,ISRG,ITW,IVZ,JBHT,JCI,JEC,JEF,JNJ,JNPR,JPM,JWN,K,KDP,KEY,KHC,KIM,KLAC,KMB,KMI,KMX,KO,KORS,KR,KSS,KSU,L,LB,LEG,LEN,LH,LKQ,LLL,LLTC,LLY,LM,LMT,LNC,LNT,LOW,LRCX,LUV,LVLT,LYB,M,MA,MAC,MAR,MAS,MAT,MCD,MCHP,MCK,MCO,MDLZ,MDT,MET,MHK,MJN,MKC,MLM,MMC,MMM,MNK,MNST,MO,MON,MOS,MPC,MRK,MRO,MS,MSFT,MSI,MTB,MU,MUR,MYL,NAVI,NBL,NDAQ,NEE,NEM,NFLX,NFX,NI,NKE,NLSN,NOC,NOV,NRG,NSC,NTAP,NTRS,NUE,NVDA,NWL,NWS,NWSA,O,OI,OKE,OMC,ORCL,ORLY,OXY,PAYX,PBCT,PBI,PCAR,PCG,PDCO,PEG,PEP,PFE,PFG,PG,PGR,PH,PHM,PKI,PLD,PM,PNC,PNR,PNW,PPG,PPL,PRGO,PRU,PSA,PSX,PVH,PWR,PX,PXD,PYPL,QCOM,QRVO,R,RAI,RCL,REGN,RF,RHI,RHT,RIG,RL,ROK,ROP,ROST,RRC,RSG,RTN,SBUX,SCG,SCHW,SE,SEE,SHW,SIG,SJM,SLB,SLG,SNA,SNI,SO,SPG,SPGI,SPLS,SRCL,SRE,STI,STJ,STT,STX,STZ,SWK,SWKS,SWN,SYF,SYK,SYMC,SYY,T,TAP,TDC,TDG,TEL,TGNA,TGT,TIF,TJX,TMK,TMO,TPR,TRIP,TROW,TRV,TSCO,TSN,TSS,TWX,TXN,TXT,UA,UAA,UAL,UDR,UHS,ULTA,UNH,UNM,UNP,UPS,URBN,URI,USB,UTX,V,VAR,VFC,VIAB,VLO,VMC,VNO,VRSK,VRSN,VRTX,VTR,VZ,WAT,WBA,WDC,WEC,WELL,WFC,WFM,WHR,WLTW,WM,WMB,WMT,WRK,WU,WY,WYND,WYNN,XEC,XEL,XL,XLNX,XOM,XRAY,XRX,XYL,YUM,ZBH,ZION,ZTS"
2016-09-06,"A,AABA,AAL,AAP,AAPL,ABBV,ABC,ABT,ACN,ADBE,ADI,ADM,ADP,ADS,ADSK,AEE,AEP,AES,AET,AFL,AGN,AIG,AIV,AIZ,AJG,AKAM,ALB,ALK,ALL,ALLE,ALXN,AMAT,AME,AMG,AMGN,AMP,AMT,AMZN,AN,ANDV,ANTM,AON,APA,APC,APD,APH,APTV,ARNC,ATVI,AVB,AVGO,AVY,AWK,AXP,AYI,AZO,BA,BAC,BAX,BBBY,BBT,BBY,BCR,BDX,BEN,BF.B,BHGE,BIIB,BK,BKNG,BLK,BLL,BMY,BRK.B,BSX,BWA,BXP,C,CA,CAG,CAH,CAT,CB,CBRE,CBS,CCI,CCL,CELG,CERN,CF,CFG,CHD,CHK,CHRW,CI,CINF,CL,CLX,CMA,CMCSA,CME,CMG,CMI,CMS,CNC,CNP,COF,COG,COL,COP,COST,CPB,CPRI,CRM,CSCO,CSRA,CSX,CTAS,CTL,CTSH,CTXS,CVS,CVX,CXO,D,DAL,DD,DE,DFS,DG,DGX,DHI,DHR,DIS,DISCA,DISCK,DLR,DLTR,DNB,DO,DOV,DOW,DRI,DTE,DUK,DVA,DVN,EA,EBAY,ECL,ED,EFX,EIX,EL,EMC,EMN,EMR,ENDP,EOG,EQIX,EQR,EQT,ES,ESRX,ESS,ETFC,ETN,ETR,EW,EXC,EXPD,EXPE,EXR,F,FAST,FB,FBHS,FCX,FDX,FE,FFIV,FIS,FISV,FITB,FL,FLIR,FLR,FLS,FMC,FOX,FOXA,FRT,FSLR,FTI,FTR,FTV,GD,GE,GGP,GILD,GIS,GLW,GM,GOOG,GOOGL,GPC,GPN,GPS,GRMN,GS,GT,GWW,HAL,HAR,HAS,HBAN,HBI,HCA,HCP,HD,HES,HIG,HOG,HOLX,HON,HOT,HP,HPE,HPQ,HRB,HRL,HRS,HSIC,HST,HSY,HUM,IBM,ICE,IFF,ILMN,INTC,INTU,IP,IPG,IR,IRM,ISRG,ITW,IVZ,JBHT,JCI,JEC,JEF,JNJ,JNPR,JPM,JWN,K,KDP,KEY,KHC,KIM,KLAC,KMB,KMI,KMX,KO,KORS,KR,KSS,KSU,L,LB,LEG,LEN,LH,LKQ,LLL,LLTC,LLY,LM,LMT,LNC,LNT,LOW,LRCX,LUV,LVLT,LYB,M,MA,MAC,MAR,MAS,MAT,MCD,MCHP,MCK,MCO,MDLZ,MDT,MET,MHK,MJN,MKC,MLM,MMC,MMM,MNK,MNST,MO,MON,MOS,MPC,MRK,MRO,MS,MSFT,MSI,MTB,MTD,MU,MUR,MYL,NAVI,NBL,NDAQ,NEE,NEM,NFLX,NFX,NI,NKE,NLSN,NOC,NOV,NRG,NSC,NTAP,NTRS,NUE,NVDA,NWL,NWS,NWSA,O,OI,OKE,OMC,ORCL,ORLY,OXY,PAYX,PBCT,PBI,PCAR,PCG,PDCO,PEG,PEP,PFE,PFG,PG,PGR,PH,PHM,PKI,PLD,PM,PNC,PNR,PNW,PPG,PPL,PRGO,PRU,PSA,PSX,PVH,PWR,PX,PXD,PYPL,QCOM,QRVO,R,RAI,RCL,REGN,RF,RHI,RHT,RIG,RL,ROK,ROP,ROST,RRC,RSG,RTN,SBUX,SCG,SCHW,SE,SEE,SHW,SIG,SJM,SLB,SLG,SNA,SNI,SO,SPG,SPGI,SPLS,SRCL,SRE,STI,STJ,STT,STX,STZ,SWK,SWKS,SWN,SYF,SYK,SYMC,SYY,T,TAP,TDC,TDG,TEL,TGNA,TGT,TIF,TJX,TMK,TMO,TPR,TRIP,TROW,TRV,TSCO,TSN,TSS,TWX,TXN,TXT,UA,UAA,UAL,UDR,UHS,ULTA,UNH,UNM,UNP,UPS,URBN,URI,USB,UTX,V,VAR,VFC,VIAB,VLO,VMC,VNO,VRSK,VRSN,VRTX,VTR,VZ,WAT,WBA,WDC,WEC,WELL,WFC,WFM,WHR,WLTW,WM,WMB,WMT,WRK,WU,WY,WYND,WYNN,XEC,XEL,XL,XLNX,XOM,XRAY,XRX,XYL,YUM,ZBH,ZION,ZTS"
2016-09-07,"A,AABA,AAL,AAP,AAPL,ABBV,ABC,ABT,ACN,ADBE,ADI,ADM,ADP,ADS,ADSK,AEE,AEP,AES,AET,AFL,AGN,AIG,AIV,AIZ,AJG,AKAM,ALB,ALK,ALL,ALLE,ALXN,AMAT,AME,AMG,AMGN,AMP,AMT,AMZN,AN,ANDV,ANTM,AON,APA,APC,APD,APH,APTV,ARNC,ATVI,AVB,AVGO,AVY,AWK,AXP,AYI,AZO,BA,BAC,BAX,BBBY,BBT,BBY,BCR,BDX,BEN,BF.B,BHGE,BIIB,BK,BKNG,BLK,BLL,BMY,BRK.B,BSX,BWA,BXP,C,CA,CAG,CAH,CAT,CB,CBRE,CBS,CCI,CCL,CELG,CERN,CF,CFG,CHD,CHK,CHRW,CI,CINF,CL,CLX,CMA,CMCSA,CME,CMG,CMI,CMS,CNC,CNP,COF,COG,COL,COP,COST,CPB,CPRI,CRM,CSCO,CSRA,CSX,CTAS,CTL,CTSH,CTXS,CVS,CVX,CXO,D,DAL,DD,DE,DFS,DG,DGX,DHI,DHR,DIS,DISCA,DISCK,DLR,DLTR,DNB,DO,DOV,DOW,DRI,DTE,DUK,DVA,DVN,EA,EBAY,ECL,ED,EFX,EIX,EL,EMN,EMR,ENDP,EOG,EQIX,EQR,EQT,ES,ESRX,ESS,ETFC,ETN,ETR,EW,EXC,EXPD,EXPE,EXR,F,FAST,FB,FBHS,FCX,FDX,FE,FFIV,FIS,FISV,FITB,FL,FLIR,FLR,FLS,FMC,FOX,FOXA,FRT,FSLR,FTI,FTR,FTV,GD,GE,GGP,GILD,GIS,GLW,GM,GOOG,GOOGL,GPC,GPN,GPS,GRMN,GS,GT,GWW,HAL,HAR,HAS,HBAN,HBI,HCA,HCP,HD,HES,HIG,HOG,HOLX,HON,HOT,HP,HPE,HPQ,HRB,HRL,HRS,HSIC,HST,HSY,HUM,IBM,ICE,IFF,ILMN,INTC,INTU,IP,IPG,IR,IRM,ISRG,ITW,IVZ,JBHT,JCI,JEC,JEF,JNJ,JNPR,JPM,JWN,K,KDP,KEY,KHC,KIM,KLAC,KMB,KMI,KMX,KO,KORS,KR,KSS,KSU,L,LB,LEG,LEN,LH,LKQ,LLL,LLTC,LLY,LM,LMT,LNC,LNT,LOW,LRCX,LUV,LVLT,LYB,M,MA,MAC,MAR,MAS,MAT,MCD,MCHP,MCK,MCO,MDLZ,MDT,MET,MHK,MJN,MKC,MLM,MMC,MMM,MNK,MNST,MO,MON,MOS,MPC,MRK,MRO,MS,MSFT,MSI,MTB,MTD,MU,MUR,MYL,NAVI,NBL,NDAQ,NEE,NEM,NFLX,NFX,NI,NKE,NLSN,NOC,NOV,NRG,NSC,NTAP,NTRS,NUE,NVDA,NWL,NWS,NWSA,O,OI,OKE,OMC,ORCL,ORLY,OXY,PAYX,PBCT,PBI,PCAR,PCG,PDCO,PEG,PEP,PFE,PFG,PG,PGR,PH,PHM,PKI,PLD,PM,PNC,PNR,PNW,PPG,PPL,PRGO,PRU,PSA,PSX,PVH,PWR,PX,PXD,PYPL,QCOM,QRVO,R,RAI,RCL,REGN,RF,RHI,RHT,RIG,RL,ROK,ROP,ROST,RRC,RSG,RTN,SBUX,SCG,SCHW,SE,SEE,SHW,SIG,SJM,SLB,SLG,SNA,SNI,SO,SPG,SPGI,SPLS,SRCL,SRE,STI,STJ,STT,STX,STZ,SWK,SWKS,SWN,SYF,SYK,SYMC,SYY,T,TAP,TDC,TDG,TEL,TGNA,TGT,TIF,TJX,TMK,TMO,TPR,TRIP,TROW,TRV,TSCO,TSN,TSS,TWX,TXN,TXT,UA,UAA,UAL,UDR,UHS,ULTA,UNH,UNM,UNP,UPS,URBN,URI,USB,UTX,V,VAR,VFC,VIAB,VLO,VMC,VNO,VRSK,VRSN,VRTX,VTR,VZ,WAT,WBA,WDC,WEC,WELL,WFC,WFM,WHR,WLTW,WM,WMB,WMT,WRK,WU,WY,WYND,WYNN,XEC,XEL,XL,XLNX,XOM,XRAY,XRX,XYL,YUM,ZBH,ZION,ZTS"
2016-09-08,"A,AABA,AAL,AAP,AAPL,ABBV,ABC,ABT,ACN,ADBE,ADI,ADM,ADP,ADS,ADSK,AEE,AEP,AES,AET,AFL,AGN,AIG,AIV,AIZ,AJG,AKAM,ALB,ALK,ALL,ALLE,ALXN,AMAT,AME,AMG,AMGN,AMP,AMT,AMZN,AN,ANDV,ANTM,AON,APA,APC,APD,APH,APTV,ARNC,ATVI,AVB,AVGO,AVY,AWK,AXP,AYI,AZO,BA,BAC,BAX,BBBY,BBT,BBY,BCR,BDX,BEN,BF.B,BHGE,BIIB,BK,BKNG,BLK,BLL,BMY,BRK.B,BSX,BWA,BXP,C,CA,CAG,CAH,CAT,CB,CBRE,CBS,CCI,CCL,CELG,CERN,CF,CFG,CHD,CHK,CHRW,CHTR,CI,CINF,CL,CLX,CMA,CMCSA,CME,CMG,CMI,CMS,CNC,CNP,COF,COG,COL,COP,COST,CPB,CPRI,CRM,CSCO,CSRA,CSX,CTAS,CTL,CTSH,CTXS,CVS,CVX,CXO,D,DAL,DD,DE,DFS,DG,DGX,DHI,DHR,DIS,DISCA,DISCK,DLR,DLTR,DNB,DO,DOV,DOW,DRI,DTE,DUK,DVA,DVN,EA,EBAY,ECL,ED,EFX,EIX,EL,EMN,EMR,ENDP,EOG,EQIX,EQR,EQT,ES,ESRX,ESS,ETFC,ETN,ETR,EW,EXC,EXPD,EXPE,EXR,F,FAST,FB,FBHS,FCX,FDX,FE,FFIV,FIS,FISV,FITB,FL,FLIR,FLR,FLS,FMC,FOX,FOXA,FRT,FSLR,FTI,FTR,FTV,GD,GE,GGP,GILD,GIS,GLW,GM,GOOG,GOOGL,GPC,GPN,GPS,GRMN,GS,GT,GWW,HAL,HAR,HAS,HBAN,HBI,HCA,HCP,HD,HES,HIG,HOG,HOLX,HON,HOT,HP,HPE,HPQ,HRB,HRL,HRS,HSIC,HST,HSY,HUM,IBM,ICE,IFF,ILMN,INTC,INTU,IP,IPG,IR,IRM,ISRG,ITW,IVZ,JBHT,JCI,JEC,JEF,JNJ,JNPR,JPM,JWN,K,KDP,KEY,KHC,KIM,KLAC,KMB,KMI,KMX,KO,KORS,KR,KSS,KSU,L,LB,LEG,LEN,LH,LKQ,LLL,LLTC,LLY,LM,LMT,LNC,LNT,LOW,LRCX,LUV,LVLT,LYB,M,MA,MAC,MAR,MAS,MAT,MCD,MCHP,MCK,MCO,MDLZ,MDT,MET,MHK,MJN,MKC,MLM,MMC,MMM,MNK,MNST,MO,MON,MOS,MPC,MRK,MRO,MS,MSFT,MSI,MTB,MTD,MU,MUR,MYL,NAVI,NBL,NDAQ,NEE,NEM,NFLX,NFX,NI,NKE,NLSN,NOC,NOV,NRG,NSC,NTAP,NTRS,NUE,NVDA,NWL,NWS,NWSA,O,OI,OKE,OMC,ORCL,ORLY,OXY,PAYX,PBCT,PBI,PCAR,PCG,PDCO,PEG,PEP,PFE,PFG,PG,PGR,PH,PHM,PKI,PLD,PM,PNC,PNR,PNW,PPG,PPL,PRGO,PRU,PSA,PSX,PVH,PWR,PX,PXD,PYPL,QCOM,QRVO,R,RAI,RCL,REGN,RF,RHI,RHT,RIG,RL,ROK,ROP,ROST,RRC,RSG,RTN,SBUX,SCG,SCHW,SE,SEE,SHW,SIG,SJM,SLB,SLG,SNA,SNI,SO,SPG,SPGI,SPLS,SRCL,SRE,STI,STJ,STT,STX,STZ,SWK,SWKS,SWN,SYF,SYK,SYMC,SYY,T,TAP,TDC,TDG,TEL,TGNA,TGT,TIF,TJX,TMK,TMO,TPR,TRIP,TROW,TRV,TSCO,TSN,TSS,TWX,TXN,TXT,UA,UAA,UAL,UDR,UHS,ULTA,UNH,UNM,UNP,UPS,URBN,URI,USB,UTX,V,VAR,VFC,VIAB,VLO,VMC,VNO,VRSK,VRSN,VRTX,VTR,VZ,WAT,WBA,WDC,WEC,WELL,WFC,WFM,WHR,WLTW,WM,WMB,WMT,WRK,WU,WY,WYND,WYNN,XEC,XEL,XL,XLNX,XOM,XRAY,XRX,XYL,YUM,ZBH,ZION,ZTS"
2016-09-23,"A,AABA,AAL,AAP,AAPL,ABBV,ABC,ABT,ACN,ADBE,ADI,ADM,ADP,ADS,ADSK,AEE,AEP,AES,AET,AFL,AGN,AIG,AIV,AIZ,AJG,AKAM,ALB,ALK,ALL,ALLE,ALXN,AMAT,AME,AMG,AMGN,AMP,AMT,AMZN,AN,ANDV,ANTM,AON,APA,APC,APD,APH,APTV,ARNC,ATVI,AVB,AVGO,AVY,AWK,AXP,AYI,AZO,BA,BAC,BAX,BBBY,BBT,BBY,BCR,BDX,BEN,BF.B,BHGE,BIIB,BK,BKNG,BLK,BLL,BMY,BRK.B,BSX,BWA,BXP,C,CA,CAG,CAH,CAT,CB,CBRE,CBS,CCI,CCL,CELG,CERN,CF,CFG,CHD,CHK,CHRW,CHTR,CI,CINF,CL,CLX,CMA,CMCSA,CME,CMG,CMI,CMS,CNC,CNP,COF,COG,COL,COO,COP,COST,CPB,CPRI,CRM,CSCO,CSRA,CSX,CTAS,CTL,CTSH,CTXS,CVS,CVX,CXO,D,DAL,DD,DE,DFS,DG,DGX,DHI,DHR,DIS,DISCA,DISCK,DLR,DLTR,DNB,DO,DOV,DOW,DRI,DTE,DUK,DVA,DVN,EA,EBAY,ECL,ED,EFX,EIX,EL,EMN,EMR,ENDP,EOG,EQIX,EQR,EQT,ES,ESRX,ESS,ETFC,ETN,ETR,EW,EXC,EXPD,EXPE,EXR,F,FAST,FB,FBHS,FCX,FDX,FE,FFIV,FIS,FISV,FITB,FL,FLIR,FLR,FLS,FMC,FOX,FOXA,FRT,FSLR,FTI,FTR,FTV,GD,GE,GGP,GILD,GIS,GLW,GM,GOOG,GOOGL,GPC,GPN,GPS,GRMN,GS,GT,GWW,HAL,HAR,HAS,HBAN,HBI,HCA,HCP,HD,HES,HIG,HOG,HOLX,HON,HP,HPE,HPQ,HRB,HRL,HRS,HSIC,HST,HSY,HUM,IBM,ICE,IFF,ILMN,INTC,INTU,IP,IPG,IR,IRM,ISRG,ITW,IVZ,JBHT,JCI,JEC,JEF,JNJ,JNPR,JPM,JWN,K,KDP,KEY,KHC,KIM,KLAC,KMB,KMI,KMX,KO,KORS,KR,KSS,KSU,L,LB,LEG,LEN,LH,LKQ,LLL,LLTC,LLY,LM,LMT,LNC,LNT,LOW,LRCX,LUV,LVLT,LYB,M,MA,MAC,MAR,MAS,MAT,MCD,MCHP,MCK,MCO,MDLZ,MDT,MET,MHK,MJN,MKC,MLM,MMC,MMM,MNK,MNST,MO,MON,MOS,MPC,MRK,MRO,MS,MSFT,MSI,MTB,MTD,MU,MUR,MYL,NAVI,NBL,NDAQ,NEE,NEM,NFLX,NFX,NI,NKE,NLSN,NOC,NOV,NRG,NSC,NTAP,NTRS,NUE,NVDA,NWL,NWS,NWSA,O,OI,OKE,OMC,ORCL,ORLY,OXY,PAYX,PBCT,PBI,PCAR,PCG,PDCO,PEG,PEP,PFE,PFG,PG,PGR,PH,PHM,PKI,PLD,PM,PNC,PNR,PNW,PPG,PPL,PRGO,PRU,PSA,PSX,PVH,PWR,PX,PXD,PYPL,QCOM,QRVO,R,RAI,RCL,REGN,RF,RHI,RHT,RIG,RL,ROK,ROP,ROST,RRC,RSG,RTN,SBUX,SCG,SCHW,SE,SEE,SHW,SIG,SJM,SLB,SLG,SNA,SNI,SO,SPG,SPGI,SPLS,SRCL,SRE,STI,STJ,STT,STX,STZ,SWK,SWKS,SWN,SYF,SYK,SYMC,SYY,T,TAP,TDC,TDG,TEL,TGNA,TGT,TIF,TJX,TMK,TMO,TPR,TRIP,TROW,TRV,TSCO,TSN,TSS,TWX,TXN,TXT,UA,UAA,UAL,UDR,UHS,ULTA,UNH,UNM,UNP,UPS,URBN,URI,USB,UTX,V,VAR,VFC,VIAB,VLO,VMC,VNO,VRSK,VRSN,VRTX,VTR,VZ,WAT,WBA,WDC,WEC,WELL,WFC,WFM,WHR,WLTW,WM,WMB,WMT,WRK,WU,WY,WYND,WYNN,XEC,XEL,XL,XLNX,XOM,XRAY,XRX,XYL,YUM,ZBH,ZION,ZTS"
2016-10-03,"A,AABA,AAL,AAP,AAPL,ABBV,ABC,ABT,ACN,ADBE,ADI,ADM,ADP,ADS,ADSK,AEE,AEP,AES,AET,AFL,AGN,AIG,AIV,AIZ,AJG,AKAM,ALB,ALK,ALL,ALLE,ALXN,AMAT,AME,AMG,AMGN,AMP,AMT,AMZN,AN,ANDV,ANTM,AON,APA,APC,APD,APH,APTV,ARNC,ATVI,AVB,AVGO,AVY,AWK,AXP,AYI,AZO,BA,BAC,BAX,BBBY,BBT,BBY,BCR,BDX,BEN,BF.B,BHGE,BIIB,BK,BKNG,BLK,BLL,BMY,BRK.B,BSX,BWA,BXP,C,CA,CAG,CAH,CAT,CB,CBRE,CBS,CCI,CCL,CELG,CERN,CF,CFG,CHD,CHK,CHRW,CHTR,CI,CINF,CL,CLX,CMA,CMCSA,CME,CMG,CMI,CMS,CNC,CNP,COF,COG,COL,COO,COP,COST,COTY,CPB,CPRI,CRM,CSCO,CSRA,CSX,CTAS,CTL,CTSH,CTXS,CVS,CVX,CXO,D,DAL,DD,DE,DFS,DG,DGX,DHI,DHR,DIS,DISCA,DISCK,DLR,DLTR,DNB,DOV,DOW,DRI,DTE,DUK,DVA,DVN,EA,EBAY,ECL,ED,EFX,EIX,EL,EMN,EMR,ENDP,EOG,EQIX,EQR,EQT,ES,ESRX,ESS,ETFC,ETN,ETR,EW,EXC,EXPD,EXPE,EXR,F,FAST,FB,FBHS,FCX,FDX,FE,FFIV,FIS,FISV,FITB,FL,FLIR,FLR,FLS,FMC,FOX,FOXA,FRT,FSLR,FTI,FTR,FTV,GD,GE,GGP,GILD,GIS,GLW,GM,GOOG,GOOGL,GPC,GPN,GPS,GRMN,GS,GT,GWW,HAL,HAR,HAS,HBAN,HBI,HCA,HCP,HD,HES,HIG,HOG,HOLX,HON,HP,HPE,HPQ,HRB,HRL,HRS,HSIC,HST,HSY,HUM,IBM,ICE,IFF,ILMN,INTC,INTU,IP,IPG,IR,IRM,ISRG,ITW,IVZ,JBHT,JCI,JEC,JEF,JNJ,JNPR,JPM,JWN,K,KDP,KEY,KHC,KIM,KLAC,KMB,KMI,KMX,KO,KORS,KR,KSS,KSU,L,LB,LEG,LEN,LH,LKQ,LLL,LLTC,LLY,LM,LMT,LNC,LNT,LOW,LRCX,LUV,LVLT,LYB,M,MA,MAC,MAR,MAS,MAT,MCD,MCHP,MCK,MCO,MDLZ,MDT,MET,MHK,MJN,MKC,MLM,MMC,MMM,MNK,MNST,MO,MON,MOS,MPC,MRK,MRO,MS,MSFT,MSI,MTB,MTD,MU,MUR,MYL,NAVI,NBL,NDAQ,NEE,NEM,NFLX,NFX,NI,NKE,NLSN,NOC,NOV,NRG,NSC,NTAP,NTRS,NUE,NVDA,NWL,NWS,NWSA,O,OI,OKE,OMC,ORCL,ORLY,OXY,PAYX,PBCT,PBI,PCAR,PCG,PDCO,PEG,PEP,PFE,PFG,PG,PGR,PH,PHM,PKI,PLD,PM,PNC,PNR,PNW,PPG,PPL,PRGO,PRU,PSA,PSX,PVH,PWR,PX,PXD,PYPL,QCOM,QRVO,R,RAI,RCL,REGN,RF,RHI,RHT,RIG,RL,ROK,ROP,ROST,RRC,RSG,RTN,SBUX,SCG,SCHW,SE,SEE,SHW,SIG,SJM,SLB,SLG,SNA,SNI,SO,SPG,SPGI,SPLS,SRCL,SRE,STI,STJ,STT,STX,STZ,SWK,SWKS,SWN,SYF,SYK,SYMC,SYY,T,TAP,TDC,TDG,TEL,TGNA,TGT,TIF,TJX,TMK,TMO,TPR,TRIP,TROW,TRV,TSCO,TSN,TSS,TWX,TXN,TXT,UA,UAA,UAL,UDR,UHS,ULTA,UNH,UNM,UNP,UPS,URBN,URI,USB,UTX,V,VAR,VFC,VIAB,VLO,VMC,VNO,VRSK,VRSN,VRTX,VTR,VZ,WAT,WBA,WDC,WEC,WELL,WFC,WFM,WHR,WLTW,WM,WMB,WMT,WRK,WU,WY,WYND,WYNN,XEC,XEL,XL,XLNX,XOM,XRAY,XRX,XYL,YUM,ZBH,ZION,ZTS"
2016-12-02,"A,AABA,AAL,AAP,AAPL,ABBV,ABC,ABT,ACN,ADBE,ADI,ADM,ADP,ADS,ADSK,AEE,AEP,AES,AET,AFL,AGN,AIG,AIV,AIZ,AJG,AKAM,ALB,ALK,ALL,ALLE,ALXN,AMAT,AME,AMG,AMGN,AMP,AMT,AMZN,AN,ANDV,ANTM,AON,APA,APC,APD,APH,APTV,ARNC,ATVI,AVB,AVGO,AVY,AWK,AXP,AYI,AZO,BA,BAC,BAX,BBBY,BBT,BBY,BCR,BDX,BEN,BF.B,BHGE,BIIB,BK,BKNG,BLK,BLL,BMY,BRK.B,BSX,BWA,BXP,C,CA,CAG,CAH,CAT,CB,CBRE,CBS,CCI,CCL,CELG,CERN,CF,CFG,CHD,CHK,CHRW,CHTR,CI,CINF,CL,CLX,CMA,CMCSA,CME,CMG,CMI,CMS,CNC,CNP,COF,COG,COL,COO,COP,COST,COTY,CPB,CPRI,CRM,CSCO,CSRA,CSX,CTAS,CTL,CTSH,CTXS,CVS,CVX,CXO,D,DAL,DD,DE,DFS,DG,DGX,DHI,DHR,DIS,DISCA,DISCK,DLR,DLTR,DNB,DOV,DOW,DRI,DTE,DUK,DVA,DVN,EA,EBAY,ECL,ED,EFX,EIX,EL,EMN,EMR,ENDP,EOG,EQIX,EQR,EQT,ES,ESRX,ESS,ETFC,ETN,ETR,EVHC,EW,EXC,EXPD,EXPE,EXR,F,FAST,FB,FBHS,FCX,FDX,FE,FFIV,FIS,FISV,FITB,FL,FLIR,FLR,FLS,FMC,FOX,FOXA,FRT,FSLR,FTI,FTR,FTV,GD,GE,GGP,GILD,GIS,GLW,GM,GOOG,GOOGL,GPC,GPN,GPS,GRMN,GS,GT,GWW,HAL,HAR,HAS,HBAN,HBI,HCA,HCP,HD,HES,HIG,HOG,HOLX,HON,HP,HPE,HPQ,HRB,HRL,HRS,HSIC,HST,HSY,HUM,IBM,ICE,IFF,ILMN,INTC,INTU,IP,IPG,IR,IRM,ISRG,ITW,IVZ,JBHT,JCI,JEC,JEF,JNJ,JNPR,JPM,JWN,K,KDP,KEY,KHC,KIM,KLAC,KMB,KMI,KMX,KO,KORS,KR,KSS,KSU,L,LB,LEG,LEN,LH,LKQ,LLL,LLTC,LLY,LMT,LNC,LNT,LOW,LRCX,LUV,LVLT,LYB,M,MA,MAA,MAC,MAR,MAS,MAT,MCD,MCHP,MCK,MCO,MDLZ,MDT,MET,MHK,MJN,MKC,MLM,MMC,MMM,MNK,MNST,MO,MON,MOS,MPC,MRK,MRO,MS,MSFT,MSI,MTB,MTD,MU,MUR,MYL,NAVI,NBL,NDAQ,NEE,NEM,NFLX,NFX,NI,NKE,NLSN,NOC,NOV,NRG,NSC,NTAP,NTRS,NUE,NVDA,NWL,NWS,NWSA,O,OKE,OMC,ORCL,ORLY,OXY,PAYX,PBCT,PBI,PCAR,PCG,PDCO,PEG,PEP,PFE,PFG,PG,PGR,PH,PHM,PKI,PLD,PM,PNC,PNR,PNW,PPG,PPL,PRGO,PRU,PSA,PSX,PVH,PWR,PX,PXD,PYPL,QCOM,QRVO,R,RAI,RCL,REGN,RF,RHI,RHT,RIG,RL,ROK,ROP,ROST,RRC,RSG,RTN,SBUX,SCG,SCHW,SE,SEE,SHW,SIG,SJM,SLB,SLG,SNA,SNI,SO,SPG,SPGI,SPLS,SRCL,SRE,STI,STJ,STT,STX,STZ,SWK,SWKS,SWN,SYF,SYK,SYMC,SYY,T,TAP,TDC,TDG,TEL,TGNA,TGT,TIF,TJX,TMK,TMO,TPR,TRIP,TROW,TRV,TSCO,TSN,TSS,TWX,TXN,TXT,UA,UAA,UAL,UDR,UHS,ULTA,UNH,UNM,UNP,UPS,URBN,URI,USB,UTX,V,VAR,VFC,VIAB,VLO,VMC,VNO,VRSK,VRSN,VRTX,VTR,VZ,WAT,WBA,WDC,WEC,WELL,WFC,WFM,WHR,WLTW,WM,WMB,WMT,WRK,WU,WY,WYND,WYNN,XEC,XEL,XL,XLNX,XOM,XRAY,XRX,XYL,YUM,ZBH,ZION,ZTS"
2017-01-05,"A,AABA,AAL,AAP,AAPL,ABBV,ABC,ABT,ACN,ADBE,ADI,ADM,ADP,ADS,ADSK,AEE,AEP,AES,AET,AFL,AGN,AIG,AIV,AIZ,AJG,AKAM,ALB,ALK,ALL,ALLE,ALXN,AMAT,AME,AMG,AMGN,AMP,AMT,AMZN,AN,ANDV,ANTM,AON,APA,APC,APD,APH,APTV,ARNC,ATVI,AVB,AVGO,AVY,AWK,AXP,AYI,AZO,BA,BAC,BAX,BBBY,BBT,BBY,BCR,BDX,BEN,BF.B,BHGE,BIIB,BK,BKNG,BLK,BLL,BMY,BRK.B,BSX,BWA,BXP,C,CA,CAG,CAH,CAT,CB,CBRE,CBS,CCI,CCL,CELG,CERN,CF,CFG,CHD,CHK,CHRW,CHTR,CI,CINF,CL,CLX,CMA,CMCSA,CME,CMG,CMI,CMS,CNC,CNP,COF,COG,COL,COO,COP,COST,COTY,CPB,CPRI,CRM,CSCO,CSRA,CSX,CTAS,CTL,CTSH,CTXS,CVS,CVX,CXO,D,DAL,DD,DE,DFS,DG,DGX,DHI,DHR,DIS,DISCA,DISCK,DLR,DLTR,DNB,DOV,DOW,DRI,DTE,DUK,DVA,DVN,EA,EBAY,ECL,ED,EFX,EIX,EL,EMN,EMR,ENDP,EOG,EQIX,EQR,EQT,ES,ESRX,ESS,ETFC,ETN,ETR,EVHC,EW,EXC,EXPD,EXPE,EXR,F,FAST,FB,FBHS,FCX,FDX,FE,FFIV,FIS,FISV,FITB,FL,FLIR,FLR,FLS,FMC,FOX,FOXA,FRT,FSLR,FTI,FTR,FTV,GD,GE,GGP,GILD,GIS,GLW,GM,GOOG,GOOGL,GPC,GPN,GPS,GRMN,GS,GT,GWW,HAL,HAR,HAS,HBAN,HBI,HCA,HCP,HD,HES,HIG,HOG,HOLX,HON,HP,HPE,HPQ,HRB,HRL,HRS,HSIC,HST,HSY,HUM,IBM,ICE,IDXX,IFF,ILMN,INTC,INTU,IP,IPG,IR,IRM,ISRG,ITW,IVZ,JBHT,JCI,JEC,JEF,JNJ,JNPR,JPM,JWN,K,KDP,KEY,KHC,KIM,KLAC,KMB,KMI,KMX,KO,KORS,KR,KSS,KSU,L,LB,LEG,LEN,LH,LKQ,LLL,LLTC,LLY,LMT,LNC,LNT,LOW,LRCX,LUV,LVLT,LYB,M,MA,MAA,MAC,MAR,MAS,MAT,MCD,MCHP,MCK,MCO,MDLZ,MDT,MET,MHK,MJN,MKC,MLM,MMC,MMM,MNK,MNST,MO,MON,MOS,MPC,MRK,MRO,MS,MSFT,MSI,MTB,MTD,MU,MUR,MYL,NAVI,NBL,NDAQ,NEE,NEM,NFLX,NFX,NI,NKE,NLSN,NOC,NOV,NRG,NSC,NTAP,NTRS,NUE,NVDA,NWL,NWS,NWSA,O,OKE,OMC,ORCL,ORLY,OXY,PAYX,PBCT,PBI,PCAR,PCG,PDCO,PEG,PEP,PFE,PFG,PG,PGR,PH,PHM,PKI,PLD,PM,PNC,PNR,PNW,PPG,PPL,PRGO,PRU,PSA,PSX,PVH,PWR,PX,PXD,PYPL,QCOM,QRVO,R,RAI,RCL,REGN,RF,RHI,RHT,RIG,RL,ROK,ROP,ROST,RRC,RSG,RTN,SBUX,SCG,SCHW,SE,SEE,SHW,SIG,SJM,SLB,SLG,SNA,SNI,SO,SPG,SPGI,SPLS,SRCL,SRE,STI,STT,STX,STZ,SWK,SWKS,SWN,SYF,SYK,SYMC,SYY,T,TAP,TDC,TDG,TEL,TGNA,TGT,TIF,TJX,TMK,TMO,TPR,TRIP,TROW,TRV,TSCO,TSN,TSS,TWX,TXN,TXT,UA,UAA,UAL,UDR,UHS,ULTA,UNH,UNM,UNP,UPS,URBN,URI,USB,UTX,V,VAR,VFC,VIAB,VLO,VMC,VNO,VRSK,VRSN,VRTX,VTR,VZ,WAT,WBA,WDC,WEC,WELL,WFC,WFM,WHR,WLTW,WM,WMB,WMT,WRK,WU,WY,WYND,WYNN,XEC,XEL,XL,XLNX,XOM,XRAY,XRX,XYL,YUM,ZBH,ZION,ZTS"
2017-02-27,"A,AABA,AAL,AAP,AAPL,ABBV,ABC,ABT,ACN,ADBE,ADI,ADM,ADP,ADS,ADSK,AEE,AEP,AES,AET,AFL,AGN,AIG,AIV,AIZ,AJG,AKAM,ALB,ALK,ALL,ALLE,ALXN,AMAT,AME,AMG,AMGN,AMP,AMT,AMZN,AN,ANDV,ANTM,AON,APA,APC,APD,APH,APTV,ARNC,ATVI,AVB,AVGO,AVY,AWK,AXP,AYI,AZO,BA,BAC,BAX,BBBY,BBT,BBY,BCR,BDX,BEN,BF.B,BHGE,BIIB,BK,BKNG,BLK,BLL,BMY,BRK.B,BSX,BWA,BXP,C,CA,CAG,CAH,CAT,CB,CBRE,CBS,CCI,CCL,CELG,CERN,CF,CFG,CHD,CHK,CHRW,CHTR,CI,CINF,CL,CLX,CMA,CMCSA,CME,CMG,CMI,CMS,CNC,CNP,COF,COG,COL,COO,COP,COST,COTY,CPB,CPRI,CRM,CSCO,CSRA,CSX,CTAS,CTL,CTSH,CTXS,CVS,CVX,CXO,D,DAL,DD,DE,DFS,DG,DGX,DHI,DHR,DIS,DISCA,DISCK,DLR,DLTR,DNB,DOV,DOW,DRI,DTE,DUK,DVA,DVN,EA,EBAY,ECL,ED,EFX,EIX,EL,EMN,EMR,ENDP,EOG,EQIX,EQR,EQT,ES,ESRX,ESS,ETFC,ETN,ETR,EVHC,EW,EXC,EXPD,EXPE,EXR,F,FAST,FB,FBHS,FCX,FDX,FE,FFIV,FIS,FISV,FITB,FL,FLIR,FLR,FLS,FMC,FOX,FOXA,FRT,FSLR,FTI,FTR,FTV,GD,GE,GGP,GILD,GIS,GLW,GM,GOOG,GOOGL,GPC,GPN,GPS,GRMN,GS,GT,GWW,HAL,HAR,HAS,HBAN,HBI,HCA,HCP,HD,HES,HIG,HOG,HOLX,HON,HP,HPE,HPQ,HRB,HRL,HRS,HSIC,HST,HSY,HUM,IBM,ICE,IDXX,IFF,ILMN,INTC,INTU,IP,IPG,IR,IRM,ISRG,ITW,IVZ,JBHT,JCI,JEC,JEF,JNJ,JNPR,JPM,JWN,K,KDP,KEY,KHC,KIM,KLAC,KMB,KMI,KMX,KO,KORS,KR,KSS,KSU,L,LB,LEG,LEN,LH,LKQ,LLL,LLTC,LLY,LMT,LNC,LNT,LOW,LRCX,LUV,LVLT,LYB,M,MA,MAA,MAC,MAR,MAS,MAT,MCD,MCHP,MCK,MCO,MDLZ,MDT,MET,MHK,MJN,MKC,MLM,MMC,MMM,MNK,MNST,MO,MON,MOS,MPC,MRK,MRO,MS,MSFT,MSI,MTB,MTD,MU,MUR,MYL,NAVI,NBL,NDAQ,NEE,NEM,NFLX,NFX,NI,NKE,NLSN,NOC,NOV,NRG,NSC,NTAP,NTRS,NUE,NVDA,NWL,NWS,NWSA,O,OKE,OMC,ORCL,ORLY,OXY,PAYX,PBCT,PBI,PCAR,PCG,PDCO,PEG,PEP,PFE,PFG,PG,PGR,PH,PHM,PKI,PLD,PM,PNC,PNR,PNW,PPG,PPL,PRGO,PRU,PSA,PSX,PVH,PWR,PX,PXD,PYPL,QCOM,QRVO,R,RAI,RCL,REGN,RF,RHI,RHT,RIG,RL,ROK,ROP,ROST,RRC,RSG,RTN,SBUX,SCG,SCHW,SEE,SHW,SIG,SJM,SLB,SLG,SNA,SNI,SO,SPG,SPGI,SPLS,SRCL,SRE,STI,STT,STX,STZ,SWK,SWKS,SWN,SYF,SYK,SYMC,SYY,T,TAP,TDC,TDG,TEL,TGNA,TGT,TIF,TJX,TMK,TMO,TPR,TRIP,TROW,TRV,TSCO,TSN,TSS,TWX,TXN,TXT,UA,UAA,UAL,UDR,UHS,ULTA,UNH,UNM,UNP,UPS,URBN,URI,USB,UTX,V,VAR,VFC,VIAB,VLO,VMC,VNO,VRSK,VRSN,VRTX,VTR,VZ,WAT,WBA,WDC,WEC,WELL,WFC,WFM,WHR,WLTW,WM,WMB,WMT,WRK,WU,WY,WYND,WYNN,XEC,XEL,XL,XLNX,XOM,XRAY,XRX,XYL,YUM,ZBH,ZION,ZTS"
2017-02-28,"A,AABA,AAL,AAP,AAPL,ABBV,ABC,ABT,ACN,ADBE,ADI,ADM,ADP,ADS,ADSK,AEE,AEP,AES,AET,AFL,AGN,AIG,AIV,AIZ,AJG,AKAM,ALB,ALK,ALL,ALLE,ALXN,AMAT,AME,AMG,AMGN,AMP,AMT,AMZN,AN,ANDV,ANTM,AON,APA,APC,APD,APH,APTV,ARNC,ATVI,AVB,AVGO,AVY,AWK,AXP,AYI,AZO,BA,BAC,BAX,BBBY,BBT,BBY,BCR,BDX,BEN,BF.B,BHGE,BIIB,BK,BKNG,BLK,BLL,BMY,BRK.B,BSX,BWA,BXP,C,CA,CAG,CAH,CAT,CB,CBRE,CBS,CCI,CCL,CELG,CERN,CF,CFG,CHD,CHK,CHRW,CHTR,CI,CINF,CL,CLX,CMA,CMCSA,CME,CMG,CMI,CMS,CNC,CNP,COF,COG,COL,COO,COP,COST,COTY,CPB,CPRI,CRM,CSCO,CSRA,CSX,CTAS,CTL,CTSH,CTXS,CVS,CVX,CXO,D,DAL,DD,DE,DFS,DG,DGX,DHI,DHR,DIS,DISCA,DISCK,DLR,DLTR,DNB,DOV,DOW,DRI,DTE,DUK,DVA,DVN,EA,EBAY,ECL,ED,EFX,EIX,EL,EMN,EMR,ENDP,EOG,EQIX,EQR,EQT,ES,ESRX,ESS,ETFC,ETN,ETR,EVHC,EW,EXC,EXPD,EXPE,EXR,F,FAST,FB,FBHS,FCX,FDX,FE,FFIV,FIS,FISV,FITB,FL,FLIR,FLR,FLS,FMC,FOX,FOXA,FRT,FSLR,FTI,FTR,FTV,GD,GE,GGP,GILD,GIS,GLW,GM,GOOG,GOOGL,GPC,GPN,GPS,GRMN,GS,GT,GWW,HAL,HAR,HAS,HBAN,HBI,HCA,HCP,HD,HES,HIG,HOG,HOLX,HON,HP,HPE,HPQ,HRB,HRL,HRS,HSIC,HST,HSY,HUM,IBM,ICE,IDXX,IFF,ILMN,INCY,INTC,INTU,IP,IPG,IR,IRM,ISRG,ITW,IVZ,JBHT,JCI,JEC,JEF,JNJ,JNPR,JPM,JWN,K,KDP,KEY,KHC,KIM,KLAC,KMB,KMI,KMX,KO,KORS,KR,KSS,KSU,L,LB,LEG,LEN,LH,LKQ,LLL,LLTC,LLY,LMT,LNC,LNT,LOW,LRCX,LUV,LVLT,LYB,M,MA,MAA,MAC,MAR,MAS,MAT,MCD,MCHP,MCK,MCO,MDLZ,MDT,MET,MHK,MJN,MKC,MLM,MMC,MMM,MNK,MNST,MO,MON,MOS,MPC,MRK,MRO,MS,MSFT,MSI,MTB,MTD,MU,MUR,MYL,NAVI,NBL,NDAQ,NEE,NEM,NFLX,NFX,NI,NKE,NLSN,NOC,NOV,NRG,NSC,NTAP,NTRS,NUE,NVDA,NWL,NWS,NWSA,O,OKE,OMC,ORCL,ORLY,OXY,PAYX,PBCT,PBI,PCAR,PCG,PDCO,PEG,PEP,PFE,PFG,PG,PGR,PH,PHM,PKI,PLD,PM,PNC,PNR,PNW,PPG,PPL,PRGO,PRU,PSA,PSX,PVH,PWR,PX,PXD,PYPL,QCOM,QRVO,R,RAI,RCL,REGN,RF,RHI,RHT,RIG,RL,ROK,ROP,ROST,RRC,RSG,RTN,SBUX,SCG,SCHW,SEE,SHW,SIG,SJM,SLB,SLG,SNA,SNI,SO,SPG,SPGI,SPLS,SRCL,SRE,STI,STT,STX,STZ,SWK,SWKS,SWN,SYF,SYK,SYMC,SYY,T,TAP,TDC,TDG,TEL,TGNA,TGT,TIF,TJX,TMK,TMO,TPR,TRIP,TROW,TRV,TSCO,TSN,TSS,TWX,TXN,TXT,UA,UAA,UAL,UDR,UHS,ULTA,UNH,UNM,UNP,UPS,URBN,URI,USB,UTX,V,VAR,VFC,VIAB,VLO,VMC,VNO,VRSK,VRSN,VRTX,VTR,VZ,WAT,WBA,WDC,WEC,WELL,WFC,WFM,WHR,WLTW,WM,WMB,WMT,WRK,WU,WY,WYND,WYNN,XEC,XEL,XL,XLNX,XOM,XRAY,XRX,XYL,YUM,ZBH,ZION,ZTS"
2017-03-01,"A,AABA,AAL,AAP,AAPL,ABBV,ABC,ABT,ACN,ADBE,ADI,ADM,ADP,ADS,ADSK,AEE,AEP,AES,AET,AFL,AGN,AIG,AIV,AIZ,AJG,AKAM,ALB,ALK,ALL,ALLE,ALXN,AMAT,AME,AMG,AMGN,AMP,AMT,AMZN,AN,ANDV,ANTM,AON,APA,APC,APD,APH,APTV,ARNC,ATVI,AVB,AVGO,AVY,AWK,AXP,AYI,AZO,BA,BAC,BAX,BBBY,BBT,BBY,BCR,BDX,BEN,BF.B,BHGE,BIIB,BK,BKNG,BLK,BLL,BMY,BRK.B,BSX,BWA,BXP,C,CA,CAG,CAH,CAT,CB,CBOE,CBRE,CBS,CCI,CCL,CELG,CERN,CF,CFG,CHD,CHK,CHRW,CHTR,CI,CINF,CL,CLX,CMA,CMCSA,CME,CMG,CMI,CMS,CNC,CNP,COF,COG,COL,COO,COP,COST,COTY,CPB,CPRI,CRM,CSCO,CSRA,CSX,CTAS,CTL,CTSH,CTXS,CVS,CVX,CXO,D,DAL,DD,DE,DFS,DG,DGX,DHI,DHR,DIS,DISCA,DISCK,DLR,DLTR,DNB,DOV,DOW,DRI,DTE,DUK,DVA,DVN,EA,EBAY,ECL,ED,EFX,EIX,EL,EMN,EMR,ENDP,EOG,EQIX,EQR,EQT,ES,ESRX,ESS,ETFC,ETN,ETR,EVHC,EW,EXC,EXPD,EXPE,EXR,F,FAST,FB,FBHS,FCX,FDX,FE,FFIV,FIS,FISV,FITB,FL,FLIR,FLR,FLS,FMC,FOX,FOXA,FRT,FSLR,FTI,FTR,FTV,GD,GE,GGP,GILD,GIS,GLW,GM,GOOG,GOOGL,GPC,GPN,GPS,GRMN,GS,GT,GWW,HAL,HAR,HAS,HBAN,HBI,HCA,HCP,HD,HES,HIG,HOG,HOLX,HON,HP,HPE,HPQ,HRB,HRL,HRS,HSIC,HST,HSY,HUM,IBM,ICE,IDXX,IFF,ILMN,INCY,INTC,INTU,IP,IPG,IR,IRM,ISRG,ITW,IVZ,JBHT,JCI,JEC,JEF,JNJ,JNPR,JPM,JWN,K,KDP,KEY,KHC,KIM,KLAC,KMB,KMI,KMX,KO,KORS,KR,KSS,KSU,L,LB,LEG,LEN,LH,LKQ,LLL,LLTC,LLY,LMT,LNC,LNT,LOW,LRCX,LUV,LVLT,LYB,M,MA,MAA,MAC,MAR,MAS,MAT,MCD,MCHP,MCK,MCO,MDLZ,MDT,MET,MHK,MJN,MKC,MLM,MMC,MMM,MNK,MNST,MO,MON,MOS,MPC,MRK,MRO,MS,MSFT,MSI,MTB,MTD,MU,MUR,MYL,NAVI,NBL,NDAQ,NEE,NEM,NFLX,NFX,NI,NKE,NLSN,NOC,NOV,NRG,NSC,NTAP,NTRS,NUE,NVDA,NWL,NWS,NWSA,O,OKE,OMC,ORCL,ORLY,OXY,PAYX,PBCT,PCAR,PCG,PDCO,PEG,PEP,PFE,PFG,PG,PGR,PH,PHM,PKI,PLD,PM,PNC,PNR,PNW,PPG,PPL,PRGO,PRU,PSA,PSX,PVH,PWR,PX,PXD,PYPL,QCOM,QRVO,R,RAI,RCL,REGN,RF,RHI,RHT,RIG,RL,ROK,ROP,ROST,RRC,RSG,RTN,SBUX,SCG,SCHW,SEE,SHW,SIG,SJM,SLB,SLG,SNA,SNI,SO,SPG,SPGI,SPLS,SRCL,SRE,STI,STT,STX,STZ,SWK,SWKS,SWN,SYF,SYK,SYMC,SYY,T,TAP,TDC,TDG,TEL,TGNA,TGT,TIF,TJX,TMK,TMO,TPR,TRIP,TROW,TRV,TSCO,TSN,TSS,TWX,TXN,TXT,UA,UAA,UAL,UDR,UHS,ULTA,UNH,UNM,UNP,UPS,URBN,URI,USB,UTX,V,VAR,VFC,VIAB,VLO,VMC,VNO,VRSK,VRSN,VRTX,VTR,VZ,WAT,WBA,WDC,WEC,WELL,WFC,WFM,WHR,WLTW,WM,WMB,WMT,WRK,WU,WY,WYND,WYNN,XEC,XEL,XL,XLNX,XOM,XRAY,XRX,XYL,YUM,ZBH,ZION,ZTS"
2017-03-02,"A,AABA,AAL,AAP,AAPL,ABBV,ABC,ABT,ACN,ADBE,ADI,ADM,ADP,ADS,ADSK,AEE,AEP,AES,AET,AFL,AGN,AIG,AIV,AIZ,AJG,AKAM,ALB,ALK,ALL,ALLE,ALXN,AMAT,AME,AMG,AMGN,AMP,AMT,AMZN,AN,ANDV,ANTM,AON,APA,APC,APD,APH,APTV,ARNC,ATVI,AVB,AVGO,AVY,AWK,AXP,AYI,AZO,BA,BAC,BAX,BBBY,BBT,BBY,BCR,BDX,BEN,BF.B,BHGE,BIIB,BK,BKNG,BLK,BLL,BMY,BRK.B,BSX,BWA,BXP,C,CA,CAG,CAH,CAT,CB,CBOE,CBRE,CBS,CCI,CCL,CELG,CERN,CF,CFG,CHD,CHK,CHRW,CHTR,CI,CINF,CL,CLX,CMA,CMCSA,CME,CMG,CMI,CMS,CNC,CNP,COF,COG,COL,COO,COP,COST,COTY,CPB,CPRI,CRM,CSCO,CSRA,CSX,CTAS,CTL,CTSH,CTXS,CVS,CVX,CXO,D,DAL,DD,DE,DFS,DG,DGX,DHI,DHR,DIS,DISCA,DISCK,DLR,DLTR,DNB,DOV,DOW,DRI,DTE,DUK,DVA,DVN,EA,EBAY,ECL,ED,EFX,EIX,EL,EMN,EMR,EOG,EQIX,EQR,EQT,ES,ESRX,ESS,ETFC,ETN,ETR,EVHC,EW,EXC,EXPD,EXPE,EXR,F,FAST,FB,FBHS,FCX,FDX,FE,FFIV,FIS,FISV,FITB,FL,FLIR,FLR,FLS,FMC,FOX,FOXA,FRT,FSLR,FTI,FTR,FTV,GD,GE,GGP,GILD,GIS,GLW,GM,GOOG,GOOGL,GPC,GPN,GPS,GRMN,GS,GT,GWW,HAL,HAR,HAS,HBAN,HBI,HCA,HCP,HD,HES,HIG,HOG,HOLX,HON,HP,HPE,HPQ,HRB,HRL,HRS,HSIC,HST,HSY,HUM,IBM,ICE,IDXX,IFF,ILMN,INCY,INTC,INTU,IP,IPG,IR,IRM,ISRG,ITW,IVZ,JBHT,JCI,JEC,JEF,JNJ,JNPR,JPM,JWN,K,KDP,KEY,KHC,KIM,KLAC,KMB,KMI,KMX,KO,KORS,KR,KSS,KSU,L,LB,LEG,LEN,LH,LKQ,LLL,LLTC,LLY,LMT,LNC,LNT,LOW,LRCX,LUV,LVLT,LYB,M,MA,MAA,MAC,MAR,MAS,MAT,MCD,MCHP,MCK,MCO,MDLZ,MDT,MET,MHK,MJN,MKC,MLM,MMC,MMM,MNK,MNST,MO,MON,MOS,MPC,MRK,MRO,MS,MSFT,MSI,MTB,MTD,MU,MUR,MYL,NAVI,NBL,NDAQ,NEE,NEM,NFLX,NFX,NI,NKE,NLSN,NOC,NOV,NRG,NSC,NTAP,NTRS,NUE,NVDA,NWL,NWS,NWSA,O,OKE,OMC,ORCL,ORLY,OXY,PAYX,PBCT,PCAR,PCG,PDCO,PEG,PEP,PFE,PFG,PG,PGR,PH,PHM,PKI,PLD,PM,PNC,PNR,PNW,PPG,PPL,PRGO,PRU,PSA,PSX,PVH,PWR,PX,PXD,PYPL,QCOM,QRVO,R,RAI,RCL,REG,REGN,RF,RHI,RHT,RIG,RL,ROK,ROP,ROST,RRC,RSG,RTN,SBUX,SCG,SCHW,SEE,SHW,SIG,SJM,SLB,SLG,SNA,SNI,SO,SPG,SPGI,SPLS,SRCL,SRE,STI,STT,STX,STZ,SWK,SWKS,SWN,SYF,SYK,SYMC,SYY,T,TAP,TDC,TDG,TEL,TGNA,TGT,TIF,TJX,TMK,TMO,TPR,TRIP,TROW,TRV,TSCO,TSN,TSS,TWX,TXN,TXT,UA,UAA,UAL,UDR,UHS,ULTA,UNH,UNM,UNP,UPS,URBN,URI,USB,UTX,V,VAR,VFC,VIAB,VLO,VMC,VNO,VRSK,VRSN,VRTX,VTR,VZ,WAT,WBA,WDC,WEC,WELL,WFC,WFM,WHR,WLTW,WM,WMB,WMT,WRK,WU,WY,WYND,WYNN,XEC,XEL,XL,XLNX,XOM,XRAY,XRX,XYL,YUM,ZBH,ZION,ZTS"
2017-03-13,"A,AABA,AAL,AAP,AAPL,ABBV,ABC,ABT,ACN,ADBE,ADI,ADM,ADP,ADS,ADSK,AEE,AEP,AES,AET,AFL,AGN,AIG,AIV,AIZ,AJG,AKAM,ALB,ALK,ALL,ALLE,ALXN,AMAT,AME,AMG,AMGN,AMP,AMT,AMZN,AN,ANDV,ANTM,AON,APA,APC,APD,APH,APTV,ARNC,ATVI,AVB,AVGO,AVY,AWK,AXP,AYI,AZO,BA,BAC,BAX,BBBY,BBT,BBY,BCR,BDX,BEN,BF.B,BHGE,BIIB,BK,BKNG,BLK,BLL,BMY,BRK.B,BSX,BWA,BXP,C,CA,CAG,CAH,CAT,CB,CBOE,CBRE,CBS,CCI,CCL,CELG,CERN,CF,CFG,CHD,CHK,CHRW,CHTR,CI,CINF,CL,CLX,CMA,CMCSA,CME,CMG,CMI,CMS,CNC,CNP,COF,COG,COL,COO,COP,COST,COTY,CPB,CPRI,CRM,CSCO,CSRA,CSX,CTAS,CTL,CTSH,CTXS,CVS,CVX,CXO,D,DAL,DD,DE,DFS,DG,DGX,DHI,DHR,DIS,DISCA,DISCK,DISH,DLR,DLTR,DNB,DOV,DOW,DRI,DTE,DUK,DVA,DVN,EA,EBAY,ECL,ED,EFX,EIX,EL,EMN,EMR,EOG,EQIX,EQR,EQT,ES,ESRX,ESS,ETFC,ETN,ETR,EVHC,EW,EXC,EXPD,EXPE,EXR,F,FAST,FB,FBHS,FCX,FDX,FE,FFIV,FIS,FISV,FITB,FL,FLIR,FLR,FLS,FMC,FOX,FOXA,FRT,FSLR,FTI,FTR,FTV,GD,GE,GGP,GILD,GIS,GLW,GM,GOOG,GOOGL,GPC,GPN,GPS,GRMN,GS,GT,GWW,HAL,HAS,HBAN,HBI,HCA,HCP,HD,HES,HIG,HOG,HOLX,HON,HP,HPE,HPQ,HRB,HRL,HRS,HSIC,HST,HSY,HUM,IBM,ICE,IDXX,IFF,ILMN,INCY,INTC,INTU,IP,IPG,IR,IRM,ISRG,ITW,IVZ,JBHT,JCI,JEC,JEF,JNJ,JNPR,JPM,JWN,K,KDP,KEY,KHC,KIM,KLAC,KMB,KMI,KMX,KO,KORS,KR,KSS,KSU,L,LB,LEG,LEN,LH,LKQ,LLL,LLY,LMT,LNC,LNT,LOW,LRCX,LUV,LVLT,LYB,M,MA,MAA,MAC,MAR,MAS,MAT,MCD,MCHP,MCK,MCO,MDLZ,MDT,MET,MHK,MJN,MKC,MLM,MMC,MMM,MNK,MNST,MO,MON,MOS,MPC,MRK,MRO,MS,MSFT,MSI,MTB,MTD,MU,MUR,MYL,NAVI,NBL,NDAQ,NEE,NEM,NFLX,NFX,NI,NKE,NLSN,NOC,NOV,NRG,NSC,NTAP,NTRS,NUE,NVDA,NWL,NWS,NWSA,O,OKE,OMC,ORCL,ORLY,OXY,PAYX,PBCT,PCAR,PCG,PDCO,PEG,PEP,PFE,PFG,PG,PGR,PH,PHM,PKI,PLD,PM,PNC,PNR,PNW,PPG,PPL,PRGO,PRU,PSA,PSX,PVH,PWR,PX,PXD,PYPL,QCOM,QRVO,R,RAI,RCL,REG,REGN,RF,RHI,RHT,RIG,RL,ROK,ROP,ROST,RRC,RSG,RTN,SBUX,SCG,SCHW,SEE,SHW,SIG,SJM,SLB,SLG,SNA,SNI,SO,SPG,SPGI,SPLS,SRCL,SRE,STI,STT,STX,STZ,SWK,SWKS,SWN,SYF,SYK,SYMC,SYY,T,TAP,TDC,TDG,TEL,TGNA,TGT,TIF,TJX,TMK,TMO,TPR,TRIP,TROW,TRV,TSCO,TSN,TSS,TWX,TXN,TXT,UA,UAA,UAL,UDR,UHS,ULTA,UNH,UNM,UNP,UPS,URBN,URI,USB,UTX,V,VAR,VFC,VIAB,VLO,VMC,VNO,VRSK,VRSN,VRTX,VTR,VZ,WAT,WBA,WDC,WEC,WELL,WFC,WFM,WHR,WLTW,WM,WMB,WMT,WRK,WU,WY,WYND,WYNN,XEC,XEL,XL,XLNX,XOM,XRAY,XRX,XYL,YUM,ZBH,ZION,ZTS"
2017-03-16,"A,AABA,AAL,AAP,AAPL,ABBV,ABC,ABT,ACN,ADBE,ADI,ADM,ADP,ADS,ADSK,AEE,AEP,AES,AET,AFL,AGN,AIG,AIV,AIZ,AJG,AKAM,ALB,ALK,ALL,ALLE,ALXN,AMAT,AME,AMG,AMGN,AMP,AMT,AMZN,AN,ANDV,ANTM,AON,APA,APC,APD,APH,APTV,ARNC,ATVI,AVB,AVGO,AVY,AWK,AXP,AYI,AZO,BA,BAC,BAX,BBBY,BBT,BBY,BCR,BDX,BEN,BF.B,BHGE,BIIB,BK,BKNG,BLK,BLL,BMY,BRK.B,BSX,BWA,BXP,C,CA,CAG,CAH,CAT,CB,CBOE,CBRE,CBS,CCI,CCL,CELG,CERN,CF,CFG,CHD,CHK,CHRW,CHTR,CI,CINF,CL,CLX,CMA,CMCSA,CME,CMG,CMI,CMS,CNC,CNP,COF,COG,COL,COO,COP,COST,COTY,CPB,CPRI,CRM,CSCO,CSRA,CSX,CTAS,CTL,CTSH,CTXS,CVS,CVX,CXO,D,DAL,DD,DE,DFS,DG,DGX,DHI,DHR,DIS,DISCA,DISCK,DISH,DLR,DLTR,DNB,DOV,DOW,DRI,DTE,DUK,DVA,DVN,EA,EBAY,ECL,ED,EFX,EIX,EL,EMN,EMR,EOG,EQIX,EQR,EQT,ES,ESRX,ESS,ETFC,ETN,ETR,EVHC,EW,EXC,EXPD,EXPE,EXR,F,FAST,FB,FBHS,FCX,FDX,FE,FFIV,FIS,FISV,FITB,FL,FLIR,FLR,FLS,FMC,FOX,FOXA,FRT,FSLR,FTI,FTR,FTV,GD,GE,GGP,GILD,GIS,GLW,GM,GOOG,GOOGL,GPC,GPN,GPS,GRMN,GS,GT,GWW,HAL,HAS,HBAN,HBI,HCA,HCP,HD,HES,HIG,HOG,HOLX,HON,HP,HPE,HPQ,HRB,HRL,HRS,HSIC,HST,HSY,HUM,IBM,ICE,IDXX,IFF,ILMN,INCY,INTC,INTU,IP,IPG,IR,IRM,ISRG,ITW,IVZ,JBHT,JCI,JEC,JEF,JNJ,JNPR,JPM,JWN,K,KDP,KEY,KHC,KIM,KLAC,KMB,KMI,KMX,KO,KORS,KR,KSS,KSU,L,LB,LEG,LEN,LH,LKQ,LLL,LLY,LMT,LNC,LNT,LOW,LRCX,LUV,LVLT,LYB,M,MA,MAA,MAC,MAR,MAS,MAT,MCD,MCHP,MCK,MCO,MDLZ,MDT,MET,MHK,MJN,MKC,MLM,MMC,MMM,MNK,MNST,MO,MON,MOS,MPC,MRK,MRO,MS,MSFT,MSI,MTB,MTD,MU,MUR,MYL,NAVI,NBL,NDAQ,NEE,NEM,NFLX,NFX,NI,NKE,NLSN,NOC,NOV,NRG,NSC,NTAP,NTRS,NUE,NVDA,NWL,NWS,NWSA,O,OKE,OMC,ORCL,ORLY,OXY,PAYX,PBCT,PCAR,PCG,PDCO,PEG,PEP,PFE,PFG,PG,PGR,PH,PHM,PKI,PLD,PM,PNC,PNR,PNW,PPG,PPL,PRGO,PRU,PSA,PSX,PVH,PWR,PX,PXD,PYPL,QCOM,QRVO,R,RAI,RCL,REG,REGN,RF,RHI,RHT,RIG,RL,ROK,ROP,ROST,RRC,RSG,RTN,SBUX,SCG,SCHW,SEE,SHW,SIG,SJM,SLB,SLG,SNA,SNI,SNPS,SO,SPG,SPGI,SPLS,SRCL,SRE,STI,STT,STX,STZ,SWK,SWKS,SWN,SYF,SYK,SYMC,SYY,T,TAP,TDC,TDG,TEL,TGNA,TGT,TIF,TJX,TMK,TMO,TPR,TRIP,TROW,TRV,TSCO,TSN,TSS,TWX,TXN,TXT,UA,UAA,UAL,UDR,UHS,ULTA,UNH,UNM,UNP,UPS,URBN,URI,USB,UTX,V,VAR,VFC,VIAB,VLO,VMC,VNO,VRSK,VRSN,VRTX,VTR,VZ,WAT,WBA,WDC,WEC,WELL,WFC,WFM,WHR,WLTW,WM,WMB,WMT,WRK,WU,WY,WYND,WYNN,XEC,XEL,XL,XLNX,XOM,XRAY,XRX,XYL,YUM,ZBH,ZION,ZTS"
2017-03-20,"A,AABA,AAL,AAP,AAPL,ABBV,ABC,ABT,ACN,ADBE,ADI,ADM,ADP,ADS,ADSK,AEE,AEP,AES,AET,AFL,AGN,AIG,AIV,AIZ,AJG,AKAM,ALB,ALK,ALL,ALLE,ALXN,AMAT,AMD,AME,AMG,AMGN,AMP,AMT,AMZN,AN,ANDV,ANTM,AON,APA,APC,APD,APH,APTV,ARE,ARNC,ATVI,AVB,AVGO,AVY,AWK,AXP,AYI,AZO,BA,BAC,BAX,BBBY,BBT,BBY,BCR,BDX,BEN,BF.B,BHGE,BIIB,BK,BKNG,BLK,BLL,BMY,BRK.B,BSX,BWA,BXP,C,CA,CAG,CAH,CAT,CB,CBOE,CBRE,CBS,CCI,CCL,CELG,CERN,CF,CFG,CHD,CHK,CHRW,CHTR,CI,CINF,CL,CLX,CMA,CMCSA,CME,CMG,CMI,CMS,CNC,CNP,COF,COG,COL,COO,COP,COST,COTY,CPB,CPRI,CRM,CSCO,CSRA,CSX,CTAS,CTL,CTSH,CTXS,CVS,CVX,CXO,D,DAL,DD,DE,DFS,DG,DGX,DHI,DHR,DIS,DISCA,DISCK,DISH,DLR,DLTR,DNB,DOV,DOW,DRI,DTE,DUK,DVA,DVN,EA,EBAY,ECL,ED,EFX,EIX,EL,EMN,EMR,EOG,EQIX,EQR,EQT,ES,ESRX,ESS,ETFC,ETN,ETR,EVHC,EW,EXC,EXPD,EXPE,EXR,F,FAST,FB,FBHS,FCX,FDX,FE,FFIV,FIS,FISV,FITB,FL,FLIR,FLR,FLS,FMC,FOX,FOXA,FRT,FTI,FTV,GD,GE,GGP,GILD,GIS,GLW,GM,GOOG,GOOGL,GPC,GPN,GPS,GRMN,GS,GT,GWW,HAL,HAS,HBAN,HBI,HCA,HCP,HD,HES,HIG,HOG,HOLX,HON,HP,HPE,HPQ,HRB,HRL,HRS,HSIC,HST,HSY,HUM,IBM,ICE,IDXX,IFF,ILMN,INCY,INTC,INTU,IP,IPG,IR,IRM,ISRG,ITW,IVZ,JBHT,JCI,JEC,JEF,JNJ,JNPR,JPM,JWN,K,KDP,KEY,KHC,KIM,KLAC,KMB,KMI,KMX,KO,KORS,KR,KSS,KSU,L,LB,LEG,LEN,LH,LKQ,LLL,LLY,LMT,LNC,LNT,LOW,LRCX,LUV,LVLT,LYB,M,MA,MAA,MAC,MAR,MAS,MAT,MCD,MCHP,MCK,MCO,MDLZ,MDT,MET,MHK,MJN,MKC,MLM,MMC,MMM,MNK,MNST,MO,MON,MOS,MPC,MRK,MRO,MS,MSFT,MSI,MTB,MTD,MU,MUR,MYL,NAVI,NBL,NDAQ,NEE,NEM,NFLX,NFX,NI,NKE,NLSN,NOC,NOV,NRG,NSC,NTAP,NTRS,NUE,NVDA,NWL,NWS,NWSA,O,OKE,OMC,ORCL,ORLY,OXY,PAYX,PBCT,PCAR,PCG,PDCO,PEG,PEP,PFE,PFG,PG,PGR,PH,PHM,PKI,PLD,PM,PNC,PNR,PNW,PPG,PPL,PRGO,PRU,PSA,PSX,PVH,PWR,PX,PXD,PYPL,QCOM,QRVO,R,RAI,RCL,REG,REGN,RF,RHI,RHT,RIG,RJF,RL,ROK,ROP,ROST,RRC,RSG,RTN,SBUX,SCG,SCHW,SEE,SHW,SIG,SJM,SLB,SLG,SNA,SNI,SNPS,SO,SPG,SPGI,SPLS,SRCL,SRE,STI,STT,STX,STZ,SWK,SWKS,SWN,SYF,SYK,SYMC,SYY,T,TAP,TDC,TDG,TEL,TGNA,TGT,TIF,TJX,TMK,TMO,TPR,TRIP,TROW,TRV,TSCO,TSN,TSS,TWX,TXN,TXT,UA,UAA,UAL,UDR,UHS,ULTA,UNH,UNM,UNP,UPS,URI,USB,UTX,V,VAR,VFC,VIAB,VLO,VMC,VNO,VRSK,VRSN,VRTX,VTR,VZ,WAT,WBA,WDC,WEC,WELL,WFC,WFM,WHR,WLTW,WM,WMB,WMT,WRK,WU,WY,WYND,WYNN,XEC,XEL,XL,XLNX,XOM,XRAY,XRX,XYL,YUM,ZBH,ZION,ZTS"
2017-04-04,"A,AABA,AAL,AAP,AAPL,ABBV,ABC,ABT,ACN,ADBE,ADI,ADM,ADP,ADS,ADSK,AEE,AEP,AES,AET,AFL,AGN,AIG,AIV,AIZ,AJG,AKAM,ALB,ALK,ALL,ALLE,ALXN,AMAT,AMD,AME,AMG,AMGN,AMP,AMT,AMZN,AN,ANDV,ANTM,AON,APA,APC,APD,APH,APTV,ARE,ARNC,ATVI,AVB,AVGO,AVY,AWK,AXP,AYI,AZO,BA,BAC,BAX,BBBY,BBT,BBY,BCR,BDX,BEN,BF.B,BHGE,BIIB,BK,BKNG,BLK,BLL,BMY,BRK.B,BSX,BWA,BXP,C,CA,CAG,CAH,CAT,CB,CBOE,CBRE,CBS,CCI,CCL,CELG,CERN,CF,CFG,CHD,CHK,CHRW,CHTR,CI,CINF,CL,CLX,CMA,CMCSA,CME,CMG,CMI,CMS,CNC,CNP,COF,COG,COL,COO,COP,COST,COTY,CPB,CPRI,CRM,CSCO,CSRA,CSX,CTAS,CTL,CTSH,CTXS,CVS,CVX,CXO,D,DAL,DD,DE,DFS,DG,DGX,DHI,DHR,DIS,DISCA,DISCK,DISH,DLR,DLTR,DNB,DOV,DOW,DRI,DTE,DUK,DVA,DVN,DXC,EA,EBAY,ECL,ED,EFX,EIX,EL,EMN,EMR,EOG,EQIX,EQR,EQT,ES,ESRX,ESS,ETFC,ETN,ETR,EVHC,EW,EXC,EXPD,EXPE,EXR,F,FAST,FB,FBHS,FCX,FDX,FE,FFIV,FIS,FISV,FITB,FL,FLIR,FLR,FLS,FMC,FOX,FOXA,FRT,FTI,FTV,GD,GE,GGP,GILD,GIS,GLW,GM,GOOG,GOOGL,GPC,GPN,GPS,GRMN,GS,GT,GWW,HAL,HAS,HBAN,HBI,HCA,HCP,HD,HES,HIG,HOG,HOLX,HON,HP,HPE,HPQ,HRB,HRL,HRS,HSIC,HST,HSY,HUM,IBM,ICE,IDXX,IFF,ILMN,INCY,INTC,INTU,IP,IPG,IR,IRM,ISRG,ITW,IVZ,JBHT,JCI,JEC,JEF,JNJ,JNPR,JPM,JWN,K,KDP,KEY,KHC,KIM,KLAC,KMB,KMI,KMX,KO,KORS,KR,KSS,KSU,L,LB,LEG,LEN,LH,LKQ,LLL,LLY,LMT,LNC,LNT,LOW,LRCX,LUV,LVLT,LYB,M,MA,MAA,MAC,MAR,MAS,MAT,MCD,MCHP,MCK,MCO,MDLZ,MDT,MET,MHK,MJN,MKC,MLM,MMC,MMM,MNK,MNST,MO,MON,MOS,MPC,MRK,MRO,MS,MSFT,MSI,MTB,MTD,MU,MUR,MYL,NAVI,NBL,NDAQ,NEE,NEM,NFLX,NFX,NI,NKE,NLSN,NOC,NOV,NRG,NSC,NTAP,NTRS,NUE,NVDA,NWL,NWS,NWSA,O,OKE,OMC,ORCL,ORLY,OXY,PAYX,PBCT,PCAR,PCG,PDCO,PEG,PEP,PFE,PFG,PG,PGR,PH,PHM,PKI,PLD,PM,PNC,PNR,PNW,PPG,PPL,PRGO,PRU,PSA,PSX,PVH,PWR,PX,PXD,PYPL,QCOM,QRVO,R,RAI,RCL,REG,REGN,RF,RHI,RHT,RIG,RJF,RL,ROK,ROP,ROST,RRC,RSG,RTN,SBUX,SCG,SCHW,SEE,SHW,SIG,SJM,SLB,SLG,SNA,SNI,SNPS,SO,SPG,SPGI,SPLS,SRCL,SRE,STI,STT,STX,STZ,SWK,SWKS,SYF,SYK,SYMC,SYY,T,TAP,TDC,TDG,TEL,TGNA,TGT,TIF,TJX,TMK,TMO,TPR,TRIP,TROW,TRV,TSCO,TSN,TSS,TWX,TXN,TXT,UA,UAA,UAL,UDR,UHS,ULTA,UNH,UNM,UNP,UPS,URI,USB,UTX,V,VAR,VFC,VIAB,VLO,VMC,VNO,VRSK,VRSN,VRTX,VTR,VZ,WAT,WBA,WDC,WEC,WELL,WFC,WFM,WHR,WLTW,WM,WMB,WMT,WRK,WU,WY,WYND,WYNN,XEC,XEL,XL,XLNX,XOM,XRAY,XRX,XYL,YUM,ZBH,ZION,ZTS"
2017-04-05,"A,AABA,AAL,AAP,AAPL,ABBV,ABC,ABT,ACN,ADBE,ADI,ADM,ADP,ADS,ADSK,AEE,AEP,AES,AET,AFL,AGN,AIG,AIV,AIZ,AJG,AKAM,ALB,ALK,ALL,ALLE,ALXN,AMAT,AMD,AME,AMG,AMGN,AMP,AMT,AMZN,AN,ANDV,ANTM,AON,APA,APC,APD,APH,APTV,ARE,ARNC,ATVI,AVB,AVGO,AVY,AWK,AXP,AYI,AZO,BA,BAC,BAX,BBBY,BBT,BBY,BCR,BDX,BEN,BF.B,BHGE,BIIB,BK,BKNG,BLK,BLL,BMY,BRK.B,BSX,BWA,BXP,C,CA,CAG,CAH,CAT,CB,CBOE,CBRE,CBS,CCI,CCL,CELG,CERN,CF,CFG,CHD,CHK,CHRW,CHTR,CI,CINF,CL,CLX,CMA,CMCSA,CME,CMG,CMI,CMS,CNC,CNP,COF,COG,COL,COO,COP,COST,COTY,CPB,CPRI,CRM,CSCO,CSRA,CSX,CTAS,CTL,CTSH,CTXS,CVS,CVX,CXO,D,DAL,DD,DE,DFS,DG,DGX,DHI,DHR,DIS,DISCA,DISCK,DISH,DLR,DLTR,DOV,DOW,DRI,DTE,DUK,DVA,DVN,DXC,EA,EBAY,ECL,ED,EFX,EIX,EL,EMN,EMR,EOG,EQIX,EQR,EQT,ES,ESRX,ESS,ETFC,ETN,ETR,EVHC,EW,EXC,EXPD,EXPE,EXR,F,FAST,FB,FBHS,FCX,FDX,FE,FFIV,FIS,FISV,FITB,FL,FLIR,FLR,FLS,FMC,FOX,FOXA,FRT,FTI,FTV,GD,GE,GGP,GILD,GIS,GLW,GM,GOOG,GOOGL,GPC,GPN,GPS,GRMN,GS,GT,GWW,HAL,HAS,HBAN,HBI,HCA,HCP,HD,HES,HIG,HOG,HOLX,HON,HP,HPE,HPQ,HRB,HRL,HRS,HSIC,HST,HSY,HUM,IBM,ICE,IDXX,IFF,ILMN,INCY,INTC,INTU,IP,IPG,IR,IRM,ISRG,IT,ITW,IVZ,JBHT,JCI,JEC,JEF,JNJ,JNPR,JPM,JWN,K,KDP,KEY,KHC,KIM,KLAC,KMB,KMI,KMX,KO,KORS,KR,KSS,KSU,L,LB,LEG,LEN,LH,LKQ,LLL,LLY,LMT,LNC,LNT,LOW,LRCX,LUV,LVLT,LYB,M,MA,MAA,MAC,MAR,MAS,MAT,MCD,MCHP,MCK,MCO,MDLZ,MDT,MET,MHK,MJN,MKC,MLM,MMC,MMM,MNK,MNST,MO,MON,MOS,MPC,MRK,MRO,MS,MSFT,MSI,MTB,MTD,MU,MUR,MYL,NAVI,NBL,NDAQ,NEE,NEM,NFLX,NFX,NI,NKE,NLSN,NOC,NOV,NRG,NSC,NTAP,NTRS,NUE,NVDA,NWL,NWS,NWSA,O,OKE,OMC,ORCL,ORLY,OXY,PAYX,PBCT,PCAR,PCG,PDCO,PEG,PEP,PFE,PFG,PG,PGR,PH,PHM,PKI,PLD,PM,PNC,PNR,PNW,PPG,PPL,PRGO,PRU,PSA,PSX,PVH,PWR,PX,PXD,PYPL,QCOM,QRVO,R,RAI,RCL,REG,REGN,RF,RHI,RHT,RIG,RJF,RL,ROK,ROP,ROST,RRC,RSG,RTN,SBUX,SCG,SCHW,SEE,SHW,SIG,SJM,SLB,SLG,SNA,SNI,SNPS,SO,SPG,SPGI,SPLS,SRCL,SRE,STI,STT,STX,STZ,SWK,SWKS,SYF,SYK,SYMC,SYY,T,TAP,TDC,TDG,TEL,TGNA,TGT,TIF,TJX,TMK,TMO,TPR,TRIP,TROW,TRV,TSCO,TSN,TSS,TWX,TXN,TXT,UA,UAA,UAL,UDR,UHS,ULTA,UNH,UNM,UNP,UPS,URI,USB,UTX,V,VAR,VFC,VIAB,VLO,VMC,VNO,VRSK,VRSN,VRTX,VTR,VZ,WAT,WBA,WDC,WEC,WELL,WFC,WFM,WHR,WLTW,WM,WMB,WMT,WRK,WU,WY,WYND,WYNN,XEC,XEL,XL,XLNX,XOM,XRAY,XRX,XYL,YUM,ZBH,ZION,ZTS"
2017-06-02,"A,AABA,AAL,AAP,AAPL,ABBV,ABC,ABT,ACN,ADBE,ADI,ADM,ADP,ADS,ADSK,AEE,AEP,AES,AET,AFL,AGN,AIG,AIV,AIZ,AJG,AKAM,ALB,ALK,ALL,ALLE,ALXN,AMAT,AMD,AME,AMG,AMGN,AMP,AMT,AMZN,AN,ANDV,ANTM,AON,APA,APC,APD,APH,APTV,ARE,ARNC,ATVI,AVB,AVGO,AVY,AWK,AXP,AYI,AZO,BA,BAC,BAX,BBBY,BBT,BBY,BCR,BDX,BEN,BF.B,BHGE,BIIB,BK,BKNG,BLK,BLL,BMY,BRK.B,BSX,BWA,BXP,C,CA,CAG,CAH,CAT,CB,CBOE,CBRE,CBS,CCI,CCL,CELG,CERN,CF,CFG,CHD,CHK,CHRW,CHTR,CI,CINF,CL,CLX,CMA,CMCSA,CME,CMG,CMI,CMS,CNC,CNP,COF,COG,COL,COO,COP,COST,COTY,CPB,CPRI,CRM,CSCO,CSRA,CSX,CTAS,CTL,CTSH,CTXS,CVS,CVX,CXO,D,DAL,DD,DE,DFS,DG,DGX,DHI,DHR,DIS,DISCA,DISCK,DISH,DLR,DLTR,DOV,DOW,DRI,DTE,DUK,DVA,DVN,DXC,EA,EBAY,ECL,ED,EFX,EIX,EL,EMN,EMR,EOG,EQIX,EQR,EQT,ES,ESRX,ESS,ETFC,ETN,ETR,EVHC,EW,EXC,EXPD,EXPE,EXR,F,FAST,FB,FBHS,FCX,FDX,FE,FFIV,FIS,FISV,FITB,FL,FLIR,FLR,FLS,FMC,FOX,FOXA,FRT,FTI,FTV,GD,GE,GGP,GILD,GIS,GLW,GM,GOOG,GOOGL,GPC,GPN,GPS,GRMN,GS,GT,GWW,HAL,HAS,HBAN,HBI,HCA,HCP,HD,HES,HIG,HOG,HOLX,HON,HP,HPE,HPQ,HRB,HRL,HRS,HSIC,HST,HSY,HUM,IBM,ICE,IDXX,IFF,ILMN,INCY,INFO,INTC,INTU,IP,IPG,IR,IRM,ISRG,IT,ITW,IVZ,JBHT,JCI,JEC,JEF,JNJ,JNPR,JPM,JWN,K,KDP,KEY,KHC,KIM,KLAC,KMB,KMI,KMX,KO,KORS,KR,KSS,KSU,L,LB,LEG,LEN,LH,LKQ,LLL,LLY,LMT,LNC,LNT,LOW,LRCX,LUV,LVLT,LYB,M,MA,MAA,MAC,MAR,MAS,MAT,MCD,MCHP,MCK,MCO,MDLZ,MDT,MET,MHK,MJN,MKC,MLM,MMC,MMM,MNK,MNST,MO,MON,MOS,MPC,MRK,MRO,MS,MSFT,MSI,MTB,MTD,MU,MUR,MYL,NAVI,NBL,NDAQ,NEE,NEM,NFLX,NFX,NI,NKE,NLSN,NOC,NOV,NRG,NSC,NTAP,NTRS,NUE,NVDA,NWL,NWS,NWSA,O,OKE,OMC,ORCL,ORLY,OXY,PAYX,PBCT,PCAR,PCG,PDCO,PEG,PEP,PFE,PFG,PG,PGR,PH,PHM,PKI,PLD,PM,PNC,PNR,PNW,PPG,PPL,PRGO,PRU,PSA,PSX,PVH,PWR,PX,PXD,PYPL,QCOM,QRVO,R,RAI,RCL,REG,REGN,RF,RHI,RHT,RIG,RJF,RL,ROK,ROP,ROST,RRC,RSG,RTN,SBUX,SCG,SCHW,SEE,SHW,SIG,SJM,SLB,SLG,SNA,SNI,SNPS,SO,SPG,SPGI,SPLS,SRCL,SRE,STI,STT,STX,STZ,SWK,SWKS,SYF,SYK,SYMC,SYY,T,TAP,TDC,TDG,TEL,TGT,TIF,TJX,TMK,TMO,TPR,TRIP,TROW,TRV,TSCO,TSN,TSS,TWX,TXN,TXT,UA,UAA,UAL,UDR,UHS,ULTA,UNH,UNM,UNP,UPS,URI,USB,UTX,V,VAR,VFC,VIAB,VLO,VMC,VNO,VRSK,VRSN,VRTX,VTR,VZ,WAT,WBA,WDC,WEC,WELL,WFC,WFM,WHR,WLTW,WM,WMB,WMT,WRK,WU,WY,WYND,WYNN,XEC,XEL,XL,XLNX,XOM,XRAY,XRX,XYL,YUM,ZBH,ZION,ZTS"
2017-06-15,"A,AABA,AAL,AAP,AAPL,ABBV,ABC,ABT,ACN,ADBE,ADI,ADM,ADP,ADS,ADSK,AEE,AEP,AES,AET,AFL,AGN,AIG,AIV,AIZ,AJG,AKAM,ALB,ALK,ALL,ALLE,ALXN,AMAT,AMD,AME,AMG,AMGN,AMP,AMT,AMZN,AN,ANDV,ANTM,AON,APA,APC,APD,APH,APTV,ARE,ARNC,ATVI,AVB,AVGO,AVY,AWK,AXP,AYI,AZO,BA,BAC,BAX,BBBY,BBT,BBY,BCR,BDX,BEN,BF.B,BHGE,BIIB,BK,BKNG,BLK,BLL,BMY,BRK.B,BSX,BWA,BXP,C,CA,CAG,CAH,CAT,CB,CBOE,CBRE,CBS,CCI,CCL,CELG,CERN,CF,CFG,CHD,CHK,CHRW,CHTR,CI,CINF,CL,CLX,CMA,CMCSA,CME,CMG,CMI,CMS,CNC,CNP,COF,COG,COL,COO,COP,COST,COTY,CPB,CPRI,CRM,CSCO,CSRA,CSX,CTAS,CTL,CTSH,CTXS,CVS,CVX,CXO,D,DAL,DD,DE,DFS,DG,DGX,DHI,DHR,DIS,DISCA,DISCK,DISH,DLR,DLTR,DOV,DOW,DRI,DTE,DUK,DVA,DVN,DXC,EA,EBAY,ECL,ED,EFX,EIX,EL,EMN,EMR,EOG,EQIX,EQR,EQT,ES,ESRX,ESS,ETFC,ETN,ETR,EVHC,EW,EXC,EXPD,EXPE,EXR,F,FAST,FB,FBHS,FCX,FDX,FE,FFIV,FIS,FISV,FITB,FL,FLIR,FLR,FLS,FMC,FOX,FOXA,FRT,FTI,FTV,GD,GE,GGP,GILD,GIS,GLW,GM,GOOG,GOOGL,GPC,GPN,GPS,GRMN,GS,GT,GWW,HAL,HAS,HBAN,HBI,HCA,HCP,HD,HES,HIG,HOG,HOLX,HON,HP,HPE,HPQ,HRB,HRL,HRS,HSIC,HST,HSY,HUM,IBM,ICE,IDXX,IFF,ILMN,INCY,INFO,INTC,INTU,IP,IPG,IR,IRM,ISRG,IT,ITW,IVZ,JBHT,JCI,JEC,JEF,JNJ,JNPR,JPM,JWN,K,KDP,KEY,KHC,KIM,KLAC,KMB,KMI,KMX,KO,KORS,KR,KSS,KSU,L,LB,LEG,LEN,LH,LKQ,LLL,LLY,LMT,LNC,LNT,LOW,LRCX,LUV,LVLT,LYB,M,MA,MAA,MAC,MAR,MAS,MAT,MCD,MCHP,MCK,MCO,MDLZ,MDT,MET,MHK,MKC,MLM,MMC,MMM,MNK,MNST,MO,MON,MOS,MPC,MRK,MRO,MS,MSFT,MSI,MTB,MTD,MU,MUR,MYL,NAVI,NBL,NDAQ,NEE,NEM,NFLX,NFX,NI,NKE,NLSN,NOC,NOV,NRG,NSC,NTAP,NTRS,NUE,NVDA,NWL,NWS,NWSA,O,OKE,OMC,ORCL,ORLY,OXY,PAYX,PBCT,PCAR,PCG,PDCO,PEG,PEP,PFE,PFG,PG,PGR,PH,PHM,PKI,PLD,PM,PNC,PNR,PNW,PPG,PPL,PRGO,PRU,PSA,PSX,PVH,PWR,PX,PXD,PYPL,QCOM,QRVO,R,RAI,RCL,REG,REGN,RF,RHI,RHT,RIG,RJF,RL,ROK,ROP,ROST,RRC,RSG,RTN,SBUX,SCG,SCHW,SEE,SHW,SIG,SJM,SLB,SLG,SNA,SNI,SNPS,SO,SPG,SPGI,SPLS,SRCL,SRE,STI,STT,STX,STZ,SWK,SWKS,SYF,SYK,SYMC,SYY,T,TAP,TDC,TDG,TEL,TGT,TIF,TJX,TMK,TMO,TPR,TRIP,TROW,TRV,TSCO,TSN,TSS,TWX,TXN,TXT,UA,UAA,UAL,UDR,UHS,ULTA,UNH,UNM,UNP,UPS,URI,USB,UTX,V,VAR,VFC,VIAB,VLO,VMC,VNO,VRSK,VRSN,VRTX,VTR,VZ,WAT,WBA,WDC,WEC,WELL,WFC,WFM,WHR,WLTW,WM,WMB,WMT,WRK,WU,WY,WYND,WYNN,XEC,XEL,XL,XLNX,XOM,XRAY,XRX,XYL,YUM,ZBH,ZION,ZTS"
2017-06-19,"A,AAL,AAP,AAPL,ABBV,ABC,ABT,ACN,ADBE,ADI,ADM,ADP,ADS,ADSK,AEE,AEP,AES,AET,AFL,AGN,AIG,AIV,AIZ,AJG,AKAM,ALB,ALGN,ALK,ALL,ALLE,ALXN,AMAT,AMD,AME,AMG,AMGN,AMP,AMT,AMZN,AN,ANDV,ANSS,ANTM,AON,APA,APC,APD,APH,APTV,ARE,ARNC,ATVI,AVB,AVGO,AVY,AWK,AXP,AYI,AZO,BA,BAC,BAX,BBBY,BBT,BBY,BCR,BDX,BEN,BF.B,BHGE,BIIB,BK,BKNG,BLK,BLL,BMY,BRK.B,BSX,BWA,BXP,C,CA,CAG,CAH,CAT,CB,CBOE,CBRE,CBS,CCI,CCL,CELG,CERN,CF,CFG,CHD,CHK,CHRW,CHTR,CI,CINF,CL,CLX,CMA,CMCSA,CME,CMG,CMI,CMS,CNC,CNP,COF,COG,COL,COO,COP,COST,COTY,CPB,CPRI,CRM,CSCO,CSRA,CSX,CTAS,CTL,CTSH,CTXS,CVS,CVX,CXO,D,DAL,DD,DE,DFS,DG,DGX,DHI,DHR,DIS,DISCA,DISCK,DISH,DLR,DLTR,DOV,DOW,DRI,DTE,DUK,DVA,DVN,DXC,EA,EBAY,ECL,ED,EFX,EIX,EL,EMN,EMR,EOG,EQIX,EQR,EQT,ES,ESRX,ESS,ETFC,ETN,ETR,EVHC,EW,EXC,EXPD,EXPE,EXR,F,FAST,FB,FBHS,FCX,FDX,FE,FFIV,FIS,FISV,FITB,FL,FLIR,FLR,FLS,FMC,FOX,FOXA,FRT,FTI,FTV,GD,GE,GGP,GILD,GIS,GLW,GM,GOOG,GOOGL,GPC,GPN,GPS,GRMN,GS,GT,GWW,HAL,HAS,HBAN,HBI,HCA,HCP,HD,HES,HIG,HLT,HOG,HOLX,HON,HP,HPE,HPQ,HRB,HRL,HRS,HSIC,HST,HSY,HUM,IBM,ICE,IDXX,IFF,ILMN,INCY,INFO,INTC,INTU,IP,IPG,IR,IRM,ISRG,IT,ITW,IVZ,JBHT,JCI,JEC,JEF,JNJ,JNPR,JPM,JWN,K,KDP,KEY,KHC,KIM,KLAC,KMB,KMI,KMX,KO,KORS,KR,KSS,KSU,L,LB,LEG,LEN,LH,LKQ,LLL,LLY,LMT,LNC,LNT,LOW,LRCX,LUV,LVLT,LYB,M,MA,MAA,MAC,MAR,MAS,MAT,MCD,MCHP,MCK,MCO,MDLZ,MDT,MET,MHK,MKC,MLM,MMC,MMM,MNK,MNST,MO,MON,MOS,MPC,MRK,MRO,MS,MSFT,MSI,MTB,MTD,MU,MUR,MYL,NAVI,NBL,NDAQ,NEE,NEM,NFLX,NFX,NI,NKE,NLSN,NOC,NOV,NRG,NSC,NTAP,NTRS,NUE,NVDA,NWL,NWS,NWSA,O,OKE,OMC,ORCL,ORLY,OXY,PAYX,PBCT,PCAR,PCG,PDCO,PEG,PEP,PFE,PFG,PG,PGR,PH,PHM,PKI,PLD,PM,PNC,PNR,PNW,PPG,PPL,PRGO,PRU,PSA,PSX,PVH,PWR,PX,PXD,PYPL,QCOM,QRVO,RAI,RCL,RE,REG,REGN,RF,RHI,RHT,RIG,RJF,RL,ROK,ROP,ROST,RRC,RSG,RTN,SBUX,SCG,SCHW,SEE,SHW,SIG,SJM,SLB,SLG,SNA,SNI,SNPS,SO,SPG,SPGI,SPLS,SRCL,SRE,STI,STT,STX,STZ,SWK,SWKS,SYF,SYK,SYMC,SYY,T,TAP,TDG,TEL,TGT,TIF,TJX,TMK,TMO,TPR,TRIP,TROW,TRV,TSCO,TSN,TSS,TWX,TXN,TXT,UA,UAA,UAL,UDR,UHS,ULTA,UNH,UNM,UNP,UPS,URI,USB,UTX,V,VAR,VFC,VIAB,VLO,VMC,VNO,VRSK,VRSN,VRTX,VTR,VZ,WAT,WBA,WDC,WEC,WELL,WFC,WFM,WHR,WLTW,WM,WMB,WMT,WRK,WU,WY,WYND,WYNN,XEC,XEL,XL,XLNX,XOM,XRAY,XRX,XYL,YUM,ZBH,ZION,ZTS"
2017-07-25,"A,AAL,AAP,AAPL,ABBV,ABC,ABT,ACN,ADBE,ADI,ADM,ADP,ADS,ADSK,AEE,AEP,AES,AET,AFL,AGN,AIG,AIV,AIZ,AJG,AKAM,ALB,ALGN,ALK,ALL,ALLE,ALXN,AMAT,AMD,AME,AMG,AMGN,AMP,AMT,AMZN,AN,ANDV,ANSS,ANTM,AON,APA,APC,APD,APH,APTV,ARE,ARNC,ATVI,AVB,AVGO,AVY,AWK,AXP,AYI,AZO,BA,BAC,BAX,BBBY,BBT,BBY,BCR,BDX,BEN,BF.B,BHGE,BIIB,BK,BKNG,BLK,BLL,BMY,BRK.B,BSX,BWA,BXP,C,CA,CAG,CAH,CAT,CB,CBOE,CBRE,CBS,CCI,CCL,CELG,CERN,CF,CFG,CHD,CHK,CHRW,CHTR,CI,CINF,CL,CLX,CMA,CMCSA,CME,CMG,CMI,CMS,CNC,CNP,COF,COG,COL,COO,COP,COST,COTY,CPB,CPRI,CRM,CSCO,CSRA,CSX,CTAS,CTL,CTSH,CTXS,CVS,CVX,CXO,D,DAL,DD,DE,DFS,DG,DGX,DHI,DHR,DIS,DISCA,DISCK,DISH,DLR,DLTR,DOV,DOW,DRI,DTE,DUK,DVA,DVN,DXC,EA,EBAY,ECL,ED,EFX,EIX,EL,EMN,EMR,EOG,EQIX,EQR,EQT,ES,ESRX,ESS,ETFC,ETN,ETR,EVHC,EW,EXC,EXPD,EXPE,EXR,F,FAST,FB,FBHS,FCX,FDX,FE,FFIV,FIS,FISV,FITB,FL,FLIR,FLR,FLS,FMC,FOX,FOXA,FRT,FTI,FTV,GD,GE,GGP,GILD,GIS,GLW,GM,GOOG,GOOGL,GPC,GPN,GPS,GRMN,GS,GT,GWW,HAL,HAS,HBAN,HBI,HCA,HCP,HD,HES,HIG,HLT,HOG,HOLX,HON,HP,HPE,HPQ,HRB,HRL,HRS,HSIC,HST,HSY,HUM,IBM,ICE,IDXX,IFF,ILMN,INCY,INFO,INTC,INTU,IP,IPG,IR,IRM,ISRG,IT,ITW,IVZ,JBHT,JCI,JEC,JEF,JNJ,JNPR,JPM,JWN,K,KDP,KEY,KHC,KIM,KLAC,KMB,KMI,KMX,KO,KORS,KR,KSS,KSU,L,LB,LEG,LEN,LH,LKQ,LLL,LLY,LMT,LNC,LNT,LOW,LRCX,LUV,LVLT,LYB,M,MA,MAA,MAC,MAR,MAS,MAT,MCD,MCHP,MCK,MCO,MDLZ,MDT,MET,MHK,MKC,MLM,MMC,MMM,MNK,MNST,MO,MON,MOS,MPC,MRK,MRO,MS,MSFT,MSI,MTB,MTD,MU,MUR,MYL,NAVI,NBL,NDAQ,NEE,NEM,NFLX,NFX,NI,NKE,NLSN,NOC,NOV,NRG,NSC,NTAP,NTRS,NUE,NVDA,NWL,NWS,NWSA,O,OKE,OMC,ORCL,ORLY,OXY,PAYX,PBCT,PCAR,PCG,PDCO,PEG,PEP,PFE,PFG,PG,PGR,PH,PHM,PKI,PLD,PM,PNC,PNR,PNW,PPG,PPL,PRGO,PRU,PSA,PSX,PVH,PWR,PX,PXD,PYPL,QCOM,QRVO,RCL,RE,REG,REGN,RF,RHI,RHT,RIG,RJF,RL,ROK,ROP,ROST,RRC,RSG,RTN,SBUX,SCG,SCHW,SEE,SHW,SIG,SJM,SLB,SLG,SNA,SNI,SNPS,SO,SPG,SPGI,SPLS,SRCL,SRE,STI,STT,STX,STZ,SWK,SWKS,SYF,SYK,SYMC,SYY,T,TAP,TDG,TEL,TGT,TIF,TJX,TMK,TMO,TPR,TRIP,TROW,TRV,TSCO,TSN,TSS,TWX,TXN,TXT,UA,UAA,UAL,UDR,UHS,ULTA,UNH,UNM,UNP,UPS,URI,USB,UTX,V,VAR,VFC,VIAB,VLO,VMC,VNO,VRSK,VRSN,VRTX,VTR,VZ,WAT,WBA,WDC,WEC,WELL,WFC,WFM,WHR,WLTW,WM,WMB,WMT,WRK,WU,WY,WYND,WYNN,XEC,XEL,XL,XLNX,XOM,XRAY,XRX,XYL,YUM,ZBH,ZION,ZTS"
2017-07-26,"A,AAL,AAP,AAPL,ABBV,ABC,ABT,ACN,ADBE,ADI,ADM,ADP,ADS,ADSK,AEE,AEP,AES,AET,AFL,AGN,AIG,AIV,AIZ,AJG,AKAM,ALB,ALGN,ALK,ALL,ALLE,ALXN,AMAT,AMD,AME,AMG,AMGN,AMP,AMT,AMZN,AN,ANDV,ANSS,ANTM,AON,AOS,APA,APC,APD,APH,APTV,ARE,ARNC,ATVI,AVB,AVGO,AVY,AWK,AXP,AYI,AZO,BA,BAC,BAX,BBT,BBY,BCR,BDX,BEN,BF.B,BHGE,BIIB,BK,BKNG,BLK,BLL,BMY,BRK.B,BSX,BWA,BXP,C,CA,CAG,CAH,CAT,CB,CBOE,CBRE,CBS,CCI,CCL,CELG,CERN,CF,CFG,CHD,CHK,CHRW,CHTR,CI,CINF,CL,CLX,CMA,CMCSA,CME,CMG,CMI,CMS,CNC,CNP,COF,COG,COL,COO,COP,COST,COTY,CPB,CPRI,CRM,CSCO,CSRA,CSX,CTAS,CTL,CTSH,CTXS,CVS,CVX,CXO,D,DAL,DD,DE,DFS,DG,DGX,DHI,DHR,DIS,DISCA,DISCK,DISH,DLR,DLTR,DOV,DOW,DRE,DRI,DTE,DUK,DVA,DVN,DXC,EA,EBAY,ECL,ED,EFX,EIX,EL,EMN,EMR,EOG,EQIX,EQR,EQT,ES,ESRX,ESS,ETFC,ETN,ETR,EVHC,EW,EXC,EXPD,EXPE,EXR,F,FAST,FB,FBHS,FCX,FDX,FE,FFIV,FIS,FISV,FITB,FL,FLIR,FLR,FLS,FMC,FOX,FOXA,FRT,FTI,FTV,GD,GE,GGP,GILD,GIS,GLW,GM,GOOG,GOOGL,GPC,GPN,GPS,GRMN,GS,GT,GWW,HAL,HAS,HBAN,HBI,HCA,HCP,HD,HES,HIG,HLT,HOG,HOLX,HON,HP,HPE,HPQ,HRB,HRL,HRS,HSIC,HST,HSY,HUM,IBM,ICE,IDXX,IFF,ILMN,INCY,INFO,INTC,INTU,IP,IPG,IR,IRM,ISRG,IT,ITW,IVZ,JBHT,JCI,JEC,JEF,JNJ,JNPR,JPM,JWN,K,KDP,KEY,KHC,KIM,KLAC,KMB,KMI,KMX,KO,KORS,KR,KSS,KSU,L,LB,LEG,LEN,LH,LKQ,LLL,LLY,LMT,LNC,LNT,LOW,LRCX,LUV,LVLT,LYB,M,MA,MAA,MAC,MAR,MAS,MAT,MCD,MCHP,MCK,MCO,MDLZ,MDT,MET,MGM,MHK,MKC,MLM,MMC,MMM,MNST,MO,MON,MOS,MPC,MRK,MRO,MS,MSFT,MSI,MTB,MTD,MU,MYL,NAVI,NBL,NDAQ,NEE,NEM,NFLX,NFX,NI,NKE,NLSN,NOC,NOV,NRG,NSC,NTAP,NTRS,NUE,NVDA,NWL,NWS,NWSA,O,OKE,OMC,ORCL,ORLY,OXY,PAYX,PBCT,PCAR,PCG,PDCO,PEG,PEP,PFE,PFG,PG,PGR,PH,PHM,PKG,PKI,PLD,PM,PNC,PNR,PNW,PPG,PPL,PRGO,PRU,PSA,PSX,PVH,PWR,PX,PXD,PYPL,QCOM,QRVO,RCL,RE,REG,REGN,RF,RHI,RHT,RJF,RL,RMD,ROK,ROP,ROST,RRC,RSG,RTN,SBUX,SCG,SCHW,SEE,SHW,SIG,SJM,SLB,SLG,SNA,SNI,SNPS,SO,SPG,SPGI,SPLS,SRCL,SRE,STI,STT,STX,STZ,SWK,SWKS,SYF,SYK,SYMC,SYY,T,TAP,TDG,TEL,TGT,TIF,TJX,TMK,TMO,TPR,TRIP,TROW,TRV,TSCO,TSN,TSS,TWX,TXN,TXT,UA,UAA,UAL,UDR,UHS,ULTA,UNH,UNM,UNP,UPS,URI,USB,UTX,V,VAR,VFC,VIAB,VLO,VMC,VNO,VRSK,VRSN,VRTX,VTR,VZ,WAT,WBA,WDC,WEC,WELL,WFC,WFM,WHR,WLTW,WM,WMB,WMT,WRK,WU,WY,WYND,WYNN,XEC,XEL,XL,XLNX,XOM,XRAY,XRX,XYL,YUM,ZBH,ZION,ZTS"
2017-08-07,"A,AAL,AAP,AAPL,ABBV,ABC,ABT,ACN,ADBE,ADI,ADM,ADP,ADS,ADSK,AEE,AEP,AES,AET,AFL,AGN,AIG,AIV,AIZ,AJG,AKAM,ALB,ALGN,ALK,ALL,ALLE,ALXN,AMAT,AMD,AME,AMG,AMGN,AMP,AMT,AMZN,AN,ANDV,ANSS,ANTM,AON,AOS,APA,APC,APD,APH,APTV,ARE,ARNC,ATVI,AVB,AVGO,AVY,AWK,AXP,AYI,AZO,BA,BAC,BAX,BBT,BBY,BCR,BDX,BEN,BF.B,BHF,BHGE,BIIB,BK,BKNG,BLK,BLL,BMY,BRK.B,BSX,BWA,BXP,C,CA,CAG,CAH,CAT,CB,CBOE,CBRE,CBS,CCI,CCL,CELG,CERN,CF,CFG,CHD,CHK,CHRW,CHTR,CI,CINF,CL,CLX,CMA,CMCSA,CME,CMG,CMI,CMS,CNC,CNP,COF,COG,COL,COO,COP,COST,COTY,CPB,CPRI,CRM,CSCO,CSRA,CSX,CTAS,CTL,CTSH,CTXS,CVS,CVX,CXO,D,DAL,DD,DE,DFS,DG,DGX,DHI,DHR,DIS,DISCA,DISCK,DISH,DLR,DLTR,DOV,DOW,DRE,DRI,DTE,DUK,DVA,DVN,DXC,EA,EBAY,ECL,ED,EFX,EIX,EL,EMN,EMR,EOG,EQIX,EQR,EQT,ES,ESRX,ESS,ETFC,ETN,ETR,EVHC,EW,EXC,EXPD,EXPE,EXR,F,FAST,FB,FBHS,FCX,FDX,FE,FFIV,FIS,FISV,FITB,FL,FLIR,FLR,FLS,FMC,FOX,FOXA,FRT,FTI,FTV,GD,GE,GGP,GILD,GIS,GLW,GM,GOOG,GOOGL,GPC,GPN,GPS,GRMN,GS,GT,GWW,HAL,HAS,HBAN,HBI,HCA,HCP,HD,HES,HIG,HLT,HOG,HOLX,HON,HP,HPE,HPQ,HRB,HRL,HRS,HSIC,HST,HSY,HUM,IBM,ICE,IDXX,IFF,ILMN,INCY,INFO,INTC,INTU,IP,IPG,IR,IRM,ISRG,IT,ITW,IVZ,JBHT,JCI,JEC,JEF,JNJ,JNPR,JPM,JWN,K,KDP,KEY,KHC,KIM,KLAC,KMB,KMI,KMX,KO,KORS,KR,KSS,KSU,L,LB,LEG,LEN,LH,LKQ,LLL,LLY,LMT,LNC,LNT,LOW,LRCX,LUV,LVLT,LYB,M,MA,MAA,MAC,MAR,MAS,MAT,MCD,MCHP,MCK,MCO,MDLZ,MDT,MET,MGM,MHK,MKC,MLM,MMC,MMM,MNST,MO,MON,MOS,MPC,MRK,MRO,MS,MSFT,MSI,MTB,MTD,MU,MYL,NAVI,NBL,NDAQ,NEE,NEM,NFLX,NFX,NI,NKE,NLSN,NOC,NOV,NRG,NSC,NTAP,NTRS,NUE,NVDA,NWL,NWS,NWSA,O,OKE,OMC,ORCL,ORLY,OXY,PAYX,PBCT,PCAR,PCG,PDCO,PEG,PEP,PFE,PFG,PG,PGR,PH,PHM,PKG,PKI,PLD,PM,PNC,PNR,PNW,PPG,PPL,PRGO,PRU,PSA,PSX,PVH,PWR,PX,PXD,PYPL,QCOM,QRVO,RCL,RE,REG,REGN,RF,RHI,RHT,RJF,RL,RMD,ROK,ROP,ROST,RRC,RSG,RTN,SBUX,SCG,SCHW,SEE,SHW,SIG,SJM,SLB,SLG,SNA,SNI,SNPS,SO,SPG,SPGI,SPLS,SRCL,SRE,STI,STT,STX,STZ,SWK,SWKS,SYF,SYK,SYMC,SYY,T,TAP,TDG,TEL,TGT,TIF,TJX,TMK,TMO,TPR,TRIP,TROW,TRV,TSCO,TSN,TSS,TWX,TXN,TXT,UA,UAA,UAL,UDR,UHS,ULTA,UNH,UNM,UNP,UPS,URI,USB,UTX,V,VAR,VFC,VIAB,VLO,VMC,VNO,VRSK,VRSN,VRTX,VTR,VZ,WAT,WBA,WDC,WEC,WELL,WFC,WFM,WHR,WLTW,WM,WMB,WMT,WRK,WU,WY,WYND,WYNN,XEC,XEL,XL,XLNX,XOM,XRAY,XRX,XYL,YUM,ZBH,ZION,ZTS"
2017-08-08,"A,AAL,AAP,AAPL,ABBV,ABC,ABT,ACN,ADBE,ADI,ADM,ADP,ADS,ADSK,AEE,AEP,AES,AET,AFL,AGN,AIG,AIV,AIZ,AJG,AKAM,ALB,ALGN,ALK,ALL,ALLE,ALXN,AMAT,AMD,AME,AMG,AMGN,AMP,AMT,AMZN,ANDV,ANSS,ANTM,AON,AOS,APA,APC,APD,APH,APTV,ARE,ARNC,ATVI,AVB,AVGO,AVY,AWK,AXP,AYI,AZO,BA,BAC,BAX,BBT,BBY,BCR,BDX,BEN,BF.B,BHF,BHGE,BIIB,BK,BKNG,BLK,BLL,BMY,BRK.B,BSX,BWA,BXP,C,CA,CAG,CAH,CAT,CB,CBOE,CBRE,CBS,CCI,CCL,CELG,CERN,CF,CFG,CHD,CHK,CHRW,CHTR,CI,CINF,CL,CLX,CMA,CMCSA,CME,CMG,CMI,CMS,CNC,CNP,COF,COG,COL,COO,COP,COST,COTY,CPB,CPRI,CRM,CSCO,CSRA,CSX,CTAS,CTL,CTSH,CTXS,CVS,CVX,CXO,D,DAL,DD,DE,DFS,DG,DGX,DHI,DHR,DIS,DISCA,DISCK,DISH,DLR,DLTR,DOV,DOW,DRE,DRI,DTE,DUK,DVA,DVN,DXC,EA,EBAY,ECL,ED,EFX,EIX,EL,EMN,EMR,EOG,EQIX,EQR,EQT,ES,ESRX,ESS,ETFC,ETN,ETR,EVHC,EW,EXC,EXPD,EXPE,EXR,F,FAST,FB,FBHS,FCX,FDX,FE,FFIV,FIS,FISV,FITB,FL,FLIR,FLR,FLS,FMC,FOX,FOXA,FRT,FTI,FTV,GD,GE,GGP,GILD,GIS,GLW,GM,GOOG,GOOGL,GPC,GPN,GPS,GRMN,GS,GT,GWW,HAL,HAS,HBAN,HBI,HCA,HCP,HD,HES,HIG,HLT,HOG,HOLX,HON,HP,HPE,HPQ,HRB,HRL,HRS,HSIC,HST,HSY,HUM,IBM,ICE,IDXX,IFF,ILMN,INCY,INFO,INTC,INTU,IP,IPG,IR,IRM,ISRG,IT,ITW,IVZ,JBHT,JCI,JEC,JEF,JNJ,JNPR,JPM,JWN,K,KDP,KEY,KHC,KIM,KLAC,KMB,KMI,KMX,KO,KORS,KR,KSS,KSU,L,LB,LEG,LEN,LH,LKQ,LLL,LLY,LMT,LNC,LNT,LOW,LRCX,LUV,LVLT,LYB,M,MA,MAA,MAC,MAR,MAS,MAT,MCD,MCHP,MCK,MCO,MDLZ,MDT,MET,MGM,MHK,MKC,MLM,MMC,MMM,MNST,MO,MON,MOS,MPC,MRK,MRO,MS,MSFT,MSI,MTB,MTD,MU,MYL,NAVI,NBL,NDAQ,NEE,NEM,NFLX,NFX,NI,NKE,NLSN,NOC,NOV,NRG,NSC,NTAP,NTRS,NUE,NVDA,NWL,NWS,NWSA,O,OKE,OMC,ORCL,ORLY,OXY,PAYX,PBCT,PCAR,PCG,PDCO,PEG,PEP,PFE,PFG,PG,PGR,PH,PHM,PKG,PKI,PLD,PM,PNC,PNR,PNW,PPG,PPL,PRGO,PRU,PSA,PSX,PVH,PWR,PX,PXD,PYPL,QCOM,QRVO,RCL,RE,REG,REGN,RF,RHI,RHT,RJF,RL,RMD,ROK,ROP,ROST,RRC,RSG,RTN,SBUX,SCG,SCHW,SEE,SHW,SIG,SJM,SLB,SLG,SNA,SNI,SNPS,SO,SPG,SPGI,SPLS,SRCL,SRE,STI,STT,STX,STZ,SWK,SWKS,SYF,SYK,SYMC,SYY,T,TAP,TDG,TEL,TGT,TIF,TJX,TMK,TMO,TPR,TRIP,TROW,TRV,TSCO,TSN,TSS,TWX,TXN,TXT,UA,UAA,UAL,UDR,UHS,ULTA,UNH,UNM,UNP,UPS,URI,USB,UTX,V,VAR,VFC,VIAB,VLO,VMC,VNO,VRSK,VRSN,VRTX,VTR,VZ,WAT,WBA,WDC,WEC,WELL,WFC,WFM,WHR,WLTW,WM,WMB,WMT,WRK,WU,WY,WYND,WYNN,XEC,XEL,XL,XLNX,XOM,XRAY,XRX,XYL,YUM,ZBH,ZION,ZTS"
2017-08-28,"A,AAL,AAP,AAPL,ABBV,ABC,ABT,ACN,ADBE,ADI,ADM,ADP,ADS,ADSK,AEE,AEP,AES,AET,AFL,AGN,AIG,AIV,AIZ,AJG,AKAM,ALB,ALGN,ALK,ALL,ALLE,ALXN,AMAT,AMD,AME,AMG,AMGN,AMP,AMT,AMZN,ANDV,ANSS,ANTM,AON,AOS,APA,APC,APD,APH,APTV,ARE,ARNC,ATVI,AVB,AVGO,AVY,AWK,AXP,AYI,AZO,BA,BAC,BAX,BBT,BBY,BCR,BDX,BEN,BF.B,BHF,BHGE,BIIB,BK,BKNG,BLK,BLL,BMY,BRK.B,BSX,BWA,BXP,C,CA,CAG,CAH,CAT,CB,CBOE,CBRE,CBS,CCI,CCL,CELG,CERN,CF,CFG,CHD,CHK,CHRW,CHTR,CI,CINF,CL,CLX,CMA,CMCSA,CME,CMG,CMI,CMS,CNC,CNP,COF,COG,COL,COO,COP,COST,COTY,CPB,CPRI,CRM,CSCO,CSRA,CSX,CTAS,CTL,CTSH,CTXS,CVS,CVX,CXO,D,DAL,DD,DE,DFS,DG,DGX,DHI,DHR,DIS,DISCA,DISCK,DISH,DLR,DLTR,DOV,DOW,DRE,DRI,DTE,DUK,DVA,DVN,DXC,EA,EBAY,ECL,ED,EFX,EIX,EL,EMN,EMR,EOG,EQIX,EQR,EQT,ES,ESRX,ESS,ETFC,ETN,ETR,EVHC,EW,EXC,EXPD,EXPE,EXR,F,FAST,FB,FBHS,FCX,FDX,FE,FFIV,FIS,FISV,FITB,FL,FLIR,FLR,FLS,FMC,FOX,FOXA,FRT,FTI,FTV,GD,GE,GGP,GILD,GIS,GLW,GM,GOOG,GOOGL,GPC,GPN,GPS,GRMN,GS,GT,GWW,HAL,HAS,HBAN,HBI,HCA,HCP,HD,HES,HIG,HLT,HOG,HOLX,HON,HP,HPE,HPQ,HRB,HRL,HRS,HSIC,HST,HSY,HUM,IBM,ICE,IDXX,IFF,ILMN,INCY,INFO,INTC,INTU,IP,IPG,IR,IRM,ISRG,IT,ITW,IVZ,JBHT,JCI,JEC,JEF,JNJ,JNPR,JPM,JWN,K,KDP,KEY,KHC,KIM,KLAC,KMB,KMI,KMX,KO,KORS,KR,KSS,KSU,L,LB,LEG,LEN,LH,LKQ,LLL,LLY,LMT,LNC,LNT,LOW,LRCX,LUV,LVLT,LYB,M,MA,MAA,MAC,MAR,MAS,MAT,MCD,MCHP,MCK,MCO,MDLZ,MDT,MET,MGM,MHK,MKC,MLM,MMC,MMM,MNST,MO,MON,MOS,MPC,MRK,MRO,MS,MSFT,MSI,MTB,MTD,MU,MYL,NAVI,NBL,NDAQ,NEE,NEM,NFLX,NFX,NI,NKE,NLSN,NOC,NOV,NRG,NSC,NTAP,NTRS,NUE,NVDA,NWL,NWS,NWSA,O,OKE,OMC,ORCL,ORLY,OXY,PAYX,PBCT,PCAR,PCG,PDCO,PEG,PEP,PFE,PFG,PG,PGR,PH,PHM,PKG,PKI,PLD,PM,PNC,PNR,PNW,PPG,PPL,PRGO,PRU,PSA,PSX,PVH,PWR,PX,PXD,PYPL,QCOM,QRVO,RCL,RE,REG,REGN,RF,RHI,RHT,RJF,RL,RMD,ROK,ROP,ROST,RRC,RSG,RTN,SBUX,SCG,SCHW,SEE,SHW,SIG,SJM,SLB,SLG,SNA,SNI,SNPS,SO,SPG,SPGI,SPLS,SRCL,SRE,STI,STT,STX,STZ,SWK,SWKS,SYF,SYK,SYMC,SYY,T,TAP,TDG,TEL,TGT,TIF,TJX,TMK,TMO,TPR,TRIP,TROW,TRV,TSCO,TSN,TSS,TWX,TXN,TXT,UA,UAA,UAL,UDR,UHS,ULTA,UNH,UNM,UNP,UPS,URI,USB,UTX,V,VAR,VFC,VIAB,VLO,VMC,VNO,VRSK,VRSN,VRTX,VTR,VZ,WAT,WBA,WDC,WEC,WELL,WFC,WHR,WLTW,WM,WMB,WMT,WRK,WU,WY,WYND,WYNN,XEC,XEL,XL,XLNX,XOM,XRAY,XRX,XYL,YUM,ZBH,ZION,ZTS"
2017-08-29,"A,AAL,AAP,AAPL,ABBV,ABC,ABT,ACN,ADBE,ADI,ADM,ADP,ADS,ADSK,AEE,AEP,AES,AET,AFL,AGN,AIG,AIV,AIZ,AJG,AKAM,ALB,ALGN,ALK,ALL,ALLE,ALXN,AMAT,AMD,AME,AMG,AMGN,AMP,AMT,AMZN,ANDV,ANSS,ANTM,AON,AOS,APA,APC,APD,APH,APTV,ARE,ARNC,ATVI,AVB,AVGO,AVY,AWK,AXP,AYI,AZO,BA,BAC,BAX,BBT,BBY,BCR,BDX,BEN,BF.B,BHF,BHGE,BIIB,BK,BKNG,BLK,BLL,BMY,BRK.B,BSX,BWA,BXP,C,CA,CAG,CAH,CAT,CB,CBOE,CBRE,CBS,CCI,CCL,CELG,CERN,CF,CFG,CHD,CHK,CHRW,CHTR,CI,CINF,CL,CLX,CMA,CMCSA,CME,CMG,CMI,CMS,CNC,CNP,COF,COG,COL,COO,COP,COST,COTY,CPB,CPRI,CRM,CSCO,CSRA,CSX,CTAS,CTL,CTSH,CTXS,CVS,CVX,CXO,D,DAL,DD,DE,DFS,DG,DGX,DHI,DHR,DIS,DISCA,DISCK,DISH,DLR,DLTR,DOV,DOW,DRE,DRI,DTE,DUK,DVA,DVN,DXC,EA,EBAY,ECL,ED,EFX,EIX,EL,EMN,EMR,EOG,EQIX,EQR,EQT,ES,ESRX,ESS,ETFC,ETN,ETR,EVHC,EW,EXC,EXPD,EXPE,EXR,F,FAST,FB,FBHS,FCX,FDX,FE,FFIV,FIS,FISV,FITB,FL,FLIR,FLR,FLS,FMC,FOX,FOXA,FRT,FTI,FTV,GD,GE,GGP,GILD,GIS,GLW,GM,GOOG,GOOGL,GPC,GPN,GPS,GRMN,GS,GT,GWW,HAL,HAS,HBAN,HBI,HCA,HCP,HD,HES,HIG,HLT,HOG,HOLX,HON,HP,HPE,HPQ,HRB,HRL,HRS,HSIC,HST,HSY,HUM,IBM,ICE,IDXX,IFF,ILMN,INCY,INFO,INTC,INTU,IP,IPG,IQV,IR,IRM,ISRG,IT,ITW,IVZ,JBHT,JCI,JEC,JEF,JNJ,JNPR,JPM,JWN,K,KDP,KEY,KHC,KIM,KLAC,KMB,KMI,KMX,KO,KORS,KR,KSS,KSU,L,LB,LEG,LEN,LH,LKQ,LLL,LLY,LMT,LNC,LNT,LOW,LRCX,LUV,LVLT,LYB,M,MA,MAA,MAC,MAR,MAS,MAT,MCD,MCHP,MCK,MCO,MDLZ,MDT,MET,MGM,MHK,MKC,MLM,MMC,MMM,MNST,MO,MON,MOS,MPC,MRK,MRO,MS,MSFT,MSI,MTB,MTD,MU,MYL,NAVI,NBL,NDAQ,NEE,NEM,NFLX,NFX,NI,NKE,NLSN,NOC,NOV,NRG,NSC,NTAP,NTRS,NUE,NVDA,NWL,NWS,NWSA,O,OKE,OMC,ORCL,ORLY,OXY,PAYX,PBCT,PCAR,PCG,PDCO,PEG,PEP,PFE,PFG,PG,PGR,PH,PHM,PKG,PKI,PLD,PM,PNC,PNR,PNW,PPG,PPL,PRGO,PRU,PSA,PSX,PVH,PWR,PX,PXD,PYPL,QCOM,QRVO,RCL,RE,REG,REGN,RF,RHI,RHT,RJF,RL,RMD,ROK,ROP,ROST,RRC,RSG,RTN,SBUX,SCG,SCHW,SEE,SHW,SIG,SJM,SLB,SLG,SNA,SNI,SNPS,SO,SPG,SPGI,SPLS,SRCL,SRE,STI,STT,STX,STZ,SWK,SWKS,SYF,SYK,SYMC,SYY,T,TAP,TDG,TEL,TGT,TIF,TJX,TMK,TMO,TPR,TRIP,TROW,TRV,TSCO,TSN,TSS,TWX,TXN,TXT,UA,UAA,UAL,UDR,UHS,ULTA,UNH,UNM,UNP,UPS,URI,USB,UTX,V,VAR,VFC,VIAB,VLO,VMC,VNO,VRSK,VRSN,VRTX,VTR,VZ,WAT,WBA,WDC,WEC,WELL,WFC,WHR,WLTW,WM,WMB,WMT,WRK,WU,WY,WYND,WYNN,XEC,XEL,XL,XLNX,XOM,XRAY,XRX,XYL,YUM,ZBH,ZION,ZTS"
2017-09-01,"A,AAL,AAP,AAPL,ABBV,ABC,ABT,ACN,ADBE,ADI,ADM,ADP,ADS,ADSK,AEE,AEP,AES,AET,AFL,AGN,AIG,AIV,AIZ,AJG,AKAM,ALB,ALGN,ALK,ALL,ALLE,ALXN,AMAT,AMD,AME,AMG,AMGN,AMP,AMT,AMZN,ANDV,ANSS,ANTM,AON,AOS,APA,APC,APD,APH,APTV,ARE,ARNC,ATVI,AVB,AVGO,AVY,AWK,AXP,AYI,AZO,BA,BAC,BAX,BBT,BBY,BCR,BDX,BEN,BF.B,BHF,BHGE,BIIB,BK,BKNG,BLK,BLL,BMY,BRK.B,BSX,BWA,BXP,C,CA,CAG,CAH,CAT,CB,CBOE,CBRE,CBS,CCI,CCL,CELG,CERN,CF,CFG,CHD,CHK,CHRW,CHTR,CI,CINF,CL,CLX,CMA,CMCSA,CME,CMG,CMI,CMS,CNC,CNP,COF,COG,COL,COO,COP,COST,COTY,CPB,CPRI,CRM,CSCO,CSRA,CSX,CTAS,CTL,CTSH,CTXS,CVS,CVX,CXO,D,DAL,DE,DFS,DG,DGX,DHI,DHR,DIS,DISCA,DISCK,DISH,DLR,DLTR,DOV,DRE,DRI,DTE,DUK,DVA,DVN,DWDP,DXC,EA,EBAY,ECL,ED,EFX,EIX,EL,EMN,EMR,EOG,EQIX,EQR,EQT,ES,ESRX,ESS,ETFC,ETN,ETR,EVHC,EW,EXC,EXPD,EXPE,EXR,F,FAST,FB,FBHS,FCX,FDX,FE,FFIV,FIS,FISV,FITB,FL,FLIR,FLR,FLS,FMC,FOX,FOXA,FRT,FTI,FTV,GD,GE,GGP,GILD,GIS,GLW,GM,GOOG,GOOGL,GPC,GPN,GPS,GRMN,GS,GT,GWW,HAL,HAS,HBAN,HBI,HCA,HCP,HD,HES,HIG,HLT,HOG,HOLX,HON,HP,HPE,HPQ,HRB,HRL,HRS,HSIC,HST,HSY,HUM,IBM,ICE,IDXX,IFF,ILMN,INCY,INFO,INTC,INTU,IP,IPG,IQV,IR,IRM,ISRG,IT,ITW,IVZ,JBHT,JCI,JEC,JEF,JNJ,JNPR,JPM,JWN,K,KDP,KEY,KHC,KIM,KLAC,KMB,KMI,KMX,KO,KORS,KR,KSS,KSU,L,LB,LEG,LEN,LH,LKQ,LLL,LLY,LMT,LNC,LNT,LOW,LRCX,LUV,LVLT,LYB,M,MA,MAA,MAC,MAR,MAS,MAT,MCD,MCHP,MCK,MCO,MDLZ,MDT,MET,MGM,MHK,MKC,MLM,MMC,MMM,MNST,MO,MON,MOS,MPC,MRK,MRO,MS,MSFT,MSI,MTB,MTD,MU,MYL,NAVI,NBL,NDAQ,NEE,NEM,NFLX,NFX,NI,NKE,NLSN,NOC,NOV,NRG,NSC,NTAP,NTRS,NUE,NVDA,NWL,NWS,NWSA,O,OKE,OMC,ORCL,ORLY,OXY,PAYX,PBCT,PCAR,PCG,PDCO,PEG,PEP,PFE,PFG,PG,PGR,PH,PHM,PKG,PKI,PLD,PM,PNC,PNR,PNW,PPG,PPL,PRGO,PRU,PSA,PSX,PVH,PWR,PX,PXD,PYPL,QCOM,QRVO,RCL,RE,REG,REGN,RF,RHI,RHT,RJF,RL,RMD,ROK,ROP,ROST,RRC,RSG,RTN,SBAC,SBUX,SCG,SCHW,SEE,SHW,SIG,SJM,SLB,SLG,SNA,SNI,SNPS,SO,SPG,SPGI,SPLS,SRCL,SRE,STI,STT,STX,STZ,SWK,SWKS,SYF,SYK,SYMC,SYY,T,TAP,TDG,TEL,TGT,TIF,TJX,TMK,TMO,TPR,TRIP,TROW,TRV,TSCO,TSN,TSS,TWX,TXN,TXT,UA,UAA,UAL,UDR,UHS,ULTA,UNH,UNM,UNP,UPS,URI,USB,UTX,V,VAR,VFC,VIAB,VLO,VMC,VNO,VRSK,VRSN,VRTX,VTR,VZ,WAT,WBA,WDC,WEC,WELL,WFC,WHR,WLTW,WM,WMB,WMT,WRK,WU,WY,WYND,WYNN,XEC,XEL,XL,XLNX,XOM,XRAY,XRX,XYL,YUM,ZBH,ZION,ZTS"
2017-09-13,"A,AAL,AAP,AAPL,ABBV,ABC,ABT,ACN,ADBE,ADI,ADM,ADP,ADS,ADSK,AEE,AEP,AES,AET,AFL,AGN,AIG,AIV,AIZ,AJG,AKAM,ALB,ALGN,ALK,ALL,ALLE,ALXN,AMAT,AMD,AME,AMG,AMGN,AMP,AMT,AMZN,ANDV,ANSS,ANTM,AON,AOS,APA,APC,APD,APH,APTV,ARE,ARNC,ATVI,AVB,AVGO,AVY,AWK,AXP,AYI,AZO,BA,BAC,BAX,BBT,BBY,BCR,BDX,BEN,BF.B,BHF,BHGE,BIIB,BK,BKNG,BLK,BLL,BMY,BRK.B,BSX,BWA,BXP,C,CA,CAG,CAH,CAT,CB,CBOE,CBRE,CBS,CCI,CCL,CELG,CERN,CF,CFG,CHD,CHK,CHRW,CHTR,CI,CINF,CL,CLX,CMA,CMCSA,CME,CMG,CMI,CMS,CNC,CNP,COF,COG,COL,COO,COP,COST,COTY,CPB,CPRI,CRM,CSCO,CSRA,CSX,CTAS,CTL,CTSH,CTXS,CVS,CVX,CXO,D,DAL,DE,DFS,DG,DGX,DHI,DHR,DIS,DISCA,DISCK,DISH,DLR,DLTR,DOV,DRE,DRI,DTE,DUK,DVA,DVN,DWDP,DXC,EA,EBAY,ECL,ED,EFX,EIX,EL,EMN,EMR,EOG,EQIX,EQR,EQT,ES,ESRX,ESS,ETFC,ETN,ETR,EVHC,EW,EXC,EXPD,EXPE,EXR,F,FAST,FB,FBHS,FCX,FDX,FE,FFIV,FIS,FISV,FITB,FL,FLIR,FLR,FLS,FMC,FOX,FOXA,FRT,FTI,FTV,GD,GE,GGP,GILD,GIS,GLW,GM,GOOG,GOOGL,GPC,GPN,GPS,GRMN,GS,GT,GWW,HAL,HAS,HBAN,HBI,HCA,HCP,HD,HES,HIG,HLT,HOG,HOLX,HON,HP,HPE,HPQ,HRB,HRL,HRS,HSIC,HST,HSY,HUM,IBM,ICE,IDXX,IFF,ILMN,INCY,INFO,INTC,INTU,IP,IPG,IQV,IR,IRM,ISRG,IT,ITW,IVZ,JBHT,JCI,JEC,JEF,JNJ,JNPR,JPM,JWN,K,KDP,KEY,KHC,KIM,KLAC,KMB,KMI,KMX,KO,KORS,KR,KSS,KSU,L,LB,LEG,LEN,LH,LKQ,LLL,LLY,LMT,LNC,LNT,LOW,LRCX,LUV,LVLT,LYB,M,MA,MAA,MAC,MAR,MAS,MAT,MCD,MCHP,MCK,MCO,MDLZ,MDT,MET,MGM,MHK,MKC,MLM,MMC,MMM,MNST,MO,MON,MOS,MPC,MRK,MRO,MS,MSFT,MSI,MTB,MTD,MU,MYL,NAVI,NBL,NDAQ,NEE,NEM,NFLX,NFX,NI,NKE,NLSN,NOC,NOV,NRG,NSC,NTAP,NTRS,NUE,NVDA,NWL,NWS,NWSA,O,OKE,OMC,ORCL,ORLY,OXY,PAYX,PBCT,PCAR,PCG,PDCO,PEG,PEP,PFE,PFG,PG,PGR,PH,PHM,PKG,PKI,PLD,PM,PNC,PNR,PNW,PPG,PPL,PRGO,PRU,PSA,PSX,PVH,PWR,PX,PXD,PYPL,QCOM,QRVO,RCL,RE,REG,REGN,RF,RHI,RHT,RJF,RL,RMD,ROK,ROP,ROST,RRC,RSG,RTN,SBAC,SBUX,SCG,SCHW,SEE,SHW,SIG,SJM,SLB,SLG,SNA,SNI,SNPS,SO,SPG,SPGI,SRCL,SRE,STI,STT,STX,STZ,SWK,SWKS,SYF,SYK,SYMC,SYY,T,TAP,TDG,TEL,TGT,TIF,TJX,TMK,TMO,TPR,TRIP,TROW,TRV,TSCO,TSN,TSS,TWX,TXN,TXT,UA,UAA,UAL,UDR,UHS,ULTA,UNH,UNM,UNP,UPS,URI,USB,UTX,V,VAR,VFC,VIAB,VLO,VMC,VNO,VRSK,VRSN,VRTX,VTR,VZ,WAT,WBA,WDC,WEC,WELL,WFC,WHR,WLTW,WM,WMB,WMT,WRK,WU,WY,WYND,WYNN,XEC,XEL,XL,XLNX,XOM,XRAY,XRX,XYL,YUM,ZBH,ZION,ZTS"
2017-09-18,"A,AAL,AAP,AAPL,ABBV,ABC,ABT,ACN,ADBE,ADI,ADM,ADP,ADS,ADSK,AEE,AEP,AES,AET,AFL,AGN,AIG,AIV,AIZ,AJG,AKAM,ALB,ALGN,ALK,ALL,ALLE,ALXN,AMAT,AMD,AME,AMG,AMGN,AMP,AMT,AMZN,ANDV,ANSS,ANTM,AON,AOS,APA,APC,APD,APH,APTV,ARE,ARNC,ATVI,AVB,AVGO,AVY,AWK,AXP,AYI,AZO,BA,BAC,BAX,BBT,BBY,BCR,BDX,BEN,BF.B,BHF,BHGE,BIIB,BK,BKNG,BLK,BLL,BMY,BRK.B,BSX,BWA,BXP,C,CA,CAG,CAH,CAT,CB,CBOE,CBRE,CBS,CCI,CCL,CDNS,CELG,CERN,CF,CFG,CHD,CHK,CHRW,CHTR,CI,CINF,CL,CLX,CMA,CMCSA,CME,CMG,CMI,CMS,CNC,CNP,COF,COG,COL,COO,COP,COST,COTY,CPB,CPRI,CRM,CSCO,CSRA,CSX,CTAS,CTL,CTSH,CTXS,CVS,CVX,CXO,D,DAL,DE,DFS,DG,DGX,DHI,DHR,DIS,DISCA,DISCK,DISH,DLR,DLTR,DOV,DRE,DRI,DTE,DUK,DVA,DVN,DWDP,DXC,EA,EBAY,ECL,ED,EFX,EIX,EL,EMN,EMR,EOG,EQIX,EQR,EQT,ES,ESRX,ESS,ETFC,ETN,ETR,EVHC,EW,EXC,EXPD,EXPE,EXR,F,FAST,FB,FBHS,FCX,FDX,FE,FFIV,FIS,FISV,FITB,FL,FLIR,FLR,FLS,FMC,FOX,FOXA,FRT,FTI,FTV,GD,GE,GGP,GILD,GIS,GLW,GM,GOOG,GOOGL,GPC,GPN,GPS,GRMN,GS,GT,GWW,HAL,HAS,HBAN,HBI,HCA,HCP,HD,HES,HIG,HLT,HOG,HOLX,HON,HP,HPE,HPQ,HRB,HRL,HRS,HSIC,HST,HSY,HUM,IBM,ICE,IDXX,IFF,ILMN,INCY,INFO,INTC,INTU,IP,IPG,IQV,IR,IRM,ISRG,IT,ITW,IVZ,JBHT,JCI,JEC,JEF,JNJ,JNPR,JPM,JWN,K,KDP,KEY,KHC,KIM,KLAC,KMB,KMI,KMX,KO,KORS,KR,KSS,KSU,L,LB,LEG,LEN,LH,LKQ,LLL,LLY,LMT,LNC,LNT,LOW,LRCX,LUV,LVLT,LYB,M,MA,MAA,MAC,MAR,MAS,MAT,MCD,MCHP,MCK,MCO,MDLZ,MDT,MET,MGM,MHK,MKC,MLM,MMC,MMM,MNST,MO,MON,MOS,MPC,MRK,MRO,MS,MSFT,MSI,MTB,MTD,MU,MYL,NAVI,NBL,NDAQ,NEE,NEM,NFLX,NFX,NI,NKE,NLSN,NOC,NOV,NRG,NSC,NTAP,NTRS,NUE,NVDA,NWL,NWS,NWSA,O,OKE,OMC,ORCL,ORLY,OXY,PAYX,PBCT,PCAR,PCG,PDCO,PEG,PEP,PFE,PFG,PG,PGR,PH,PHM,PKG,PKI,PLD,PM,PNC,PNR,PNW,PPG,PPL,PRGO,PRU,PSA,PSX,PVH,PWR,PX,PXD,PYPL,QCOM,QRVO,RCL,RE,REG,REGN,RF,RHI,RHT,RJF,RL,RMD,ROK,ROP,ROST,RRC,RSG,RTN,SBAC,SBUX,SCG,SCHW,SEE,SHW,SIG,SJM,SLB,SLG,SNA,SNI,SNPS,SO,SPG,SPGI,SRCL,SRE,STI,STT,STX,STZ,SWK,SWKS,SYF,SYK,SYMC,SYY,T,TAP,TDG,TEL,TGT,TIF,TJX,TMK,TMO,TPR,TRIP,TROW,TRV,TSCO,TSN,TSS,TWX,TXN,TXT,UA,UAA,UAL,UDR,UHS,ULTA,UNH,UNM,UNP,UPS,URI,USB,UTX,V,VAR,VFC,VIAB,VLO,VMC,VNO,VRSK,VRSN,VRTX,VTR,VZ,WAT,WBA,WDC,WEC,WELL,WFC,WHR,WLTW,WM,WMB,WMT,WRK,WU,WY,WYND,WYNN,XEC,XEL,XL,XLNX,XOM,XRAY,XRX,XYL,YUM,ZBH,ZION,ZTS"
2017-10-13,"A,AAL,AAP,AAPL,ABBV,ABC,ABT,ACN,ADBE,ADI,ADM,ADP,ADS,ADSK,AEE,AEP,AES,AET,AFL,AGN,AIG,AIV,AIZ,AJG,AKAM,ALB,ALGN,ALK,ALL,ALLE,ALXN,AMAT,AMD,AME,AMG,AMGN,AMP,AMT,AMZN,ANDV,ANSS,ANTM,AON,AOS,APA,APC,APD,APH,APTV,ARE,ARNC,ATVI,AVB,AVGO,AVY,AWK,AXP,AYI,AZO,BA,BAC,BAX,BBT,BBY,BCR,BDX,BEN,BF.B,BHF,BHGE,BIIB,BK,BKNG,BLK,BLL,BMY,BRK.B,BSX,BWA,BXP,C,CA,CAG,CAH,CAT,CB,CBOE,CBRE,CBS,CCI,CCL,CDNS,CELG,CERN,CF,CFG,CHD,CHK,CHRW,CHTR,CI,CINF,CL,CLX,CMA,CMCSA,CME,CMG,CMI,CMS,CNC,CNP,COF,COG,COL,COO,COP,COST,COTY,CPB,CPRI,CRM,CSCO,CSRA,CSX,CTAS,CTL,CTSH,CTXS,CVS,CVX,CXO,D,DAL,DE,DFS,DG,DGX,DHI,DHR,DIS,DISCA,DISCK,DISH,DLR,DLTR,DOV,DRE,DRI,DTE,DUK,DVA,DVN,DWDP,DXC,EA,EBAY,ECL,ED,EFX,EIX,EL,EMN,EMR,EOG,EQIX,EQR,EQT,ES,ESRX,ESS,ETFC,ETN,ETR,EVHC,EW,EXC,EXPD,EXPE,EXR,F,FAST,FB,FBHS,FCX,FDX,FE,FFIV,FIS,FISV,FITB,FL,FLIR,FLR,FLS,FMC,FOX,FOXA,FRT,FTI,FTV,GD,GE,GGP,GILD,GIS,GLW,GM,GOOG,GOOGL,GPC,GPN,GPS,GRMN,GS,GT,GWW,HAL,HAS,HBAN,HBI,HCA,HCP,HD,HES,HIG,HLT,HOG,HOLX,HON,HP,HPE,HPQ,HRB,HRL,HRS,HSIC,HST,HSY,HUM,IBM,ICE,IDXX,IFF,ILMN,INCY,INFO,INTC,INTU,IP,IPG,IQV,IR,IRM,ISRG,IT,ITW,IVZ,JBHT,JCI,JEC,JEF,JNJ,JNPR,JPM,JWN,K,KDP,KEY,KHC,KIM,KLAC,KMB,KMI,KMX,KO,KORS,KR,KSS,KSU,L,LB,LEG,LEN,LH,LKQ,LLL,LLY,LMT,LNC,LNT,LOW,LRCX,LUV,LYB,M,MA,MAA,MAC,MAR,MAS,MAT,MCD,MCHP,MCK,MCO,MDLZ,MDT,MET,MGM,MHK,MKC,MLM,MMC,MMM,MNST,MO,MON,MOS,MPC,MRK,MRO,MS,MSFT,MSI,MTB,MTD,MU,MYL,NAVI,NBL,NCLH,NDAQ,NEE,NEM,NFLX,NFX,NI,NKE,NLSN,NOC,NOV,NRG,NSC,NTAP,NTRS,NUE,NVDA,NWL,NWS,NWSA,O,OKE,OMC,ORCL,ORLY,OXY,PAYX,PBCT,PCAR,PCG,PDCO,PEG,PEP,PFE,PFG,PG,PGR,PH,PHM,PKG,PKI,PLD,PM,PNC,PNR,PNW,PPG,PPL,PRGO,PRU,PSA,PSX,PVH,PWR,PX,PXD,PYPL,QCOM,QRVO,RCL,RE,REG,REGN,RF,RHI,RHT,RJF,RL,RMD,ROK,ROP,ROST,RRC,RSG,RTN,SBAC,SBUX,SCG,SCHW,SEE,SHW,SIG,SJM,SLB,SLG,SNA,SNI,SNPS,SO,SPG,SPGI,SRCL,SRE,STI,STT,STX,STZ,SWK,SWKS,SYF,SYK,SYMC,SYY,T,TAP,TDG,TEL,TGT,TIF,TJX,TMK,TMO,TPR,TRIP,TROW,TRV,TSCO,TSN,TSS,TWX,TXN,TXT,UA,UAA,UAL,UDR,UHS,ULTA,UNH,UNM,UNP,UPS,URI,USB,UTX,V,VAR,VFC,VIAB,VLO,VMC,VNO,VRSK,VRSN,VRTX,VTR,VZ,WAT,WBA,WDC,WEC,WELL,WFC,WHR,WLTW,WM,WMB,WMT,WRK,WU,WY,WYND,WYNN,XEC,XEL,XL,XLNX,XOM,XRAY,XRX,XYL,YUM,ZBH,ZION,ZTS"
2017-12-29,"A,AAL,AAP,AAPL,ABBV,ABC,ABT,ACN,ADBE,ADI,ADM,ADP,ADS,ADSK,AEE,AEP,AES,AET,AFL,AGN,AIG,AIV,AIZ,AJG,AKAM,ALB,ALGN,ALK,ALL,ALLE,ALXN,AMAT,AMD,AME,AMG,AMGN,AMP,AMT,AMZN,ANDV,ANSS,ANTM,AON,AOS,APA,APC,APD,APH,APTV,ARE,ARNC,ATVI,AVB,AVGO,AVY,AWK,AXP,AYI,AZO,BA,BAC,BAX,BBT,BBY,BDX,BEN,BF.B,BHF,BHGE,BIIB,BK,BKNG,BLK,BLL,BMY,BRK.B,BSX,BWA,BXP,C,CA,CAG,CAH,CAT,CB,CBOE,CBRE,CBS,CCI,CCL,CDNS,CELG,CERN,CF,CFG,CHD,CHK,CHRW,CHTR,CI,CINF,CL,CLX,CMA,CMCSA,CME,CMG,CMI,CMS,CNC,CNP,COF,COG,COL,COO,COP,COST,COTY,CPB,CPRI,CRM,CSCO,CSRA,CSX,CTAS,CTL,CTSH,CTXS,CVS,CVX,CXO,D,DAL,DE,DFS,DG,DGX,DHI,DHR,DIS,DISCA,DISCK,DISH,DLR,DLTR,DOV,DRE,DRI,DTE,DUK,DVA,DVN,DWDP,DXC,EA,EBAY,ECL,ED,EFX,EIX,EL,EMN,EMR,EOG,EQIX,EQR,EQT,ES,ESRX,ESS,ETFC,ETN,ETR,EVHC,EW,EXC,EXPD,EXPE,EXR,F,FAST,FB,FBHS,FCX,FDX,FE,FFIV,FIS,FISV,FITB,FL,FLIR,FLR,FLS,FMC,FOX,FOXA,FRT,FTI,FTV,GD,GE,GGP,GILD,GIS,GLW,GM,GOOG,GOOGL,GPC,GPN,GPS,GRMN,GS,GT,GWW,HAL,HAS,HBAN,HBI,HCA,HCP,HD,HES,HIG,HLT,HOG,HOLX,HON,HP,HPE,HPQ,HRB,HRL,HRS,HSIC,HST,HSY,HUM,IBM,ICE,IDXX,IFF,ILMN,INCY,INFO,INTC,INTU,IP,IPG,IQV,IR,IRM,ISRG,IT,ITW,IVZ,JBHT,JCI,JEC,JEF,JNJ,JNPR,JPM,JWN,K,KDP,KEY,KHC,KIM,KLAC,KMB,KMI,KMX,KO,KORS,KR,KSS,KSU,L,LB,LEG,LEN,LH,LKQ,LLL,LLY,LMT,LNC,LNT,LOW,LRCX,LUV,LYB,M,MA,MAA,MAC,MAR,MAS,MAT,MCD,MCHP,MCK,MCO,MDLZ,MDT,MET,MGM,MHK,MKC,MLM,MMC,MMM,MNST,MO,MON,MOS,MPC,MRK,MRO,MS,MSFT,MSI,MTB,MTD,MU,MYL,NAVI,NBL,NCLH,NDAQ,NEE,NEM,NFLX,NFX,NI,NKE,NLSN,NOC,NOV,NRG,NSC,NTAP,NTRS,NUE,NVDA,NWL,NWS,NWSA,O,OKE,OMC,ORCL,ORLY,OXY,PAYX,PBCT,PCAR,PCG,PDCO,PEG,PEP,PFE,PFG,PG,PGR,PH,PHM,PKG,PKI,PLD,PM,PNC,PNR,PNW,PPG,PPL,PRGO,PRU,PSA,PSX,PVH,PWR,PX,PXD,PYPL,QCOM,QRVO,RCL,RE,REG,REGN,RF,RHI,RHT,RJF,RL,RMD,ROK,ROP,ROST,RRC,RSG,RTN,SBAC,SBUX,SCG,SCHW,SEE,SHW,SIG,SJM,SLB,SLG,SNA,SNI,SNPS,SO,SPG,SPGI,SRCL,SRE,STI,STT,STX,STZ,SWK,SWKS,SYF,SYK,SYMC,SYY,T,TAP,TDG,TEL,TGT,TIF,TJX,TMK,TMO,TPR,TRIP,TROW,TRV,TSCO,TSN,TSS,TWX,TXN,TXT,UA,UAA,UAL,UDR,UHS,ULTA,UNH,UNM,UNP,UPS,URI,USB,UTX,V,VAR,VFC,VIAB,VLO,VMC,VNO,VRSK,VRSN,VRTX,VTR,VZ,WAT,WBA,WDC,WEC,WELL,WFC,WHR,WLTW,WM,WMB,WMT,WRK,WU,WY,WYND,WYNN,XEC,XEL,XL,XLNX,XOM,XRAY,XRX,XYL,YUM,ZBH,ZION,ZTS"
2018-01-03,"A,AAL,AAP,AAPL,ABBV,ABC,ABT,ACN,ADBE,ADI,ADM,ADP,ADS,ADSK,AEE,AEP,AES,AET,AFL,AGN,AIG,AIV,AIZ,AJG,AKAM,ALB,ALGN,ALK,ALL,ALLE,ALXN,AMAT,AMD,AME,AMG,AMGN,AMP,AMT,AMZN,ANDV,ANSS,ANTM,AON,AOS,APA,APC,APD,APH,APTV,ARE,ARNC,ATVI,AVB,AVGO,AVY,AWK,AXP,AYI,AZO,BA,BAC,BAX,BBT,BBY,BDX,BEN,BF.B,BHF,BHGE,BIIB,BK,BKNG,BLK,BLL,BMY,BRK.B,BSX,BWA,BXP,C,CA,CAG,CAH,CAT,CB,CBOE,CBRE,CBS,CCI,CCL,CDNS,CELG,CERN,CF,CFG,CHD,CHK,CHRW,CHTR,CI,CINF,CL,CLX,CMA,CMCSA,CME,CMG,CMI,CMS,CNC,CNP,COF,COG,COL,COO,COP,COST,COTY,CPB,CPRI,CRM,CSCO,CSRA,CSX,CTAS,CTL,CTSH,CTXS,CVS,CVX,CXO,D,DAL,DE,DFS,DG,DGX,DHI,DHR,DIS,DISCA,DISCK,DISH,DLR,DLTR,DOV,DRE,DRI,DTE,DUK,DVA,DVN,DWDP,DXC,EA,EBAY,ECL,ED,EFX,EIX,EL,EMN,EMR,EOG,EQIX,EQR,EQT,ES,ESRX,ESS,ETFC,ETN,ETR,EVHC,EW,EXC,EXPD,EXPE,EXR,F,FAST,FB,FBHS,FCX,FDX,FE,FFIV,FIS,FISV,FITB,FL,FLIR,FLR,FLS,FMC,FOX,FOXA,FRT,FTI,FTV,GD,GE,GGP,GILD,GIS,GLW,GM,GOOG,GOOGL,GPC,GPN,GPS,GRMN,GS,GT,GWW,HAL,HAS,HBAN,HBI,HCA,HCP,HD,HES,HIG,HII,HLT,HOG,HOLX,HON,HP,HPE,HPQ,HRB,HRL,HRS,HSIC,HST,HSY,HUM,IBM,ICE,IDXX,IFF,ILMN,INCY,INFO,INTC,INTU,IP,IPG,IQV,IR,IRM,ISRG,IT,ITW,IVZ,JBHT,JCI,JEC,JEF,JNJ,JNPR,JPM,JWN,K,KDP,KEY,KHC,KIM,KLAC,KMB,KMI,KMX,KO,KORS,KR,KSS,KSU,L,LB,LEG,LEN,LH,LKQ,LLL,LLY,LMT,LNC,LNT,LOW,LRCX,LUV,LYB,M,MA,MAA,MAC,MAR,MAS,MAT,MCD,MCHP,MCK,MCO,MDLZ,MDT,MET,MGM,MHK,MKC,MLM,MMC,MMM,MNST,MO,MON,MOS,MPC,MRK,MRO,MS,MSFT,MSI,MTB,MTD,MU,MYL,NAVI,NBL,NCLH,NDAQ,NEE,NEM,NFLX,NFX,NI,NKE,NLSN,NOC,NOV,NRG,NSC,NTAP,NTRS,NUE,NVDA,NWL,NWS,NWSA,O,OKE,OMC,ORCL,ORLY,OXY,PAYX,PBCT,PCAR,PCG,PDCO,PEG,PEP,PFE,PFG,PG,PGR,PH,PHM,PKG,PKI,PLD,PM,PNC,PNR,PNW,PPG,PPL,PRGO,PRU,PSA,PSX,PVH,PWR,PX,PXD,PYPL,QCOM,QRVO,RCL,RE,REG,REGN,RF,RHI,RHT,RJF,RL,RMD,ROK,ROP,ROST,RRC,RSG,RTN,SBAC,SBUX,SCG,SCHW,SEE,SHW,SIG,SJM,SLB,SLG,SNA,SNI,SNPS,SO,SPG,SPGI,SRCL,SRE,STI,STT,STX,STZ,SWK,SWKS,SYF,SYK,SYMC,SYY,T,TAP,TDG,TEL,TGT,TIF,TJX,TMK,TMO,TPR,TRIP,TROW,TRV,TSCO,TSN,TSS,TWX,TXN,TXT,UA,UAA,UAL,UDR,UHS,ULTA,UNH,UNM,UNP,UPS,URI,USB,UTX,V,VAR,VFC,VIAB,VLO,VMC,VNO,VRSK,VRSN,VRTX,VTR,VZ,WAT,WBA,WDC,WEC,WELL,WFC,WHR,WLTW,WM,WMB,WMT,WRK,WU,WY,WYND,WYNN,XEC,XEL,XL,XLNX,XOM,XRAY,XRX,XYL,YUM,ZBH,ZION,ZTS"
2018-03-07,"A,AAL,AAP,AAPL,ABBV,ABC,ABT,ACN,ADBE,ADI,ADM,ADP,ADS,ADSK,AEE,AEP,AES,AET,AFL,AGN,AIG,AIV,AIZ,AJG,AKAM,ALB,ALGN,ALK,ALL,ALLE,ALXN,AMAT,AMD,AME,AMG,AMGN,AMP,AMT,AMZN,ANDV,ANSS,ANTM,AON,AOS,APA,APC,APD,APH,APTV,ARE,ARNC,ATVI,AVB,AVGO,AVY,AWK,AXP,AYI,AZO,BA,BAC,BAX,BBT,BBY,BDX,BEN,BF.B,BHF,BHGE,BIIB,BK,BKNG,BLK,BLL,BMY,BRK.B,BSX,BWA,BXP,C,CA,CAG,CAH,CAT,CB,CBOE,CBRE,CBS,CCI,CCL,CDNS,CELG,CERN,CF,CFG,CHD,CHK,CHRW,CHTR,CI,CINF,CL,CLX,CMA,CMCSA,CME,CMG,CMI,CMS,CNC,CNP,COF,COG,COL,COO,COP,COST,COTY,CPB,CPRI,CRM,CSCO,CSRA,CSX,CTAS,CTL,CTSH,CTXS,CVS,CVX,CXO,D,DAL,DE,DFS,DG,DGX,DHI,DHR,DIS,DISCA,DISCK,DISH,DLR,DLTR,DOV,DRE,DRI,DTE,DUK,DVA,DVN,DWDP,DXC,EA,EBAY,ECL,ED,EFX,EIX,EL,EMN,EMR,EOG,EQIX,EQR,EQT,ES,ESRX,ESS,ETFC,ETN,ETR,EVHC,EW,EXC,EXPD,EXPE,EXR,F,FAST,FB,FBHS,FCX,FDX,FE,FFIV,FIS,FISV,FITB,FL,FLIR,FLR,FLS,FMC,FOX,FOXA,FRT,FTI,FTV,GD,GE,GGP,GILD,GIS,GLW,GM,GOOG,GOOGL,GPC,GPN,GPS,GRMN,GS,GT,GWW,HAL,HAS,HBAN,HBI,HCA,HCP,HD,HES,HIG,HII,HLT,HOG,HOLX,HON,HP,HPE,HPQ,HRB,HRL,HRS,HSIC,HST,HSY,HUM,IBM,ICE,IDXX,IFF,ILMN,INCY,INFO,INTC,INTU,IP,IPG,IPGP,IQV,IR,IRM,ISRG,IT,ITW,IVZ,JBHT,JCI,JEC,JEF,JNJ,JNPR,JPM,JWN,K,KDP,KEY,KHC,KIM,KLAC,KMB,KMI,KMX,KO,KORS,KR,KSS,KSU,L,LB,LEG,LEN,LH,LKQ,LLL,LLY,LMT,LNC,LNT,LOW,LRCX,LUV,LYB,M,MA,MAA,MAC,MAR,MAS,MAT,MCD,MCHP,MCK,MCO,MDLZ,MDT,MET,MGM,MHK,MKC,MLM,MMC,MMM,MNST,MO,MON,MOS,MPC,MRK,MRO,MS,MSFT,MSI,MTB,MTD,MU,MYL,NAVI,NBL,NCLH,NDAQ,NEE,NEM,NFLX,NFX,NI,NKE,NLSN,NOC,NOV,NRG,NSC,NTAP,NTRS,NUE,NVDA,NWL,NWS,NWSA,O,OKE,OMC,ORCL,ORLY,OXY,PAYX,PBCT,PCAR,PCG,PDCO,PEG,PEP,PFE,PFG,PG,PGR,PH,PHM,PKG,PKI,PLD,PM,PNC,PNR,PNW,PPG,PPL,PRGO,PRU,PSA,PSX,PVH,PWR,PX,PXD,PYPL,QCOM,QRVO,RCL,RE,REG,REGN,RF,RHI,RHT,RJF,RL,RMD,ROK,ROP,ROST,RRC,RSG,RTN,SBAC,SBUX,SCG,SCHW,SEE,SHW,SIG,SJM,SLB,SLG,SNA,SNPS,SO,SPG,SPGI,SRCL,SRE,STI,STT,STX,STZ,SWK,SWKS,SYF,SYK,SYMC,SYY,T,TAP,TDG,TEL,TGT,TIF,TJX,TMK,TMO,TPR,TRIP,TROW,TRV,TSCO,TSN,TSS,TWX,TXN,TXT,UA,UAA,UAL,UDR,UHS,ULTA,UNH,UNM,UNP,UPS,URI,USB,UTX,V,VAR,VFC,VIAB,VLO,VMC,VNO,VRSK,VRSN,VRTX,VTR,VZ,WAT,WBA,WDC,WEC,WELL,WFC,WHR,WLTW,WM,WMB,WMT,WRK,WU,WY,WYND,WYNN,XEC,XEL,XL,XLNX,XOM,XRAY,XRX,XYL,YUM,ZBH,ZION,ZTS"
2018-03-19,"A,AAL,AAP,AAPL,ABBV,ABC,ABT,ACN,ADBE,ADI,ADM,ADP,ADS,ADSK,AEE,AEP,AES,AET,AFL,AGN,AIG,AIV,AIZ,AJG,AKAM,ALB,ALGN,ALK,ALL,ALLE,ALXN,AMAT,AMD,AME,AMG,AMGN,AMP,AMT,AMZN,ANDV,ANSS,ANTM,AON,AOS,APA,APC,APD,APH,APTV,ARE,ARNC,ATVI,AVB,AVGO,AVY,AWK,AXP,AYI,AZO,BA,BAC,BAX,BBT,BBY,BDX,BEN,BF.B,BHF,BHGE,BIIB,BK,BKNG,BLK,BLL,BMY,BRK.B,BSX,BWA,BXP,C,CA,CAG,CAH,CAT,CB,CBOE,CBRE,CBS,CCI,CCL,CDNS,CELG,CERN,CF,CFG,CHD,CHRW,CHTR,CI,CINF,CL,CLX,CMA,CMCSA,CME,CMG,CMI,CMS,CNC,CNP,COF,COG,COL,COO,COP,COST,COTY,CPB,CPRI,CRM,CSCO,CSRA,CSX,CTAS,CTL,CTSH,CTXS,CVS,CVX,CXO,D,DAL,DE,DFS,DG,DGX,DHI,DHR,DIS,DISCA,DISCK,DISH,DLR,DLTR,DOV,DRE,DRI,DTE,DUK,DVA,DVN,DWDP,DXC,EA,EBAY,ECL,ED,EFX,EIX,EL,EMN,EMR,EOG,EQIX,EQR,EQT,ES,ESRX,ESS,ETFC,ETN,ETR,EVHC,EW,EXC,EXPD,EXPE,EXR,F,FAST,FB,FBHS,FCX,FDX,FE,FFIV,FIS,FISV,FITB,FL,FLIR,FLR,FLS,FMC,FOX,FOXA,FRT,FTI,FTV,GD,GE,GGP,GILD,GIS,GLW,GM,GOOG,GOOGL,GPC,GPN,GPS,GRMN,GS,GT,GWW,HAL,HAS,HBAN,HBI,HCA,HCP,HD,HES,HIG,HII,HLT,HOG,HOLX,HON,HP,HPE,HPQ,HRB,HRL,HRS,HSIC,HST,HSY,HUM,IBM,ICE,IDXX,IFF,ILMN,INCY,INFO,INTC,INTU,IP,IPG,IPGP,IQV,IR,IRM,ISRG,IT,ITW,IVZ,JBHT,JCI,JEC,JEF,JNJ,JNPR,JPM,JWN,K,KDP,KEY,KHC,KIM,KLAC,KMB,KMI,KMX,KO,KORS,KR,KSS,KSU,L,LB,LEG,LEN,LH,LKQ,LLL,LLY,LMT,LNC,LNT,LOW,LRCX,LUV,LYB,M,MA,MAA,MAC,MAR,MAS,MAT,MCD,MCHP,MCK,MCO,MDLZ,MDT,MET,MGM,MHK,MKC,MLM,MMC,MMM,MNST,MO,MON,MOS,MPC,MRK,MRO,MS,MSFT,MSI,MTB,MTD,MU,MYL,NAVI,NBL,NCLH,NDAQ,NEE,NEM,NFLX,NFX,NI,NKE,NKTR,NLSN,NOC,NOV,NRG,NSC,NTAP,NTRS,NUE,NVDA,NWL,NWS,NWSA,O,OKE,OMC,ORCL,ORLY,OXY,PAYX,PBCT,PCAR,PCG,PEG,PEP,PFE,PFG,PG,PGR,PH,PHM,PKG,PKI,PLD,PM,PNC,PNR,PNW,PPG,PPL,PRGO,PRU,PSA,PSX,PVH,PWR,PX,PXD,PYPL,QCOM,QRVO,RCL,RE,REG,REGN,RF,RHI,RHT,RJF,RL,RMD,ROK,ROP,ROST,RRC,RSG,RTN,SBAC,SBUX,SCG,SCHW,SEE,SHW,SIVB,SJM,SLB,SLG,SNA,SNPS,SO,SPG,SPGI,SRCL,SRE,STI,STT,STX,STZ,SWK,SWKS,SYF,SYK,SYMC,SYY,T,TAP,TDG,TEL,TGT,TIF,TJX,TMK,TMO,TPR,TRIP,TROW,TRV,TSCO,TSN,TSS,TTWO,TWX,TXN,TXT,UA,UAA,UAL,UDR,UHS,ULTA,UNH,UNM,UNP,UPS,URI,USB,UTX,V,VAR,VFC,VIAB,VLO,VMC,VNO,VRSK,VRSN,VRTX,VTR,VZ,WAT,WBA,WDC,WEC,WELL,WFC,WHR,WLTW,WM,WMB,WMT,WRK,WU,WY,WYND,WYNN,XEC,XEL,XL,XLNX,XOM,XRAY,XRX,XYL,YUM,ZBH,ZION,ZTS"
2018-04-04,"A,AAL,AAP,AAPL,ABBV,ABC,ABT,ACN,ADBE,ADI,ADM,ADP,ADS,ADSK,AEE,AEP,AES,AET,AFL,AGN,AIG,AIV,AIZ,AJG,AKAM,ALB,ALGN,ALK,ALL,ALLE,ALXN,AMAT,AMD,AME,AMG,AMGN,AMP,AMT,AMZN,ANDV,ANSS,ANTM,AON,AOS,APA,APC,APD,APH,APTV,ARE,ARNC,ATVI,AVB,AVGO,AVY,AWK,AXP,AYI,AZO,BA,BAC,BAX,BBT,BBY,BDX,BEN,BF.B,BHF,BHGE,BIIB,BK,BKNG,BLK,BLL,BMY,BRK.B,BSX,BWA,BXP,C,CA,CAG,CAH,CAT,CB,CBOE,CBRE,CBS,CCI,CCL,CDNS,CELG,CERN,CF,CFG,CHD,CHRW,CHTR,CI,CINF,CL,CLX,CMA,CMCSA,CME,CMG,CMI,CMS,CNC,CNP,COF,COG,COL,COO,COP,COST,COTY,CPB,CPRI,CRM,CSCO,CSX,CTAS,CTL,CTSH,CTXS,CVS,CVX,CXO,D,DAL,DE,DFS,DG,DGX,DHI,DHR,DIS,DISCA,DISCK,DISH,DLR,DLTR,DOV,DRE,DRI,DTE,DUK,DVA,DVN,DWDP,DXC,EA,EBAY,ECL,ED,EFX,EIX,EL,EMN,EMR,EOG,EQIX,EQR,EQT,ES,ESRX,ESS,ETFC,ETN,ETR,EVHC,EW,EXC,EXPD,EXPE,EXR,F,FAST,FB,FBHS,FCX,FDX,FE,FFIV,FIS,FISV,FITB,FL,FLIR,FLR,FLS,FMC,FOX,FOXA,FRT,FTI,FTV,GD,GE,GGP,GILD,GIS,GLW,GM,GOOG,GOOGL,GPC,GPN,GPS,GRMN,GS,GT,GWW,HAL,HAS,HBAN,HBI,HCA,HCP,HD,HES,HIG,HII,HLT,HOG,HOLX,HON,HP,HPE,HPQ,HRB,HRL,HRS,HSIC,HST,HSY,HUM,IBM,ICE,IDXX,IFF,ILMN,INCY,INFO,INTC,INTU,IP,IPG,IPGP,IQV,IR,IRM,ISRG,IT,ITW,IVZ,JBHT,JCI,JEC,JEF,JNJ,JNPR,JPM,JWN,K,KDP,KEY,KHC,KIM,KLAC,KMB,KMI,KMX,KO,KORS,KR,KSS,KSU,L,LB,LEG,LEN,LH,LKQ,LLL,LLY,LMT,LNC,LNT,LOW,LRCX,LUV,LYB,M,MA,MAA,MAC,MAR,MAS,MAT,MCD,MCHP,MCK,MCO,MDLZ,MDT,MET,MGM,MHK,MKC,MLM,MMC,MMM,MNST,MO,MON,MOS,MPC,MRK,MRO,MS,MSCI,MSFT,MSI,MTB,MTD,MU,MYL,NAVI,NBL,NCLH,NDAQ,NEE,NEM,NFLX,NFX,NI,NKE,NKTR,NLSN,NOC,NOV,NRG,NSC,NTAP,NTRS,NUE,NVDA,NWL,NWS,NWSA,O,OKE,OMC,ORCL,ORLY,OXY,PAYX,PBCT,PCAR,PCG,PEG,PEP,PFE,PFG,PG,PGR,PH,PHM,PKG,PKI,PLD,PM,PNC,PNR,PNW,PPG,PPL,PRGO,PRU,PSA,PSX,PVH,PWR,PX,PXD,PYPL,QCOM,QRVO,RCL,RE,REG,REGN,RF,RHI,RHT,RJF,RL,RMD,ROK,ROP,ROST,RRC,RSG,RTN,SBAC,SBUX,SCG,SCHW,SEE,SHW,SIVB,SJM,SLB,SLG,SNA,SNPS,SO,SPG,SPGI,SRCL,SRE,STI,STT,STX,STZ,SWK,SWKS,SYF,SYK,SYMC,SYY,T,TAP,TDG,TEL,TGT,TIF,TJX,TMK,TMO,TPR,TRIP,TROW,TRV,TSCO,TSN,TSS,TTWO,TWX,TXN,TXT,UA,UAA,UAL,UDR,UHS,ULTA,UNH,UNM,UNP,UPS,URI,USB,UTX,V,VAR,VFC,VIAB,VLO,VMC,VNO,VRSK,VRSN,VRTX,VTR,VZ,WAT,WBA,WDC,WEC,WELL,WFC,WHR,WLTW,WM,WMB,WMT,WRK,WU,WY,WYND,WYNN,XEC,XEL,XL,XLNX,XOM,XRAY,XRX,XYL,YUM,ZBH,ZION,ZTS"
2018-05-31,"A,AAL,AAP,AAPL,ABBV,ABC,ABMD,ABT,ACN,ADBE,ADI,ADM,ADP,ADS,ADSK,AEE,AEP,AES,AET,AFL,AGN,AIG,AIV,AIZ,AJG,AKAM,ALB,ALGN,ALK,ALL,ALLE,ALXN,AMAT,AMD,AME,AMG,AMGN,AMP,AMT,AMZN,ANDV,ANSS,ANTM,AON,AOS,APA,APC,APD,APH,APTV,ARE,ARNC,ATVI,AVB,AVGO,AVY,AWK,AXP,AYI,AZO,BA,BAC,BAX,BBT,BBY,BDX,BEN,BF.B,BHF,BHGE,BIIB,BK,BKNG,BLK,BLL,BMY,BRK.B,BSX,BWA,BXP,C,CA,CAG,CAH,CAT,CB,CBOE,CBRE,CBS,CCI,CCL,CDNS,CELG,CERN,CF,CFG,CHD,CHRW,CHTR,CI,CINF,CL,CLX,CMA,CMCSA,CME,CMG,CMI,CMS,CNC,CNP,COF,COG,COL,COO,COP,COST,COTY,CPB,CPRI,CRM,CSCO,CSX,CTAS,CTL,CTSH,CTXS,CVS,CVX,CXO,D,DAL,DE,DFS,DG,DGX,DHI,DHR,DIS,DISCA,DISCK,DISH,DLR,DLTR,DOV,DRE,DRI,DTE,DUK,DVA,DVN,DWDP,DXC,EA,EBAY,ECL,ED,EFX,EIX,EL,EMN,EMR,EOG,EQIX,EQR,EQT,ES,ESRX,ESS,ETFC,ETN,ETR,EVHC,EW,EXC,EXPD,EXPE,EXR,F,FAST,FB,FBHS,FCX,FDX,FE,FFIV,FIS,FISV,FITB,FL,FLIR,FLR,FLS,FMC,FOX,FOXA,FRT,FTI,FTV,GD,GE,GGP,GILD,GIS,GLW,GM,GOOG,GOOGL,GPC,GPN,GPS,GRMN,GS,GT,GWW,HAL,HAS,HBAN,HBI,HCA,HCP,HD,HES,HIG,HII,HLT,HOG,HOLX,HON,HP,HPE,HPQ,HRB,HRL,HRS,HSIC,HST,HSY,HUM,IBM,ICE,IDXX,IFF,ILMN,INCY,INFO,INTC,INTU,IP,IPG,IPGP,IQV,IR,IRM,ISRG,IT,ITW,IVZ,JBHT,JCI,JEC,JEF,JNJ,JNPR,JPM,JWN,K,KDP,KEY,KHC,KIM,KLAC,KMB,KMI,KMX,KO,KORS,KR,KSS,KSU,L,LB,LEG,LEN,LH,LKQ,LLL,LLY,LMT,LNC,LNT,LOW,LRCX,LUV,LYB,M,MA,MAA,MAC,MAR,MAS,MAT,MCD,MCHP,MCK,MCO,MDLZ,MDT,MET,MGM,MHK,MKC,MLM,MMC,MMM,MNST,MO,MON,MOS,MPC,MRK,MRO,MS,MSCI,MSFT,MSI,MTB,MTD,MU,MYL,NAVI,NBL,NCLH,NDAQ,NEE,NEM,NFLX,NFX,NI,NKE,NKTR,NLSN,NOC,NOV,NRG,NSC,NTAP,NTRS,NUE,NVDA,NWL,NWS,NWSA,O,OKE,OMC,ORCL,ORLY,OXY,PAYX,PBCT,PCAR,PCG,PEG,PEP,PFE,PFG,PG,PGR,PH,PHM,PKG,PKI,PLD,PM,PNC,PNR,PNW,PPG,PPL,PRGO,PRU,PSA,PSX,PVH,PWR,PX,PXD,PYPL,QCOM,QRVO,RCL,RE,REG,REGN,RF,RHI,RHT,RJF,RL,RMD,ROK,ROP,ROST,RRC,RSG,RTN,SBAC,SBUX,SCG,SCHW,SEE,SHW,SIVB,SJM,SLB,SLG,SNA,SNPS,SO,SPG,SPGI,SRCL,SRE,STI,STT,STX,STZ,SWK,SWKS,SYF,SYK,SYMC,SYY,T,TAP,TDG,TEL,TGT,TIF,TJX,TMK,TMO,TPR,TRIP,TROW,TRV,TSCO,TSN,TSS,TTWO,TWX,TXN,TXT,UA,UAA,UAL,UDR,UHS,ULTA,UNH,UNM,UNP,UPS,URI,USB,UTX,V,VAR,VFC,VIAB,VLO,VMC,VNO,VRSK,VRSN,VRTX,VTR,VZ,WAT,WBA,WDC,WEC,WELL,WFC,WHR,WLTW,WM,WMB,WMT,WRK,WU,WY,WYNN,XEC,XEL,XL,XLNX,XOM,XRAY,XRX,XYL,YUM,ZBH,ZION,ZTS"
2018-06-05,"A,AAL,AAP,AAPL,ABBV,ABC,ABMD,ABT,ACN,ADBE,ADI,ADM,ADP,ADS,ADSK,AEE,AEP,AES,AET,AFL,AGN,AIG,AIV,AIZ,AJG,AKAM,ALB,ALGN,ALK,ALL,ALLE,ALXN,AMAT,AMD,AME,AMG,AMGN,AMP,AMT,AMZN,ANDV,ANSS,ANTM,AON,AOS,APA,APC,APD,APH,APTV,ARE,ARNC,ATVI,AVB,AVGO,AVY,AWK,AXP,AYI,AZO,BA,BAC,BAX,BBT,BBY,BDX,BEN,BF.B,BHF,BHGE,BIIB,BK,BKNG,BLK,BLL,BMY,BRK.B,BSX,BWA,BXP,C,CA,CAG,CAH,CAT,CB,CBOE,CBRE,CBS,CCI,CCL,CDNS,CELG,CERN,CF,CFG,CHD,CHRW,CHTR,CI,CINF,CL,CLX,CMA,CMCSA,CME,CMG,CMI,CMS,CNC,CNP,COF,COG,COL,COO,COP,COST,COTY,CPB,CPRI,CRM,CSCO,CSX,CTAS,CTL,CTSH,CTXS,CVS,CVX,CXO,D,DAL,DE,DFS,DG,DGX,DHI,DHR,DIS,DISCA,DISCK,DISH,DLR,DLTR,DOV,DRE,DRI,DTE,DUK,DVA,DVN,DWDP,DXC,EA,EBAY,ECL,ED,EFX,EIX,EL,EMN,EMR,EOG,EQIX,EQR,EQT,ES,ESRX,ESS,ETFC,ETN,ETR,EVHC,EVRG,EW,EXC,EXPD,EXPE,EXR,F,FAST,FB,FBHS,FCX,FDX,FE,FFIV,FIS,FISV,FITB,FL,FLIR,FLR,FLS,FMC,FOX,FOXA,FRT,FTI,FTV,GD,GE,GGP,GILD,GIS,GLW,GM,GOOG,GOOGL,GPC,GPN,GPS,GRMN,GS,GT,GWW,HAL,HAS,HBAN,HBI,HCA,HCP,HD,HES,HIG,HII,HLT,HOG,HOLX,HON,HP,HPE,HPQ,HRB,HRL,HRS,HSIC,HST,HSY,HUM,IBM,ICE,IDXX,IFF,ILMN,INCY,INFO,INTC,INTU,IP,IPG,IPGP,IQV,IR,IRM,ISRG,IT,ITW,IVZ,JBHT,JCI,JEC,JEF,JNJ,JNPR,JPM,JWN,K,KDP,KEY,KHC,KIM,KLAC,KMB,KMI,KMX,KO,KORS,KR,KSS,KSU,L,LB,LEG,LEN,LH,LKQ,LLL,LLY,LMT,LNC,LNT,LOW,LRCX,LUV,LYB,M,MA,MAA,MAC,MAR,MAS,MAT,MCD,MCHP,MCK,MCO,MDLZ,MDT,MET,MGM,MHK,MKC,MLM,MMC,MMM,MNST,MO,MON,MOS,MPC,MRK,MRO,MS,MSCI,MSFT,MSI,MTB,MTD,MU,MYL,NBL,NCLH,NDAQ,NEE,NEM,NFLX,NFX,NI,NKE,NKTR,NLSN,NOC,NOV,NRG,NSC,NTAP,NTRS,NUE,NVDA,NWL,NWS,NWSA,O,OKE,OMC,ORCL,ORLY,OXY,PAYX,PBCT,PCAR,PCG,PEG,PEP,PFE,PFG,PG,PGR,PH,PHM,PKG,PKI,PLD,PM,PNC,PNR,PNW,PPG,PPL,PRGO,PRU,PSA,PSX,PVH,PWR,PX,PXD,PYPL,QCOM,QRVO,RCL,RE,REG,REGN,RF,RHI,RHT,RJF,RL,RMD,ROK,ROP,ROST,RRC,RSG,RTN,SBAC,SBUX,SCG,SCHW,SEE,SHW,SIVB,SJM,SLB,SLG,SNA,SNPS,SO,SPG,SPGI,SRCL,SRE,STI,STT,STX,STZ,SWK,SWKS,SYF,SYK,SYMC,SYY,T,TAP,TDG,TEL,TGT,TIF,TJX,TMK,TMO,TPR,TRIP,TROW,TRV,TSCO,TSN,TSS,TTWO,TWX,TXN,TXT,UA,UAA,UAL,UDR,UHS,ULTA,UNH,UNM,UNP,UPS,URI,USB,UTX,V,VAR,VFC,VIAB,VLO,VMC,VNO,VRSK,VRSN,VRTX,VTR,VZ,WAT,WBA,WDC,WEC,WELL,WFC,WHR,WLTW,WM,WMB,WMT,WRK,WU,WY,WYNN,XEC,XEL,XL,XLNX,XOM,XRAY,XRX,XYL,YUM,ZBH,ZION,ZTS"
2018-06-07,"A,AAL,AAP,AAPL,ABBV,ABC,ABMD,ABT,ACN,ADBE,ADI,ADM,ADP,ADS,ADSK,AEE,AEP,AES,AET,AFL,AGN,AIG,AIV,AIZ,AJG,AKAM,ALB,ALGN,ALK,ALL,ALLE,ALXN,AMAT,AMD,AME,AMG,AMGN,AMP,AMT,AMZN,ANDV,ANSS,ANTM,AON,AOS,APA,APC,APD,APH,APTV,ARE,ARNC,ATVI,AVB,AVGO,AVY,AWK,AXP,AYI,AZO,BA,BAC,BAX,BBT,BBY,BDX,BEN,BF.B,BHF,BHGE,BIIB,BK,BKNG,BLK,BLL,BMY,BRK.B,BSX,BWA,BXP,C,CA,CAG,CAH,CAT,CB,CBOE,CBRE,CBS,CCI,CCL,CDNS,CELG,CERN,CF,CFG,CHD,CHRW,CHTR,CI,CINF,CL,CLX,CMA,CMCSA,CME,CMG,CMI,CMS,CNC,CNP,COF,COG,COL,COO,COP,COST,COTY,CPB,CPRI,CRM,CSCO,CSX,CTAS,CTL,CTSH,CTXS,CVS,CVX,CXO,D,DAL,DE,DFS,DG,DGX,DHI,DHR,DIS,DISCA,DISCK,DISH,DLR,DLTR,DOV,DRE,DRI,DTE,DUK,DVA,DVN,DWDP,DXC,EA,EBAY,ECL,ED,EFX,EIX,EL,EMN,EMR,EOG,EQIX,EQR,EQT,ES,ESRX,ESS,ETFC,ETN,ETR,EVHC,EVRG,EW,EXC,EXPD,EXPE,EXR,F,FAST,FB,FBHS,FCX,FDX,FE,FFIV,FIS,FISV,FITB,FL,FLIR,FLR,FLS,FMC,FOX,FOXA,FRT,FTI,FTV,GD,GE,GGP,GILD,GIS,GLW,GM,GOOG,GOOGL,GPC,GPN,GPS,GRMN,GS,GT,GWW,HAL,HAS,HBAN,HBI,HCA,HCP,HD,HES,HIG,HII,HLT,HOG,HOLX,HON,HP,HPE,HPQ,HRB,HRL,HRS,HSIC,HST,HSY,HUM,IBM,ICE,IDXX,IFF,ILMN,INCY,INFO,INTC,INTU,IP,IPG,IPGP,IQV,IR,IRM,ISRG,IT,ITW,IVZ,JBHT,JCI,JEC,JEF,JNJ,JNPR,JPM,JWN,K,KDP,KEY,KHC,KIM,KLAC,KMB,KMI,KMX,KO,KORS,KR,KSS,KSU,L,LB,LEG,LEN,LH,LKQ,LLL,LLY,LMT,LNC,LNT,LOW,LRCX,LUV,LYB,M,MA,MAA,MAC,MAR,MAS,MAT,MCD,MCHP,MCK,MCO,MDLZ,MDT,MET,MGM,MHK,MKC,MLM,MMC,MMM,MNST,MO,MOS,MPC,MRK,MRO,MS,MSCI,MSFT,MSI,MTB,MTD,MU,MYL,NBL,NCLH,NDAQ,NEE,NEM,NFLX,NFX,NI,NKE,NKTR,NLSN,NOC,NOV,NRG,NSC,NTAP,NTRS,NUE,NVDA,NWL,NWS,NWSA,O,OKE,OMC,ORCL,ORLY,OXY,PAYX,PBCT,PCAR,PCG,PEG,PEP,PFE,PFG,PG,PGR,PH,PHM,PKG,PKI,PLD,PM,PNC,PNR,PNW,PPG,PPL,PRGO,PRU,PSA,PSX,PVH,PWR,PX,PXD,PYPL,QCOM,QRVO,RCL,RE,REG,REGN,RF,RHI,RHT,RJF,RL,RMD,ROK,ROP,ROST,RRC,RSG,RTN,SBAC,SBUX,SCG,SCHW,SEE,SHW,SIVB,SJM,SLB,SLG,SNA,SNPS,SO,SPG,SPGI,SRCL,SRE,STI,STT,STX,STZ,SWK,SWKS,SYF,SYK,SYMC,SYY,T,TAP,TDG,TEL,TGT,TIF,TJX,TMK,TMO,TPR,TRIP,TROW,TRV,TSCO,TSN,TSS,TTWO,TWTR,TWX,TXN,TXT,UA,UAA,UAL,UDR,UHS,ULTA,UNH,UNM,UNP,UPS,URI,USB,UTX,V,VAR,VFC,VIAB,VLO,VMC,VNO,VRSK,VRSN,VRTX,VTR,VZ,WAT,WBA,WDC,WEC,WELL,WFC,WHR,WLTW,WM,WMB,WMT,WRK,WU,WY,WYNN,XEC,XEL,XL,XLNX,XOM,XRAY,XRX,XYL,YUM,ZBH,ZION,ZTS"
2018-06-15,"A,AAL,AAP,AAPL,ABBV,ABC,ABMD,ABT,ACN,ADBE,ADI,ADM,ADP,ADS,ADSK,AEE,AEP,AES,AET,AFL,AGN,AIG,AIV,AIZ,AJG,AKAM,ALB,ALGN,ALK,ALL,ALLE,ALXN,AMAT,AMD,AME,AMG,AMGN,AMP,AMT,AMZN,ANDV,ANSS,ANTM,AON,AOS,APA,APC,APD,APH,APTV,ARE,ARNC,ATVI,AVB,AVGO,AVY,AWK,AXP,AYI,AZO,BA,BAC,BAX,BBT,BBY,BDX,BEN,BF.B,BHF,BHGE,BIIB,BK,BKNG,BLK,BLL,BMY,BRK.B,BSX,BWA,BXP,C,CA,CAG,CAH,CAT,CB,CBOE,CBRE,CBS,CCI,CCL,CDNS,CELG,CERN,CF,CFG,CHD,CHRW,CHTR,CI,CINF,CL,CLX,CMA,CMCSA,CME,CMG,CMI,CMS,CNC,CNP,COF,COG,COL,COO,COP,COST,COTY,CPB,CPRI,CRM,CSCO,CSX,CTAS,CTL,CTSH,CTXS,CVS,CVX,CXO,D,DAL,DE,DFS,DG,DGX,DHI,DHR,DIS,DISCA,DISCK,DISH,DLR,DLTR,DOV,DRE,DRI,DTE,DUK,DVA,DVN,DWDP,DXC,EA,EBAY,ECL,ED,EFX,EIX,EL,EMN,EMR,EOG,EQIX,EQR,EQT,ES,ESRX,ESS,ETFC,ETN,ETR,EVHC,EVRG,EW,EXC,EXPD,EXPE,EXR,F,FAST,FB,FBHS,FCX,FDX,FE,FFIV,FIS,FISV,FITB,FL,FLIR,FLR,FLS,FMC,FOX,FOXA,FRT,FTI,FTV,GD,GE,GGP,GILD,GIS,GLW,GM,GOOG,GOOGL,GPC,GPN,GPS,GRMN,GS,GT,GWW,HAL,HAS,HBAN,HBI,HCA,HCP,HD,HES,HIG,HII,HLT,HOG,HOLX,HON,HP,HPE,HPQ,HRB,HRL,HRS,HSIC,HST,HSY,HUM,IBM,ICE,IDXX,IFF,ILMN,INCY,INFO,INTC,INTU,IP,IPG,IPGP,IQV,IR,IRM,ISRG,IT,ITW,IVZ,JBHT,JCI,JEC,JEF,JNJ,JNPR,JPM,JWN,K,KDP,KEY,KHC,KIM,KLAC,KMB,KMI,KMX,KO,KORS,KR,KSS,KSU,L,LB,LEG,LEN,LH,LKQ,LLL,LLY,LMT,LNC,LNT,LOW,LRCX,LUV,LYB,M,MA,MAA,MAC,MAR,MAS,MAT,MCD,MCHP,MCK,MCO,MDLZ,MDT,MET,MGM,MHK,MKC,MLM,MMC,MMM,MNST,MO,MOS,MPC,MRK,MRO,MS,MSCI,MSFT,MSI,MTB,MTD,MU,MYL,NBL,NCLH,NDAQ,NEE,NEM,NFLX,NFX,NI,NKE,NKTR,NLSN,NOC,NOV,NRG,NSC,NTAP,NTRS,NUE,NVDA,NWL,NWS,NWSA,O,OKE,OMC,ORCL,ORLY,OXY,PAYX,PBCT,PCAR,PCG,PEG,PEP,PFE,PFG,PG,PGR,PH,PHM,PKG,PKI,PLD,PM,PNC,PNR,PNW,PPG,PPL,PRGO,PRU,PSA,PSX,PVH,PWR,PX,PXD,PYPL,QCOM,QRVO,RCL,RE,REG,REGN,RF,RHI,RHT,RJF,RL,RMD,ROK,ROP,ROST,RRC,RSG,RTN,SBAC,SBUX,SCG,SCHW,SEE,SHW,SIVB,SJM,SLB,SLG,SNA,SNPS,SO,SPG,SPGI,SRCL,SRE,STI,STT,STX,STZ,SWK,SWKS,SYF,SYK,SYMC,SYY,T,TAP,TDG,TEL,TGT,TIF,TJX,TMK,TMO,TPR,TRIP,TROW,TRV,TSCO,TSN,TSS,TTWO,TWTR,TXN,TXT,UA,UAA,UAL,UDR,UHS,ULTA,UNH,UNM,UNP,UPS,URI,USB,UTX,V,VAR,VFC,VIAB,VLO,VMC,VNO,VRSK,VRSN,VRTX,VTR,VZ,WAT,WBA,WDC,WEC,WELL,WFC,WHR,WLTW,WM,WMB,WMT,WRK,WU,WY,WYNN,XEC,XEL,XL,XLNX,XOM,XRAY,XRX,XYL,YUM,ZBH,ZION,ZTS"
2018-06-18,"A,AAL,AAP,AAPL,ABBV,ABC,ABMD,ABT,ACN,ADBE,ADI,ADM,ADP,ADS,ADSK,AEE,AEP,AES,AET,AFL,AGN,AIG,AIV,AIZ,AJG,AKAM,ALB,ALGN,ALK,ALL,ALLE,ALXN,AMAT,AMD,AME,AMG,AMGN,AMP,AMT,AMZN,ANDV,ANSS,ANTM,AON,AOS,APA,APC,APD,APH,APTV,ARE,ARNC,ATVI,AVB,AVGO,AVY,AWK,AXP,AZO,BA,BAC,BAX,BBT,BBY,BDX,BEN,BF.B,BHF,BHGE,BIIB,BK,BKNG,BLK,BLL,BMY,BR,BRK.B,BSX,BWA,BXP,C,CA,CAG,CAH,CAT,CB,CBOE,CBRE,CBS,CCI,CCL,CDNS,CELG,CERN,CF,CFG,CHD,CHRW,CHTR,CI,CINF,CL,CLX,CMA,CMCSA,CME,CMG,CMI,CMS,CNC,CNP,COF,COG,COL,COO,COP,COST,COTY,CPB,CPRI,CRM,CSCO,CSX,CTAS,CTL,CTSH,CTXS,CVS,CVX,CXO,D,DAL,DE,DFS,DG,DGX,DHI,DHR,DIS,DISCA,DISCK,DISH,DLR,DLTR,DOV,DRE,DRI,DTE,DUK,DVA,DVN,DWDP,DXC,EA,EBAY,ECL,ED,EFX,EIX,EL,EMN,EMR,EOG,EQIX,EQR,EQT,ES,ESRX,ESS,ETFC,ETN,ETR,EVHC,EVRG,EW,EXC,EXPD,EXPE,EXR,F,FAST,FB,FBHS,FCX,FDX,FE,FFIV,FIS,FISV,FITB,FL,FLIR,FLR,FLS,FMC,FOX,FOXA,FRT,FTI,FTV,GD,GE,GGP,GILD,GIS,GLW,GM,GOOG,GOOGL,GPC,GPN,GPS,GRMN,GS,GT,GWW,HAL,HAS,HBAN,HBI,HCA,HCP,HD,HES,HFC,HIG,HII,HLT,HOG,HOLX,HON,HP,HPE,HPQ,HRB,HRL,HRS,HSIC,HST,HSY,HUM,IBM,ICE,IDXX,IFF,ILMN,INCY,INFO,INTC,INTU,IP,IPG,IPGP,IQV,IR,IRM,ISRG,IT,ITW,IVZ,JBHT,JCI,JEC,JEF,JNJ,JNPR,JPM,JWN,K,KDP,KEY,KHC,KIM,KLAC,KMB,KMI,KMX,KO,KORS,KR,KSS,KSU,L,LB,LEG,LEN,LH,LKQ,LLL,LLY,LMT,LNC,LNT,LOW,LRCX,LUV,LYB,M,MA,MAA,MAC,MAR,MAS,MAT,MCD,MCHP,MCK,MCO,MDLZ,MDT,MET,MGM,MHK,MKC,MLM,MMC,MMM,MNST,MO,MOS,MPC,MRK,MRO,MS,MSCI,MSFT,MSI,MTB,MTD,MU,MYL,NBL,NCLH,NDAQ,NEE,NEM,NFLX,NFX,NI,NKE,NKTR,NLSN,NOC,NOV,NRG,NSC,NTAP,NTRS,NUE,NVDA,NWL,NWS,NWSA,O,OKE,OMC,ORCL,ORLY,OXY,PAYX,PBCT,PCAR,PCG,PEG,PEP,PFE,PFG,PG,PGR,PH,PHM,PKG,PKI,PLD,PM,PNC,PNR,PNW,PPG,PPL,PRGO,PRU,PSA,PSX,PVH,PWR,PX,PXD,PYPL,QCOM,QRVO,RCL,RE,REG,REGN,RF,RHI,RHT,RJF,RL,RMD,ROK,ROP,ROST,RSG,RTN,SBAC,SBUX,SCG,SCHW,SEE,SHW,SIVB,SJM,SLB,SLG,SNA,SNPS,SO,SPG,SPGI,SRCL,SRE,STI,STT,STX,STZ,SWK,SWKS,SYF,SYK,SYMC,SYY,T,TAP,TDG,TEL,TGT,TIF,TJX,TMK,TMO,TPR,TRIP,TROW,TRV,TSCO,TSN,TSS,TTWO,TWTR,TXN,TXT,UA,UAA,UAL,UDR,UHS,ULTA,UNH,UNM,UNP,UPS,URI,USB,UTX,V,VAR,VFC,VIAB,VLO,VMC,VNO,VRSK,VRSN,VRTX,VTR,VZ,WAT,WBA,WDC,WEC,WELL,WFC,WHR,WLTW,WM,WMB,WMT,WRK,WU,WY,WYNN,XEC,XEL,XL,XLNX,XOM,XRAY,XRX,XYL,YUM,ZBH,ZION,ZTS"
2018-06-20,"A,AAL,AAP,AAPL,ABBV,ABC,ABMD,ABT,ACN,ADBE,ADI,ADM,ADP,ADS,ADSK,AEE,AEP,AES,AET,AFL,AGN,AIG,AIV,AIZ,AJG,AKAM,ALB,ALGN,ALK,ALL,ALLE,ALXN,AMAT,AMD,AME,AMG,AMGN,AMP,AMT,AMZN,ANDV,ANSS,ANTM,AON,AOS,APA,APC,APD,APH,APTV,ARE,ARNC,ATVI,AVB,AVGO,AVY,AWK,AXP,AZO,BA,BAC,BAX,BBT,BBY,BDX,BEN,BF.B,BHF,BHGE,BIIB,BK,BKNG,BLK,BLL,BMY,BR,BRK.B,BSX,BWA,BXP,C,CA,CAG,CAH,CAT,CB,CBOE,CBRE,CBS,CCI,CCL,CDNS,CELG,CERN,CF,CFG,CHD,CHRW,CHTR,CI,CINF,CL,CLX,CMA,CMCSA,CME,CMG,CMI,CMS,CNC,CNP,COF,COG,COL,COO,COP,COST,COTY,CPB,CPRI,CRM,CSCO,CSX,CTAS,CTL,CTSH,CTXS,CVS,CVX,CXO,D,DAL,DE,DFS,DG,DGX,DHI,DHR,DIS,DISCA,DISCK,DISH,DLR,DLTR,DOV,DRE,DRI,DTE,DUK,DVA,DVN,DWDP,DXC,EA,EBAY,ECL,ED,EFX,EIX,EL,EMN,EMR,EOG,EQIX,EQR,EQT,ES,ESRX,ESS,ETFC,ETN,ETR,EVHC,EVRG,EW,EXC,EXPD,EXPE,EXR,F,FAST,FB,FBHS,FCX,FDX,FE,FFIV,FIS,FISV,FITB,FL,FLIR,FLR,FLS,FLT,FMC,FOX,FOXA,FRT,FTI,FTV,GD,GE,GGP,GILD,GIS,GLW,GM,GOOG,GOOGL,GPC,GPN,GPS,GRMN,GS,GT,GWW,HAL,HAS,HBAN,HBI,HCA,HCP,HD,HES,HFC,HIG,HII,HLT,HOG,HOLX,HON,HP,HPE,HPQ,HRB,HRL,HRS,HSIC,HST,HSY,HUM,IBM,ICE,IDXX,IFF,ILMN,INCY,INFO,INTC,INTU,IP,IPG,IPGP,IQV,IR,IRM,ISRG,IT,ITW,IVZ,JBHT,JCI,JEC,JEF,JNJ,JNPR,JPM,JWN,K,KDP,KEY,KHC,KIM,KLAC,KMB,KMI,KMX,KO,KORS,KR,KSS,KSU,L,LB,LEG,LEN,LH,LKQ,LLL,LLY,LMT,LNC,LNT,LOW,LRCX,LUV,LYB,M,MA,MAA,MAC,MAR,MAS,MAT,MCD,MCHP,MCK,MCO,MDLZ,MDT,MET,MGM,MHK,MKC,MLM,MMC,MMM,MNST,MO,MOS,MPC,MRK,MRO,MS,MSCI,MSFT,MSI,MTB,MTD,MU,MYL,NBL,NCLH,NDAQ,NEE,NEM,NFLX,NFX,NI,NKE,NKTR,NLSN,NOC,NOV,NRG,NSC,NTAP,NTRS,NUE,NVDA,NWL,NWS,NWSA,O,OKE,OMC,ORCL,ORLY,OXY,PAYX,PBCT,PCAR,PCG,PEG,PEP,PFE,PFG,PG,PGR,PH,PHM,PKG,PKI,PLD,PM,PNC,PNR,PNW,PPG,PPL,PRGO,PRU,PSA,PSX,PVH,PWR,PX,PXD,PYPL,QCOM,QRVO,RCL,RE,REG,REGN,RF,RHI,RHT,RJF,RL,RMD,ROK,ROP,ROST,RSG,RTN,SBAC,SBUX,SCG,SCHW,SEE,SHW,SIVB,SJM,SLB,SLG,SNA,SNPS,SO,SPG,SPGI,SRCL,SRE,STI,STT,STX,STZ,SWK,SWKS,SYF,SYK,SYMC,SYY,T,TAP,TDG,TEL,TGT,TIF,TJX,TMK,TMO,TPR,TRIP,TROW,TRV,TSCO,TSN,TSS,TTWO,TWTR,TXN,TXT,UA,UAA,UAL,UDR,UHS,ULTA,UNH,UNM,UNP,UPS,URI,USB,UTX,V,VAR,VFC,VIAB,VLO,VMC,VNO,VRSK,VRSN,VRTX,VTR,VZ,WAT,WBA,WDC,WEC,WELL,WFC,WHR,WLTW,WM,WMB,WMT,WRK,WU,WY,WYNN,XEC,XEL,XL,XLNX,XOM,XRAY,XRX,XYL,YUM,ZBH,ZION,ZTS"
2018-07-02,"A,AAL,AAP,AAPL,ABBV,ABC,ABMD,ABT,ACN,ADBE,ADI,ADM,ADP,ADS,ADSK,AEE,AEP,AES,AET,AFL,AGN,AIG,AIV,AIZ,AJG,AKAM,ALB,ALGN,ALK,ALL,ALLE,ALXN,AMAT,AMD,AME,AMG,AMGN,AMP,AMT,AMZN,ANDV,ANSS,ANTM,AON,AOS,APA,APC,APD,APH,APTV,ARE,ARNC,ATVI,AVB,AVGO,AVY,AWK,AXP,AZO,BA,BAC,BAX,BBT,BBY,BDX,BEN,BF.B,BHF,BHGE,BIIB,BK,BKNG,BLK,BLL,BMY,BR,BRK.B,BSX,BWA,BXP,C,CA,CAG,CAH,CAT,CB,CBOE,CBRE,CBS,CCI,CCL,CDNS,CELG,CERN,CF,CFG,CHD,CHRW,CHTR,CI,CINF,CL,CLX,CMA,CMCSA,CME,CMG,CMI,CMS,CNC,CNP,COF,COG,COL,COO,COP,COST,COTY,CPB,CPRI,CPRT,CRM,CSCO,CSX,CTAS,CTL,CTSH,CTXS,CVS,CVX,CXO,D,DAL,DE,DFS,DG,DGX,DHI,DHR,DIS,DISCA,DISCK,DISH,DLR,DLTR,DOV,DRE,DRI,DTE,DUK,DVA,DVN,DWDP,DXC,EA,EBAY,ECL,ED,EFX,EIX,EL,EMN,EMR,EOG,EQIX,EQR,EQT,ES,ESRX,ESS,ETFC,ETN,ETR,EVHC,EVRG,EW,EXC,EXPD,EXPE,EXR,F,FAST,FB,FBHS,FCX,FDX,FE,FFIV,FIS,FISV,FITB,FL,FLIR,FLR,FLS,FLT,FMC,FOX,FOXA,FRT,FTI,FTV,GD,GE,GGP,GILD,GIS,GLW,GM,GOOG,GOOGL,GPC,GPN,GPS,GRMN,GS,GT,GWW,HAL,HAS,HBAN,HBI,HCA,HCP,HD,HES,HFC,HIG,HII,HLT,HOG,HOLX,HON,HP,HPE,HPQ,HRB,HRL,HRS,HSIC,HST,HSY,HUM,IBM,ICE,IDXX,IFF,ILMN,INCY,INFO,INTC,INTU,IP,IPG,IPGP,IQV,IR,IRM,ISRG,IT,ITW,IVZ,JBHT,JCI,JEC,JEF,JNJ,JNPR,JPM,JWN,K,KEY,KHC,KIM,KLAC,KMB,KMI,KMX,KO,KORS,KR,KSS,KSU,L,LB,LEG,LEN,LH,LKQ,LLL,LLY,LMT,LNC,LNT,LOW,LRCX,LUV,LYB,M,MA,MAA,MAC,MAR,MAS,MAT,MCD,MCHP,MCK,MCO,MDLZ,MDT,MET,MGM,MHK,MKC,MLM,MMC,MMM,MNST,MO,MOS,MPC,MRK,MRO,MS,MSCI,MSFT,MSI,MTB,MTD,MU,MYL,NBL,NCLH,NDAQ,NEE,NEM,NFLX,NFX,NI,NKE,NKTR,NLSN,NOC,NOV,NRG,NSC,NTAP,NTRS,NUE,NVDA,NWL,NWS,NWSA,O,OKE,OMC,ORCL,ORLY,OXY,PAYX,PBCT,PCAR,PCG,PEG,PEP,PFE,PFG,PG,PGR,PH,PHM,PKG,PKI,PLD,PM,PNC,PNR,PNW,PPG,PPL,PRGO,PRU,PSA,PSX,PVH,PWR,PX,PXD,PYPL,QCOM,QRVO,RCL,RE,REG,REGN,RF,RHI,RHT,RJF,RL,RMD,ROK,ROP,ROST,RSG,RTN,SBAC,SBUX,SCG,SCHW,SEE,SHW,SIVB,SJM,SLB,SLG,SNA,SNPS,SO,SPG,SPGI,SRCL,SRE,STI,STT,STX,STZ,SWK,SWKS,SYF,SYK,SYMC,SYY,T,TAP,TDG,TEL,TGT,TIF,TJX,TMK,TMO,TPR,TRIP,TROW,TRV,TSCO,TSN,TSS,TTWO,TWTR,TXN,TXT,UA,UAA,UAL,UDR,UHS,ULTA,UNH,UNM,UNP,UPS,URI,USB,UTX,V,VAR,VFC,VIAB,VLO,VMC,VNO,VRSK,VRSN,VRTX,VTR,VZ,WAT,WBA,WDC,WEC,WELL,WFC,WHR,WLTW,WM,WMB,WMT,WRK,WU,WY,WYNN,XEC,XEL,XL,XLNX,XOM,XRAY,XRX,XYL,YUM,ZBH,ZION,ZTS"
2018-08-28,"A,AAL,AAP,AAPL,ABBV,ABC,ABMD,ABT,ACN,ADBE,ADI,ADM,ADP,ADS,ADSK,AEE,AEP,AES,AET,AFL,AGN,AIG,AIV,AIZ,AJG,AKAM,ALB,ALGN,ALK,ALL,ALLE,ALXN,AMAT,AMD,AME,AMG,AMGN,AMP,AMT,AMZN,ANDV,ANET,ANSS,ANTM,AON,AOS,APA,APC,APD,APH,APTV,ARE,ARNC,ATVI,AVB,AVGO,AVY,AWK,AXP,AZO,BA,BAC,BAX,BBT,BBY,BDX,BEN,BF.B,BHF,BHGE,BIIB,BK,BKNG,BLK,BLL,BMY,BR,BRK.B,BSX,BWA,BXP,C,CA,CAG,CAH,CAT,CB,CBOE,CBRE,CBS,CCI,CCL,CDNS,CELG,CERN,CF,CFG,CHD,CHRW,CHTR,CI,CINF,CL,CLX,CMA,CMCSA,CME,CMG,CMI,CMS,CNC,CNP,COF,COG,COL,COO,COP,COST,COTY,CPB,CPRI,CPRT,CRM,CSCO,CSX,CTAS,CTL,CTSH,CTXS,CVS,CVX,CXO,D,DAL,DE,DFS,DG,DGX,DHI,DHR,DIS,DISCA,DISCK,DISH,DLR,DLTR,DOV,DRE,DRI,DTE,DUK,DVA,DVN,DWDP,DXC,EA,EBAY,ECL,ED,EFX,EIX,EL,EMN,EMR,EOG,EQIX,EQR,EQT,ES,ESRX,ESS,ETFC,ETN,ETR,EVHC,EVRG,EW,EXC,EXPD,EXPE,EXR,F,FAST,FB,FBHS,FCX,FDX,FE,FFIV,FIS,FISV,FITB,FL,FLIR,FLR,FLS,FLT,FMC,FOX,FOXA,FRT,FTI,FTV,GD,GE,GILD,GIS,GLW,GM,GOOG,GOOGL,GPC,GPN,GPS,GRMN,GS,GT,GWW,HAL,HAS,HBAN,HBI,HCA,HCP,HD,HES,HFC,HIG,HII,HLT,HOG,HOLX,HON,HP,HPE,HPQ,HRB,HRL,HRS,HSIC,HST,HSY,HUM,IBM,ICE,IDXX,IFF,ILMN,INCY,INFO,INTC,INTU,IP,IPG,IPGP,IQV,IR,IRM,ISRG,IT,ITW,IVZ,JBHT,JCI,JEC,JEF,JNJ,JNPR,JPM,JWN,K,KEY,KHC,KIM,KLAC,KMB,KMI,KMX,KO,KORS,KR,KSS,KSU,L,LB,LEG,LEN,LH,LKQ,LLL,LLY,LMT,LNC,LNT,LOW,LRCX,LUV,LYB,M,MA,MAA,MAC,MAR,MAS,MAT,MCD,MCHP,MCK,MCO,MDLZ,MDT,MET,MGM,MHK,MKC,MLM,MMC,MMM,MNST,MO,MOS,MPC,MRK,MRO,MS,MSCI,MSFT,MSI,MTB,MTD,MU,MYL,NBL,NCLH,NDAQ,NEE,NEM,NFLX,NFX,NI,NKE,NKTR,NLSN,NOC,NOV,NRG,NSC,NTAP,NTRS,NUE,NVDA,NWL,NWS,NWSA,O,OKE,OMC,ORCL,ORLY,OXY,PAYX,PBCT,PCAR,PCG,PEG,PEP,PFE,PFG,PG,PGR,PH,PHM,PKG,PKI,PLD,PM,PNC,PNR,PNW,PPG,PPL,PRGO,PRU,PSA,PSX,PVH,PWR,PX,PXD,PYPL,QCOM,QRVO,RCL,RE,REG,REGN,RF,RHI,RHT,RJF,RL,RMD,ROK,ROP,ROST,RSG,RTN,SBAC,SBUX,SCG,SCHW,SEE,SHW,SIVB,SJM,SLB,SLG,SNA,SNPS,SO,SPG,SPGI,SRCL,SRE,STI,STT,STX,STZ,SWK,SWKS,SYF,SYK,SYMC,SYY,T,TAP,TDG,TEL,TGT,TIF,TJX,TMK,TMO,TPR,TRIP,TROW,TRV,TSCO,TSN,TSS,TTWO,TWTR,TXN,TXT,UA,UAA,UAL,UDR,UHS,ULTA,UNH,UNM,UNP,UPS,URI,USB,UTX,V,VAR,VFC,VIAB,VLO,VMC,VNO,VRSK,VRSN,VRTX,VTR,VZ,WAT,WBA,WDC,WEC,WELL,WFC,WHR,WLTW,WM,WMB,WMT,WRK,WU,WY,WYNN,XEC,XEL,XL,XLNX,XOM,XRAY,XRX,XYL,YUM,ZBH,ZION,ZTS"
2018-09-12,"A,AAL,AAP,AAPL,ABBV,ABC,ABMD,ABT,ACN,ADBE,ADI,ADM,ADP,ADS,ADSK,AEE,AEP,AES,AET,AFL,AGN,AIG,AIV,AIZ,AJG,AKAM,ALB,ALGN,ALK,ALL,ALLE,ALXN,AMAT,AMD,AME,AMG,AMGN,AMP,AMT,AMZN,ANDV,ANET,ANSS,ANTM,AON,AOS,APA,APC,APD,APH,APTV,ARE,ARNC,ATVI,AVB,AVGO,AVY,AWK,AXP,AZO,BA,BAC,BAX,BBT,BBY,BDX,BEN,BF.B,BHF,BHGE,BIIB,BK,BKNG,BLK,BLL,BMY,BR,BRK.B,BSX,BWA,BXP,C,CA,CAG,CAH,CAT,CB,CBOE,CBRE,CBS,CCI,CCL,CDNS,CELG,CERN,CF,CFG,CHD,CHRW,CHTR,CI,CINF,CL,CLX,CMA,CMCSA,CME,CMG,CMI,CMS,CNC,CNP,COF,COG,COL,COO,COP,COST,COTY,CPB,CPRI,CPRT,CRM,CSCO,CSX,CTAS,CTL,CTSH,CTXS,CVS,CVX,CXO,D,DAL,DE,DFS,DG,DGX,DHI,DHR,DIS,DISCA,DISCK,DISH,DLR,DLTR,DOV,DRE,DRI,DTE,DUK,DVA,DVN,DWDP,DXC,EA,EBAY,ECL,ED,EFX,EIX,EL,EMN,EMR,EOG,EQIX,EQR,EQT,ES,ESRX,ESS,ETFC,ETN,ETR,EVHC,EVRG,EW,EXC,EXPD,EXPE,EXR,F,FAST,FB,FBHS,FCX,FDX,FE,FFIV,FIS,FISV,FITB,FL,FLIR,FLR,FLS,FLT,FMC,FOX,FOXA,FRT,FTI,FTV,GD,GE,GILD,GIS,GLW,GM,GOOG,GOOGL,GPC,GPN,GPS,GRMN,GS,GT,GWW,HAL,HAS,HBAN,HBI,HCA,HCP,HD,HES,HFC,HIG,HII,HLT,HOG,HOLX,HON,HP,HPE,HPQ,HRB,HRL,HRS,HSIC,HST,HSY,HUM,IBM,ICE,IDXX,IFF,ILMN,INCY,INFO,INTC,INTU,IP,IPG,IPGP,IQV,IR,IRM,ISRG,IT,ITW,IVZ,JBHT,JCI,JEC,JEF,JNJ,JNPR,JPM,JWN,K,KEY,KHC,KIM,KLAC,KMB,KMI,KMX,KO,KORS,KR,KSS,KSU,L,LB,LEG,LEN,LH,LKQ,LLL,LLY,LMT,LNC,LNT,LOW,LRCX,LUV,LYB,M,MA,MAA,MAC,MAR,MAS,MAT,MCD,MCHP,MCK,MCO,MDLZ,MDT,MET,MGM,MHK,MKC,MLM,MMC,MMM,MNST,MO,MOS,MPC,MRK,MRO,MS,MSCI,MSFT,MSI,MTB,MTD,MU,MYL,NBL,NCLH,NDAQ,NEE,NEM,NFLX,NFX,NI,NKE,NKTR,NLSN,NOC,NOV,NRG,NSC,NTAP,NTRS,NUE,NVDA,NWL,NWS,NWSA,O,OKE,OMC,ORCL,ORLY,OXY,PAYX,PBCT,PCAR,PCG,PEG,PEP,PFE,PFG,PG,PGR,PH,PHM,PKG,PKI,PLD,PM,PNC,PNR,PNW,PPG,PPL,PRGO,PRU,PSA,PSX,PVH,PWR,PX,PXD,PYPL,QCOM,QRVO,RCL,RE,REG,REGN,RF,RHI,RHT,RJF,RL,RMD,ROK,ROP,ROST,RSG,RTN,SBAC,SBUX,SCG,SCHW,SEE,SHW,SIVB,SJM,SLB,SLG,SNA,SNPS,SO,SPG,SPGI,SRCL,SRE,STI,STT,STX,STZ,SWK,SWKS,SYF,SYK,SYMC,SYY,T,TAP,TDG,TEL,TGT,TIF,TJX,TMK,TMO,TPR,TRIP,TROW,TRV,TSCO,TSN,TSS,TTWO,TWTR,TXN,TXT,UA,UAA,UAL,UDR,UHS,ULTA,UNH,UNM,UNP,UPS,URI,USB,UTX,V,VAR,VFC,VIAB,VLO,VMC,VNO,VRSK,VRSN,VRTX,VTR,VZ,WAT,WBA,WDC,WEC,WELL,WFC,WHR,WLTW,WM,WMB,WMT,WRK,WU,WY,WYNN,XEC,XEL,XLNX,XOM,XRAY,XRX,XYL,YUM,ZBH,ZION,ZTS"
2018-09-17,"A,AAL,AAP,AAPL,ABBV,ABC,ABMD,ABT,ACN,ADBE,ADI,ADM,ADP,ADS,ADSK,AEE,AEP,AES,AET,AFL,AGN,AIG,AIV,AIZ,AJG,AKAM,ALB,ALGN,ALK,ALL,ALLE,ALXN,AMAT,AMD,AME,AMG,AMGN,AMP,AMT,AMZN,ANDV,ANET,ANSS,ANTM,AON,AOS,APA,APC,APD,APH,APTV,ARE,ARNC,ATVI,AVB,AVGO,AVY,AWK,AXP,AZO,BA,BAC,BAX,BBT,BBY,BDX,BEN,BF.B,BHF,BHGE,BIIB,BK,BKNG,BLK,BLL,BMY,BR,BRK.B,BSX,BWA,BXP,C,CA,CAG,CAH,CAT,CB,CBOE,CBRE,CBS,CCI,CCL,CDNS,CELG,CERN,CF,CFG,CHD,CHRW,CHTR,CI,CINF,CL,CLX,CMA,CMCSA,CME,CMG,CMI,CMS,CNC,CNP,COF,COG,COL,COO,COP,COST,COTY,CPB,CPRI,CPRT,CRM,CSCO,CSX,CTAS,CTL,CTSH,CTXS,CVS,CVX,CXO,D,DAL,DE,DFS,DG,DGX,DHI,DHR,DIS,DISCA,DISCK,DISH,DLR,DLTR,DOV,DRE,DRI,DTE,DUK,DVA,DVN,DWDP,DXC,EA,EBAY,ECL,ED,EFX,EIX,EL,EMN,EMR,EOG,EQIX,EQR,EQT,ES,ESRX,ESS,ETFC,ETN,ETR,EVHC,EVRG,EW,EXC,EXPD,EXPE,EXR,F,FAST,FB,FBHS,FCX,FDX,FE,FFIV,FIS,FISV,FITB,FL,FLIR,FLR,FLS,FLT,FMC,FOX,FOXA,FRT,FTI,FTV,GD,GE,GILD,GIS,GLW,GM,GOOG,GOOGL,GPC,GPN,GPS,GRMN,GS,GT,GWW,HAL,HAS,HBAN,HBI,HCA,HCP,HD,HES,HFC,HIG,HII,HLT,HOG,HOLX,HON,HP,HPE,HPQ,HRB,HRL,HRS,HSIC,HST,HSY,HUM,IBM,ICE,IDXX,IFF,ILMN,INCY,INFO,INTC,INTU,IP,IPG,IPGP,IQV,IR,IRM,ISRG,IT,ITW,IVZ,JBHT,JCI,JEC,JEF,JNJ,JNPR,JPM,JWN,K,KEY,KHC,KIM,KLAC,KMB,KMI,KMX,KO,KORS,KR,KSS,KSU,L,LB,LEG,LEN,LH,LKQ,LLL,LLY,LMT,LNC,LNT,LOW,LRCX,LUV,LYB,M,MA,MAA,MAC,MAR,MAS,MAT,MCD,MCHP,MCK,MCO,MDLZ,MDT,MET,MGM,MHK,MKC,MLM,MMC,MMM,MNST,MO,MOS,MPC,MRK,MRO,MS,MSCI,MSFT,MSI,MTB,MTD,MU,MYL,NBL,NCLH,NDAQ,NEE,NEM,NFLX,NFX,NI,NKE,NKTR,NLSN,NOC,NOV,NRG,NSC,NTAP,NTRS,NUE,NVDA,NWL,NWS,NWSA,O,OKE,OMC,ORCL,ORLY,OXY,PAYX,PBCT,PCAR,PCG,PEG,PEP,PFE,PFG,PG,PGR,PH,PHM,PKG,PKI,PLD,PM,PNC,PNR,PNW,PPG,PPL,PRGO,PRU,PSA,PSX,PVH,PWR,PX,PXD,PYPL,QCOM,QRVO,RCL,RE,REG,REGN,RF,RHI,RHT,RJF,RL,RMD,ROK,ROP,ROST,RSG,RTN,SBAC,SBUX,SCG,SCHW,SEE,SHW,SIVB,SJM,SLB,SLG,SNA,SNPS,SO,SPG,SPGI,SRCL,SRE,STI,STT,STX,STZ,SWK,SWKS,SYF,SYK,SYMC,SYY,T,TAP,TDG,TEL,TGT,TIF,TJX,TMK,TMO,TPR,TRIP,TROW,TRV,TSCO,TSN,TSS,TTWO,TWTR,TXN,TXT,UA,UAA,UAL,UDR,UHS,ULTA,UNH,UNM,UNP,UPS,URI,USB,UTX,V,VAR,VFC,VIAB,VLO,VMC,VNO,VRSK,VRSN,VRTX,VTR,VZ,WAT,WBA,WCG,WDC,WEC,WELL,WFC,WHR,WLTW,WM,WMB,WMT,WRK,WU,WY,WYNN,XEC,XEL,XLNX,XOM,XRAY,XRX,XYL,YUM,ZBH,ZION,ZTS"
2018-09-19,"A,AAL,AAP,AAPL,ABBV,ABC,ABMD,ABT,ACN,ADBE,ADI,ADM,ADP,ADS,ADSK,AEE,AEP,AES,AET,AFL,AGN,AIG,AIV,AIZ,AJG,AKAM,ALB,ALGN,ALK,ALL,ALLE,ALXN,AMAT,AMD,AME,AMG,AMGN,AMP,AMT,AMZN,ANDV,ANET,ANSS,ANTM,AON,AOS,APA,APC,APD,APH,APTV,ARE,ARNC,ATVI,AVB,AVGO,AVY,AWK,AXP,AZO,BA,BAC,BAX,BBT,BBY,BDX,BEN,BF.B,BHF,BHGE,BIIB,BK,BKNG,BLK,BLL,BMY,BR,BRK.B,BSX,BWA,BXP,C,CA,CAG,CAH,CAT,CB,CBOE,CBRE,CBS,CCI,CCL,CDNS,CELG,CERN,CF,CFG,CHD,CHRW,CHTR,CI,CINF,CL,CLX,CMA,CMCSA,CME,CMG,CMI,CMS,CNC,CNP,COF,COG,COL,COO,COP,COST,COTY,CPB,CPRI,CPRT,CRM,CSCO,CSX,CTAS,CTL,CTSH,CTXS,CVS,CVX,CXO,D,DAL,DE,DFS,DG,DGX,DHI,DHR,DIS,DISCA,DISCK,DISH,DLR,DLTR,DOV,DRE,DRI,DTE,DUK,DVA,DVN,DWDP,DXC,EA,EBAY,ECL,ED,EFX,EIX,EL,EMN,EMR,EOG,EQIX,EQR,EQT,ES,ESRX,ESS,ETFC,ETN,ETR,EVHC,EVRG,EW,EXC,EXPD,EXPE,EXR,F,FAST,FB,FBHS,FCX,FDX,FE,FFIV,FIS,FISV,FITB,FL,FLIR,FLR,FLS,FLT,FMC,FOX,FOXA,FRT,FTI,FTV,GD,GE,GILD,GIS,GLW,GM,GOOG,GOOGL,GPC,GPN,GPS,GRMN,GS,GT,GWW,HAL,HAS,HBAN,HBI,HCA,HCP,HD,HES,HFC,HIG,HII,HLT,HOG,HOLX,HON,HP,HPE,HPQ,HRB,HRL,HRS,HSIC,HST,HSY,HUM,IBM,ICE,IDXX,IFF,ILMN,INCY,INFO,INTC,INTU,IP,IPG,IPGP,IQV,IR,IRM,ISRG,IT,ITW,IVZ,JBHT,JCI,JEC,JEF,JNJ,JNPR,JPM,JWN,K,KEY,KHC,KIM,KLAC,KMB,KMI,KMX,KO,KR,KSS,KSU,L,LB,LEG,LEN,LH,LKQ,LLL,LLY,LMT,LNC,LNT,LOW,LRCX,LUV,LYB,M,MA,MAA,MAC,MAR,MAS,MAT,MCD,MCHP,MCK,MCO,MDLZ,MDT,MET,MGM,MHK,MKC,MLM,MMC,MMM,MNST,MO,MOS,MPC,MRK,MRO,MS,MSCI,MSFT,MSI,MTB,MTD,MU,MYL,NBL,NCLH,NDAQ,NEE,NEM,NFLX,NFX,NI,NKE,NKTR,NLSN,NOC,NOV,NRG,NSC,NTAP,NTRS,NUE,NVDA,NWL,NWS,NWSA,O,OKE,OMC,ORCL,ORLY,OXY,PAYX,PBCT,PCAR,PCG,PEG,PEP,PFE,PFG,PG,PGR,PH,PHM,PKG,PKI,PLD,PM,PNC,PNR,PNW,PPG,PPL,PRGO,PRU,PSA,PSX,PVH,PWR,PX,PXD,PYPL,QCOM,QRVO,RCL,RE,REG,REGN,RF,RHI,RHT,RJF,RL,RMD,ROK,ROP,ROST,RSG,RTN,SBAC,SBUX,SCG,SCHW,SEE,SHW,SIVB,SJM,SLB,SLG,SNA,SNPS,SO,SPG,SPGI,SRCL,SRE,STI,STT,STX,STZ,SWK,SWKS,SYF,SYK,SYMC,SYY,T,TAP,TDG,TEL,TGT,TIF,TJX,TMK,TMO,TPR,TRIP,TROW,TRV,TSCO,TSN,TSS,TTWO,TWTR,TXN,TXT,UA,UAA,UAL,UDR,UHS,ULTA,UNH,UNM,UNP,UPS,URI,USB,UTX,V,VAR,VFC,VIAB,VLO,VMC,VNO,VRSK,VRSN,VRTX,VTR,VZ,WAT,WBA,WCG,WDC,WEC,WELL,WFC,WHR,WLTW,WM,WMB,WMT,WRK,WU,WY,WYNN,XEC,XEL,XLNX,XOM,XRAY,XRX,XYL,YUM,ZBH,ZION,ZTS"
2018-10-01,"A,AAL,AAP,AAPL,ABBV,ABC,ABMD,ABT,ACN,ADBE,ADI,ADM,ADP,ADS,ADSK,AEE,AEP,AES,AET,AFL,AGN,AIG,AIV,AIZ,AJG,AKAM,ALB,ALGN,ALK,ALL,ALLE,ALXN,AMAT,AMD,AME,AMG,AMGN,AMP,AMT,AMZN,ANET,ANSS,ANTM,AON,AOS,APA,APC,APD,APH,APTV,ARE,ARNC,ATVI,AVB,AVGO,AVY,AWK,AXP,AZO,BA,BAC,BAX,BBT,BBY,BDX,BEN,BF.B,BHF,BHGE,BIIB,BK,BKNG,BLK,BLL,BMY,BR,BRK.B,BSX,BWA,BXP,C,CA,CAG,CAH,CAT,CB,CBOE,CBRE,CBS,CCI,CCL,CDNS,CELG,CERN,CF,CFG,CHD,CHRW,CHTR,CI,CINF,CL,CLX,CMA,CMCSA,CME,CMG,CMI,CMS,CNC,CNP,COF,COG,COL,COO,COP,COST,COTY,CPB,CPRI,CPRT,CRM,CSCO,CSX,CTAS,CTL,CTSH,CTXS,CVS,CVX,CXO,D,DAL,DE,DFS,DG,DGX,DHI,DHR,DIS,DISCA,DISCK,DISH,DLR,DLTR,DOV,DRE,DRI,DTE,DUK,DVA,DVN,DWDP,DXC,EA,EBAY,ECL,ED,EFX,EIX,EL,EMN,EMR,EOG,EQIX,EQR,EQT,ES,ESRX,ESS,ETFC,ETN,ETR,EVHC,EVRG,EW,EXC,EXPD,EXPE,EXR,F,FAST,FB,FBHS,FCX,FDX,FE,FFIV,FIS,FISV,FITB,FL,FLIR,FLR,FLS,FLT,FMC,FOX,FOXA,FRT,FTI,FTV,GD,GE,GILD,GIS,GLW,GM,GOOG,GOOGL,GPC,GPN,GPS,GRMN,GS,GT,GWW,HAL,HAS,HBAN,HBI,HCA,HCP,HD,HES,HFC,HIG,HII,HLT,HOG,HOLX,HON,HP,HPE,HPQ,HRB,HRL,HRS,HSIC,HST,HSY,HUM,IBM,ICE,IDXX,IFF,ILMN,INCY,INFO,INTC,INTU,IP,IPG,IPGP,IQV,IR,IRM,ISRG,IT,ITW,IVZ,JBHT,JCI,JEC,JEF,JNJ,JNPR,JPM,JWN,K,KEY,KHC,KIM,KLAC,KMB,KMI,KMX,KO,KR,KSS,KSU,L,LB,LEG,LEN,LH,LKQ,LLL,LLY,LMT,LNC,LNT,LOW,LRCX,LUV,LYB,M,MA,MAA,MAC,MAR,MAS,MAT,MCD,MCHP,MCK,MCO,MDLZ,MDT,MET,MGM,MHK,MKC,MLM,MMC,MMM,MNST,MO,MOS,MPC,MRK,MRO,MS,MSCI,MSFT,MSI,MTB,MTD,MU,MYL,NBL,NCLH,NDAQ,NEE,NEM,NFLX,NFX,NI,NKE,NKTR,NLSN,NOC,NOV,NRG,NSC,NTAP,NTRS,NUE,NVDA,NWL,NWS,NWSA,O,OKE,OMC,ORCL,ORLY,OXY,PAYX,PBCT,PCAR,PCG,PEG,PEP,PFE,PFG,PG,PGR,PH,PHM,PKG,PKI,PLD,PM,PNC,PNR,PNW,PPG,PPL,PRGO,PRU,PSA,PSX,PVH,PWR,PX,PXD,PYPL,QCOM,QRVO,RCL,RE,REG,REGN,RF,RHI,RHT,RJF,RL,RMD,ROK,ROL,ROP,ROST,RSG,RTN,SBAC,SBUX,SCG,SCHW,SEE,SHW,SIVB,SJM,SLB,SLG,SNA,SNPS,SO,SPG,SPGI,SRCL,SRE,STI,STT,STX,STZ,SWK,SWKS,SYF,SYK,SYMC,SYY,T,TAP,TDG,TEL,TGT,TIF,TJX,TMK,TMO,TPR,TRIP,TROW,TRV,TSCO,TSN,TSS,TTWO,TWTR,TXN,TXT,UA,UAA,UAL,UDR,UHS,ULTA,UNH,UNM,UNP,UPS,URI,USB,UTX,V,VAR,VFC,VIAB,VLO,VMC,VNO,VRSK,VRSN,VRTX,VTR,VZ,WAT,WBA,WCG,WDC,WEC,WELL,WFC,WHR,WLTW,WM,WMB,WMT,WRK,WU,WY,WYNN,XEC,XEL,XLNX,XOM,XRAY,XRX,XYL,YUM,ZBH,ZION,ZTS"
2018-10-11,"A,AAL,AAP,AAPL,ABBV,ABC,ABMD,ABT,ACN,ADBE,ADI,ADM,ADP,ADS,ADSK,AEE,AEP,AES,AET,AFL,AGN,AIG,AIV,AIZ,AJG,AKAM,ALB,ALGN,ALK,ALL,ALLE,ALXN,AMAT,AMD,AME,AMG,AMGN,AMP,AMT,AMZN,ANET,ANSS,ANTM,AON,AOS,APA,APC,APD,APH,APTV,ARE,ARNC,ATVI,AVB,AVGO,AVY,AWK,AXP,AZO,BA,BAC,BAX,BBT,BBY,BDX,BEN,BF.B,BHF,BHGE,BIIB,BK,BKNG,BLK,BLL,BMY,BR,BRK.B,BSX,BWA,BXP,C,CA,CAG,CAH,CAT,CB,CBOE,CBRE,CBS,CCI,CCL,CDNS,CELG,CERN,CF,CFG,CHD,CHRW,CHTR,CI,CINF,CL,CLX,CMA,CMCSA,CME,CMG,CMI,CMS,CNC,CNP,COF,COG,COL,COO,COP,COST,COTY,CPB,CPRI,CPRT,CRM,CSCO,CSX,CTAS,CTL,CTSH,CTXS,CVS,CVX,CXO,D,DAL,DE,DFS,DG,DGX,DHI,DHR,DIS,DISCA,DISCK,DISH,DLR,DLTR,DOV,DRE,DRI,DTE,DUK,DVA,DVN,DWDP,DXC,EA,EBAY,ECL,ED,EFX,EIX,EL,EMN,EMR,EOG,EQIX,EQR,EQT,ES,ESRX,ESS,ETFC,ETN,ETR,EVRG,EW,EXC,EXPD,EXPE,EXR,F,FAST,FB,FBHS,FCX,FDX,FE,FFIV,FIS,FISV,FITB,FL,FLIR,FLR,FLS,FLT,FMC,FOX,FOXA,FRT,FTI,FTNT,FTV,GD,GE,GILD,GIS,GLW,GM,GOOG,GOOGL,GPC,GPN,GPS,GRMN,GS,GT,GWW,HAL,HAS,HBAN,HBI,HCA,HCP,HD,HES,HFC,HIG,HII,HLT,HOG,HOLX,HON,HP,HPE,HPQ,HRB,HRL,HRS,HSIC,HST,HSY,HUM,IBM,ICE,IDXX,IFF,ILMN,INCY,INFO,INTC,INTU,IP,IPG,IPGP,IQV,IR,IRM,ISRG,IT,ITW,IVZ,JBHT,JCI,JEC,JEF,JNJ,JNPR,JPM,JWN,K,KEY,KHC,KIM,KLAC,KMB,KMI,KMX,KO,KR,KSS,KSU,L,LB,LEG,LEN,LH,LKQ,LLL,LLY,LMT,LNC,LNT,LOW,LRCX,LUV,LYB,M,MA,MAA,MAC,MAR,MAS,MAT,MCD,MCHP,MCK,MCO,MDLZ,MDT,MET,MGM,MHK,MKC,MLM,MMC,MMM,MNST,MO,MOS,MPC,MRK,MRO,MS,MSCI,MSFT,MSI,MTB,MTD,MU,MYL,NBL,NCLH,NDAQ,NEE,NEM,NFLX,NFX,NI,NKE,NKTR,NLSN,NOC,NOV,NRG,NSC,NTAP,NTRS,NUE,NVDA,NWL,NWS,NWSA,O,OKE,OMC,ORCL,ORLY,OXY,PAYX,PBCT,PCAR,PCG,PEG,PEP,PFE,PFG,PG,PGR,PH,PHM,PKG,PKI,PLD,PM,PNC,PNR,PNW,PPG,PPL,PRGO,PRU,PSA,PSX,PVH,PWR,PX,PXD,PYPL,QCOM,QRVO,RCL,RE,REG,REGN,RF,RHI,RHT,RJF,RL,RMD,ROK,ROL,ROP,ROST,RSG,RTN,SBAC,SBUX,SCG,SCHW,SEE,SHW,SIVB,SJM,SLB,SLG,SNA,SNPS,SO,SPG,SPGI,SRCL,SRE,STI,STT,STX,STZ,SWK,SWKS,SYF,SYK,SYMC,SYY,T,TAP,TDG,TEL,TGT,TIF,TJX,TMK,TMO,TPR,TRIP,TROW,TRV,TSCO,TSN,TSS,TTWO,TWTR,TXN,TXT,UA,UAA,UAL,UDR,UHS,ULTA,UNH,UNM,UNP,UPS,URI,USB,UTX,V,VAR,VFC,VIAB,VLO,VMC,VNO,VRSK,VRSN,VRTX,VTR,VZ,WAT,WBA,WCG,WDC,WEC,WELL,WFC,WHR,WLTW,WM,WMB,WMT,WRK,WU,WY,WYNN,XEC,XEL,XLNX,XOM,XRAY,XRX,XYL,YUM,ZBH,ZION,ZTS"
2018-10-31,"A,AAL,AAP,AAPL,ABBV,ABC,ABMD,ABT,ACN,ADBE,ADI,ADM,ADP,ADS,ADSK,AEE,AEP,AES,AET,AFL,AGN,AIG,AIV,AIZ,AJG,AKAM,ALB,ALGN,ALK,ALL,ALLE,ALXN,AMAT,AMD,AME,AMG,AMGN,AMP,AMT,AMZN,ANET,ANSS,ANTM,AON,AOS,APA,APC,APD,APH,APTV,ARE,ARNC,ATVI,AVB,AVGO,AVY,AWK,AXP,AZO,BA,BAC,BAX,BBT,BBY,BDX,BEN,BF.B,BHF,BHGE,BIIB,BK,BKNG,BLK,BLL,BMY,BR,BRK.B,BSX,BWA,BXP,C,CA,CAG,CAH,CAT,CB,CBOE,CBRE,CBS,CCI,CCL,CDNS,CELG,CERN,CF,CFG,CHD,CHRW,CHTR,CI,CINF,CL,CLX,CMA,CMCSA,CME,CMG,CMI,CMS,CNC,CNP,COF,COG,COL,COO,COP,COST,COTY,CPB,CPRI,CPRT,CRM,CSCO,CSX,CTAS,CTL,CTSH,CTXS,CVS,CVX,CXO,D,DAL,DE,DFS,DG,DGX,DHI,DHR,DIS,DISCA,DISCK,DISH,DLR,DLTR,DOV,DRE,DRI,DTE,DUK,DVA,DVN,DWDP,DXC,EA,EBAY,ECL,ED,EFX,EIX,EL,EMN,EMR,EOG,EQIX,EQR,EQT,ES,ESRX,ESS,ETFC,ETN,ETR,EVRG,EW,EXC,EXPD,EXPE,EXR,F,FAST,FB,FBHS,FCX,FDX,FE,FFIV,FIS,FISV,FITB,FL,FLIR,FLR,FLS,FLT,FMC,FOX,FOXA,FRT,FTI,FTNT,FTV,GD,GE,GILD,GIS,GLW,GM,GOOG,GOOGL,GPC,GPN,GPS,GRMN,GS,GT,GWW,HAL,HAS,HBAN,HBI,HCA,HCP,HD,HES,HFC,HIG,HII,HLT,HOG,HOLX,HON,HP,HPE,HPQ,HRB,HRL,HRS,HSIC,HST,HSY,HUM,IBM,ICE,IDXX,IFF,ILMN,INCY,INFO,INTC,INTU,IP,IPG,IPGP,IQV,IR,IRM,ISRG,IT,ITW,IVZ,JBHT,JCI,JEC,JEF,JNJ,JNPR,JPM,JWN,K,KEY,KHC,KIM,KLAC,KMB,KMI,KMX,KO,KR,KSS,KSU,L,LB,LEG,LEN,LH,LKQ,LLL,LLY,LMT,LNC,LNT,LOW,LRCX,LUV,LYB,M,MA,MAA,MAC,MAR,MAS,MAT,MCD,MCHP,MCK,MCO,MDLZ,MDT,MET,MGM,MHK,MKC,MLM,MMC,MMM,MNST,MO,MOS,MPC,MRK,MRO,MS,MSCI,MSFT,MSI,MTB,MTD,MU,MYL,NBL,NCLH,NDAQ,NEE,NEM,NFLX,NFX,NI,NKE,NKTR,NLSN,NOC,NOV,NRG,NSC,NTAP,NTRS,NUE,NVDA,NWL,NWS,NWSA,O,OKE,OMC,ORCL,ORLY,OXY,PAYX,PBCT,PCAR,PCG,PEG,PEP,PFE,PFG,PG,PGR,PH,PHM,PKG,PKI,PLD,PM,PNC,PNR,PNW,PPG,PPL,PRGO,PRU,PSA,PSX,PVH,PWR,PXD,PYPL,QCOM,QRVO,RCL,RE,REG,REGN,RF,RHI,RHT,RJF,RL,RMD,ROK,ROL,ROP,ROST,RSG,RTN,SBAC,SBUX,SCG,SCHW,SEE,SHW,SIVB,SJM,SLB,SLG,SNA,SNPS,SO,SPG,SPGI,SRCL,SRE,STI,STT,STX,STZ,SWK,SWKS,SYF,SYK,SYMC,SYY,T,TAP,TDG,TEL,TGT,TIF,TJX,TMK,TMO,TPR,TRIP,TROW,TRV,TSCO,TSN,TSS,TTWO,TWTR,TXN,TXT,UA,UAA,UAL,UDR,UHS,ULTA,UNH,UNM,UNP,UPS,URI,USB,UTX,V,VAR,VFC,VIAB,VLO,VMC,VNO,VRSK,VRSN,VRTX,VTR,VZ,WAT,WBA,WCG,WDC,WEC,WELL,WFC,WHR,WLTW,WM,WMB,WMT,WRK,WU,WY,WYNN,XEC,XEL,XLNX,XOM,XRAY,XRX,XYL,YUM,ZBH,ZION,ZTS"
2018-11-06,"A,AAL,AAP,AAPL,ABBV,ABC,ABMD,ABT,ACN,ADBE,ADI,ADM,ADP,ADS,ADSK,AEE,AEP,AES,AET,AFL,AGN,AIG,AIV,AIZ,AJG,AKAM,ALB,ALGN,ALK,ALL,ALLE,ALXN,AMAT,AMD,AME,AMG,AMGN,AMP,AMT,AMZN,ANET,ANSS,ANTM,AON,AOS,APA,APC,APD,APH,APTV,ARE,ARNC,ATVI,AVB,AVGO,AVY,AWK,AXP,AZO,BA,BAC,BAX,BBT,BBY,BDX,BEN,BF.B,BHF,BHGE,BIIB,BK,BKNG,BLK,BLL,BMY,BR,BRK.B,BSX,BWA,BXP,C,CAG,CAH,CAT,CB,CBOE,CBRE,CBS,CCI,CCL,CDNS,CELG,CERN,CF,CFG,CHD,CHRW,CHTR,CI,CINF,CL,CLX,CMA,CMCSA,CME,CMG,CMI,CMS,CNC,CNP,COF,COG,COL,COO,COP,COST,COTY,CPB,CPRI,CPRT,CRM,CSCO,CSX,CTAS,CTL,CTSH,CTXS,CVS,CVX,CXO,D,DAL,DE,DFS,DG,DGX,DHI,DHR,DIS,DISCA,DISCK,DISH,DLR,DLTR,DOV,DRE,DRI,DTE,DUK,DVA,DVN,DWDP,DXC,EA,EBAY,ECL,ED,EFX,EIX,EL,EMN,EMR,EOG,EQIX,EQR,EQT,ES,ESRX,ESS,ETFC,ETN,ETR,EVRG,EW,EXC,EXPD,EXPE,EXR,F,FAST,FB,FBHS,FCX,FDX,FE,FFIV,FIS,FISV,FITB,FL,FLIR,FLR,FLS,FLT,FMC,FOX,FOXA,FRT,FTI,FTNT,FTV,GD,GE,GILD,GIS,GLW,GM,GOOG,GOOGL,GPC,GPN,GPS,GRMN,GS,GT,GWW,HAL,HAS,HBAN,HBI,HCA,HCP,HD,HES,HFC,HIG,HII,HLT,HOG,HOLX,HON,HP,HPE,HPQ,HRB,HRL,HRS,HSIC,HST,HSY,HUM,IBM,ICE,IDXX,IFF,ILMN,INCY,INFO,INTC,INTU,IP,IPG,IPGP,IQV,IR,IRM,ISRG,IT,ITW,IVZ,JBHT,JCI,JEC,JEF,JNJ,JNPR,JPM,JWN,K,KEY,KEYS,KHC,KIM,KLAC,KMB,KMI,KMX,KO,KR,KSS,KSU,L,LB,LEG,LEN,LH,LIN,LKQ,LLL,LLY,LMT,LNC,LNT,LOW,LRCX,LUV,LYB,M,MA,MAA,MAC,MAR,MAS,MAT,MCD,MCHP,MCK,MCO,MDLZ,MDT,MET,MGM,MHK,MKC,MLM,MMC,MMM,MNST,MO,MOS,MPC,MRK,MRO,MS,MSCI,MSFT,MSI,MTB,MTD,MU,MYL,NBL,NCLH,NDAQ,NEE,NEM,NFLX,NFX,NI,NKE,NKTR,NLSN,NOC,NOV,NRG,NSC,NTAP,NTRS,NUE,NVDA,NWL,NWS,NWSA,O,OKE,OMC,ORCL,ORLY,OXY,PAYX,PBCT,PCAR,PCG,PEG,PEP,PFE,PFG,PG,PGR,PH,PHM,PKG,PKI,PLD,PM,PNC,PNR,PNW,PPG,PPL,PRGO,PRU,PSA,PSX,PVH,PWR,PXD,PYPL,QCOM,QRVO,RCL,RE,REG,REGN,RF,RHI,RHT,RJF,RL,RMD,ROK,ROL,ROP,ROST,RSG,RTN,SBAC,SBUX,SCG,SCHW,SEE,SHW,SIVB,SJM,SLB,SLG,SNA,SNPS,SO,SPG,SPGI,SRCL,SRE,STI,STT,STX,STZ,SWK,SWKS,SYF,SYK,SYMC,SYY,T,TAP,TDG,TEL,TGT,TIF,TJX,TMK,TMO,TPR,TRIP,TROW,TRV,TSCO,TSN,TSS,TTWO,TWTR,TXN,TXT,UA,UAA,UAL,UDR,UHS,ULTA,UNH,UNM,UNP,UPS,URI,USB,UTX,V,VAR,VFC,VIAB,VLO,VMC,VNO,VRSK,VRSN,VRTX,VTR,VZ,WAT,WBA,WCG,WDC,WEC,WELL,WFC,WHR,WLTW,WM,WMB,WMT,WRK,WU,WY,WYNN,XEC,XEL,XLNX,XOM,XRAY,XRX,XYL,YUM,ZBH,ZION,ZTS"
2018-11-13,"A,AAL,AAP,AAPL,ABBV,ABC,ABMD,ABT,ACN,ADBE,ADI,ADM,ADP,ADS,ADSK,AEE,AEP,AES,AET,AFL,AGN,AIG,AIV,AIZ,AJG,AKAM,ALB,ALGN,ALK,ALL,ALLE,ALXN,AMAT,AMD,AME,AMG,AMGN,AMP,AMT,AMZN,ANET,ANSS,ANTM,AON,AOS,APA,APC,APD,APH,APTV,ARE,ARNC,ATVI,AVB,AVGO,AVY,AWK,AXP,AZO,BA,BAC,BAX,BBT,BBY,BDX,BEN,BF.B,BHF,BHGE,BIIB,BK,BKNG,BLK,BLL,BMY,BR,BRK.B,BSX,BWA,BXP,C,CAG,CAH,CAT,CB,CBOE,CBRE,CBS,CCI,CCL,CDNS,CELG,CERN,CF,CFG,CHD,CHRW,CHTR,CI,CINF,CL,CLX,CMA,CMCSA,CME,CMG,CMI,CMS,CNC,CNP,COF,COG,COL,COO,COP,COST,COTY,CPB,CPRI,CPRT,CRM,CSCO,CSX,CTAS,CTL,CTSH,CTXS,CVS,CVX,CXO,D,DAL,DE,DFS,DG,DGX,DHI,DHR,DIS,DISCA,DISCK,DISH,DLR,DLTR,DOV,DRE,DRI,DTE,DUK,DVA,DVN,DWDP,DXC,EA,EBAY,ECL,ED,EFX,EIX,EL,EMN,EMR,EOG,EQIX,EQR,ES,ESRX,ESS,ETFC,ETN,ETR,EVRG,EW,EXC,EXPD,EXPE,EXR,F,FAST,FB,FBHS,FCX,FDX,FE,FFIV,FIS,FISV,FITB,FL,FLIR,FLR,FLS,FLT,FMC,FOX,FOXA,FRT,FTI,FTNT,FTV,GD,GE,GILD,GIS,GLW,GM,GOOG,GOOGL,GPC,GPN,GPS,GRMN,GS,GT,GWW,HAL,HAS,HBAN,HBI,HCA,HCP,HD,HES,HFC,HIG,HII,HLT,HOG,HOLX,HON,HP,HPE,HPQ,HRB,HRL,HRS,HSIC,HST,HSY,HUM,IBM,ICE,IDXX,IFF,ILMN,INCY,INFO,INTC,INTU,IP,IPG,IPGP,IQV,IR,IRM,ISRG,IT,ITW,IVZ,JBHT,JCI,JEC,JEF,JKHY,JNJ,JNPR,JPM,JWN,K,KEY,KEYS,KHC,KIM,KLAC,KMB,KMI,KMX,KO,KR,KSS,KSU,L,LB,LEG,LEN,LH,LIN,LKQ,LLL,LLY,LMT,LNC,LNT,LOW,LRCX,LUV,LYB,M,MA,MAA,MAC,MAR,MAS,MAT,MCD,MCHP,MCK,MCO,MDLZ,MDT,MET,MGM,MHK,MKC,MLM,MMC,MMM,MNST,MO,MOS,MPC,MRK,MRO,MS,MSCI,MSFT,MSI,MTB,MTD,MU,MYL,NBL,NCLH,NDAQ,NEE,NEM,NFLX,NFX,NI,NKE,NKTR,NLSN,NOC,NOV,NRG,NSC,NTAP,NTRS,NUE,NVDA,NWL,NWS,NWSA,O,OKE,OMC,ORCL,ORLY,OXY,PAYX,PBCT,PCAR,PCG,PEG,PEP,PFE,PFG,PG,PGR,PH,PHM,PKG,PKI,PLD,PM,PNC,PNR,PNW,PPG,PPL,PRGO,PRU,PSA,PSX,PVH,PWR,PXD,PYPL,QCOM,QRVO,RCL,RE,REG,REGN,RF,RHI,RHT,RJF,RL,RMD,ROK,ROL,ROP,ROST,RSG,RTN,SBAC,SBUX,SCG,SCHW,SEE,SHW,SIVB,SJM,SLB,SLG,SNA,SNPS,SO,SPG,SPGI,SRCL,SRE,STI,STT,STX,STZ,SWK,SWKS,SYF,SYK,SYMC,SYY,T,TAP,TDG,TEL,TGT,TIF,TJX,TMK,TMO,TPR,TRIP,TROW,TRV,TSCO,TSN,TSS,TTWO,TWTR,TXN,TXT,UA,UAA,UAL,UDR,UHS,ULTA,UNH,UNM,UNP,UPS,URI,USB,UTX,V,VAR,VFC,VIAB,VLO,VMC,VNO,VRSK,VRSN,VRTX,VTR,VZ,WAT,WBA,WCG,WDC,WEC,WELL,WFC,WHR,WLTW,WM,WMB,WMT,WRK,WU,WY,WYNN,XEC,XEL,XLNX,XOM,XRAY,XRX,XYL,YUM,ZBH,ZION,ZTS"
2018-11-27,"A,AAL,AAP,AAPL,ABBV,ABC,ABMD,ABT,ACN,ADBE,ADI,ADM,ADP,ADS,ADSK,AEE,AEP,AES,AET,AFL,AGN,AIG,AIV,AIZ,AJG,AKAM,ALB,ALGN,ALK,ALL,ALLE,ALXN,AMAT,AMD,AME,AMG,AMGN,AMP,AMT,AMZN,ANET,ANSS,ANTM,AON,AOS,APA,APC,APD,APH,APTV,ARE,ARNC,ATVI,AVB,AVGO,AVY,AWK,AXP,AZO,BA,BAC,BAX,BBT,BBY,BDX,BEN,BF.B,BHF,BHGE,BIIB,BK,BKNG,BLK,BLL,BMY,BR,BRK.B,BSX,BWA,BXP,C,CAG,CAH,CAT,CB,CBOE,CBRE,CBS,CCI,CCL,CDNS,CELG,CERN,CF,CFG,CHD,CHRW,CHTR,CI,CINF,CL,CLX,CMA,CMCSA,CME,CMG,CMI,CMS,CNC,CNP,COF,COG,COO,COP,COST,COTY,CPB,CPRI,CPRT,CRM,CSCO,CSX,CTAS,CTL,CTSH,CTXS,CVS,CVX,CXO,D,DAL,DE,DFS,DG,DGX,DHI,DHR,DIS,DISCA,DISCK,DISH,DLR,DLTR,DOV,DRE,DRI,DTE,DUK,DVA,DVN,DWDP,DXC,EA,EBAY,ECL,ED,EFX,EIX,EL,EMN,EMR,EOG,EQIX,EQR,ES,ESRX,ESS,ETFC,ETN,ETR,EVRG,EW,EXC,EXPD,EXPE,EXR,F,FAST,FB,FBHS,FCX,FDX,FE,FFIV,FIS,FISV,FITB,FL,FLIR,FLR,FLS,FLT,FMC,FOX,FOXA,FRT,FTI,FTNT,FTV,GD,GE,GILD,GIS,GLW,GM,GOOG,GOOGL,GPC,GPN,GPS,GRMN,GS,GT,GWW,HAL,HAS,HBAN,HBI,HCA,HCP,HD,HES,HFC,HIG,HII,HLT,HOG,HOLX,HON,HP,HPE,HPQ,HRB,HRL,HRS,HSIC,HST,HSY,HUM,IBM,ICE,IDXX,IFF,ILMN,INCY,INFO,INTC,INTU,IP,IPG,IPGP,IQV,IR,IRM,ISRG,IT,ITW,IVZ,JBHT,JCI,JEC,JEF,JKHY,JNJ,JNPR,JPM,JWN,K,KEY,KEYS,KHC,KIM,KLAC,KMB,KMI,KMX,KO,KR,KSS,KSU,L,LB,LEG,LEN,LH,LIN,LKQ,LLL,LLY,LMT,LNC,LNT,LOW,LRCX,LUV,LYB,M,MA,MAA,MAC,MAR,MAS,MAT,MCD,MCHP,MCK,MCO,MDLZ,MDT,MET,MGM,MHK,MKC,MLM,MMC,MMM,MNST,MO,MOS,MPC,MRK,MRO,MS,MSCI,MSFT,MSI,MTB,MTD,MU,MYL,NBL,NCLH,NDAQ,NEE,NEM,NFLX,NFX,NI,NKE,NKTR,NLSN,NOC,NOV,NRG,NSC,NTAP,NTRS,NUE,NVDA,NWL,NWS,NWSA,O,OKE,OMC,ORCL,ORLY,OXY,PAYX,PBCT,PCAR,PCG,PEG,PEP,PFE,PFG,PG,PGR,PH,PHM,PKG,PKI,PLD,PM,PNC,PNR,PNW,PPG,PPL,PRGO,PRU,PSA,PSX,PVH,PWR,PXD,PYPL,QCOM,QRVO,RCL,RE,REG,REGN,RF,RHI,RHT,RJF,RL,RMD,ROK,ROL,ROP,ROST,RSG,RTN,SBAC,SBUX,SCG,SCHW,SEE,SHW,SIVB,SJM,SLB,SLG,SNA,SNPS,SO,SPG,SPGI,SRCL,SRE,STI,STT,STX,STZ,SWK,SWKS,SYF,SYK,SYMC,SYY,T,TAP,TDG,TEL,TGT,TIF,TJX,TMK,TMO,TPR,TRIP,TROW,TRV,TSCO,TSN,TSS,TTWO,TWTR,TXN,TXT,UA,UAA,UAL,UDR,UHS,ULTA,UNH,UNM,UNP,UPS,URI,USB,UTX,V,VAR,VFC,VIAB,VLO,VMC,VNO,VRSK,VRSN,VRTX,VTR,VZ,WAT,WBA,WCG,WDC,WEC,WELL,WFC,WHR,WLTW,WM,WMB,WMT,WRK,WU,WY,WYNN,XEC,XEL,XLNX,XOM,XRAY,XRX,XYL,YUM,ZBH,ZION,ZTS"
2018-11-29,"A,AAL,AAP,AAPL,ABBV,ABC,ABMD,ABT,ACN,ADBE,ADI,ADM,ADP,ADS,ADSK,AEE,AEP,AES,AFL,AGN,AIG,AIV,AIZ,AJG,AKAM,ALB,ALGN,ALK,ALL,ALLE,ALXN,AMAT,AMD,AME,AMG,AMGN,AMP,AMT,AMZN,ANET,ANSS,ANTM,AON,AOS,APA,APC,APD,APH,APTV,ARE,ARNC,ATVI,AVB,AVGO,AVY,AWK,AXP,AZO,BA,BAC,BAX,BBT,BBY,BDX,BEN,BF.B,BHF,BHGE,BIIB,BK,BKNG,BLK,BLL,BMY,BR,BRK.B,BSX,BWA,BXP,C,CAG,CAH,CAT,CB,CBOE,CBRE,CBS,CCI,CCL,CDNS,CELG,CERN,CF,CFG,CHD,CHRW,CHTR,CI,CINF,CL,CLX,CMA,CMCSA,CME,CMG,CMI,CMS,CNC,CNP,COF,COG,COO,COP,COST,COTY,CPB,CPRI,CPRT,CRM,CSCO,CSX,CTAS,CTL,CTSH,CTXS,CVS,CVX,CXO,D,DAL,DE,DFS,DG,DGX,DHI,DHR,DIS,DISCA,DISCK,DISH,DLR,DLTR,DOV,DRE,DRI,DTE,DUK,DVA,DVN,DWDP,DXC,EA,EBAY,ECL,ED,EFX,EIX,EL,EMN,EMR,EOG,EQIX,EQR,ES,ESRX,ESS,ETFC,ETN,ETR,EVRG,EW,EXC,EXPD,EXPE,EXR,F,FAST,FB,FBHS,FCX,FDX,FE,FFIV,FIS,FISV,FITB,FL,FLIR,FLR,FLS,FLT,FMC,FOX,FOXA,FRT,FTI,FTNT,FTV,GD,GE,GILD,GIS,GLW,GM,GOOG,GOOGL,GPC,GPN,GPS,GRMN,GS,GT,GWW,HAL,HAS,HBAN,HBI,HCA,HCP,HD,HES,HFC,HIG,HII,HLT,HOG,HOLX,HON,HP,HPE,HPQ,HRB,HRL,HRS,HSIC,HST,HSY,HUM,IBM,ICE,IDXX,IFF,ILMN,INCY,INFO,INTC,INTU,IP,IPG,IPGP,IQV,IR,IRM,ISRG,IT,ITW,IVZ,JBHT,JCI,JEC,JEF,JKHY,JNJ,JNPR,JPM,JWN,K,KEY,KEYS,KHC,KIM,KLAC,KMB,KMI,KMX,KO,KR,KSS,KSU,L,LB,LEG,LEN,LH,LIN,LKQ,LLL,LLY,LMT,LNC,LNT,LOW,LRCX,LUV,LYB,M,MA,MAA,MAC,MAR,MAS,MAT,MCD,MCHP,MCK,MCO,MDLZ,MDT,MET,MGM,MHK,MKC,MLM,MMC,MMM,MNST,MO,MOS,MPC,MRK,MRO,MS,MSCI,MSFT,MSI,MTB,MTD,MU,MYL,NBL,NCLH,NDAQ,NEE,NEM,NFLX,NFX,NI,NKE,NKTR,NLSN,NOC,NOV,NRG,NSC,NTAP,NTRS,NUE,NVDA,NWL,NWS,NWSA,O,OKE,OMC,ORCL,ORLY,OXY,PAYX,PBCT,PCAR,PCG,PEG,PEP,PFE,PFG,PG,PGR,PH,PHM,PKG,PKI,PLD,PM,PNC,PNR,PNW,PPG,PPL,PRGO,PRU,PSA,PSX,PVH,PWR,PXD,PYPL,QCOM,QRVO,RCL,RE,REG,REGN,RF,RHI,RHT,RJF,RL,RMD,ROK,ROL,ROP,ROST,RSG,RTN,SBAC,SBUX,SCG,SCHW,SEE,SHW,SIVB,SJM,SLB,SLG,SNA,SNPS,SO,SPG,SPGI,SRCL,SRE,STI,STT,STX,STZ,SWK,SWKS,SYF,SYK,SYMC,SYY,T,TAP,TDG,TEL,TGT,TIF,TJX,TMK,TMO,TPR,TRIP,TROW,TRV,TSCO,TSN,TSS,TTWO,TWTR,TXN,TXT,UA,UAA,UAL,UDR,UHS,ULTA,UNH,UNM,UNP,UPS,URI,USB,UTX,V,VAR,VFC,VIAB,VLO,VMC,VNO,VRSK,VRSN,VRTX,VTR,VZ,WAT,WBA,WCG,WDC,WEC,WELL,WFC,WHR,WLTW,WM,WMB,WMT,WRK,WU,WY,WYNN,XEC,XEL,XLNX,XOM,XRAY,XRX,XYL,YUM,ZBH,ZION,ZTS"
2018-12-03,"A,AAL,AAP,AAPL,ABBV,ABC,ABMD,ABT,ACN,ADBE,ADI,ADM,ADP,ADS,ADSK,AEE,AEP,AES,AFL,AGN,AIG,AIV,AIZ,AJG,AKAM,ALB,ALGN,ALK,ALL,ALLE,ALXN,AMAT,AMD,AME,AMG,AMGN,AMP,AMT,AMZN,ANET,ANSS,ANTM,AON,AOS,APA,APC,APD,APH,APTV,ARE,ARNC,ATVI,AVB,AVGO,AVY,AWK,AXP,AZO,BA,BAC,BAX,BBT,BBY,BDX,BEN,BF.B,BHF,BHGE,BIIB,BK,BKNG,BLK,BLL,BMY,BR,BRK.B,BSX,BWA,BXP,C,CAG,CAH,CAT,CB,CBOE,CBRE,CBS,CCI,CCL,CDNS,CELG,CERN,CF,CFG,CHD,CHRW,CHTR,CI,CINF,CL,CLX,CMA,CMCSA,CME,CMG,CMI,CMS,CNC,CNP,COF,COG,COO,COP,COST,COTY,CPB,CPRI,CPRT,CRM,CSCO,CSX,CTAS,CTL,CTSH,CTXS,CVS,CVX,CXO,D,DAL,DE,DFS,DG,DGX,DHI,DHR,DIS,DISCA,DISCK,DISH,DLR,DLTR,DOV,DRE,DRI,DTE,DUK,DVA,DVN,DWDP,DXC,EA,EBAY,ECL,ED,EFX,EIX,EL,EMN,EMR,EOG,EQIX,EQR,ES,ESRX,ESS,ETFC,ETN,ETR,EVRG,EW,EXC,EXPD,EXPE,EXR,F,FANG,FAST,FB,FBHS,FCX,FDX,FE,FFIV,FIS,FISV,FITB,FL,FLIR,FLR,FLS,FLT,FMC,FOX,FOXA,FRT,FTI,FTNT,FTV,GD,GE,GILD,GIS,GLW,GM,GOOG,GOOGL,GPC,GPN,GPS,GRMN,GS,GT,GWW,HAL,HAS,HBAN,HBI,HCA,HCP,HD,HES,HFC,HIG,HII,HLT,HOG,HOLX,HON,HP,HPE,HPQ,HRB,HRL,HRS,HSIC,HST,HSY,HUM,IBM,ICE,IDXX,IFF,ILMN,INCY,INFO,INTC,INTU,IP,IPG,IPGP,IQV,IR,IRM,ISRG,IT,ITW,IVZ,JBHT,JCI,JEC,JEF,JKHY,JNJ,JNPR,JPM,JWN,K,KEY,KEYS,KHC,KIM,KLAC,KMB,KMI,KMX,KO,KR,KSS,KSU,L,LB,LEG,LEN,LH,LIN,LKQ,LLL,LLY,LMT,LNC,LNT,LOW,LRCX,LUV,LW,LYB,M,MA,MAA,MAC,MAR,MAS,MAT,MCD,MCHP,MCK,MCO,MDLZ,MDT,MET,MGM,MHK,MKC,MLM,MMC,MMM,MNST,MO,MOS,MPC,MRK,MRO,MS,MSCI,MSFT,MSI,MTB,MTD,MU,MXIM,MYL,NBL,NCLH,NDAQ,NEE,NEM,NFLX,NFX,NI,NKE,NKTR,NLSN,NOC,NOV,NRG,NSC,NTAP,NTRS,NUE,NVDA,NWL,NWS,NWSA,O,OKE,OMC,ORCL,ORLY,OXY,PAYX,PBCT,PCAR,PCG,PEG,PEP,PFE,PFG,PG,PGR,PH,PHM,PKG,PKI,PLD,PM,PNC,PNR,PNW,PPG,PPL,PRGO,PRU,PSA,PSX,PVH,PWR,PXD,PYPL,QCOM,QRVO,RCL,RE,REG,REGN,RF,RHI,RHT,RJF,RL,RMD,ROK,ROL,ROP,ROST,RSG,RTN,SBAC,SBUX,SCG,SCHW,SEE,SHW,SIVB,SJM,SLB,SLG,SNA,SNPS,SO,SPG,SPGI,SRE,STI,STT,STX,STZ,SWK,SWKS,SYF,SYK,SYMC,SYY,T,TAP,TDG,TEL,TGT,TIF,TJX,TMK,TMO,TPR,TRIP,TROW,TRV,TSCO,TSN,TSS,TTWO,TWTR,TXN,TXT,UA,UAA,UAL,UDR,UHS,ULTA,UNH,UNM,UNP,UPS,URI,USB,UTX,V,VAR,VFC,VIAB,VLO,VMC,VNO,VRSK,VRSN,VRTX,VTR,VZ,WAT,WBA,WCG,WDC,WEC,WELL,WFC,WHR,WLTW,WM,WMB,WMT,WRK,WU,WY,WYNN,XEC,XEL,XLNX,XOM,XRAY,XRX,XYL,YUM,ZBH,ZION,ZTS"
2018-12-21,"A,AAL,AAP,AAPL,ABBV,ABC,ABMD,ABT,ACN,ADBE,ADI,ADM,ADP,ADS,ADSK,AEE,AEP,AES,AFL,AGN,AIG,AIV,AIZ,AJG,AKAM,ALB,ALGN,ALK,ALL,ALLE,ALXN,AMAT,AMD,AME,AMG,AMGN,AMP,AMT,AMZN,ANET,ANSS,ANTM,AON,AOS,APA,APC,APD,APH,APTV,ARE,ARNC,ATVI,AVB,AVGO,AVY,AWK,AXP,AZO,BA,BAC,BAX,BBT,BBY,BDX,BEN,BF.B,BHF,BHGE,BIIB,BK,BKNG,BLK,BLL,BMY,BR,BRK.B,BSX,BWA,BXP,C,CAG,CAH,CAT,CB,CBOE,CBRE,CBS,CCI,CCL,CDNS,CELG,CERN,CF,CFG,CHD,CHRW,CHTR,CI,CINF,CL,CLX,CMA,CMCSA,CME,CMG,CMI,CMS,CNC,CNP,COF,COG,COO,COP,COST,COTY,CPB,CPRI,CPRT,CRM,CSCO,CSX,CTAS,CTL,CTSH,CTXS,CVS,CVX,CXO,D,DAL,DE,DFS,DG,DGX,DHI,DHR,DIS,DISCA,DISCK,DISH,DLR,DLTR,DOV,DRE,DRI,DTE,DUK,DVA,DVN,DWDP,DXC,EA,EBAY,ECL,ED,EFX,EIX,EL,EMN,EMR,EOG,EQIX,EQR,ES,ESS,ETFC,ETN,ETR,EVRG,EW,EXC,EXPD,EXPE,EXR,F,FANG,FAST,FB,FBHS,FCX,FDX,FE,FFIV,FIS,FISV,FITB,FL,FLIR,FLR,FLS,FLT,FMC,FOX,FOXA,FRT,FTI,FTNT,FTV,GD,GE,GILD,GIS,GLW,GM,GOOG,GOOGL,GPC,GPN,GPS,GRMN,GS,GT,GWW,HAL,HAS,HBAN,HBI,HCA,HCP,HD,HES,HFC,HIG,HII,HLT,HOG,HOLX,HON,HP,HPE,HPQ,HRB,HRL,HRS,HSIC,HST,HSY,HUM,IBM,ICE,IDXX,IFF,ILMN,INCY,INFO,INTC,INTU,IP,IPG,IPGP,IQV,IR,IRM,ISRG,IT,ITW,IVZ,JBHT,JCI,JEC,JEF,JKHY,JNJ,JNPR,JPM,JWN,K,KEY,KEYS,KHC,KIM,KLAC,KMB,KMI,KMX,KO,KR,KSS,KSU,L,LB,LEG,LEN,LH,LIN,LKQ,LLL,LLY,LMT,LNC,LNT,LOW,LRCX,LUV,LW,LYB,M,MA,MAA,MAC,MAR,MAS,MAT,MCD,MCHP,MCK,MCO,MDLZ,MDT,MET,MGM,MHK,MKC,MLM,MMC,MMM,MNST,MO,MOS,MPC,MRK,MRO,MS,MSCI,MSFT,MSI,MTB,MTD,MU,MXIM,MYL,NBL,NCLH,NDAQ,NEE,NEM,NFLX,NFX,NI,NKE,NKTR,NLSN,NOC,NOV,NRG,NSC,NTAP,NTRS,NUE,NVDA,NWL,NWS,NWSA,O,OKE,OMC,ORCL,ORLY,OXY,PAYX,PBCT,PCAR,PCG,PEG,PEP,PFE,PFG,PG,PGR,PH,PHM,PKG,PKI,PLD,PM,PNC,PNR,PNW,PPG,PPL,PRGO,PRU,PSA,PSX,PVH,PWR,PXD,PYPL,QCOM,QRVO,RCL,RE,REG,REGN,RF,RHI,RHT,RJF,RL,RMD,ROK,ROL,ROP,ROST,RSG,RTN,SBAC,SBUX,SCG,SCHW,SEE,SHW,SIVB,SJM,SLB,SLG,SNA,SNPS,SO,SPG,SPGI,SRE,STI,STT,STX,STZ,SWK,SWKS,SYF,SYK,SYMC,SYY,T,TAP,TDG,TEL,TGT,TIF,TJX,TMK,TMO,TPR,TRIP,TROW,TRV,TSCO,TSN,TSS,TTWO,TWTR,TXN,TXT,UA,UAA,UAL,UDR,UHS,ULTA,UNH,UNM,UNP,UPS,URI,USB,UTX,V,VAR,VFC,VIAB,VLO,VMC,VNO,VRSK,VRSN,VRTX,VTR,VZ,WAT,WBA,WCG,WDC,WEC,WELL,WFC,WHR,WLTW,WM,WMB,WMT,WRK,WU,WY,WYNN,XEC,XEL,XLNX,XOM,XRAY,XRX,XYL,YUM,ZBH,ZION,ZTS"
2018-12-24,"A,AAL,AAP,AAPL,ABBV,ABC,ABMD,ABT,ACN,ADBE,ADI,ADM,ADP,ADS,ADSK,AEE,AEP,AES,AFL,AGN,AIG,AIV,AIZ,AJG,AKAM,ALB,ALGN,ALK,ALL,ALLE,ALXN,AMAT,AMD,AME,AMG,AMGN,AMP,AMT,AMZN,ANET,ANSS,ANTM,AON,AOS,APA,APC,APD,APH,APTV,ARE,ARNC,ATVI,AVB,AVGO,AVY,AWK,AXP,AZO,BA,BAC,BAX,BBT,BBY,BDX,BEN,BF.B,BHF,BHGE,BIIB,BK,BKNG,BLK,BLL,BMY,BR,BRK.B,BSX,BWA,BXP,C,CAG,CAH,CAT,CB,CBOE,CBRE,CBS,CCI,CCL,CDNS,CE,CELG,CERN,CF,CFG,CHD,CHRW,CHTR,CI,CINF,CL,CLX,CMA,CMCSA,CME,CMG,CMI,CMS,CNC,CNP,COF,COG,COO,COP,COST,COTY,CPB,CPRI,CPRT,CRM,CSCO,CSX,CTAS,CTL,CTSH,CTXS,CVS,CVX,CXO,D,DAL,DE,DFS,DG,DGX,DHI,DHR,DIS,DISCA,DISCK,DISH,DLR,DLTR,DOV,DRE,DRI,DTE,DUK,DVA,DVN,DWDP,DXC,EA,EBAY,ECL,ED,EFX,EIX,EL,EMN,EMR,EOG,EQIX,EQR,ES,ESS,ETFC,ETN,ETR,EVRG,EW,EXC,EXPD,EXPE,EXR,F,FANG,FAST,FB,FBHS,FCX,FDX,FE,FFIV,FIS,FISV,FITB,FL,FLIR,FLR,FLS,FLT,FMC,FOX,FOXA,FRT,FTI,FTNT,FTV,GD,GE,GILD,GIS,GLW,GM,GOOG,GOOGL,GPC,GPN,GPS,GRMN,GS,GT,GWW,HAL,HAS,HBAN,HBI,HCA,HCP,HD,HES,HFC,HIG,HII,HLT,HOG,HOLX,HON,HP,HPE,HPQ,HRB,HRL,HRS,HSIC,HST,HSY,HUM,IBM,ICE,IDXX,IFF,ILMN,INCY,INFO,INTC,INTU,IP,IPG,IPGP,IQV,IR,IRM,ISRG,IT,ITW,IVZ,JBHT,JCI,JEC,JEF,JKHY,JNJ,JNPR,JPM,JWN,K,KEY,KEYS,KHC,KIM,KLAC,KMB,KMI,KMX,KO,KR,KSS,KSU,L,LB,LEG,LEN,LH,LIN,LKQ,LLL,LLY,LMT,LNC,LNT,LOW,LRCX,LUV,LW,LYB,M,MA,MAA,MAC,MAR,MAS,MAT,MCD,MCHP,MCK,MCO,MDLZ,MDT,MET,MGM,MHK,MKC,MLM,MMC,MMM,MNST,MO,MOS,MPC,MRK,MRO,MS,MSCI,MSFT,MSI,MTB,MTD,MU,MXIM,MYL,NBL,NCLH,NDAQ,NEE,NEM,NFLX,NFX,NI,NKE,NKTR,NLSN,NOC,NOV,NRG,NSC,NTAP,NTRS,NUE,NVDA,NWL,NWS,NWSA,O,OKE,OMC,ORCL,ORLY,OXY,PAYX,PBCT,PCAR,PCG,PEG,PEP,PFE,PFG,PG,PGR,PH,PHM,PKG,PKI,PLD,PM,PNC,PNR,PNW,PPG,PPL,PRGO,PRU,PSA,PSX,PVH,PWR,PXD,PYPL,QCOM,QRVO,RCL,RE,REG,REGN,RF,RHI,RHT,RJF,RL,RMD,ROK,ROL,ROP,ROST,RSG,RTN,SBAC,SBUX,SCG,SCHW,SEE,SHW,SIVB,SJM,SLB,SLG,SNA,SNPS,SO,SPG,SPGI,SRE,STI,STT,STX,STZ,SWK,SWKS,SYF,SYK,SYMC,SYY,T,TAP,TDG,TEL,TGT,TIF,TJX,TMK,TMO,TPR,TRIP,TROW,TRV,TSCO,TSN,TSS,TTWO,TWTR,TXN,TXT,UA,UAA,UAL,UDR,UHS,ULTA,UNH,UNM,UNP,UPS,URI,USB,UTX,V,VAR,VFC,VIAB,VLO,VMC,VNO,VRSK,VRSN,VRTX,VTR,VZ,WAT,WBA,WCG,WDC,WEC,WELL,WFC,WHR,WLTW,WM,WMB,WMT,WRK,WU,WY,WYNN,XEC,XEL,XLNX,XOM,XRAY,XRX,XYL,YUM,ZBH,ZION,ZTS"
2019-01-02,"A,AAL,AAP,AAPL,ABBV,ABC,ABMD,ABT,ACN,ADBE,ADI,ADM,ADP,ADS,ADSK,AEE,AEP,AES,AFL,AGN,AIG,AIV,AIZ,AJG,AKAM,ALB,ALGN,ALK,ALL,ALLE,ALXN,AMAT,AMD,AME,AMG,AMGN,AMP,AMT,AMZN,ANET,ANSS,ANTM,AON,AOS,APA,APC,APD,APH,APTV,ARE,ARNC,ATVI,AVB,AVGO,AVY,AWK,AXP,AZO,BA,BAC,BAX,BBT,BBY,BDX,BEN,BF.B,BHF,BHGE,BIIB,BK,BKNG,BLK,BLL,BMY,BR,BRK.B,BSX,BWA,BXP,C,CAG,CAH,CAT,CB,CBOE,CBRE,CBS,CCI,CCL,CDNS,CE,CELG,CERN,CF,CFG,CHD,CHRW,CHTR,CI,CINF,CL,CLX,CMA,CMCSA,CME,CMG,CMI,CMS,CNC,CNP,COF,COG,COO,COP,COST,COTY,CPB,CPRI,CPRT,CRM,CSCO,CSX,CTAS,CTL,CTSH,CTXS,CVS,CVX,CXO,D,DAL,DE,DFS,DG,DGX,DHI,DHR,DIS,DISCA,DISCK,DISH,DLR,DLTR,DOV,DRE,DRI,DTE,DUK,DVA,DVN,DWDP,DXC,EA,EBAY,ECL,ED,EFX,EIX,EL,EMN,EMR,EOG,EQIX,EQR,ES,ESS,ETFC,ETN,ETR,EVRG,EW,EXC,EXPD,EXPE,EXR,F,FANG,FAST,FB,FBHS,FCX,FDX,FE,FFIV,FIS,FISV,FITB,FL,FLIR,FLR,FLS,FLT,FMC,FOX,FOXA,FRC,FRT,FTI,FTNT,FTV,GD,GE,GILD,GIS,GLW,GM,GOOG,GOOGL,GPC,GPN,GPS,GRMN,GS,GT,GWW,HAL,HAS,HBAN,HBI,HCA,HCP,HD,HES,HFC,HIG,HII,HLT,HOG,HOLX,HON,HP,HPE,HPQ,HRB,HRL,HRS,HSIC,HST,HSY,HUM,IBM,ICE,IDXX,IFF,ILMN,INCY,INFO,INTC,INTU,IP,IPG,IPGP,IQV,IR,IRM,ISRG,IT,ITW,IVZ,JBHT,JCI,JEC,JEF,JKHY,JNJ,JNPR,JPM,JWN,K,KEY,KEYS,KHC,KIM,KLAC,KMB,KMI,KMX,KO,KR,KSS,KSU,L,LB,LEG,LEN,LH,LIN,LKQ,LLL,LLY,LMT,LNC,LNT,LOW,LRCX,LUV,LW,LYB,M,MA,MAA,MAC,MAR,MAS,MAT,MCD,MCHP,MCK,MCO,MDLZ,MDT,MET,MGM,MHK,MKC,MLM,MMC,MMM,MNST,MO,MOS,MPC,MRK,MRO,MS,MSCI,MSFT,MSI,MTB,MTD,MU,MXIM,MYL,NBL,NCLH,NDAQ,NEE,NEM,NFLX,NFX,NI,NKE,NKTR,NLSN,NOC,NOV,NRG,NSC,NTAP,NTRS,NUE,NVDA,NWL,NWS,NWSA,O,OKE,OMC,ORCL,ORLY,OXY,PAYX,PBCT,PCAR,PCG,PEG,PEP,PFE,PFG,PG,PGR,PH,PHM,PKG,PKI,PLD,PM,PNC,PNR,PNW,PPG,PPL,PRGO,PRU,PSA,PSX,PVH,PWR,PXD,PYPL,QCOM,QRVO,RCL,RE,REG,REGN,RF,RHI,RHT,RJF,RL,RMD,ROK,ROL,ROP,ROST,RSG,RTN,SBAC,SBUX,SCHW,SEE,SHW,SIVB,SJM,SLB,SLG,SNA,SNPS,SO,SPG,SPGI,SRE,STI,STT,STX,STZ,SWK,SWKS,SYF,SYK,SYMC,SYY,T,TAP,TDG,TEL,TGT,TIF,TJX,TMK,TMO,TPR,TRIP,TROW,TRV,TSCO,TSN,TSS,TTWO,TWTR,TXN,TXT,UA,UAA,UAL,UDR,UHS,ULTA,UNH,UNM,UNP,UPS,URI,USB,UTX,V,VAR,VFC,VIAB,VLO,VMC,VNO,VRSK,VRSN,VRTX,VTR,VZ,WAT,WBA,WCG,WDC,WEC,WELL,WFC,WHR,WLTW,WM,WMB,WMT,WRK,WU,WY,WYNN,XEC,XEL,XLNX,XOM,XRAY,XRX,XYL,YUM,ZBH,ZION,ZTS"
2019-01-18,"A,AAL,AAP,AAPL,ABBV,ABC,ABMD,ABT,ACN,ADBE,ADI,ADM,ADP,ADS,ADSK,AEE,AEP,AES,AFL,AGN,AIG,AIV,AIZ,AJG,AKAM,ALB,ALGN,ALK,ALL,ALLE,ALXN,AMAT,AMD,AME,AMG,AMGN,AMP,AMT,AMZN,ANET,ANSS,ANTM,AON,AOS,APA,APC,APD,APH,APTV,ARE,ARNC,ATVI,AVB,AVGO,AVY,AWK,AXP,AZO,BA,BAC,BAX,BBT,BBY,BDX,BEN,BF.B,BHF,BHGE,BIIB,BK,BKNG,BLK,BLL,BMY,BR,BRK.B,BSX,BWA,BXP,C,CAG,CAH,CAT,CB,CBOE,CBRE,CBS,CCI,CCL,CDNS,CE,CELG,CERN,CF,CFG,CHD,CHRW,CHTR,CI,CINF,CL,CLX,CMA,CMCSA,CME,CMG,CMI,CMS,CNC,CNP,COF,COG,COO,COP,COST,COTY,CPB,CPRI,CPRT,CRM,CSCO,CSX,CTAS,CTL,CTSH,CTXS,CVS,CVX,CXO,D,DAL,DE,DFS,DG,DGX,DHI,DHR,DIS,DISCA,DISCK,DISH,DLR,DLTR,DOV,DRE,DRI,DTE,DUK,DVA,DVN,DWDP,DXC,EA,EBAY,ECL,ED,EFX,EIX,EL,EMN,EMR,EOG,EQIX,EQR,ES,ESS,ETFC,ETN,ETR,EVRG,EW,EXC,EXPD,EXPE,EXR,F,FANG,FAST,FB,FBHS,FCX,FDX,FE,FFIV,FIS,FISV,FITB,FL,FLIR,FLR,FLS,FLT,FMC,FOX,FOXA,FRC,FRT,FTI,FTNT,FTV,GD,GE,GILD,GIS,GLW,GM,GOOG,GOOGL,GPC,GPN,GPS,GRMN,GS,GT,GWW,HAL,HAS,HBAN,HBI,HCA,HCP,HD,HES,HFC,HIG,HII,HLT,HOG,HOLX,HON,HP,HPE,HPQ,HRB,HRL,HRS,HSIC,HST,HSY,HUM,IBM,ICE,IDXX,IFF,ILMN,INCY,INFO,INTC,INTU,IP,IPG,IPGP,IQV,IR,IRM,ISRG,IT,ITW,IVZ,JBHT,JCI,JEC,JEF,JKHY,JNJ,JNPR,JPM,JWN,K,KEY,KEYS,KHC,KIM,KLAC,KMB,KMI,KMX,KO,KR,KSS,KSU,L,LB,LEG,LEN,LH,LIN,LKQ,LLL,LLY,LMT,LNC,LNT,LOW,LRCX,LUV,LW,LYB,M,MA,MAA,MAC,MAR,MAS,MAT,MCD,MCHP,MCK,MCO,MDLZ,MDT,MET,MGM,MHK,MKC,MLM,MMC,MMM,MNST,MO,MOS,MPC,MRK,MRO,MS,MSCI,MSFT,MSI,MTB,MTD,MU,MXIM,MYL,NBL,NCLH,NDAQ,NEE,NEM,NFLX,NFX,NI,NKE,NKTR,NLSN,NOC,NOV,NRG,NSC,NTAP,NTRS,NUE,NVDA,NWL,NWS,NWSA,O,OKE,OMC,ORCL,ORLY,OXY,PAYX,PBCT,PCAR,PEG,PEP,PFE,PFG,PG,PGR,PH,PHM,PKG,PKI,PLD,PM,PNC,PNR,PNW,PPG,PPL,PRGO,PRU,PSA,PSX,PVH,PWR,PXD,PYPL,QCOM,QRVO,RCL,RE,REG,REGN,RF,RHI,RHT,RJF,RL,RMD,ROK,ROL,ROP,ROST,RSG,RTN,SBAC,SBUX,SCHW,SEE,SHW,SIVB,SJM,SLB,SLG,SNA,SNPS,SO,SPG,SPGI,SRE,STI,STT,STX,STZ,SWK,SWKS,SYF,SYK,SYMC,SYY,T,TAP,TDG,TEL,TFX,TGT,TIF,TJX,TMK,TMO,TPR,TRIP,TROW,TRV,TSCO,TSN,TSS,TTWO,TWTR,TXN,TXT,UA,UAA,UAL,UDR,UHS,ULTA,UNH,UNM,UNP,UPS,URI,USB,UTX,V,VAR,VFC,VIAB,VLO,VMC,VNO,VRSK,VRSN,VRTX,VTR,VZ,WAT,WBA,WCG,WDC,WEC,WELL,WFC,WHR,WLTW,WM,WMB,WMT,WRK,WU,WY,WYNN,XEC,XEL,XLNX,XOM,XRAY,XRX,XYL,YUM,ZBH,ZION,ZTS"
2019-02-15,"A,AAL,AAP,AAPL,ABBV,ABC,ABMD,ABT,ACN,ADBE,ADI,ADM,ADP,ADS,ADSK,AEE,AEP,AES,AFL,AGN,AIG,AIV,AIZ,AJG,AKAM,ALB,ALGN,ALK,ALL,ALLE,ALXN,AMAT,AMD,AME,AMG,AMGN,AMP,AMT,AMZN,ANET,ANSS,ANTM,AON,AOS,APA,APC,APD,APH,APTV,ARE,ARNC,ATO,ATVI,AVB,AVGO,AVY,AWK,AXP,AZO,BA,BAC,BAX,BBT,BBY,BDX,BEN,BF.B,BHF,BHGE,BIIB,BK,BKNG,BLK,BLL,BMY,BR,BRK.B,BSX,BWA,BXP,C,CAG,CAH,CAT,CB,CBOE,CBRE,CBS,CCI,CCL,CDNS,CE,CELG,CERN,CF,CFG,CHD,CHRW,CHTR,CI,CINF,CL,CLX,CMA,CMCSA,CME,CMG,CMI,CMS,CNC,CNP,COF,COG,COO,COP,COST,COTY,CPB,CPRI,CPRT,CRM,CSCO,CSX,CTAS,CTL,CTSH,CTXS,CVS,CVX,CXO,D,DAL,DE,DFS,DG,DGX,DHI,DHR,DIS,DISCA,DISCK,DISH,DLR,DLTR,DOV,DRE,DRI,DTE,DUK,DVA,DVN,DWDP,DXC,EA,EBAY,ECL,ED,EFX,EIX,EL,EMN,EMR,EOG,EQIX,EQR,ES,ESS,ETFC,ETN,ETR,EVRG,EW,EXC,EXPD,EXPE,EXR,F,FANG,FAST,FB,FBHS,FCX,FDX,FE,FFIV,FIS,FISV,FITB,FL,FLIR,FLR,FLS,FLT,FMC,FOX,FOXA,FRC,FRT,FTI,FTNT,FTV,GD,GE,GILD,GIS,GLW,GM,GOOG,GOOGL,GPC,GPN,GPS,GRMN,GS,GT,GWW,HAL,HAS,HBAN,HBI,HCA,HCP,HD,HES,HFC,HIG,HII,HLT,HOG,HOLX,HON,HP,HPE,HPQ,HRB,HRL,HRS,HSIC,HST,HSY,HUM,IBM,ICE,IDXX,IFF,ILMN,INCY,INFO,INTC,INTU,IP,IPG,IPGP,IQV,IR,IRM,ISRG,IT,ITW,IVZ,JBHT,JCI,JEC,JEF,JKHY,JNJ,JNPR,JPM,JWN,K,KEY,KEYS,KHC,KIM,KLAC,KMB,KMI,KMX,KO,KR,KSS,KSU,L,LB,LEG,LEN,LH,LIN,LKQ,LLL,LLY,LMT,LNC,LNT,LOW,LRCX,LUV,LW,LYB,M,MA,MAA,MAC,MAR,MAS,MAT,MCD,MCHP,MCK,MCO,MDLZ,MDT,MET,MGM,MHK,MKC,MLM,MMC,MMM,MNST,MO,MOS,MPC,MRK,MRO,MS,MSCI,MSFT,MSI,MTB,MTD,MU,MXIM,MYL,NBL,NCLH,NDAQ,NEE,NEM,NFLX,NI,NKE,NKTR,NLSN,NOC,NOV,NRG,NSC,NTAP,NTRS,NUE,NVDA,NWL,NWS,NWSA,O,OKE,OMC,ORCL,ORLY,OXY,PAYX,PBCT,PCAR,PEG,PEP,PFE,PFG,PG,PGR,PH,PHM,PKG,PKI,PLD,PM,PNC,PNR,PNW,PPG,PPL,PRGO,PRU,PSA,PSX,PVH,PWR,PXD,PYPL,QCOM,QRVO,RCL,RE,REG,REGN,RF,RHI,RHT,RJF,RL,RMD,ROK,ROL,ROP,ROST,RSG,RTN,SBAC,SBUX,SCHW,SEE,SHW,SIVB,SJM,SLB,SLG,SNA,SNPS,SO,SPG,SPGI,SRE,STI,STT,STX,STZ,SWK,SWKS,SYF,SYK,SYMC,SYY,T,TAP,TDG,TEL,TFX,TGT,TIF,TJX,TMK,TMO,TPR,TRIP,TROW,TRV,TSCO,TSN,TSS,TTWO,TWTR,TXN,TXT,UA,UAA,UAL,UDR,UHS,ULTA,UNH,UNM,UNP,UPS,URI,USB,UTX,V,VAR,VFC,VIAB,VLO,VMC,VNO,VRSK,VRSN,VRTX,VTR,VZ,WAT,WBA,WCG,WDC,WEC,WELL,WFC,WHR,WLTW,WM,WMB,WMT,WRK,WU,WY,WYNN,XEC,XEL,XLNX,XOM,XRAY,XRX,XYL,YUM,ZBH,ZION,ZTS"
2019-02-27,"A,AAL,AAP,AAPL,ABBV,ABC,ABMD,ABT,ACN,ADBE,ADI,ADM,ADP,ADS,ADSK,AEE,AEP,AES,AFL,AGN,AIG,AIV,AIZ,AJG,AKAM,ALB,ALGN,ALK,ALL,ALLE,ALXN,AMAT,AMD,AME,AMG,AMGN,AMP,AMT,AMZN,ANET,ANSS,ANTM,AON,AOS,APA,APC,APD,APH,APTV,ARE,ARNC,ATO,ATVI,AVB,AVGO,AVY,AWK,AXP,AZO,BA,BAC,BAX,BBT,BBY,BDX,BEN,BF.B,BHF,BHGE,BIIB,BK,BKNG,BLK,BLL,BMY,BR,BRK.B,BSX,BWA,BXP,C,CAG,CAH,CAT,CB,CBOE,CBRE,CBS,CCI,CCL,CDNS,CE,CELG,CERN,CF,CFG,CHD,CHRW,CHTR,CI,CINF,CL,CLX,CMA,CMCSA,CME,CMG,CMI,CMS,CNC,CNP,COF,COG,COO,COP,COST,COTY,CPB,CPRI,CPRT,CRM,CSCO,CSX,CTAS,CTL,CTSH,CTXS,CVS,CVX,CXO,D,DAL,DE,DFS,DG,DGX,DHI,DHR,DIS,DISCA,DISCK,DISH,DLR,DLTR,DOV,DRE,DRI,DTE,DUK,DVA,DVN,DWDP,DXC,EA,EBAY,ECL,ED,EFX,EIX,EL,EMN,EMR,EOG,EQIX,EQR,ES,ESS,ETFC,ETN,ETR,EVRG,EW,EXC,EXPD,EXPE,EXR,F,FANG,FAST,FB,FBHS,FCX,FDX,FE,FFIV,FIS,FISV,FITB,FL,FLIR,FLR,FLS,FLT,FMC,FOX,FOXA,FRC,FRT,FTI,FTNT,FTV,GD,GE,GILD,GIS,GLW,GM,GOOG,GOOGL,GPC,GPN,GPS,GRMN,GS,GWW,HAL,HAS,HBAN,HBI,HCA,HCP,HD,HES,HFC,HIG,HII,HLT,HOG,HOLX,HON,HP,HPE,HPQ,HRB,HRL,HRS,HSIC,HST,HSY,HUM,IBM,ICE,IDXX,IFF,ILMN,INCY,INFO,INTC,INTU,IP,IPG,IPGP,IQV,IR,IRM,ISRG,IT,ITW,IVZ,JBHT,JCI,JEC,JEF,JKHY,JNJ,JNPR,JPM,JWN,K,KEY,KEYS,KHC,KIM,KLAC,KMB,KMI,KMX,KO,KR,KSS,KSU,L,LB,LEG,LEN,LH,LIN,LKQ,LLL,LLY,LMT,LNC,LNT,LOW,LRCX,LUV,LW,LYB,M,MA,MAA,MAC,MAR,MAS,MAT,MCD,MCHP,MCK,MCO,MDLZ,MDT,MET,MGM,MHK,MKC,MLM,MMC,MMM,MNST,MO,MOS,MPC,MRK,MRO,MS,MSCI,MSFT,MSI,MTB,MTD,MU,MXIM,MYL,NBL,NCLH,NDAQ,NEE,NEM,NFLX,NI,NKE,NKTR,NLSN,NOC,NOV,NRG,NSC,NTAP,NTRS,NUE,NVDA,NWL,NWS,NWSA,O,OKE,OMC,ORCL,ORLY,OXY,PAYX,PBCT,PCAR,PEG,PEP,PFE,PFG,PG,PGR,PH,PHM,PKG,PKI,PLD,PM,PNC,PNR,PNW,PPG,PPL,PRGO,PRU,PSA,PSX,PVH,PWR,PXD,PYPL,QCOM,QRVO,RCL,RE,REG,REGN,RF,RHI,RHT,RJF,RL,RMD,ROK,ROL,ROP,ROST,RSG,RTN,SBAC,SBUX,SCHW,SEE,SHW,SIVB,SJM,SLB,SLG,SNA,SNPS,SO,SPG,SPGI,SRE,STI,STT,STX,STZ,SWK,SWKS,SYF,SYK,SYMC,SYY,T,TAP,TDG,TEL,TFX,TGT,TIF,TJX,TMK,TMO,TPR,TRIP,TROW,TRV,TSCO,TSN,TSS,TTWO,TWTR,TXN,TXT,UA,UAA,UAL,UDR,UHS,ULTA,UNH,UNM,UNP,UPS,URI,USB,UTX,V,VAR,VFC,VIAB,VLO,VMC,VNO,VRSK,VRSN,VRTX,VTR,VZ,WAB,WAT,WBA,WCG,WDC,WEC,WELL,WFC,WHR,WLTW,WM,WMB,WMT,WRK,WU,WY,WYNN,XEC,XEL,XLNX,XOM,XRAY,XRX,XYL,YUM,ZBH,ZION,ZTS"
2019-04-02,"A,AAL,AAP,AAPL,ABBV,ABC,ABMD,ABT,ACN,ADBE,ADI,ADM,ADP,ADS,ADSK,AEE,AEP,AES,AFL,AGN,AIG,AIV,AIZ,AJG,AKAM,ALB,ALGN,ALK,ALL,ALLE,ALXN,AMAT,AMD,AME,AMG,AMGN,AMP,AMT,AMZN,ANET,ANSS,ANTM,AON,AOS,APA,APC,APD,APH,APTV,ARE,ARNC,ATO,ATVI,AVB,AVGO,AVY,AWK,AXP,AZO,BA,BAC,BAX,BBT,BBY,BDX,BEN,BF.B,BHGE,BIIB,BK,BKNG,BLK,BLL,BMY,BR,BRK.B,BSX,BWA,BXP,C,CAG,CAH,CAT,CB,CBOE,CBRE,CBS,CCI,CCL,CDNS,CE,CELG,CERN,CF,CFG,CHD,CHRW,CHTR,CI,CINF,CL,CLX,CMA,CMCSA,CME,CMG,CMI,CMS,CNC,CNP,COF,COG,COO,COP,COST,COTY,CPB,CPRI,CPRT,CRM,CSCO,CSX,CTAS,CTL,CTSH,CTXS,CVS,CVX,CXO,D,DAL,DE,DFS,DG,DGX,DHI,DHR,DIS,DISCA,DISCK,DISH,DLR,DLTR,DOV,DOW,DRE,DRI,DTE,DUK,DVA,DVN,DWDP,DXC,EA,EBAY,ECL,ED,EFX,EIX,EL,EMN,EMR,EOG,EQIX,EQR,ES,ESS,ETFC,ETN,ETR,EVRG,EW,EXC,EXPD,EXPE,EXR,F,FANG,FAST,FB,FBHS,FCX,FDX,FE,FFIV,FIS,FISV,FITB,FL,FLIR,FLR,FLS,FLT,FMC,FOX,FOXA,FRC,FRT,FTI,FTNT,FTV,GD,GE,GILD,GIS,GLW,GM,GOOG,GOOGL,GPC,GPN,GPS,GRMN,GS,GWW,HAL,HAS,HBAN,HBI,HCA,HCP,HD,HES,HFC,HIG,HII,HLT,HOG,HOLX,HON,HP,HPE,HPQ,HRB,HRL,HRS,HSIC,HST,HSY,HUM,IBM,ICE,IDXX,IFF,ILMN,INCY,INFO,INTC,INTU,IP,IPG,IPGP,IQV,IR,IRM,ISRG,IT,ITW,IVZ,JBHT,JCI,JEC,JEF,JKHY,JNJ,JNPR,JPM,JWN,K,KEY,KEYS,KHC,KIM,KLAC,KMB,KMI,KMX,KO,KR,KSS,KSU,L,LB,LEG,LEN,LH,LIN,LKQ,LLL,LLY,LMT,LNC,LNT,LOW,LRCX,LUV,LW,LYB,M,MA,MAA,MAC,MAR,MAS,MAT,MCD,MCHP,MCK,MCO,MDLZ,MDT,MET,MGM,MHK,MKC,MLM,MMC,MMM,MNST,MO,MOS,MPC,MRK,MRO,MS,MSCI,MSFT,MSI,MTB,MTD,MU,MXIM,MYL,NBL,NCLH,NDAQ,NEE,NEM,NFLX,NI,NKE,NKTR,NLSN,NOC,NOV,NRG,NSC,NTAP,NTRS,NUE,NVDA,NWL,NWS,NWSA,O,OKE,OMC,ORCL,ORLY,OXY,PAYX,PBCT,PCAR,PEG,PEP,PFE,PFG,PG,PGR,PH,PHM,PKG,PKI,PLD,PM,PNC,PNR,PNW,PPG,PPL,PRGO,PRU,PSA,PSX,PVH,PWR,PXD,PYPL,QCOM,QRVO,RCL,RE,REG,REGN,RF,RHI,RHT,RJF,RL,RMD,ROK,ROL,ROP,ROST,RSG,RTN,SBAC,SBUX,SCHW,SEE,SHW,SIVB,SJM,SLB,SLG,SNA,SNPS,SO,SPG,SPGI,SRE,STI,STT,STX,STZ,SWK,SWKS,SYF,SYK,SYMC,SYY,T,TAP,TDG,TEL,TFX,TGT,TIF,TJX,TMK,TMO,TPR,TRIP,TROW,TRV,TSCO,TSN,TSS,TTWO,TWTR,TXN,TXT,UA,UAA,UAL,UDR,UHS,ULTA,UNH,UNM,UNP,UPS,URI,USB,UTX,V,VAR,VFC,VIAB,VLO,VMC,VNO,VRSK,VRSN,VRTX,VTR,VZ,WAB,WAT,WBA,WCG,WDC,WEC,WELL,WFC,WHR,WLTW,WM,WMB,WMT,WRK,WU,WY,WYNN,XEC,XEL,XLNX,XOM,XRAY,XRX,XYL,YUM,ZBH,ZION,ZTS"
2019-06-01,"A,AAL,AAP,AAPL,ABBV,ABC,ABMD,ABT,ACN,ADBE,ADI,ADM,ADP,ADS,ADSK,AEE,AEP,AES,AFL,AGN,AIG,AIV,AIZ,AJG,AKAM,ALB,ALGN,ALK,ALL,ALLE,ALXN,AMAT,AMD,AME,AMG,AMGN,AMP,AMT,AMZN,ANET,ANSS,ANTM,AON,AOS,APA,APC,APD,APH,APTV,ARE,ARNC,ATO,ATVI,AVB,AVGO,AVY,AWK,AXP,AZO,BA,BAC,BAX,BBT,BBY,BDX,BEN,BF.B,BHGE,BIIB,BK,BKNG,BLK,BLL,BMY,BR,BRK.B,BSX,BWA,BXP,C,CAG,CAH,CAT,CB,CBOE,CBRE,CBS,CCI,CCL,CDNS,CE,CELG,CERN,CF,CFG,CHD,CHRW,CHTR,CI,CINF,CL,CLX,CMA,CMCSA,CME,CMG,CMI,CMS,CNC,CNP,COF,COG,COO,COP,COST,COTY,CPB,CPRI,CPRT,CRM,CSCO,CSX,CTAS,CTL,CTSH,CTXS,CVS,CVX,CXO,D,DAL,DE,DFS,DG,DGX,DHI,DHR,DIS,DISCA,DISCK,DISH,DLR,DLTR,DOV,DOW,DRE,DRI,DTE,DUK,DVA,DVN,DWDP,DXC,EA,EBAY,ECL,ED,EFX,EIX,EL,EMN,EMR,EOG,EQIX,EQR,ES,ESS,ETFC,ETN,ETR,EVRG,EW,EXC,EXPD,EXPE,EXR,F,FANG,FAST,FB,FBHS,FCX,FDX,FE,FFIV,FIS,FISV,FITB,FL,FLIR,FLR,FLS,FLT,FMC,FOX,FOXA,FRC,FRT,FTI,FTNT,FTV,GD,GE,GILD,GIS,GLW,GM,GOOG,GOOGL,GPC,GPN,GPS,GRMN,GS,GWW,HAL,HAS,HBAN,HBI,HCA,HCP,HD,HES,HFC,HIG,HII,HLT,HOG,HOLX,HON,HP,HPE,HPQ,HRB,HRL,HSIC,HST,HSY,HUM,IBM,ICE,IDXX,IFF,ILMN,INCY,INFO,INTC,INTU,IP,IPG,IPGP,IQV,IR,IRM,ISRG,IT,ITW,IVZ,JBHT,JCI,JEC,JEF,JKHY,JNJ,JNPR,JPM,JWN,K,KEY,KEYS,KHC,KIM,KLAC,KMB,KMI,KMX,KO,KR,KSS,KSU,L,LB,LEG,LEN,LH,LHX,LIN,LKQ,LLL,LLY,LMT,LNC,LNT,LOW,LRCX,LUV,LW,LYB,M,MA,MAA,MAC,MAR,MAS,MAT,MCD,MCHP,MCK,MCO,MDLZ,MDT,MET,MGM,MHK,MKC,MLM,MMC,MMM,MNST,MO,MOS,MPC,MRK,MRO,MS,MSCI,MSFT,MSI,MTB,MTD,MU,MXIM,MYL,NBL,NCLH,NDAQ,NEE,NEM,NFLX,NI,NKE,NKTR,NLSN,NOC,NOV,NRG,NSC,NTAP,NTRS,NUE,NVDA,NWL,NWS,NWSA,O,OKE,OMC,ORCL,ORLY,OXY,PAYX,PBCT,PCAR,PEG,PEP,PFE,PFG,PG,PGR,PH,PHM,PKG,PKI,PLD,PM,PNC,PNR,PNW,PPG,PPL,PRGO,PRU,PSA,PSX,PVH,PWR,PXD,PYPL,QCOM,QRVO,RCL,RE,REG,REGN,RF,RHI,RHT,RJF,RL,RMD,ROK,ROL,ROP,ROST,RSG,RTN,SBAC,SBUX,SCHW,SEE,SHW,SIVB,SJM,SLB,SLG,SNA,SNPS,SO,SPG,SPGI,SRE,STI,STT,STX,STZ,SWK,SWKS,SYF,SYK,SYMC,SYY,T,TAP,TDG,TEL,TFX,TGT,TIF,TJX,TMK,TMO,TPR,TRIP,TROW,TRV,TSCO,TSN,TSS,TTWO,TWTR,TXN,TXT,UA,UAA,UAL,UDR,UHS,ULTA,UNH,UNM,UNP,UPS,URI,USB,UTX,V,VAR,VFC,VIAB,VLO,VMC,VNO,VRSK,VRSN,VRTX,VTR,VZ,WAB,WAT,WBA,WCG,WDC,WEC,WELL,WFC,WHR,WLTW,WM,WMB,WMT,WRK,WU,WY,WYNN,XEC,XEL,XLNX,XOM,XRAY,XRX,XYL,YUM,ZBH,ZION,ZTS"
2019-06-03,"A,AAL,AAP,AAPL,ABBV,ABC,ABMD,ABT,ACN,ADBE,ADI,ADM,ADP,ADS,ADSK,AEE,AEP,AES,AFL,AGN,AIG,AIV,AIZ,AJG,AKAM,ALB,ALGN,ALK,ALL,ALLE,ALXN,AMAT,AMD,AME,AMG,AMGN,AMP,AMT,AMZN,ANET,ANSS,ANTM,AON,AOS,APA,APC,APD,APH,APTV,ARE,ARNC,ATO,ATVI,AVB,AVGO,AVY,AWK,AXP,AZO,BA,BAC,BAX,BBT,BBY,BDX,BEN,BF.B,BHGE,BIIB,BK,BKNG,BLK,BLL,BMY,BR,BRK.B,BSX,BWA,BXP,C,CAG,CAH,CAT,CB,CBOE,CBRE,CBS,CCI,CCL,CDNS,CE,CELG,CERN,CF,CFG,CHD,CHRW,CHTR,CI,CINF,CL,CLX,CMA,CMCSA,CME,CMG,CMI,CMS,CNC,CNP,COF,COG,COO,COP,COST,COTY,CPB,CPRI,CPRT,CRM,CSCO,CSX,CTAS,CTL,CTSH,CTVA,CTXS,CVS,CVX,CXO,D,DAL,DD,DE,DFS,DG,DGX,DHI,DHR,DIS,DISCA,DISCK,DISH,DLR,DLTR,DOV,DOW,DRE,DRI,DTE,DUK,DVA,DVN,DXC,EA,EBAY,ECL,ED,EFX,EIX,EL,EMN,EMR,EOG,EQIX,EQR,ES,ESS,ETFC,ETN,ETR,EVRG,EW,EXC,EXPD,EXPE,EXR,F,FANG,FAST,FB,FBHS,FCX,FDX,FE,FFIV,FIS,FISV,FITB,FL,FLIR,FLS,FLT,FMC,FOX,FOXA,FRC,FRT,FTI,FTNT,FTV,GD,GE,GILD,GIS,GLW,GM,GOOG,GOOGL,GPC,GPN,GPS,GRMN,GS,GWW,HAL,HAS,HBAN,HBI,HCA,HCP,HD,HES,HFC,HIG,HII,HLT,HOG,HOLX,HON,HP,HPE,HPQ,HRB,HRL,HSIC,HST,HSY,HUM,IBM,ICE,IDXX,IFF,ILMN,INCY,INFO,INTC,INTU,IP,IPG,IPGP,IQV,IR,IRM,ISRG,IT,ITW,IVZ,JBHT,JCI,JEC,JEF,JKHY,JNJ,JNPR,JPM,JWN,K,KEY,KEYS,KHC,KIM,KLAC,KMB,KMI,KMX,KO,KR,KSS,KSU,L,LB,LEG,LEN,LH,LHX,LIN,LKQ,LLL,LLY,LMT,LNC,LNT,LOW,LRCX,LUV,LW,LYB,M,MA,MAA,MAC,MAR,MAS,MAT,MCD,MCHP,MCK,MCO,MDLZ,MDT,MET,MGM,MHK,MKC,MLM,MMC,MMM,MNST,MO,MOS,MPC,MRK,MRO,MS,MSCI,MSFT,MSI,MTB,MTD,MU,MXIM,MYL,NBL,NCLH,NDAQ,NEE,NEM,NFLX,NI,NKE,NKTR,NLSN,NOC,NOV,NRG,NSC,NTAP,NTRS,NUE,NVDA,NWL,NWS,NWSA,O,OKE,OMC,ORCL,ORLY,OXY,PAYX,PBCT,PCAR,PEG,PEP,PFE,PFG,PG,PGR,PH,PHM,PKG,PKI,PLD,PM,PNC,PNR,PNW,PPG,PPL,PRGO,PRU,PSA,PSX,PVH,PWR,PXD,PYPL,QCOM,QRVO,RCL,RE,REG,REGN,RF,RHI,RHT,RJF,RL,RMD,ROK,ROL,ROP,ROST,RSG,RTN,SBAC,SBUX,SCHW,SEE,SHW,SIVB,SJM,SLB,SLG,SNA,SNPS,SO,SPG,SPGI,SRE,STI,STT,STX,STZ,SWK,SWKS,SYF,SYK,SYMC,SYY,T,TAP,TDG,TEL,TFX,TGT,TIF,TJX,TMK,TMO,TPR,TRIP,TROW,TRV,TSCO,TSN,TSS,TTWO,TWTR,TXN,TXT,UA,UAA,UAL,UDR,UHS,ULTA,UNH,UNM,UNP,UPS,URI,USB,UTX,V,VAR,VFC,VIAB,VLO,VMC,VNO,VRSK,VRSN,VRTX,VTR,VZ,WAB,WAT,WBA,WCG,WDC,WEC,WELL,WFC,WHR,WLTW,WM,WMB,WMT,WRK,WU,WY,WYNN,XEC,XEL,XLNX,XOM,XRAY,XRX,XYL,YUM,ZBH,ZION,ZTS"
2019-06-07,"A,AAL,AAP,AAPL,ABBV,ABC,ABMD,ABT,ACN,ADBE,ADI,ADM,ADP,ADS,ADSK,AEE,AEP,AES,AFL,AGN,AIG,AIV,AIZ,AJG,AKAM,ALB,ALGN,ALK,ALL,ALLE,ALXN,AMAT,AMCR,AMD,AME,AMG,AMGN,AMP,AMT,AMZN,ANET,ANSS,ANTM,AON,AOS,APA,APC,APD,APH,APTV,ARE,ARNC,ATO,ATVI,AVB,AVGO,AVY,AWK,AXP,AZO,BA,BAC,BAX,BBT,BBY,BDX,BEN,BF.B,BHGE,BIIB,BK,BKNG,BLK,BLL,BMY,BR,BRK.B,BSX,BWA,BXP,C,CAG,CAH,CAT,CB,CBOE,CBRE,CBS,CCI,CCL,CDNS,CE,CELG,CERN,CF,CFG,CHD,CHRW,CHTR,CI,CINF,CL,CLX,CMA,CMCSA,CME,CMG,CMI,CMS,CNC,CNP,COF,COG,COO,COP,COST,COTY,CPB,CPRI,CPRT,CRM,CSCO,CSX,CTAS,CTL,CTSH,CTVA,CTXS,CVS,CVX,CXO,D,DAL,DD,DE,DFS,DG,DGX,DHI,DHR,DIS,DISCA,DISCK,DISH,DLR,DLTR,DOV,DOW,DRE,DRI,DTE,DUK,DVA,DVN,DXC,EA,EBAY,ECL,ED,EFX,EIX,EL,EMN,EMR,EOG,EQIX,EQR,ES,ESS,ETFC,ETN,ETR,EVRG,EW,EXC,EXPD,EXPE,EXR,F,FANG,FAST,FB,FBHS,FCX,FDX,FE,FFIV,FIS,FISV,FITB,FL,FLIR,FLS,FLT,FMC,FOX,FOXA,FRC,FRT,FTI,FTNT,FTV,GD,GE,GILD,GIS,GLW,GM,GOOG,GOOGL,GPC,GPN,GPS,GRMN,GS,GWW,HAL,HAS,HBAN,HBI,HCA,HCP,HD,HES,HFC,HIG,HII,HLT,HOG,HOLX,HON,HP,HPE,HPQ,HRB,HRL,HSIC,HST,HSY,HUM,IBM,ICE,IDXX,IFF,ILMN,INCY,INFO,INTC,INTU,IP,IPG,IPGP,IQV,IR,IRM,ISRG,IT,ITW,IVZ,JBHT,JCI,JEC,JEF,JKHY,JNJ,JNPR,JPM,JWN,K,KEY,KEYS,KHC,KIM,KLAC,KMB,KMI,KMX,KO,KR,KSS,KSU,L,LB,LEG,LEN,LH,LHX,LIN,LKQ,LLL,LLY,LMT,LNC,LNT,LOW,LRCX,LUV,LW,LYB,M,MA,MAA,MAC,MAR,MAS,MCD,MCHP,MCK,MCO,MDLZ,MDT,MET,MGM,MHK,MKC,MLM,MMC,MMM,MNST,MO,MOS,MPC,MRK,MRO,MS,MSCI,MSFT,MSI,MTB,MTD,MU,MXIM,MYL,NBL,NCLH,NDAQ,NEE,NEM,NFLX,NI,NKE,NKTR,NLSN,NOC,NOV,NRG,NSC,NTAP,NTRS,NUE,NVDA,NWL,NWS,NWSA,O,OKE,OMC,ORCL,ORLY,OXY,PAYX,PBCT,PCAR,PEG,PEP,PFE,PFG,PG,PGR,PH,PHM,PKG,PKI,PLD,PM,PNC,PNR,PNW,PPG,PPL,PRGO,PRU,PSA,PSX,PVH,PWR,PXD,PYPL,QCOM,QRVO,RCL,RE,REG,REGN,RF,RHI,RHT,RJF,RL,RMD,ROK,ROL,ROP,ROST,RSG,RTN,SBAC,SBUX,SCHW,SEE,SHW,SIVB,SJM,SLB,SLG,SNA,SNPS,SO,SPG,SPGI,SRE,STI,STT,STX,STZ,SWK,SWKS,SYF,SYK,SYMC,SYY,T,TAP,TDG,TEL,TFX,TGT,TIF,TJX,TMK,TMO,TPR,TRIP,TROW,TRV,TSCO,TSN,TSS,TTWO,TWTR,TXN,TXT,UA,UAA,UAL,UDR,UHS,ULTA,UNH,UNM,UNP,UPS,URI,USB,UTX,V,VAR,VFC,VIAB,VLO,VMC,VNO,VRSK,VRSN,VRTX,VTR,VZ,WAB,WAT,WBA,WCG,WDC,WEC,WELL,WFC,WHR,WLTW,WM,WMB,WMT,WRK,WU,WY,WYNN,XEC,XEL,XLNX,XOM,XRAY,XRX,XYL,YUM,ZBH,ZION,ZTS"
2019-07-01,"A,AAL,AAP,AAPL,ABBV,ABC,ABMD,ABT,ACN,ADBE,ADI,ADM,ADP,ADS,ADSK,AEE,AEP,AES,AFL,AGN,AIG,AIV,AIZ,AJG,AKAM,ALB,ALGN,ALK,ALL,ALLE,ALXN,AMAT,AMCR,AMD,AME,AMG,AMGN,AMP,AMT,AMZN,ANET,ANSS,ANTM,AON,AOS,APA,APC,APD,APH,APTV,ARE,ARNC,ATO,ATVI,AVB,AVGO,AVY,AWK,AXP,AZO,BA,BAC,BAX,BBT,BBY,BDX,BEN,BF.B,BHGE,BIIB,BK,BKNG,BLK,BLL,BMY,BR,BRK.B,BSX,BWA,BXP,C,CAG,CAH,CAT,CB,CBOE,CBRE,CBS,CCI,CCL,CDNS,CE,CELG,CERN,CF,CFG,CHD,CHRW,CHTR,CI,CINF,CL,CLX,CMA,CMCSA,CME,CMG,CMI,CMS,CNC,CNP,COF,COG,COO,COP,COST,COTY,CPB,CPRI,CPRT,CRM,CSCO,CSX,CTAS,CTL,CTSH,CTVA,CTXS,CVS,CVX,CXO,D,DAL,DD,DE,DFS,DG,DGX,DHI,DHR,DIS,DISCA,DISCK,DISH,DLR,DLTR,DOV,DOW,DRE,DRI,DTE,DUK,DVA,DVN,DXC,EA,EBAY,ECL,ED,EFX,EIX,EL,EMN,EMR,EOG,EQIX,EQR,ES,ESS,ETFC,ETN,ETR,EVRG,EW,EXC,EXPD,EXPE,EXR,F,FANG,FAST,FB,FBHS,FCX,FDX,FE,FFIV,FIS,FISV,FITB,FL,FLIR,FLS,FLT,FMC,FOX,FOXA,FRC,FRT,FTI,FTNT,FTV,GD,GE,GILD,GIS,GLW,GM,GOOG,GOOGL,GPC,GPN,GPS,GRMN,GS,GWW,HAL,HAS,HBAN,HBI,HCA,HCP,HD,HES,HFC,HIG,HII,HLT,HOG,HOLX,HON,HP,HPE,HPQ,HRB,HRL,HSIC,HST,HSY,HUM,IBM,ICE,IDXX,IFF,ILMN,INCY,INFO,INTC,INTU,IP,IPG,IPGP,IQV,IR,IRM,ISRG,IT,ITW,IVZ,JBHT,JCI,JEC,JEF,JKHY,JNJ,JNPR,JPM,JWN,K,KEY,KEYS,KHC,KIM,KLAC,KMB,KMI,KMX,KO,KR,KSS,KSU,L,LB,LEG,LEN,LH,LHX,LIN,LKQ,LLY,LMT,LNC,LNT,LOW,LRCX,LUV,LW,LYB,M,MA,MAA,MAC,MAR,MAS,MCD,MCHP,MCK,MCO,MDLZ,MDT,MET,MGM,MHK,MKC,MKTX,MLM,MMC,MMM,MNST,MO,MOS,MPC,MRK,MRO,MS,MSCI,MSFT,MSI,MTB,MTD,MU,MXIM,MYL,NBL,NCLH,NDAQ,NEE,NEM,NFLX,NI,NKE,NKTR,NLSN,NOC,NOV,NRG,NSC,NTAP,NTRS,NUE,NVDA,NWL,NWS,NWSA,O,OKE,OMC,ORCL,ORLY,OXY,PAYX,PBCT,PCAR,PEG,PEP,PFE,PFG,PG,PGR,PH,PHM,PKG,PKI,PLD,PM,PNC,PNR,PNW,PPG,PPL,PRGO,PRU,PSA,PSX,PVH,PWR,PXD,PYPL,QCOM,QRVO,RCL,RE,REG,REGN,RF,RHI,RHT,RJF,RL,RMD,ROK,ROL,ROP,ROST,RSG,RTN,SBAC,SBUX,SCHW,SEE,SHW,SIVB,SJM,SLB,SLG,SNA,SNPS,SO,SPG,SPGI,SRE,STI,STT,STX,STZ,SWK,SWKS,SYF,SYK,SYMC,SYY,T,TAP,TDG,TEL,TFX,TGT,TIF,TJX,TMK,TMO,TPR,TRIP,TROW,TRV,TSCO,TSN,TSS,TTWO,TWTR,TXN,TXT,UA,UAA,UAL,UDR,UHS,ULTA,UNH,UNM,UNP,UPS,URI,USB,UTX,V,VAR,VFC,VIAB,VLO,VMC,VNO,VRSK,VRSN,VRTX,VTR,VZ,WAB,WAT,WBA,WCG,WDC,WEC,WELL,WFC,WHR,WLTW,WM,WMB,WMT,WRK,WU,WY,WYNN,XEC,XEL,XLNX,XOM,XRAY,XRX,XYL,YUM,ZBH,ZION,ZTS"
2019-07-15,"A,AAL,AAP,AAPL,ABBV,ABC,ABMD,ABT,ACN,ADBE,ADI,ADM,ADP,ADS,ADSK,AEE,AEP,AES,AFL,AGN,AIG,AIV,AIZ,AJG,AKAM,ALB,ALGN,ALK,ALL,ALLE,ALXN,AMAT,AMCR,AMD,AME,AMG,AMGN,AMP,AMT,AMZN,ANET,ANSS,ANTM,AON,AOS,APA,APC,APD,APH,APTV,ARE,ARNC,ATO,ATVI,AVB,AVGO,AVY,AWK,AXP,AZO,BA,BAC,BAX,BBT,BBY,BDX,BEN,BF.B,BHGE,BIIB,BK,BKNG,BLK,BLL,BMY,BR,BRK.B,BSX,BWA,BXP,C,CAG,CAH,CAT,CB,CBOE,CBRE,CBS,CCI,CCL,CDNS,CE,CELG,CERN,CF,CFG,CHD,CHRW,CHTR,CI,CINF,CL,CLX,CMA,CMCSA,CME,CMG,CMI,CMS,CNC,CNP,COF,COG,COO,COP,COST,COTY,CPB,CPRI,CPRT,CRM,CSCO,CSX,CTAS,CTL,CTSH,CTVA,CTXS,CVS,CVX,CXO,D,DAL,DD,DE,DFS,DG,DGX,DHI,DHR,DIS,DISCA,DISCK,DISH,DLR,DLTR,DOV,DOW,DRE,DRI,DTE,DUK,DVA,DVN,DXC,EA,EBAY,ECL,ED,EFX,EIX,EL,EMN,EMR,EOG,EQIX,EQR,ES,ESS,ETFC,ETN,ETR,EVRG,EW,EXC,EXPD,EXPE,EXR,F,FANG,FAST,FB,FBHS,FCX,FDX,FE,FFIV,FIS,FISV,FITB,FL,FLIR,FLS,FLT,FMC,FOX,FOXA,FRC,FRT,FTI,FTNT,FTV,GD,GE,GILD,GIS,GLW,GM,GOOG,GOOGL,GPC,GPN,GPS,GRMN,GS,GWW,HAL,HAS,HBAN,HBI,HCA,HCP,HD,HES,HFC,HIG,HII,HLT,HOG,HOLX,HON,HP,HPE,HPQ,HRB,HRL,HSIC,HST,HSY,HUM,IBM,ICE,IDXX,IFF,ILMN,INCY,INFO,INTC,INTU,IP,IPG,IPGP,IQV,IR,IRM,ISRG,IT,ITW,IVZ,JBHT,JCI,JEC,JEF,JKHY,JNJ,JNPR,JPM,JWN,K,KEY,KEYS,KHC,KIM,KLAC,KMB,KMI,KMX,KO,KR,KSS,KSU,L,LB,LEG,LEN,LH,LHX,LIN,LKQ,LLY,LMT,LNC,LNT,LOW,LRCX,LUV,LW,LYB,M,MA,MAA,MAC,MAR,MAS,MCD,MCHP,MCK,MCO,MDLZ,MDT,MET,MGM,MHK,MKC,MKTX,MLM,MMC,MMM,MNST,MO,MOS,MPC,MRK,MRO,MS,MSCI,MSFT,MSI,MTB,MTD,MU,MXIM,MYL,NBL,NCLH,NDAQ,NEE,NEM,NFLX,NI,NKE,NKTR,NLSN,NOC,NOV,NRG,NSC,NTAP,NTRS,NUE,NVDA,NWL,NWS,NWSA,O,OKE,OMC,ORCL,ORLY,OXY,PAYX,PBCT,PCAR,PEG,PEP,PFE,PFG,PG,PGR,PH,PHM,PKG,PKI,PLD,PM,PNC,PNR,PNW,PPG,PPL,PRGO,PRU,PSA,PSX,PVH,PWR,PXD,PYPL,QCOM,QRVO,RCL,RE,REG,REGN,RF,RHI,RJF,RL,RMD,ROK,ROL,ROP,ROST,RSG,RTN,SBAC,SBUX,SCHW,SEE,SHW,SIVB,SJM,SLB,SLG,SNA,SNPS,SO,SPG,SPGI,SRE,STI,STT,STX,STZ,SWK,SWKS,SYF,SYK,SYMC,SYY,T,TAP,TDG,TEL,TFX,TGT,TIF,TJX,TMK,TMO,TMUS,TPR,TRIP,TROW,TRV,TSCO,TSN,TSS,TTWO,TWTR,TXN,TXT,UA,UAA,UAL,UDR,UHS,ULTA,UNH,UNM,UNP,UPS,URI,USB,UTX,V,VAR,VFC,VIAB,VLO,VMC,VNO,VRSK,VRSN,VRTX,VTR,VZ,WAB,WAT,WBA,WCG,WDC,WEC,WELL,WFC,WHR,WLTW,WM,WMB,WMT,WRK,WU,WY,WYNN,XEC,XEL,XLNX,XOM,XRAY,XRX,XYL,YUM,ZBH,ZION,ZTS"
2019-08-08,"A,AAL,AAP,AAPL,ABBV,ABC,ABMD,ABT,ACN,ADBE,ADI,ADM,ADP,ADS,ADSK,AEE,AEP,AES,AFL,AGN,AIG,AIV,AIZ,AJG,AKAM,ALB,ALGN,ALK,ALL,ALLE,ALXN,AMAT,AMCR,AMD,AME,AMG,AMGN,AMP,AMT,AMZN,ANET,ANSS,ANTM,AON,AOS,APA,APC,APD,APH,APTV,ARE,ARNC,ATO,ATVI,AVB,AVGO,AVY,AWK,AXP,AZO,BA,BAC,BAX,BBT,BBY,BDX,BEN,BF.B,BHGE,BIIB,BK,BKNG,BLK,BLL,BMY,BR,BRK.B,BSX,BWA,BXP,C,CAG,CAH,CAT,CB,CBOE,CBRE,CBS,CCI,CCL,CDNS,CE,CELG,CERN,CF,CFG,CHD,CHRW,CHTR,CI,CINF,CL,CLX,CMA,CMCSA,CME,CMG,CMI,CMS,CNC,CNP,COF,COG,COO,COP,COST,COTY,CPB,CPRI,CPRT,CRM,CSCO,CSX,CTAS,CTL,CTSH,CTVA,CTXS,CVS,CVX,CXO,D,DAL,DD,DE,DFS,DG,DGX,DHI,DHR,DIS,DISCA,DISCK,DISH,DLR,DLTR,DOV,DOW,DRE,DRI,DTE,DUK,DVA,DVN,DXC,EA,EBAY,ECL,ED,EFX,EIX,EL,EMN,EMR,EOG,EQIX,EQR,ES,ESS,ETFC,ETN,ETR,EVRG,EW,EXC,EXPD,EXPE,EXR,F,FANG,FAST,FB,FBHS,FCX,FDX,FE,FFIV,FIS,FISV,FITB,FL,FLIR,FLS,FLT,FMC,FOX,FOXA,FRC,FRT,FTI,FTNT,FTV,GD,GE,GILD,GIS,GL,GLW,GM,GOOG,GOOGL,GPC,GPN,GPS,GRMN,GS,GWW,HAL,HAS,HBAN,HBI,HCA,HCP,HD,HES,HFC,HIG,HII,HLT,HOG,HOLX,HON,HP,HPE,HPQ,HRB,HRL,HSIC,HST,HSY,HUM,IBM,ICE,IDXX,IFF,ILMN,INCY,INFO,INTC,INTU,IP,IPG,IPGP,IQV,IR,IRM,ISRG,IT,ITW,IVZ,JBHT,JCI,JEC,JEF,JKHY,JNJ,JNPR,JPM,JWN,K,KEY,KEYS,KHC,KIM,KLAC,KMB,KMI,KMX,KO,KR,KSS,KSU,L,LB,LEG,LEN,LH,LHX,LIN,LKQ,LLY,LMT,LNC,LNT,LOW,LRCX,LUV,LW,LYB,M,MA,MAA,MAC,MAR,MAS,MCD,MCHP,MCK,MCO,MDLZ,MDT,MET,MGM,MHK,MKC,MKTX,MLM,MMC,MMM,MNST,MO,MOS,MPC,MRK,MRO,MS,MSCI,MSFT,MSI,MTB,MTD,MU,MXIM,MYL,NBL,NCLH,NDAQ,NEE,NEM,NFLX,NI,NKE,NKTR,NLSN,NOC,NOV,NRG,NSC,NTAP,NTRS,NUE,NVDA,NWL,NWS,NWSA,O,OKE,OMC,ORCL,ORLY,OXY,PAYX,PBCT,PCAR,PEG,PEP,PFE,PFG,PG,PGR,PH,PHM,PKG,PKI,PLD,PM,PNC,PNR,PNW,PPG,PPL,PRGO,PRU,PSA,PSX,PVH,PWR,PXD,PYPL,QCOM,QRVO,RCL,RE,REG,REGN,RF,RHI,RJF,RL,RMD,ROK,ROL,ROP,ROST,RSG,RTN,SBAC,SBUX,SCHW,SEE,SHW,SIVB,SJM,SLB,SLG,SNA,SNPS,SO,SPG,SPGI,SRE,STI,STT,STX,STZ,SWK,SWKS,SYF,SYK,SYMC,SYY,T,TAP,TDG,TEL,TFX,TGT,TIF,TJX,TMO,TMUS,TPR,TRIP,TROW,TRV,TSCO,TSN,TSS,TTWO,TWTR,TXN,TXT,UA,UAA,UAL,UDR,UHS,ULTA,UNH,UNM,UNP,UPS,URI,USB,UTX,V,VAR,VFC,VIAB,VLO,VMC,VNO,VRSK,VRSN,VRTX,VTR,VZ,WAB,WAT,WBA,WCG,WDC,WEC,WELL,WFC,WHR,WLTW,WM,WMB,WMT,WRK,WU,WY,WYNN,XEC,XEL,XLNX,XOM,XRAY,XRX,XYL,YUM,ZBH,ZION,ZTS"
2019-08-09,"A,AAL,AAP,AAPL,ABBV,ABC,ABMD,ABT,ACN,ADBE,ADI,ADM,ADP,ADS,ADSK,AEE,AEP,AES,AFL,AGN,AIG,AIV,AIZ,AJG,AKAM,ALB,ALGN,ALK,ALL,ALLE,ALXN,AMAT,AMCR,AMD,AME,AMG,AMGN,AMP,AMT,AMZN,ANET,ANSS,ANTM,AON,AOS,APA,APD,APH,APTV,ARE,ARNC,ATO,ATVI,AVB,AVGO,AVY,AWK,AXP,AZO,BA,BAC,BAX,BBT,BBY,BDX,BEN,BF.B,BHGE,BIIB,BK,BKNG,BLK,BLL,BMY,BR,BRK.B,BSX,BWA,BXP,C,CAG,CAH,CAT,CB,CBOE,CBRE,CBS,CCI,CCL,CDNS,CE,CELG,CERN,CF,CFG,CHD,CHRW,CHTR,CI,CINF,CL,CLX,CMA,CMCSA,CME,CMG,CMI,CMS,CNC,CNP,COF,COG,COO,COP,COST,COTY,CPB,CPRI,CPRT,CRM,CSCO,CSX,CTAS,CTL,CTSH,CTVA,CTXS,CVS,CVX,CXO,D,DAL,DD,DE,DFS,DG,DGX,DHI,DHR,DIS,DISCA,DISCK,DISH,DLR,DLTR,DOV,DOW,DRE,DRI,DTE,DUK,DVA,DVN,DXC,EA,EBAY,ECL,ED,EFX,EIX,EL,EMN,EMR,EOG,EQIX,EQR,ES,ESS,ETFC,ETN,ETR,EVRG,EW,EXC,EXPD,EXPE,EXR,F,FANG,FAST,FB,FBHS,FCX,FDX,FE,FFIV,FIS,FISV,FITB,FLIR,FLS,FLT,FMC,FOX,FOXA,FRC,FRT,FTI,FTNT,FTV,GD,GE,GILD,GIS,GL,GLW,GM,GOOG,GOOGL,GPC,GPN,GPS,GRMN,GS,GWW,HAL,HAS,HBAN,HBI,HCA,HCP,HD,HES,HFC,HIG,HII,HLT,HOG,HOLX,HON,HP,HPE,HPQ,HRB,HRL,HSIC,HST,HSY,HUM,IBM,ICE,IDXX,IEX,IFF,ILMN,INCY,INFO,INTC,INTU,IP,IPG,IPGP,IQV,IR,IRM,ISRG,IT,ITW,IVZ,JBHT,JCI,JEC,JEF,JKHY,JNJ,JNPR,JPM,JWN,K,KEY,KEYS,KHC,KIM,KLAC,KMB,KMI,KMX,KO,KR,KSS,KSU,L,LB,LDOS,LEG,LEN,LH,LHX,LIN,LKQ,LLY,LMT,LNC,LNT,LOW,LRCX,LUV,LW,LYB,M,MA,MAA,MAC,MAR,MAS,MCD,MCHP,MCK,MCO,MDLZ,MDT,MET,MGM,MHK,MKC,MKTX,MLM,MMC,MMM,MNST,MO,MOS,MPC,MRK,MRO,MS,MSCI,MSFT,MSI,MTB,MTD,MU,MXIM,MYL,NBL,NCLH,NDAQ,NEE,NEM,NFLX,NI,NKE,NKTR,NLSN,NOC,NOV,NRG,NSC,NTAP,NTRS,NUE,NVDA,NWL,NWS,NWSA,O,OKE,OMC,ORCL,ORLY,OXY,PAYX,PBCT,PCAR,PEG,PEP,PFE,PFG,PG,PGR,PH,PHM,PKG,PKI,PLD,PM,PNC,PNR,PNW,PPG,PPL,PRGO,PRU,PSA,PSX,PVH,PWR,PXD,PYPL,QCOM,QRVO,RCL,RE,REG,REGN,RF,RHI,RJF,RL,RMD,ROK,ROL,ROP,ROST,RSG,RTN,SBAC,SBUX,SCHW,SEE,SHW,SIVB,SJM,SLB,SLG,SNA,SNPS,SO,SPG,SPGI,SRE,STI,STT,STX,STZ,SWK,SWKS,SYF,SYK,SYMC,SYY,T,TAP,TDG,TEL,TFX,TGT,TIF,TJX,TMO,TMUS,TPR,TRIP,TROW,TRV,TSCO,TSN,TSS,TTWO,TWTR,TXN,TXT,UA,UAA,UAL,UDR,UHS,ULTA,UNH,UNM,UNP,UPS,URI,USB,UTX,V,VAR,VFC,VIAB,VLO,VMC,VNO,VRSK,VRSN,VRTX,VTR,VZ,WAB,WAT,WBA,WCG,WDC,WEC,WELL,WFC,WHR,WLTW,WM,WMB,WMT,WRK,WU,WY,WYNN,XEC,XEL,XLNX,XOM,XRAY,XRX,XYL,YUM,ZBH,ZION,ZTS"
2019-09-23,"A,AAL,AAP,AAPL,ABBV,ABC,ABMD,ABT,ACN,ADBE,ADI,ADM,ADP,ADS,ADSK,AEE,AEP,AES,AFL,AGN,AIG,AIV,AIZ,AJG,AKAM,ALB,ALGN,ALK,ALL,ALLE,ALXN,AMAT,AMCR,AMD,AME,AMG,AMGN,AMP,AMT,AMZN,ANET,ANSS,ANTM,AON,AOS,APA,APD,APH,APTV,ARE,ARNC,ATO,ATVI,AVB,AVGO,AVY,AWK,AXP,AZO,BA,BAC,BAX,BBT,BBY,BDX,BEN,BF.B,BHGE,BIIB,BK,BKNG,BLK,BLL,BMY,BR,BRK.B,BSX,BWA,BXP,C,CAG,CAH,CAT,CB,CBOE,CBRE,CBS,CCI,CCL,CDNS,CDW,CE,CELG,CERN,CF,CFG,CHD,CHRW,CHTR,CI,CINF,CL,CLX,CMA,CMCSA,CME,CMG,CMI,CMS,CNC,CNP,COF,COG,COO,COP,COST,COTY,CPB,CPRI,CPRT,CRM,CSCO,CSX,CTAS,CTL,CTSH,CTVA,CTXS,CVS,CVX,CXO,D,DAL,DD,DE,DFS,DG,DGX,DHI,DHR,DIS,DISCA,DISCK,DISH,DLR,DLTR,DOV,DOW,DRE,DRI,DTE,DUK,DVA,DVN,DXC,EA,EBAY,ECL,ED,EFX,EIX,EL,EMN,EMR,EOG,EQIX,EQR,ES,ESS,ETFC,ETN,ETR,EVRG,EW,EXC,EXPD,EXPE,EXR,F,FANG,FAST,FB,FBHS,FCX,FDX,FE,FFIV,FIS,FISV,FITB,FLIR,FLS,FLT,FMC,FOX,FOXA,FRC,FRT,FTI,FTNT,FTV,GD,GE,GILD,GIS,GL,GLW,GM,GOOG,GOOGL,GPC,GPN,GPS,GRMN,GS,GWW,HAL,HAS,HBAN,HBI,HCA,HCP,HD,HES,HFC,HIG,HII,HLT,HOG,HOLX,HON,HP,HPE,HPQ,HRB,HRL,HSIC,HST,HSY,HUM,IBM,ICE,IDXX,IEX,IFF,ILMN,INCY,INFO,INTC,INTU,IP,IPG,IPGP,IQV,IR,IRM,ISRG,IT,ITW,IVZ,JBHT,JCI,JEC,JEF,JKHY,JNJ,JNPR,JPM,JWN,K,KEY,KEYS,KHC,KIM,KLAC,KMB,KMI,KMX,KO,KR,KSS,KSU,L,LB,LDOS,LEG,LEN,LH,LHX,LIN,LKQ,LLY,LMT,LNC,LNT,LOW,LRCX,LUV,LW,LYB,M,MA,MAA,MAC,MAR,MAS,MCD,MCHP,MCK,MCO,MDLZ,MDT,MET,MGM,MHK,MKC,MKTX,MLM,MMC,MMM,MNST,MO,MOS,MPC,MRK,MRO,MS,MSCI,MSFT,MSI,MTB,MTD,MU,MXIM,MYL,NBL,NCLH,NDAQ,NEE,NEM,NFLX,NI,NKE,NKTR,NLSN,NOC,NOV,NRG,NSC,NTAP,NTRS,NUE,NVDA,NWL,NWS,NWSA,O,OKE,OMC,ORCL,ORLY,OXY,PAYX,PBCT,PCAR,PEG,PEP,PFE,PFG,PG,PGR,PH,PHM,PKG,PKI,PLD,PM,PNC,PNR,PNW,PPG,PPL,PRGO,PRU,PSA,PSX,PVH,PWR,PXD,PYPL,QCOM,QRVO,RCL,RE,REG,REGN,RF,RHI,RJF,RL,RMD,ROK,ROL,ROP,ROST,RSG,RTN,SBAC,SBUX,SCHW,SEE,SHW,SIVB,SJM,SLB,SLG,SNA,SNPS,SO,SPG,SPGI,SRE,STI,STT,STX,STZ,SWK,SWKS,SYF,SYK,SYMC,SYY,T,TAP,TDG,TEL,TFX,TGT,TIF,TJX,TMO,TMUS,TPR,TRIP,TROW,TRV,TSCO,TSN,TTWO,TWTR,TXN,TXT,UA,UAA,UAL,UDR,UHS,ULTA,UNH,UNM,UNP,UPS,URI,USB,UTX,V,VAR,VFC,VIAB,VLO,VMC,VNO,VRSK,VRSN,VRTX,VTR,VZ,WAB,WAT,WBA,WCG,WDC,WEC,WELL,WFC,WHR,WLTW,WM,WMB,WMT,WRK,WU,WY,WYNN,XEC,XEL,XLNX,XOM,XRAY,XRX,XYL,YUM,ZBH,ZION,ZTS"
2019-09-26,"A,AAL,AAP,AAPL,ABBV,ABC,ABMD,ABT,ACN,ADBE,ADI,ADM,ADP,ADS,ADSK,AEE,AEP,AES,AFL,AGN,AIG,AIV,AIZ,AJG,AKAM,ALB,ALGN,ALK,ALL,ALLE,ALXN,AMAT,AMCR,AMD,AME,AMG,AMGN,AMP,AMT,AMZN,ANET,ANSS,ANTM,AON,AOS,APA,APD,APH,APTV,ARE,ARNC,ATO,ATVI,AVB,AVGO,AVY,AWK,AXP,AZO,BA,BAC,BAX,BBT,BBY,BDX,BEN,BF.B,BHGE,BIIB,BK,BKNG,BLK,BLL,BMY,BR,BRK.B,BSX,BWA,BXP,C,CAG,CAH,CAT,CB,CBOE,CBRE,CBS,CCI,CCL,CDNS,CDW,CE,CELG,CERN,CF,CFG,CHD,CHRW,CHTR,CI,CINF,CL,CLX,CMA,CMCSA,CME,CMG,CMI,CMS,CNC,CNP,COF,COG,COO,COP,COST,COTY,CPB,CPRI,CPRT,CRM,CSCO,CSX,CTAS,CTL,CTSH,CTVA,CTXS,CVS,CVX,CXO,D,DAL,DD,DE,DFS,DG,DGX,DHI,DHR,DIS,DISCA,DISCK,DISH,DLR,DLTR,DOV,DOW,DRE,DRI,DTE,DUK,DVA,DVN,DXC,EA,EBAY,ECL,ED,EFX,EIX,EL,EMN,EMR,EOG,EQIX,EQR,ES,ESS,ETFC,ETN,ETR,EVRG,EW,EXC,EXPD,EXPE,EXR,F,FANG,FAST,FB,FBHS,FCX,FDX,FE,FFIV,FIS,FISV,FITB,FLIR,FLS,FLT,FMC,FOX,FOXA,FRC,FRT,FTI,FTNT,FTV,GD,GE,GILD,GIS,GL,GLW,GM,GOOG,GOOGL,GPC,GPN,GPS,GRMN,GS,GWW,HAL,HAS,HBAN,HBI,HCA,HCP,HD,HES,HFC,HIG,HII,HLT,HOG,HOLX,HON,HP,HPE,HPQ,HRB,HRL,HSIC,HST,HSY,HUM,IBM,ICE,IDXX,IEX,IFF,ILMN,INCY,INFO,INTC,INTU,IP,IPG,IPGP,IQV,IR,IRM,ISRG,IT,ITW,IVZ,JBHT,JCI,JEC,JKHY,JNJ,JNPR,JPM,JWN,K,KEY,KEYS,KHC,KIM,KLAC,KMB,KMI,KMX,KO,KR,KSS,KSU,L,LB,LDOS,LEG,LEN,LH,LHX,LIN,LKQ,LLY,LMT,LNC,LNT,LOW,LRCX,LUV,LW,LYB,M,MA,MAA,MAC,MAR,MAS,MCD,MCHP,MCK,MCO,MDLZ,MDT,MET,MGM,MHK,MKC,MKTX,MLM,MMC,MMM,MNST,MO,MOS,MPC,MRK,MRO,MS,MSCI,MSFT,MSI,MTB,MTD,MU,MXIM,MYL,NBL,NCLH,NDAQ,NEE,NEM,NFLX,NI,NKE,NKTR,NLSN,NOC,NOV,NRG,NSC,NTAP,NTRS,NUE,NVDA,NVR,NWL,NWS,NWSA,O,OKE,OMC,ORCL,ORLY,OXY,PAYX,PBCT,PCAR,PEG,PEP,PFE,PFG,PG,PGR,PH,PHM,PKG,PKI,PLD,PM,PNC,PNR,PNW,PPG,PPL,PRGO,PRU,PSA,PSX,PVH,PWR,PXD,PYPL,QCOM,QRVO,RCL,RE,REG,REGN,RF,RHI,RJF,RL,RMD,ROK,ROL,ROP,ROST,RSG,RTN,SBAC,SBUX,SCHW,SEE,SHW,SIVB,SJM,SLB,SLG,SNA,SNPS,SO,SPG,SPGI,SRE,STI,STT,STX,STZ,SWK,SWKS,SYF,SYK,SYMC,SYY,T,TAP,TDG,TEL,TFX,TGT,TIF,TJX,TMO,TMUS,TPR,TRIP,TROW,TRV,TSCO,TSN,TTWO,TWTR,TXN,TXT,UA,UAA,UAL,UDR,UHS,ULTA,UNH,UNM,UNP,UPS,URI,USB,UTX,V,VAR,VFC,VIAB,VLO,VMC,VNO,VRSK,VRSN,VRTX,VTR,VZ,WAB,WAT,WBA,WCG,WDC,WEC,WELL,WFC,WHR,WLTW,WM,WMB,WMT,WRK,WU,WY,WYNN,XEC,XEL,XLNX,XOM,XRAY,XRX,XYL,YUM,ZBH,ZION,ZTS"
2019-10-03,"A,AAL,AAP,AAPL,ABBV,ABC,ABMD,ABT,ACN,ADBE,ADI,ADM,ADP,ADS,ADSK,AEE,AEP,AES,AFL,AGN,AIG,AIV,AIZ,AJG,AKAM,ALB,ALGN,ALK,ALL,ALLE,ALXN,AMAT,AMCR,AMD,AME,AMG,AMGN,AMP,AMT,AMZN,ANET,ANSS,ANTM,AON,AOS,APA,APD,APH,APTV,ARE,ARNC,ATO,ATVI,AVB,AVGO,AVY,AWK,AXP,AZO,BA,BAC,BAX,BBT,BBY,BDX,BEN,BF.B,BHGE,BIIB,BK,BKNG,BLK,BLL,BMY,BR,BRK.B,BSX,BWA,BXP,C,CAG,CAH,CAT,CB,CBOE,CBRE,CBS,CCI,CCL,CDNS,CDW,CE,CELG,CERN,CF,CFG,CHD,CHRW,CHTR,CI,CINF,CL,CLX,CMA,CMCSA,CME,CMG,CMI,CMS,CNC,CNP,COF,COG,COO,COP,COST,COTY,CPB,CPRI,CPRT,CRM,CSCO,CSX,CTAS,CTL,CTSH,CTVA,CTXS,CVS,CVX,CXO,D,DAL,DD,DE,DFS,DG,DGX,DHI,DHR,DIS,DISCA,DISCK,DISH,DLR,DLTR,DOV,DOW,DRE,DRI,DTE,DUK,DVA,DVN,DXC,EA,EBAY,ECL,ED,EFX,EIX,EL,EMN,EMR,EOG,EQIX,EQR,ES,ESS,ETFC,ETN,ETR,EVRG,EW,EXC,EXPD,EXPE,EXR,F,FANG,FAST,FB,FBHS,FCX,FDX,FE,FFIV,FIS,FISV,FITB,FLIR,FLS,FLT,FMC,FOX,FOXA,FRC,FRT,FTI,FTNT,FTV,GD,GE,GILD,GIS,GL,GLW,GM,GOOG,GOOGL,GPC,GPN,GPS,GRMN,GS,GWW,HAL,HAS,HBAN,HBI,HCA,HCP,HD,HES,HFC,HIG,HII,HLT,HOG,HOLX,HON,HP,HPE,HPQ,HRB,HRL,HSIC,HST,HSY,HUM,IBM,ICE,IDXX,IEX,IFF,ILMN,INCY,INFO,INTC,INTU,IP,IPG,IPGP,IQV,IR,IRM,ISRG,IT,ITW,IVZ,JBHT,JCI,JEC,JKHY,JNJ,JNPR,JPM,JWN,K,KEY,KEYS,KHC,KIM,KLAC,KMB,KMI,KMX,KO,KR,KSS,KSU,L,LB,LDOS,LEG,LEN,LH,LHX,LIN,LKQ,LLY,LMT,LNC,LNT,LOW,LRCX,LUV,LVS,LW,LYB,M,MA,MAA,MAC,MAR,MAS,MCD,MCHP,MCK,MCO,MDLZ,MDT,MET,MGM,MHK,MKC,MKTX,MLM,MMC,MMM,MNST,MO,MOS,MPC,MRK,MRO,MS,MSCI,MSFT,MSI,MTB,MTD,MU,MXIM,MYL,NBL,NCLH,NDAQ,NEE,NEM,NFLX,NI,NKE,NLSN,NOC,NOV,NRG,NSC,NTAP,NTRS,NUE,NVDA,NVR,NWL,NWS,NWSA,O,OKE,OMC,ORCL,ORLY,OXY,PAYX,PBCT,PCAR,PEG,PEP,PFE,PFG,PG,PGR,PH,PHM,PKG,PKI,PLD,PM,PNC,PNR,PNW,PPG,PPL,PRGO,PRU,PSA,PSX,PVH,PWR,PXD,PYPL,QCOM,QRVO,RCL,RE,REG,REGN,RF,RHI,RJF,RL,RMD,ROK,ROL,ROP,ROST,RSG,RTN,SBAC,SBUX,SCHW,SEE,SHW,SIVB,SJM,SLB,SLG,SNA,SNPS,SO,SPG,SPGI,SRE,STI,STT,STX,STZ,SWK,SWKS,SYF,SYK,SYMC,SYY,T,TAP,TDG,TEL,TFX,TGT,TIF,TJX,TMO,TMUS,TPR,TRIP,TROW,TRV,TSCO,TSN,TTWO,TWTR,TXN,TXT,UA,UAA,UAL,UDR,UHS,ULTA,UNH,UNM,UNP,UPS,URI,USB,UTX,V,VAR,VFC,VIAB,VLO,VMC,VNO,VRSK,VRSN,VRTX,VTR,VZ,WAB,WAT,WBA,WCG,WDC,WEC,WELL,WFC,WHR,WLTW,WM,WMB,WMT,WRK,WU,WY,WYNN,XEC,XEL,XLNX,XOM,XRAY,XRX,XYL,YUM,ZBH,ZION,ZTS"
2019-10-18,"A,AAL,AAP,AAPL,ABBV,ABC,ABMD,ABT,ACN,ADBE,ADI,ADM,ADP,ADS,ADSK,AEE,AEP,AES,AFL,AGN,AIG,AIV,AIZ,AJG,AKAM,ALB,ALGN,ALK,ALL,ALLE,ALXN,AMAT,AMCR,AMD,AME,AMG,AMGN,AMP,AMT,AMZN,ANET,ANSS,ANTM,AON,AOS,APA,APD,APH,APTV,ARE,ARNC,ATO,ATVI,AVB,AVGO,AVY,AWK,AXP,AZO,BA,BAC,BAX,BBT,BBY,BDX,BEN,BF.B,BIIB,BK,BKNG,BKR,BLK,BLL,BMY,BR,BRK.B,BSX,BWA,BXP,C,CAG,CAH,CAT,CB,CBOE,CBRE,CBS,CCI,CCL,CDNS,CDW,CE,CELG,CERN,CF,CFG,CHD,CHRW,CHTR,CI,CINF,CL,CLX,CMA,CMCSA,CME,CMG,CMI,CMS,CNC,CNP,COF,COG,COO,COP,COST,COTY,CPB,CPRI,CPRT,CRM,CSCO,CSX,CTAS,CTL,CTSH,CTVA,CTXS,CVS,CVX,CXO,D,DAL,DD,DE,DFS,DG,DGX,DHI,DHR,DIS,DISCA,DISCK,DISH,DLR,DLTR,DOV,DOW,DRE,DRI,DTE,DUK,DVA,DVN,DXC,EA,EBAY,ECL,ED,EFX,EIX,EL,EMN,EMR,EOG,EQIX,EQR,ES,ESS,ETFC,ETN,ETR,EVRG,EW,EXC,EXPD,EXPE,EXR,F,FANG,FAST,FB,FBHS,FCX,FDX,FE,FFIV,FIS,FISV,FITB,FLIR,FLS,FLT,FMC,FOX,FOXA,FRC,FRT,FTI,FTNT,FTV,GD,GE,GILD,GIS,GL,GLW,GM,GOOG,GOOGL,GPC,GPN,GPS,GRMN,GS,GWW,HAL,HAS,HBAN,HBI,HCA,HCP,HD,HES,HFC,HIG,HII,HLT,HOG,HOLX,HON,HP,HPE,HPQ,HRB,HRL,HSIC,HST,HSY,HUM,IBM,ICE,IDXX,IEX,IFF,ILMN,INCY,INFO,INTC,INTU,IP,IPG,IPGP,IQV,IR,IRM,ISRG,IT,ITW,IVZ,JBHT,JCI,JEC,JKHY,JNJ,JNPR,JPM,JWN,K,KEY,KEYS,KHC,KIM,KLAC,KMB,KMI,KMX,KO,KR,KSS,KSU,L,LB,LDOS,LEG,LEN,LH,LHX,LIN,LKQ,LLY,LMT,LNC,LNT,LOW,LRCX,LUV,LVS,LW,LYB,M,MA,MAA,MAC,MAR,MAS,MCD,MCHP,MCK,MCO,MDLZ,MDT,MET,MGM,MHK,MKC,MKTX,MLM,MMC,MMM,MNST,MO,MOS,MPC,MRK,MRO,MS,MSCI,MSFT,MSI,MTB,MTD,MU,MXIM,MYL,NBL,NCLH,NDAQ,NEE,NEM,NFLX,NI,NKE,NLSN,NOC,NOV,NRG,NSC,NTAP,NTRS,NUE,NVDA,NVR,NWL,NWS,NWSA,O,OKE,OMC,ORCL,ORLY,OXY,PAYX,PBCT,PCAR,PEG,PEP,PFE,PFG,PG,PGR,PH,PHM,PKG,PKI,PLD,PM,PNC,PNR,PNW,PPG,PPL,PRGO,PRU,PSA,PSX,PVH,PWR,PXD,PYPL,QCOM,QRVO,RCL,RE,REG,REGN,RF,RHI,RJF,RL,RMD,ROK,ROL,ROP,ROST,RSG,RTN,SBAC,SBUX,SCHW,SEE,SHW,SIVB,SJM,SLB,SLG,SNA,SNPS,SO,SPG,SPGI,SRE,STI,STT,STX,STZ,SWK,SWKS,SYF,SYK,SYMC,SYY,T,TAP,TDG,TEL,TFX,TGT,TIF,TJX,TMO,TMUS,TPR,TRIP,TROW,TRV,TSCO,TSN,TTWO,TWTR,TXN,TXT,UA,UAA,UAL,UDR,UHS,ULTA,UNH,UNM,UNP,UPS,URI,USB,UTX,V,VAR,VFC,VIAB,VLO,VMC,VNO,VRSK,VRSN,VRTX,VTR,VZ,WAB,WAT,WBA,WCG,WDC,WEC,WELL,WFC,WHR,WLTW,WM,WMB,WMT,WRK,WU,WY,WYNN,XEC,XEL,XLNX,XOM,XRAY,XRX,XYL,YUM,ZBH,ZION,ZTS"
2019-11-05,"A,AAL,AAP,AAPL,ABBV,ABC,ABMD,ABT,ACN,ADBE,ADI,ADM,ADP,ADS,ADSK,AEE,AEP,AES,AFL,AGN,AIG,AIV,AIZ,AJG,AKAM,ALB,ALGN,ALK,ALL,ALLE,ALXN,AMAT,AMCR,AMD,AME,AMG,AMGN,AMP,AMT,AMZN,ANET,ANSS,ANTM,AON,AOS,APA,APD,APH,APTV,ARE,ARNC,ATO,ATVI,AVB,AVGO,AVY,AWK,AXP,AZO,BA,BAC,BAX,BBT,BBY,BDX,BEN,BF.B,BIIB,BK,BKNG,BKR,BLK,BLL,BMY,BR,BRK.B,BSX,BWA,BXP,C,CAG,CAH,CAT,CB,CBOE,CBRE,CBS,CCI,CCL,CDNS,CDW,CE,CELG,CERN,CF,CFG,CHD,CHRW,CHTR,CI,CINF,CL,CLX,CMA,CMCSA,CME,CMG,CMI,CMS,CNC,CNP,COF,COG,COO,COP,COST,COTY,CPB,CPRI,CPRT,CRM,CSCO,CSX,CTAS,CTL,CTSH,CTVA,CTXS,CVS,CVX,CXO,D,DAL,DD,DE,DFS,DG,DGX,DHI,DHR,DIS,DISCA,DISCK,DISH,DLR,DLTR,DOV,DOW,DRE,DRI,DTE,DUK,DVA,DVN,DXC,EA,EBAY,ECL,ED,EFX,EIX,EL,EMN,EMR,EOG,EQIX,EQR,ES,ESS,ETFC,ETN,ETR,EVRG,EW,EXC,EXPD,EXPE,EXR,F,FANG,FAST,FB,FBHS,FCX,FDX,FE,FFIV,FIS,FISV,FITB,FLIR,FLS,FLT,FMC,FOX,FOXA,FRC,FRT,FTI,FTNT,FTV,GD,GE,GILD,GIS,GL,GLW,GM,GOOG,GOOGL,GPC,GPN,GPS,GRMN,GS,GWW,HAL,HAS,HBAN,HBI,HCA,HD,HES,HFC,HIG,HII,HLT,HOG,HOLX,HON,HP,HPE,HPQ,HRB,HRL,HSIC,HST,HSY,HUM,IBM,ICE,IDXX,IEX,IFF,ILMN,INCY,INFO,INTC,INTU,IP,IPG,IPGP,IQV,IR,IRM,ISRG,IT,ITW,IVZ,JBHT,JCI,JEC,JKHY,JNJ,JNPR,JPM,JWN,K,KEY,KEYS,KHC,KIM,KLAC,KMB,KMI,KMX,KO,KR,KSS,KSU,L,LB,LDOS,LEG,LEN,LH,LHX,LIN,LKQ,LLY,LMT,LNC,LNT,LOW,LRCX,LUV,LVS,LW,LYB,M,MA,MAA,MAC,MAR,MAS,MCD,MCHP,MCK,MCO,MDLZ,MDT,MET,MGM,MHK,MKC,MKTX,MLM,MMC,MMM,MNST,MO,MOS,MPC,MRK,MRO,MS,MSCI,MSFT,MSI,MTB,MTD,MU,MXIM,MYL,NBL,NCLH,NDAQ,NEE,NEM,NFLX,NI,NKE,NLOK,NLSN,NOC,NOV,NRG,NSC,NTAP,NTRS,NUE,NVDA,NVR,NWL,NWS,NWSA,O,OKE,OMC,ORCL,ORLY,OXY,PAYX,PBCT,PCAR,PEAK,PEG,PEP,PFE,PFG,PG,PGR,PH,PHM,PKG,PKI,PLD,PM,PNC,PNR,PNW,PPG,PPL,PRGO,PRU,PSA,PSX,PVH,PWR,PXD,PYPL,QCOM,QRVO,RCL,RE,REG,REGN,RF,RHI,RJF,RL,RMD,ROK,ROL,ROP,ROST,RSG,RTN,SBAC,SBUX,SCHW,SEE,SHW,SIVB,SJM,SLB,SLG,SNA,SNPS,SO,SPG,SPGI,SRE,STI,STT,STX,STZ,SWK,SWKS,SYF,SYK,SYY,T,TAP,TDG,TEL,TFX,TGT,TIF,TJX,TMO,TMUS,TPR,TRIP,TROW,TRV,TSCO,TSN,TTWO,TWTR,TXN,TXT,UA,UAA,UAL,UDR,UHS,ULTA,UNH,UNM,UNP,UPS,URI,USB,UTX,V,VAR,VFC,VIAB,VLO,VMC,VNO,VRSK,VRSN,VRTX,VTR,VZ,WAB,WAT,WBA,WCG,WDC,WEC,WELL,WFC,WHR,WLTW,WM,WMB,WMT,WRK,WU,WY,WYNN,XEC,XEL,XLNX,XOM,XRAY,XRX,XYL,YUM,ZBH,ZION,ZTS"
2019-11-21,"A,AAL,AAP,AAPL,ABBV,ABC,ABMD,ABT,ACN,ADBE,ADI,ADM,ADP,ADS,ADSK,AEE,AEP,AES,AFL,AGN,AIG,AIV,AIZ,AJG,AKAM,ALB,ALGN,ALK,ALL,ALLE,ALXN,AMAT,AMCR,AMD,AME,AMG,AMGN,AMP,AMT,AMZN,ANET,ANSS,ANTM,AON,AOS,APA,APD,APH,APTV,ARE,ARNC,ATO,ATVI,AVB,AVGO,AVY,AWK,AXP,AZO,BA,BAC,BAX,BBT,BBY,BDX,BEN,BF.B,BIIB,BK,BKNG,BKR,BLK,BLL,BMY,BR,BRK.B,BSX,BWA,BXP,C,CAG,CAH,CAT,CB,CBOE,CBRE,CBS,CCI,CCL,CDNS,CDW,CE,CERN,CF,CFG,CHD,CHRW,CHTR,CI,CINF,CL,CLX,CMA,CMCSA,CME,CMG,CMI,CMS,CNC,CNP,COF,COG,COO,COP,COST,COTY,CPB,CPRI,CPRT,CRM,CSCO,CSX,CTAS,CTL,CTSH,CTVA,CTXS,CVS,CVX,CXO,D,DAL,DD,DE,DFS,DG,DGX,DHI,DHR,DIS,DISCA,DISCK,DISH,DLR,DLTR,DOV,DOW,DRE,DRI,DTE,DUK,DVA,DVN,DXC,EA,EBAY,ECL,ED,EFX,EIX,EL,EMN,EMR,EOG,EQIX,EQR,ES,ESS,ETFC,ETN,ETR,EVRG,EW,EXC,EXPD,EXPE,EXR,F,FANG,FAST,FB,FBHS,FCX,FDX,FE,FFIV,FIS,FISV,FITB,FLIR,FLS,FLT,FMC,FOX,FOXA,FRC,FRT,FTI,FTNT,FTV,GD,GE,GILD,GIS,GL,GLW,GM,GOOG,GOOGL,GPC,GPN,GPS,GRMN,GS,GWW,HAL,HAS,HBAN,HBI,HCA,HD,HES,HFC,HIG,HII,HLT,HOG,HOLX,HON,HP,HPE,HPQ,HRB,HRL,HSIC,HST,HSY,HUM,IBM,ICE,IDXX,IEX,IFF,ILMN,INCY,INFO,INTC,INTU,IP,IPG,IPGP,IQV,IR,IRM,ISRG,IT,ITW,IVZ,JBHT,JCI,JEC,JKHY,JNJ,JNPR,JPM,JWN,K,KEY,KEYS,KHC,KIM,KLAC,KMB,KMI,KMX,KO,KR,KSS,KSU,L,LB,LDOS,LEG,LEN,LH,LHX,LIN,LKQ,LLY,LMT,LNC,LNT,LOW,LRCX,LUV,LVS,LW,LYB,M,MA,MAA,MAC,MAR,MAS,MCD,MCHP,MCK,MCO,MDLZ,MDT,MET,MGM,MHK,MKC,MKTX,MLM,MMC,MMM,MNST,MO,MOS,MPC,MRK,MRO,MS,MSCI,MSFT,MSI,MTB,MTD,MU,MXIM,MYL,NBL,NCLH,NDAQ,NEE,NEM,NFLX,NI,NKE,NLOK,NLSN,NOC,NOV,NOW,NRG,NSC,NTAP,NTRS,NUE,NVDA,NVR,NWL,NWS,NWSA,O,OKE,OMC,ORCL,ORLY,OXY,PAYX,PBCT,PCAR,PEAK,PEG,PEP,PFE,PFG,PG,PGR,PH,PHM,PKG,PKI,PLD,PM,PNC,PNR,PNW,PPG,PPL,PRGO,PRU,PSA,PSX,PVH,PWR,PXD,PYPL,QCOM,QRVO,RCL,RE,REG,REGN,RF,RHI,RJF,RL,RMD,ROK,ROL,ROP,ROST,RSG,RTN,SBAC,SBUX,SCHW,SEE,SHW,SIVB,SJM,SLB,SLG,SNA,SNPS,SO,SPG,SPGI,SRE,STI,STT,STX,STZ,SWK,SWKS,SYF,SYK,SYY,T,TAP,TDG,TEL,TFX,TGT,TIF,TJX,TMO,TMUS,TPR,TRIP,TROW,TRV,TSCO,TSN,TTWO,TWTR,TXN,TXT,UA,UAA,UAL,UDR,UHS,ULTA,UNH,UNM,UNP,UPS,URI,USB,UTX,V,VAR,VFC,VIAB,VLO,VMC,VNO,VRSK,VRSN,VRTX,VTR,VZ,WAB,WAT,WBA,WCG,WDC,WEC,WELL,WFC,WHR,WLTW,WM,WMB,WMT,WRK,WU,WY,WYNN,XEC,XEL,XLNX,XOM,XRAY,XRX,XYL,YUM,ZBH,ZION,ZTS"
2019-12-05,"A,AAL,AAP,AAPL,ABBV,ABC,ABMD,ABT,ACN,ADBE,ADI,ADM,ADP,ADS,ADSK,AEE,AEP,AES,AFL,AGN,AIG,AIV,AIZ,AJG,AKAM,ALB,ALGN,ALK,ALL,ALLE,ALXN,AMAT,AMCR,AMD,AME,AMG,AMGN,AMP,AMT,AMZN,ANET,ANSS,ANTM,AON,AOS,APA,APD,APH,APTV,ARE,ARNC,ATO,ATVI,AVB,AVGO,AVY,AWK,AXP,AZO,BA,BAC,BAX,BBT,BBY,BDX,BEN,BF.B,BIIB,BK,BKNG,BKR,BLK,BLL,BMY,BR,BRK.B,BSX,BWA,BXP,C,CAG,CAH,CAT,CB,CBOE,CBRE,CCI,CCL,CDNS,CDW,CE,CERN,CF,CFG,CHD,CHRW,CHTR,CI,CINF,CL,CLX,CMA,CMCSA,CME,CMG,CMI,CMS,CNC,CNP,COF,COG,COO,COP,COST,COTY,CPB,CPRI,CPRT,CRM,CSCO,CSX,CTAS,CTL,CTSH,CTVA,CTXS,CVS,CVX,CXO,D,DAL,DD,DE,DFS,DG,DGX,DHI,DHR,DIS,DISCA,DISCK,DISH,DLR,DLTR,DOV,DOW,DRE,DRI,DTE,DUK,DVA,DVN,DXC,EA,EBAY,ECL,ED,EFX,EIX,EL,EMN,EMR,EOG,EQIX,EQR,ES,ESS,ETFC,ETN,ETR,EVRG,EW,EXC,EXPD,EXPE,EXR,F,FANG,FAST,FB,FBHS,FCX,FDX,FE,FFIV,FIS,FISV,FITB,FLIR,FLS,FLT,FMC,FOX,FOXA,FRC,FRT,FTI,FTNT,FTV,GD,GE,GILD,GIS,GL,GLW,GM,GOOG,GOOGL,GPC,GPN,GPS,GRMN,GS,GWW,HAL,HAS,HBAN,HBI,HCA,HD,HES,HFC,HIG,HII,HLT,HOG,HOLX,HON,HP,HPE,HPQ,HRB,HRL,HSIC,HST,HSY,HUM,IBM,ICE,IDXX,IEX,IFF,ILMN,INCY,INFO,INTC,INTU,IP,IPG,IPGP,IQV,IR,IRM,ISRG,IT,ITW,IVZ,JBHT,JCI,JEC,JKHY,JNJ,JNPR,JPM,JWN,K,KEY,KEYS,KHC,KIM,KLAC,KMB,KMI,KMX,KO,KR,KSS,KSU,L,LB,LDOS,LEG,LEN,LH,LHX,LIN,LKQ,LLY,LMT,LNC,LNT,LOW,LRCX,LUV,LVS,LW,LYB,M,MA,MAA,MAC,MAR,MAS,MCD,MCHP,MCK,MCO,MDLZ,MDT,MET,MGM,MHK,MKC,MKTX,MLM,MMC,MMM,MNST,MO,MOS,MPC,MRK,MRO,MS,MSCI,MSFT,MSI,MTB,MTD,MU,MXIM,MYL,NBL,NCLH,NDAQ,NEE,NEM,NFLX,NI,NKE,NLOK,NLSN,NOC,NOV,NOW,NRG,NSC,NTAP,NTRS,NUE,NVDA,NVR,NWL,NWS,NWSA,O,OKE,OMC,ORCL,ORLY,OXY,PAYX,PBCT,PCAR,PEAK,PEG,PEP,PFE,PFG,PG,PGR,PH,PHM,PKG,PKI,PLD,PM,PNC,PNR,PNW,PPG,PPL,PRGO,PRU,PSA,PSX,PVH,PWR,PXD,PYPL,QCOM,QRVO,RCL,RE,REG,REGN,RF,RHI,RJF,RL,RMD,ROK,ROL,ROP,ROST,RSG,RTN,SBAC,SBUX,SCHW,SEE,SHW,SIVB,SJM,SLB,SLG,SNA,SNPS,SO,SPG,SPGI,SRE,STI,STT,STX,STZ,SWK,SWKS,SYF,SYK,SYY,T,TAP,TDG,TEL,TFX,TGT,TIF,TJX,TMO,TMUS,TPR,TRIP,TROW,TRV,TSCO,TSN,TTWO,TWTR,TXN,TXT,UA,UAA,UAL,UDR,UHS,ULTA,UNH,UNM,UNP,UPS,URI,USB,UTX,V,VAR,VFC,VIAC,VLO,VMC,VNO,VRSK,VRSN,VRTX,VTR,VZ,WAB,WAT,WBA,WCG,WDC,WEC,WELL,WFC,WHR,WLTW,WM,WMB,WMT,WRB,WRK,WU,WY,WYNN,XEC,XEL,XLNX,XOM,XRAY,XRX,XYL,YUM,ZBH,ZION,ZTS"
2019-12-09,"A,AAL,AAP,AAPL,ABBV,ABC,ABMD,ABT,ACN,ADBE,ADI,ADM,ADP,ADS,ADSK,AEE,AEP,AES,AFL,AGN,AIG,AIV,AIZ,AJG,AKAM,ALB,ALGN,ALK,ALL,ALLE,ALXN,AMAT,AMCR,AMD,AME,AMG,AMGN,AMP,AMT,AMZN,ANET,ANSS,ANTM,AON,AOS,APA,APD,APH,APTV,ARE,ARNC,ATO,ATVI,AVB,AVGO,AVY,AWK,AXP,AZO,BA,BAC,BAX,BBY,BDX,BEN,BF.B,BIIB,BK,BKNG,BKR,BLK,BLL,BMY,BR,BRK.B,BSX,BWA,BXP,C,CAG,CAH,CAT,CB,CBOE,CBRE,CCI,CCL,CDNS,CDW,CE,CERN,CF,CFG,CHD,CHRW,CHTR,CI,CINF,CL,CLX,CMA,CMCSA,CME,CMG,CMI,CMS,CNC,CNP,COF,COG,COO,COP,COST,COTY,CPB,CPRI,CPRT,CRM,CSCO,CSX,CTAS,CTL,CTSH,CTVA,CTXS,CVS,CVX,CXO,D,DAL,DD,DE,DFS,DG,DGX,DHI,DHR,DIS,DISCA,DISCK,DISH,DLR,DLTR,DOV,DOW,DRE,DRI,DTE,DUK,DVA,DVN,DXC,EA,EBAY,ECL,ED,EFX,EIX,EL,EMN,EMR,EOG,EQIX,EQR,ES,ESS,ETFC,ETN,ETR,EVRG,EW,EXC,EXPD,EXPE,EXR,F,FANG,FAST,FB,FBHS,FCX,FDX,FE,FFIV,FIS,FISV,FITB,FLIR,FLS,FLT,FMC,FOX,FOXA,FRC,FRT,FTI,FTNT,FTV,GD,GE,GILD,GIS,GL,GLW,GM,GOOG,GOOGL,GPC,GPN,GPS,GRMN,GS,GWW,HAL,HAS,HBAN,HBI,HCA,HD,HES,HFC,HIG,HII,HLT,HOG,HOLX,HON,HP,HPE,HPQ,HRB,HRL,HSIC,HST,HSY,HUM,IBM,ICE,IDXX,IEX,IFF,ILMN,INCY,INFO,INTC,INTU,IP,IPG,IPGP,IQV,IR,IRM,ISRG,IT,ITW,IVZ,JBHT,JCI,JEC,JKHY,JNJ,JNPR,JPM,JWN,K,KEY,KEYS,KHC,KIM,KLAC,KMB,KMI,KMX,KO,KR,KSS,KSU,L,LB,LDOS,LEG,LEN,LH,LHX,LIN,LKQ,LLY,LMT,LNC,LNT,LOW,LRCX,LUV,LVS,LW,LYB,M,MA,MAA,MAC,MAR,MAS,MCD,MCHP,MCK,MCO,MDLZ,MDT,MET,MGM,MHK,MKC,MKTX,MLM,MMC,MMM,MNST,MO,MOS,MPC,MRK,MRO,MS,MSCI,MSFT,MSI,MTB,MTD,MU,MXIM,MYL,NBL,NCLH,NDAQ,NEE,NEM,NFLX,NI,NKE,NLOK,NLSN,NOC,NOV,NOW,NRG,NSC,NTAP,NTRS,NUE,NVDA,NVR,NWL,NWS,NWSA,O,ODFL,OKE,OMC,ORCL,ORLY,OXY,PAYX,PBCT,PCAR,PEAK,PEG,PEP,PFE,PFG,PG,PGR,PH,PHM,PKG,PKI,PLD,PM,PNC,PNR,PNW,PPG,PPL,PRGO,PRU,PSA,PSX,PVH,PWR,PXD,PYPL,QCOM,QRVO,RCL,RE,REG,REGN,RF,RHI,RJF,RL,RMD,ROK,ROL,ROP,ROST,RSG,RTN,SBAC,SBUX,SCHW,SEE,SHW,SIVB,SJM,SLB,SLG,SNA,SNPS,SO,SPG,SPGI,SRE,STT,STX,STZ,SWK,SWKS,SYF,SYK,SYY,T,TAP,TDG,TEL,TFC,TFX,TGT,TIF,TJX,TMO,TMUS,TPR,TRIP,TROW,TRV,TSCO,TSN,TTWO,TWTR,TXN,TXT,UA,UAA,UAL,UDR,UHS,ULTA,UNH,UNM,UNP,UPS,URI,USB,UTX,V,VAR,VFC,VIAC,VLO,VMC,VNO,VRSK,VRSN,VRTX,VTR,VZ,WAB,WAT,WBA,WCG,WDC,WEC,WELL,WFC,WHR,WLTW,WM,WMB,WMT,WRB,WRK,WU,WY,WYNN,XEC,XEL,XLNX,XOM,XRAY,XRX,XYL,YUM,ZBH,ZION,ZTS"
2019-12-10,"A,AAL,AAP,AAPL,ABBV,ABC,ABMD,ABT,ACN,ADBE,ADI,ADM,ADP,ADS,ADSK,AEE,AEP,AES,AFL,AGN,AIG,AIV,AIZ,AJG,AKAM,ALB,ALGN,ALK,ALL,ALLE,ALXN,AMAT,AMCR,AMD,AME,AMG,AMGN,AMP,AMT,AMZN,ANET,ANSS,ANTM,AON,AOS,APA,APD,APH,APTV,ARE,ARNC,ATO,ATVI,AVB,AVGO,AVY,AWK,AXP,AZO,BA,BAC,BAX,BBY,BDX,BEN,BF.B,BIIB,BK,BKNG,BKR,BLK,BLL,BMY,BR,BRK.B,BSX,BWA,BXP,C,CAG,CAH,CAT,CB,CBOE,CBRE,CCI,CCL,CDNS,CDW,CE,CERN,CF,CFG,CHD,CHRW,CHTR,CI,CINF,CL,CLX,CMA,CMCSA,CME,CMG,CMI,CMS,CNC,CNP,COF,COG,COO,COP,COST,COTY,CPB,CPRI,CPRT,CRM,CSCO,CSX,CTAS,CTL,CTSH,CTVA,CTXS,CVS,CVX,CXO,D,DAL,DD,DE,DFS,DG,DGX,DHI,DHR,DIS,DISCA,DISCK,DISH,DLR,DLTR,DOV,DOW,DRE,DRI,DTE,DUK,DVA,DVN,DXC,EA,EBAY,ECL,ED,EFX,EIX,EL,EMN,EMR,EOG,EQIX,EQR,ES,ESS,ETFC,ETN,ETR,EVRG,EW,EXC,EXPD,EXPE,EXR,F,FANG,FAST,FB,FBHS,FCX,FDX,FE,FFIV,FIS,FISV,FITB,FLIR,FLS,FLT,FMC,FOX,FOXA,FRC,FRT,FTI,FTNT,FTV,GD,GE,GILD,GIS,GL,GLW,GM,GOOG,GOOGL,GPC,GPN,GPS,GRMN,GS,GWW,HAL,HAS,HBAN,HBI,HCA,HD,HES,HFC,HIG,HII,HLT,HOG,HOLX,HON,HP,HPE,HPQ,HRB,HRL,HSIC,HST,HSY,HUM,IBM,ICE,IDXX,IEX,IFF,ILMN,INCY,INFO,INTC,INTU,IP,IPG,IPGP,IQV,IR,IRM,ISRG,IT,ITW,IVZ,J,JBHT,JCI,JKHY,JNJ,JNPR,JPM,JWN,K,KEY,KEYS,KHC,KIM,KLAC,KMB,KMI,KMX,KO,KR,KSS,KSU,L,LB,LDOS,LEG,LEN,LH,LHX,LIN,LKQ,LLY,LMT,LNC,LNT,LOW,LRCX,LUV,LVS,LW,LYB,M,MA,MAA,MAC,MAR,MAS,MCD,MCHP,MCK,MCO,MDLZ,MDT,MET,MGM,MHK,MKC,MKTX,MLM,MMC,MMM,MNST,MO,MOS,MPC,MRK,MRO,MS,MSCI,MSFT,MSI,MTB,MTD,MU,MXIM,MYL,NBL,NCLH,NDAQ,NEE,NEM,NFLX,NI,NKE,NLOK,NLSN,NOC,NOV,NOW,NRG,NSC,NTAP,NTRS,NUE,NVDA,NVR,NWL,NWS,NWSA,O,ODFL,OKE,OMC,ORCL,ORLY,OXY,PAYX,PBCT,PCAR,PEAK,PEG,PEP,PFE,PFG,PG,PGR,PH,PHM,PKG,PKI,PLD,PM,PNC,PNR,PNW,PPG,PPL,PRGO,PRU,PSA,PSX,PVH,PWR,PXD,PYPL,QCOM,QRVO,RCL,RE,REG,REGN,RF,RHI,RJF,RL,RMD,ROK,ROL,ROP,ROST,RSG,RTN,SBAC,SBUX,SCHW,SEE,SHW,SIVB,SJM,SLB,SLG,SNA,SNPS,SO,SPG,SPGI,SRE,STT,STX,STZ,SWK,SWKS,SYF,SYK,SYY,T,TAP,TDG,TEL,TFC,TFX,TGT,TIF,TJX,TMO,TMUS,TPR,TRIP,TROW,TRV,TSCO,TSN,TTWO,TWTR,TXN,TXT,UA,UAA,UAL,UDR,UHS,ULTA,UNH,UNM,UNP,UPS,URI,USB,UTX,V,VAR,VFC,VIAC,VLO,VMC,VNO,VRSK,VRSN,VRTX,VTR,VZ,WAB,WAT,WBA,WCG,WDC,WEC,WELL,WFC,WHR,WLTW,WM,WMB,WMT,WRB,WRK,WU,WY,WYNN,XEC,XEL,XLNX,XOM,XRAY,XRX,XYL,YUM,ZBH,ZION,ZTS"
2019-12-23,"A,AAL,AAP,AAPL,ABBV,ABC,ABMD,ABT,ACN,ADBE,ADI,ADM,ADP,ADS,ADSK,AEE,AEP,AES,AFL,AGN,AIG,AIV,AIZ,AJG,AKAM,ALB,ALGN,ALK,ALL,ALLE,ALXN,AMAT,AMCR,AMD,AME,AMGN,AMP,AMT,AMZN,ANET,ANSS,ANTM,AON,AOS,APA,APD,APH,APTV,ARE,ARNC,ATO,ATVI,AVB,AVGO,AVY,AWK,AXP,AZO,BA,BAC,BAX,BBY,BDX,BEN,BF.B,BIIB,BK,BKNG,BKR,BLK,BLL,BMY,BR,BRK.B,BSX,BWA,BXP,C,CAG,CAH,CAT,CB,CBOE,CBRE,CCI,CCL,CDNS,CDW,CE,CERN,CF,CFG,CHD,CHRW,CHTR,CI,CINF,CL,CLX,CMA,CMCSA,CME,CMG,CMI,CMS,CNC,CNP,COF,COG,COO,COP,COST,COTY,CPB,CPRI,CPRT,CRM,CSCO,CSX,CTAS,CTL,CTSH,CTVA,CTXS,CVS,CVX,CXO,D,DAL,DD,DE,DFS,DG,DGX,DHI,DHR,DIS,DISCA,DISCK,DISH,DLR,DLTR,DOV,DOW,DRE,DRI,DTE,DUK,DVA,DVN,DXC,EA,EBAY,ECL,ED,EFX,EIX,EL,EMN,EMR,EOG,EQIX,EQR,ES,ESS,ETFC,ETN,ETR,EVRG,EW,EXC,EXPD,EXPE,EXR,F,FANG,FAST,FB,FBHS,FCX,FDX,FE,FFIV,FIS,FISV,FITB,FLIR,FLS,FLT,FMC,FOX,FOXA,FRC,FRT,FTI,FTNT,FTV,GD,GE,GILD,GIS,GL,GLW,GM,GOOG,GOOGL,GPC,GPN,GPS,GRMN,GS,GWW,HAL,HAS,HBAN,HBI,HCA,HD,HES,HFC,HIG,HII,HLT,HOG,HOLX,HON,HP,HPE,HPQ,HRB,HRL,HSIC,HST,HSY,HUM,IBM,ICE,IDXX,IEX,IFF,ILMN,INCY,INFO,INTC,INTU,IP,IPG,IPGP,IQV,IR,IRM,ISRG,IT,ITW,IVZ,J,JBHT,JCI,JKHY,JNJ,JNPR,JPM,JWN,K,KEY,KEYS,KHC,KIM,KLAC,KMB,KMI,KMX,KO,KR,KSS,KSU,L,LB,LDOS,LEG,LEN,LH,LHX,LIN,LKQ,LLY,LMT,LNC,LNT,LOW,LRCX,LUV,LVS,LW,LYB,LYV,M,MA,MAA,MAR,MAS,MCD,MCHP,MCK,MCO,MDLZ,MDT,MET,MGM,MHK,MKC,MKTX,MLM,MMC,MMM,MNST,MO,MOS,MPC,MRK,MRO,MS,MSCI,MSFT,MSI,MTB,MTD,MU,MXIM,MYL,NBL,NCLH,NDAQ,NEE,NEM,NFLX,NI,NKE,NLOK,NLSN,NOC,NOV,NOW,NRG,NSC,NTAP,NTRS,NUE,NVDA,NVR,NWL,NWS,NWSA,O,ODFL,OKE,OMC,ORCL,ORLY,OXY,PAYX,PBCT,PCAR,PEAK,PEG,PEP,PFE,PFG,PG,PGR,PH,PHM,PKG,PKI,PLD,PM,PNC,PNR,PNW,PPG,PPL,PRGO,PRU,PSA,PSX,PVH,PWR,PXD,PYPL,QCOM,QRVO,RCL,RE,REG,REGN,RF,RHI,RJF,RL,RMD,ROK,ROL,ROP,ROST,RSG,RTN,SBAC,SBUX,SCHW,SEE,SHW,SIVB,SJM,SLB,SLG,SNA,SNPS,SO,SPG,SPGI,SRE,STE,STT,STX,STZ,SWK,SWKS,SYF,SYK,SYY,T,TAP,TDG,TEL,TFC,TFX,TGT,TIF,TJX,TMO,TMUS,TPR,TROW,TRV,TSCO,TSN,TTWO,TWTR,TXN,TXT,UA,UAA,UAL,UDR,UHS,ULTA,UNH,UNM,UNP,UPS,URI,USB,UTX,V,VAR,VFC,VIAC,VLO,VMC,VNO,VRSK,VRSN,VRTX,VTR,VZ,WAB,WAT,WBA,WCG,WDC,WEC,WELL,WFC,WHR,WLTW,WM,WMB,WMT,WRB,WRK,WU,WY,WYNN,XEC,XEL,XLNX,XOM,XRAY,XRX,XYL,YUM,ZBH,ZBRA,ZION,ZTS"
2020-01-28,"A,AAL,AAP,AAPL,ABBV,ABC,ABMD,ABT,ACN,ADBE,ADI,ADM,ADP,ADS,ADSK,AEE,AEP,AES,AFL,AGN,AIG,AIV,AIZ,AJG,AKAM,ALB,ALGN,ALK,ALL,ALLE,ALXN,AMAT,AMCR,AMD,AME,AMGN,AMP,AMT,AMZN,ANET,ANSS,ANTM,AON,AOS,APA,APD,APH,APTV,ARE,ARNC,ATO,ATVI,AVB,AVGO,AVY,AWK,AXP,AZO,BA,BAC,BAX,BBY,BDX,BEN,BF.B,BIIB,BK,BKNG,BKR,BLK,BLL,BMY,BR,BRK.B,BSX,BWA,BXP,C,CAG,CAH,CAT,CB,CBOE,CBRE,CCI,CCL,CDNS,CDW,CE,CERN,CF,CFG,CHD,CHRW,CHTR,CI,CINF,CL,CLX,CMA,CMCSA,CME,CMG,CMI,CMS,CNC,CNP,COF,COG,COO,COP,COST,COTY,CPB,CPRI,CPRT,CRM,CSCO,CSX,CTAS,CTL,CTSH,CTVA,CTXS,CVS,CVX,CXO,D,DAL,DD,DE,DFS,DG,DGX,DHI,DHR,DIS,DISCA,DISCK,DISH,DLR,DLTR,DOV,DOW,DRE,DRI,DTE,DUK,DVA,DVN,DXC,EA,EBAY,ECL,ED,EFX,EIX,EL,EMN,EMR,EOG,EQIX,EQR,ES,ESS,ETFC,ETN,ETR,EVRG,EW,EXC,EXPD,EXPE,EXR,F,FANG,FAST,FB,FBHS,FCX,FDX,FE,FFIV,FIS,FISV,FITB,FLIR,FLS,FLT,FMC,FOX,FOXA,FRC,FRT,FTI,FTNT,FTV,GD,GE,GILD,GIS,GL,GLW,GM,GOOG,GOOGL,GPC,GPN,GPS,GRMN,GS,GWW,HAL,HAS,HBAN,HBI,HCA,HD,HES,HFC,HIG,HII,HLT,HOG,HOLX,HON,HP,HPE,HPQ,HRB,HRL,HSIC,HST,HSY,HUM,IBM,ICE,IDXX,IEX,IFF,ILMN,INCY,INFO,INTC,INTU,IP,IPG,IPGP,IQV,IR,IRM,ISRG,IT,ITW,IVZ,J,JBHT,JCI,JKHY,JNJ,JNPR,JPM,JWN,K,KEY,KEYS,KHC,KIM,KLAC,KMB,KMI,KMX,KO,KR,KSS,KSU,L,LB,LDOS,LEG,LEN,LH,LHX,LIN,LKQ,LLY,LMT,LNC,LNT,LOW,LRCX,LUV,LVS,LW,LYB,LYV,M,MA,MAA,MAR,MAS,MCD,MCHP,MCK,MCO,MDLZ,MDT,MET,MGM,MHK,MKC,MKTX,MLM,MMC,MMM,MNST,MO,MOS,MPC,MRK,MRO,MS,MSCI,MSFT,MSI,MTB,MTD,MU,MXIM,MYL,NBL,NCLH,NDAQ,NEE,NEM,NFLX,NI,NKE,NLOK,NLSN,NOC,NOV,NOW,NRG,NSC,NTAP,NTRS,NUE,NVDA,NVR,NWL,NWS,NWSA,O,ODFL,OKE,OMC,ORCL,ORLY,OXY,PAYC,PAYX,PBCT,PCAR,PEAK,PEG,PEP,PFE,PFG,PG,PGR,PH,PHM,PKG,PKI,PLD,PM,PNC,PNR,PNW,PPG,PPL,PRGO,PRU,PSA,PSX,PVH,PWR,PXD,PYPL,QCOM,QRVO,RCL,RE,REG,REGN,RF,RHI,RJF,RL,RMD,ROK,ROL,ROP,ROST,RSG,RTN,SBAC,SBUX,SCHW,SEE,SHW,SIVB,SJM,SLB,SLG,SNA,SNPS,SO,SPG,SPGI,SRE,STE,STT,STX,STZ,SWK,SWKS,SYF,SYK,SYY,T,TAP,TDG,TEL,TFC,TFX,TGT,TIF,TJX,TMO,TMUS,TPR,TROW,TRV,TSCO,TSN,TTWO,TWTR,TXN,TXT,UA,UAA,UAL,UDR,UHS,ULTA,UNH,UNM,UNP,UPS,URI,USB,UTX,V,VAR,VFC,VIAC,VLO,VMC,VNO,VRSK,VRSN,VRTX,VTR,VZ,WAB,WAT,WBA,WDC,WEC,WELL,WFC,WHR,WLTW,WM,WMB,WMT,WRB,WRK,WU,WY,WYNN,XEC,XEL,XLNX,XOM,XRAY,XRX,XYL,YUM,ZBH,ZBRA,ZION,ZTS"
2020-03-03,"A,AAL,AAP,AAPL,ABBV,ABC,ABMD,ABT,ACN,ADBE,ADI,ADM,ADP,ADS,ADSK,AEE,AEP,AES,AFL,AGN,AIG,AIV,AIZ,AJG,AKAM,ALB,ALGN,ALK,ALL,ALLE,ALXN,AMAT,AMCR,AMD,AME,AMGN,AMP,AMT,AMZN,ANET,ANSS,ANTM,AON,AOS,APA,APD,APH,APTV,ARE,ARNC,ATO,ATVI,AVB,AVGO,AVY,AWK,AXP,AZO,BA,BAC,BAX,BBY,BDX,BEN,BF.B,BIIB,BK,BKNG,BKR,BLK,BLL,BMY,BR,BRK.B,BSX,BWA,BXP,C,CAG,CAH,CAT,CB,CBOE,CBRE,CCI,CCL,CDNS,CDW,CE,CERN,CF,CFG,CHD,CHRW,CHTR,CI,CINF,CL,CLX,CMA,CMCSA,CME,CMG,CMI,CMS,CNC,CNP,COF,COG,COO,COP,COST,COTY,CPB,CPRI,CPRT,CRM,CSCO,CSX,CTAS,CTL,CTSH,CTVA,CTXS,CVS,CVX,CXO,D,DAL,DD,DE,DFS,DG,DGX,DHI,DHR,DIS,DISCA,DISCK,DISH,DLR,DLTR,DOV,DOW,DRE,DRI,DTE,DUK,DVA,DVN,DXC,EA,EBAY,ECL,ED,EFX,EIX,EL,EMN,EMR,EOG,EQIX,EQR,ES,ESS,ETFC,ETN,ETR,EVRG,EW,EXC,EXPD,EXPE,EXR,F,FANG,FAST,FB,FBHS,FCX,FDX,FE,FFIV,FIS,FISV,FITB,FLIR,FLS,FLT,FMC,FOX,FOXA,FRC,FRT,FTI,FTNT,FTV,GD,GE,GILD,GIS,GL,GLW,GM,GOOG,GOOGL,GPC,GPN,GPS,GRMN,GS,GWW,HAL,HAS,HBAN,HBI,HCA,HD,HES,HFC,HIG,HII,HLT,HOG,HOLX,HON,HP,HPE,HPQ,HRB,HRL,HSIC,HST,HSY,HUM,IBM,ICE,IDXX,IEX,IFF,ILMN,INCY,INFO,INTC,INTU,IP,IPG,IPGP,IQV,IR,IRM,ISRG,IT,ITW,IVZ,J,JBHT,JCI,JKHY,JNJ,JNPR,JPM,JWN,K,KEY,KEYS,KHC,KIM,KLAC,KMB,KMI,KMX,KO,KR,KSS,KSU,L,LB,LDOS,LEG,LEN,LH,LHX,LIN,LKQ,LLY,LMT,LNC,LNT,LOW,LRCX,LUV,LVS,LW,LYB,LYV,M,MA,MAA,MAR,MAS,MCD,MCHP,MCK,MCO,MDLZ,MDT,MET,MGM,MHK,MKC,MKTX,MLM,MMC,MMM,MNST,MO,MOS,MPC,MRK,MRO,MS,MSCI,MSFT,MSI,MTB,MTD,MU,MXIM,MYL,NBL,NCLH,NDAQ,NEE,NEM,NFLX,NI,NKE,NLOK,NLSN,NOC,NOV,NOW,NRG,NSC,NTAP,NTRS,NUE,NVDA,NVR,NWL,NWS,NWSA,O,ODFL,OKE,OMC,ORCL,ORLY,OXY,PAYC,PAYX,PBCT,PCAR,PEAK,PEG,PEP,PFE,PFG,PG,PGR,PH,PHM,PKG,PKI,PLD,PM,PNC,PNR,PNW,PPG,PPL,PRGO,PRU,PSA,PSX,PVH,PWR,PXD,PYPL,QCOM,QRVO,RCL,RE,REG,REGN,RF,RHI,RJF,RL,RMD,ROK,ROL,ROP,ROST,RSG,RTN,SBAC,SBUX,SCHW,SEE,SHW,SIVB,SJM,SLB,SLG,SNA,SNPS,SO,SPG,SPGI,SRE,STE,STT,STX,STZ,SWK,SWKS,SYF,SYK,SYY,T,TAP,TDG,TEL,TFC,TFX,TGT,TIF,TJX,TMO,TMUS,TPR,TROW,TRV,TSCO,TSN,TT,TTWO,TWTR,TXN,TXT,UA,UAA,UAL,UDR,UHS,ULTA,UNH,UNM,UNP,UPS,URI,USB,UTX,V,VAR,VFC,VIAC,VLO,VMC,VNO,VRSK,VRSN,VRTX,VTR,VZ,WAB,WAT,WBA,WDC,WEC,WELL,WFC,WHR,WLTW,WM,WMB,WMT,WRB,WRK,WU,WY,WYNN,XEL,XLNX,XOM,XRAY,XRX,XYL,YUM,ZBH,ZBRA,ZION,ZTS"
2020-04-03,"A,AAL,AAP,AAPL,ABBV,ABC,ABMD,ABT,ACN,ADBE,ADI,ADM,ADP,ADS,ADSK,AEE,AEP,AES,AFL,AGN,AIG,AIV,AIZ,AJG,AKAM,ALB,ALGN,ALK,ALL,ALLE,ALXN,AMAT,AMCR,AMD,AME,AMGN,AMP,AMT,AMZN,ANET,ANSS,ANTM,AON,AOS,APA,APD,APH,APTV,ARE,ARNC,ATO,ATVI,AVB,AVGO,AVY,AWK,AXP,AZO,BA,BAC,BAX,BBY,BDX,BEN,BF.B,BIIB,BK,BKNG,BKR,BLK,BLL,BMY,BR,BRK.B,BSX,BWA,BXP,C,CAG,CAH,CARR,CAT,CB,CBOE,CBRE,CCI,CCL,CDNS,CDW,CE,CERN,CF,CFG,CHD,CHRW,CHTR,CI,CINF,CL,CLX,CMA,CMCSA,CME,CMG,CMI,CMS,CNC,CNP,COF,COG,COO,COP,COST,COTY,CPB,CPRI,CPRT,CRM,CSCO,CSX,CTAS,CTL,CTSH,CTVA,CTXS,CVS,CVX,CXO,D,DAL,DD,DE,DFS,DG,DGX,DHI,DHR,DIS,DISCA,DISCK,DISH,DLR,DLTR,DOV,DOW,DRE,DRI,DTE,DUK,DVA,DVN,DXC,EA,EBAY,ECL,ED,EFX,EIX,EL,EMN,EMR,EOG,EQIX,EQR,ES,ESS,ETFC,ETN,ETR,EVRG,EW,EXC,EXPD,EXPE,EXR,F,FANG,FAST,FB,FBHS,FCX,FDX,FE,FFIV,FIS,FISV,FITB,FLIR,FLS,FLT,FMC,FOX,FOXA,FRC,FRT,FTI,FTNT,FTV,GD,GE,GILD,GIS,GL,GLW,GM,GOOG,GOOGL,GPC,GPN,GPS,GRMN,GS,GWW,HAL,HAS,HBAN,HBI,HCA,HD,HES,HFC,HIG,HII,HLT,HOG,HOLX,HON,HP,HPE,HPQ,HRB,HRL,HSIC,HST,HSY,HUM,IBM,ICE,IDXX,IEX,IFF,ILMN,INCY,INFO,INTC,INTU,IP,IPG,IPGP,IQV,IR,IRM,ISRG,IT,ITW,IVZ,J,JBHT,JCI,JKHY,JNJ,JNPR,JPM,JWN,K,KEY,KEYS,KHC,KIM,KLAC,KMB,KMI,KMX,KO,KR,KSS,KSU,L,LB,LDOS,LEG,LEN,LH,LHX,LIN,LKQ,LLY,LMT,LNC,LNT,LOW,LRCX,LUV,LVS,LW,LYB,LYV,M,MA,MAA,MAR,MAS,MCD,MCHP,MCK,MCO,MDLZ,MDT,MET,MGM,MHK,MKC,MKTX,MLM,MMC,MMM,MNST,MO,MOS,MPC,MRK,MRO,MS,MSCI,MSFT,MSI,MTB,MTD,MU,MXIM,MYL,NBL,NCLH,NDAQ,NEE,NEM,NFLX,NI,NKE,NLOK,NLSN,NOC,NOV,NOW,NRG,NSC,NTAP,NTRS,NUE,NVDA,NVR,NWL,NWS,NWSA,O,ODFL,OKE,OMC,ORCL,ORLY,OTIS,OXY,PAYC,PAYX,PBCT,PCAR,PEAK,PEG,PEP,PFE,PFG,PG,PGR,PH,PHM,PKG,PKI,PLD,PM,PNC,PNR,PNW,PPG,PPL,PRGO,PRU,PSA,PSX,PVH,PWR,PXD,PYPL,QCOM,QRVO,RCL,RE,REG,REGN,RF,RHI,RJF,RL,RMD,ROK,ROL,ROP,ROST,RSG,RTN,RTX,SBAC,SBUX,SCHW,SEE,SHW,SIVB,SJM,SLB,SLG,SNA,SNPS,SO,SPG,SPGI,SRE,STE,STT,STX,STZ,SWK,SWKS,SYF,SYK,SYY,T,TAP,TDG,TEL,TFC,TFX,TGT,TIF,TJX,TMO,TMUS,TPR,TROW,TRV,TSCO,TSN,TT,TTWO,TWTR,TXN,TXT,UA,UAA,UAL,UDR,UHS,ULTA,UNH,UNM,UNP,UPS,URI,USB,V,VAR,VFC,VIAC,VLO,VMC,VNO,VRSK,VRSN,VRTX,VTR,VZ,WAB,WAT,WBA,WDC,WEC,WELL,WFC,WHR,WLTW,WM,WMB,WMT,WRB,WRK,WU,WY,WYNN,XEL,XLNX,XOM,XRAY,XRX,XYL,YUM,ZBH,ZBRA,ZION,ZTS"
2020-04-06,"A,AAL,AAP,AAPL,ABBV,ABC,ABMD,ABT,ACN,ADBE,ADI,ADM,ADP,ADS,ADSK,AEE,AEP,AES,AFL,AGN,AIG,AIV,AIZ,AJG,AKAM,ALB,ALGN,ALK,ALL,ALLE,ALXN,AMAT,AMCR,AMD,AME,AMGN,AMP,AMT,AMZN,ANET,ANSS,ANTM,AON,AOS,APA,APD,APH,APTV,ARE,ATO,ATVI,AVB,AVGO,AVY,AWK,AXP,AZO,BA,BAC,BAX,BBY,BDX,BEN,BF.B,BIIB,BK,BKNG,BKR,BLK,BLL,BMY,BR,BRK.B,BSX,BWA,BXP,C,CAG,CAH,CARR,CAT,CB,CBOE,CBRE,CCI,CCL,CDNS,CDW,CE,CERN,CF,CFG,CHD,CHRW,CHTR,CI,CINF,CL,CLX,CMA,CMCSA,CME,CMG,CMI,CMS,CNC,CNP,COF,COG,COO,COP,COST,COTY,CPB,CPRI,CPRT,CRM,CSCO,CSX,CTAS,CTL,CTSH,CTVA,CTXS,CVS,CVX,CXO,D,DAL,DD,DE,DFS,DG,DGX,DHI,DHR,DIS,DISCA,DISCK,DISH,DLR,DLTR,DOV,DOW,DRE,DRI,DTE,DUK,DVA,DVN,DXC,EA,EBAY,ECL,ED,EFX,EIX,EL,EMN,EMR,EOG,EQIX,EQR,ES,ESS,ETFC,ETN,ETR,EVRG,EW,EXC,EXPD,EXPE,EXR,F,FANG,FAST,FB,FBHS,FCX,FDX,FE,FFIV,FIS,FISV,FITB,FLIR,FLS,FLT,FMC,FOX,FOXA,FRC,FRT,FTI,FTNT,FTV,GD,GE,GILD,GIS,GL,GLW,GM,GOOG,GOOGL,GPC,GPN,GPS,GRMN,GS,GWW,HAL,HAS,HBAN,HBI,HCA,HD,HES,HFC,HIG,HII,HLT,HOG,HOLX,HON,HP,HPE,HPQ,HRB,HRL,HSIC,HST,HSY,HUM,HWM,IBM,ICE,IDXX,IEX,IFF,ILMN,INCY,INFO,INTC,INTU,IP,IPG,IPGP,IQV,IR,IRM,ISRG,IT,ITW,IVZ,J,JBHT,JCI,JKHY,JNJ,JNPR,JPM,JWN,K,KEY,KEYS,KHC,KIM,KLAC,KMB,KMI,KMX,KO,KR,KSS,KSU,L,LB,LDOS,LEG,LEN,LH,LHX,LIN,LKQ,LLY,LMT,LNC,LNT,LOW,LRCX,LUV,LVS,LW,LYB,LYV,MA,MAA,MAR,MAS,MCD,MCHP,MCK,MCO,MDLZ,MDT,MET,MGM,MHK,MKC,MKTX,MLM,MMC,MMM,MNST,MO,MOS,MPC,MRK,MRO,MS,MSCI,MSFT,MSI,MTB,MTD,MU,MXIM,MYL,NBL,NCLH,NDAQ,NEE,NEM,NFLX,NI,NKE,NLOK,NLSN,NOC,NOV,NOW,NRG,NSC,NTAP,NTRS,NUE,NVDA,NVR,NWL,NWS,NWSA,O,ODFL,OKE,OMC,ORCL,ORLY,OTIS,OXY,PAYC,PAYX,PBCT,PCAR,PEAK,PEG,PEP,PFE,PFG,PG,PGR,PH,PHM,PKG,PKI,PLD,PM,PNC,PNR,PNW,PPG,PPL,PRGO,PRU,PSA,PSX,PVH,PWR,PXD,PYPL,QCOM,QRVO,RCL,RE,REG,REGN,RF,RHI,RJF,RL,RMD,ROK,ROL,ROP,ROST,RSG,RTX,SBAC,SBUX,SCHW,SEE,SHW,SIVB,SJM,SLB,SLG,SNA,SNPS,SO,SPG,SPGI,SRE,STE,STT,STX,STZ,SWK,SWKS,SYF,SYK,SYY,T,TAP,TDG,TEL,TFC,TFX,TGT,TIF,TJX,TMO,TMUS,TPR,TROW,TRV,TSCO,TSN,TT,TTWO,TWTR,TXN,TXT,UA,UAA,UAL,UDR,UHS,ULTA,UNH,UNM,UNP,UPS,URI,USB,V,VAR,VFC,VIAC,VLO,VMC,VNO,VRSK,VRSN,VRTX,VTR,VZ,WAB,WAT,WBA,WDC,WEC,WELL,WFC,WHR,WLTW,WM,WMB,WMT,WRB,WRK,WU,WY,WYNN,XEL,XLNX,XOM,XRAY,XRX,XYL,YUM,ZBH,ZBRA,ZION,ZTS"
2020-05-12,"A,AAL,AAP,AAPL,ABBV,ABC,ABMD,ABT,ACN,ADBE,ADI,ADM,ADP,ADS,ADSK,AEE,AEP,AES,AFL,AIG,AIV,AIZ,AJG,AKAM,ALB,ALGN,ALK,ALL,ALLE,ALXN,AMAT,AMCR,AMD,AME,AMGN,AMP,AMT,AMZN,ANET,ANSS,ANTM,AON,AOS,APA,APD,APH,APTV,ARE,ATO,ATVI,AVB,AVGO,AVY,AWK,AXP,AZO,BA,BAC,BAX,BBY,BDX,BEN,BF.B,BIIB,BK,BKNG,BKR,BLK,BLL,BMY,BR,BRK.B,BSX,BWA,BXP,C,CAG,CAH,CARR,CAT,CB,CBOE,CBRE,CCI,CCL,CDNS,CDW,CE,CERN,CF,CFG,CHD,CHRW,CHTR,CI,CINF,CL,CLX,CMA,CMCSA,CME,CMG,CMI,CMS,CNC,CNP,COF,COG,COO,COP,COST,COTY,CPB,CPRT,CRM,CSCO,CSX,CTAS,CTL,CTSH,CTVA,CTXS,CVS,CVX,CXO,D,DAL,DD,DE,DFS,DG,DGX,DHI,DHR,DIS,DISCA,DISCK,DISH,DLR,DLTR,DOV,DOW,DPZ,DRE,DRI,DTE,DUK,DVA,DVN,DXC,DXCM,EA,EBAY,ECL,ED,EFX,EIX,EL,EMN,EMR,EOG,EQIX,EQR,ES,ESS,ETFC,ETN,ETR,EVRG,EW,EXC,EXPD,EXPE,EXR,F,FANG,FAST,FB,FBHS,FCX,FDX,FE,FFIV,FIS,FISV,FITB,FLIR,FLS,FLT,FMC,FOX,FOXA,FRC,FRT,FTI,FTNT,FTV,GD,GE,GILD,GIS,GL,GLW,GM,GOOG,GOOGL,GPC,GPN,GPS,GRMN,GS,GWW,HAL,HAS,HBAN,HBI,HCA,HD,HES,HFC,HIG,HII,HLT,HOG,HOLX,HON,HP,HPE,HPQ,HRB,HRL,HSIC,HST,HSY,HUM,HWM,IBM,ICE,IDXX,IEX,IFF,ILMN,INCY,INFO,INTC,INTU,IP,IPG,IPGP,IQV,IR,IRM,ISRG,IT,ITW,IVZ,J,JBHT,JCI,JKHY,JNJ,JNPR,JPM,JWN,K,KEY,KEYS,KHC,KIM,KLAC,KMB,KMI,KMX,KO,KR,KSS,KSU,L,LB,LDOS,LEG,LEN,LH,LHX,LIN,LKQ,LLY,LMT,LNC,LNT,LOW,LRCX,LUV,LVS,LW,LYB,LYV,MA,MAA,MAR,MAS,MCD,MCHP,MCK,MCO,MDLZ,MDT,MET,MGM,MHK,MKC,MKTX,MLM,MMC,MMM,MNST,MO,MOS,MPC,MRK,MRO,MS,MSCI,MSFT,MSI,MTB,MTD,MU,MXIM,MYL,NBL,NCLH,NDAQ,NEE,NEM,NFLX,NI,NKE,NLOK,NLSN,NOC,NOV,NOW,NRG,NSC,NTAP,NTRS,NUE,NVDA,NVR,NWL,NWS,NWSA,O,ODFL,OKE,OMC,ORCL,ORLY,OTIS,OXY,PAYC,PAYX,PBCT,PCAR,PEAK,PEG,PEP,PFE,PFG,PG,PGR,PH,PHM,PKG,PKI,PLD,PM,PNC,PNR,PNW,PPG,PPL,PRGO,PRU,PSA,PSX,PVH,PWR,PXD,PYPL,QCOM,QRVO,RCL,RE,REG,REGN,RF,RHI,RJF,RL,RMD,ROK,ROL,ROP,ROST,RSG,RTX,SBAC,SBUX,SCHW,SEE,SHW,SIVB,SJM,SLB,SLG,SNA,SNPS,SO,SPG,SPGI,SRE,STE,STT,STX,STZ,SWK,SWKS,SYF,SYK,SYY,T,TAP,TDG,TEL,TFC,TFX,TGT,TIF,TJX,TMO,TMUS,TPR,TROW,TRV,TSCO,TSN,TT,TTWO,TWTR,TXN,TXT,UA,UAA,UAL,UDR,UHS,ULTA,UNH,UNM,UNP,UPS,URI,USB,V,VAR,VFC,VIAC,VLO,VMC,VNO,VRSK,VRSN,VRTX,VTR,VZ,WAB,WAT,WBA,WDC,WEC,WELL,WFC,WHR,WLTW,WM,WMB,WMT,WRB,WRK,WU,WY,WYNN,XEL,XLNX,XOM,XRAY,XRX,XYL,YUM,ZBH,ZBRA,ZION,ZTS"
2020-05-22,"A,AAL,AAP,AAPL,ABBV,ABC,ABMD,ABT,ACN,ADBE,ADI,ADM,ADP,ADS,ADSK,AEE,AEP,AES,AFL,AIG,AIV,AIZ,AJG,AKAM,ALB,ALGN,ALK,ALL,ALLE,ALXN,AMAT,AMCR,AMD,AME,AMGN,AMP,AMT,AMZN,ANET,ANSS,ANTM,AON,AOS,APA,APD,APH,APTV,ARE,ATO,ATVI,AVB,AVGO,AVY,AWK,AXP,AZO,BA,BAC,BAX,BBY,BDX,BEN,BF.B,BIIB,BK,BKNG,BKR,BLK,BLL,BMY,BR,BRK.B,BSX,BWA,BXP,C,CAG,CAH,CARR,CAT,CB,CBOE,CBRE,CCI,CCL,CDNS,CDW,CE,CERN,CF,CFG,CHD,CHRW,CHTR,CI,CINF,CL,CLX,CMA,CMCSA,CME,CMG,CMI,CMS,CNC,CNP,COF,COG,COO,COP,COST,COTY,CPB,CPRT,CRM,CSCO,CSX,CTAS,CTL,CTSH,CTVA,CTXS,CVS,CVX,CXO,D,DAL,DD,DE,DFS,DG,DGX,DHI,DHR,DIS,DISCA,DISCK,DISH,DLR,DLTR,DOV,DOW,DPZ,DRE,DRI,DTE,DUK,DVA,DVN,DXC,DXCM,EA,EBAY,ECL,ED,EFX,EIX,EL,EMN,EMR,EOG,EQIX,EQR,ES,ESS,ETFC,ETN,ETR,EVRG,EW,EXC,EXPD,EXPE,EXR,F,FANG,FAST,FB,FBHS,FCX,FDX,FE,FFIV,FIS,FISV,FITB,FLIR,FLS,FLT,FMC,FOX,FOXA,FRC,FRT,FTI,FTNT,FTV,GD,GE,GILD,GIS,GL,GLW,GM,GOOG,GOOGL,GPC,GPN,GPS,GRMN,GS,GWW,HAL,HAS,HBAN,HBI,HCA,HD,HES,HFC,HIG,HII,HLT,HOG,HOLX,HON,HPE,HPQ,HRB,HRL,HSIC,HST,HSY,HUM,HWM,IBM,ICE,IDXX,IEX,IFF,ILMN,INCY,INFO,INTC,INTU,IP,IPG,IPGP,IQV,IR,IRM,ISRG,IT,ITW,IVZ,J,JBHT,JCI,JKHY,JNJ,JNPR,JPM,JWN,K,KEY,KEYS,KHC,KIM,KLAC,KMB,KMI,KMX,KO,KR,KSS,KSU,L,LB,LDOS,LEG,LEN,LH,LHX,LIN,LKQ,LLY,LMT,LNC,LNT,LOW,LRCX,LUV,LVS,LW,LYB,LYV,MA,MAA,MAR,MAS,MCD,MCHP,MCK,MCO,MDLZ,MDT,MET,MGM,MHK,MKC,MKTX,MLM,MMC,MMM,MNST,MO,MOS,MPC,MRK,MRO,MS,MSCI,MSFT,MSI,MTB,MTD,MU,MXIM,MYL,NBL,NCLH,NDAQ,NEE,NEM,NFLX,NI,NKE,NLOK,NLSN,NOC,NOV,NOW,NRG,NSC,NTAP,NTRS,NUE,NVDA,NVR,NWL,NWS,NWSA,O,ODFL,OKE,OMC,ORCL,ORLY,OTIS,OXY,PAYC,PAYX,PBCT,PCAR,PEAK,PEG,PEP,PFE,PFG,PG,PGR,PH,PHM,PKG,PKI,PLD,PM,PNC,PNR,PNW,PPG,PPL,PRGO,PRU,PSA,PSX,PVH,PWR,PXD,PYPL,QCOM,QRVO,RCL,RE,REG,REGN,RF,RHI,RJF,RL,RMD,ROK,ROL,ROP,ROST,RSG,RTX,SBAC,SBUX,SCHW,SEE,SHW,SIVB,SJM,SLB,SLG,SNA,SNPS,SO,SPG,SPGI,SRE,STE,STT,STX,STZ,SWK,SWKS,SYF,SYK,SYY,T,TAP,TDG,TEL,TFC,TFX,TGT,TIF,TJX,TMO,TMUS,TPR,TROW,TRV,TSCO,TSN,TT,TTWO,TWTR,TXN,TXT,UA,UAA,UAL,UDR,UHS,ULTA,UNH,UNM,UNP,UPS,URI,USB,V,VAR,VFC,VIAC,VLO,VMC,VNO,VRSK,VRSN,VRTX,VTR,VZ,WAB,WAT,WBA,WDC,WEC,WELL,WFC,WHR,WLTW,WM,WMB,WMT,WRB,WRK,WST,WU,WY,WYNN,XEL,XLNX,XOM,XRAY,XRX,XYL,YUM,ZBH,ZBRA,ZION,ZTS"
2020-06-22,"A,AAL,AAP,AAPL,ABBV,ABC,ABMD,ABT,ACN,ADBE,ADI,ADM,ADP,ADSK,AEE,AEP,AES,AFL,AIG,AIV,AIZ,AJG,AKAM,ALB,ALGN,ALK,ALL,ALLE,ALXN,AMAT,AMCR,AMD,AME,AMGN,AMP,AMT,AMZN,ANET,ANSS,ANTM,AON,AOS,APA,APD,APH,APTV,ARE,ATO,ATVI,AVB,AVGO,AVY,AWK,AXP,AZO,BA,BAC,BAX,BBY,BDX,BEN,BF.B,BIIB,BIO,BK,BKNG,BKR,BLK,BLL,BMY,BR,BRK.B,BSX,BWA,BXP,C,CAG,CAH,CARR,CAT,CB,CBOE,CBRE,CCI,CCL,CDNS,CDW,CE,CERN,CF,CFG,CHD,CHRW,CHTR,CI,CINF,CL,CLX,CMA,CMCSA,CME,CMG,CMI,CMS,CNC,CNP,COF,COG,COO,COP,COST,COTY,CPB,CPRT,CRM,CSCO,CSX,CTAS,CTL,CTSH,CTVA,CTXS,CVS,CVX,CXO,D,DAL,DD,DE,DFS,DG,DGX,DHI,DHR,DIS,DISCA,DISCK,DISH,DLR,DLTR,DOV,DOW,DPZ,DRE,DRI,DTE,DUK,DVA,DVN,DXC,DXCM,EA,EBAY,ECL,ED,EFX,EIX,EL,EMN,EMR,EOG,EQIX,EQR,ES,ESS,ETFC,ETN,ETR,EVRG,EW,EXC,EXPD,EXPE,EXR,F,FANG,FAST,FB,FBHS,FCX,FDX,FE,FFIV,FIS,FISV,FITB,FLIR,FLS,FLT,FMC,FOX,FOXA,FRC,FRT,FTI,FTNT,FTV,GD,GE,GILD,GIS,GL,GLW,GM,GOOG,GOOGL,GPC,GPN,GPS,GRMN,GS,GWW,HAL,HAS,HBAN,HBI,HCA,HD,HES,HFC,HIG,HII,HLT,HOLX,HON,HPE,HPQ,HRB,HRL,HSIC,HST,HSY,HUM,HWM,IBM,ICE,IDXX,IEX,IFF,ILMN,INCY,INFO,INTC,INTU,IP,IPG,IPGP,IQV,IR,IRM,ISRG,IT,ITW,IVZ,J,JBHT,JCI,JKHY,JNJ,JNPR,JPM,K,KEY,KEYS,KHC,KIM,KLAC,KMB,KMI,KMX,KO,KR,KSS,KSU,L,LB,LDOS,LEG,LEN,LH,LHX,LIN,LKQ,LLY,LMT,LNC,LNT,LOW,LRCX,LUV,LVS,LW,LYB,LYV,MA,MAA,MAR,MAS,MCD,MCHP,MCK,MCO,MDLZ,MDT,MET,MGM,MHK,MKC,MKTX,MLM,MMC,MMM,MNST,MO,MOS,MPC,MRK,MRO,MS,MSCI,MSFT,MSI,MTB,MTD,MU,MXIM,MYL,NBL,NCLH,NDAQ,NEE,NEM,NFLX,NI,NKE,NLOK,NLSN,NOC,NOV,NOW,NRG,NSC,NTAP,NTRS,NUE,NVDA,NVR,NWL,NWS,NWSA,O,ODFL,OKE,OMC,ORCL,ORLY,OTIS,OXY,PAYC,PAYX,PBCT,PCAR,PEAK,PEG,PEP,PFE,PFG,PG,PGR,PH,PHM,PKG,PKI,PLD,PM,PNC,PNR,PNW,PPG,PPL,PRGO,PRU,PSA,PSX,PVH,PWR,PXD,PYPL,QCOM,QRVO,RCL,RE,REG,REGN,RF,RHI,RJF,RL,RMD,ROK,ROL,ROP,ROST,RSG,RTX,SBAC,SBUX,SCHW,SEE,SHW,SIVB,SJM,SLB,SLG,SNA,SNPS,SO,SPG,SPGI,SRE,STE,STT,STX,STZ,SWK,SWKS,SYF,SYK,SYY,T,TAP,TDG,TDY,TEL,TFC,TFX,TGT,TIF,TJX,TMO,TMUS,TPR,TROW,TRV,TSCO,TSN,TT,TTWO,TWTR,TXN,TXT,TYL,UA,UAA,UAL,UDR,UHS,ULTA,UNH,UNM,UNP,UPS,URI,USB,V,VAR,VFC,VIAC,VLO,VMC,VNO,VRSK,VRSN,VRTX,VTR,VZ,WAB,WAT,WBA,WDC,WEC,WELL,WFC,WHR,WLTW,WM,WMB,WMT,WRB,WRK,WST,WU,WY,WYNN,XEL,XLNX,XOM,XRAY,XRX,XYL,YUM,ZBH,ZBRA,ZION,ZTS"
2020-09-18,"A,AAL,AAP,AAPL,ABBV,ABC,ABMD,ABT,ACN,ADBE,ADI,ADM,ADP,ADSK,AEE,AEP,AES,AFL,AIG,AIV,AIZ,AJG,AKAM,ALB,ALGN,ALK,ALL,ALLE,ALXN,AMAT,AMCR,AMD,AME,AMGN,AMP,AMT,AMZN,ANET,ANSS,ANTM,AON,AOS,APA,APD,APH,APTV,ARE,ATO,ATVI,AVB,AVGO,AVY,AWK,AXP,AZO,BA,BAC,BAX,BBY,BDX,BEN,BF.B,BIIB,BIO,BK,BKNG,BKR,BLK,BLL,BMY,BR,BRK.B,BSX,BWA,BXP,C,CAG,CAH,CARR,CAT,CB,CBOE,CBRE,CCI,CCL,CDNS,CDW,CE,CERN,CF,CFG,CHD,CHRW,CHTR,CI,CINF,CL,CLX,CMA,CMCSA,CME,CMG,CMI,CMS,CNC,CNP,COF,COG,COO,COP,COST,COTY,CPB,CPRT,CRM,CSCO,CSX,CTAS,CTSH,CTVA,CTXS,CVS,CVX,CXO,D,DAL,DD,DE,DFS,DG,DGX,DHI,DHR,DIS,DISCA,DISCK,DISH,DLR,DLTR,DOV,DOW,DPZ,DRE,DRI,DTE,DUK,DVA,DVN,DXC,DXCM,EA,EBAY,ECL,ED,EFX,EIX,EL,EMN,EMR,EOG,EQIX,EQR,ES,ESS,ETFC,ETN,ETR,EVRG,EW,EXC,EXPD,EXPE,EXR,F,FANG,FAST,FB,FBHS,FCX,FDX,FE,FFIV,FIS,FISV,FITB,FLIR,FLS,FLT,FMC,FOX,FOXA,FRC,FRT,FTI,FTNT,FTV,GD,GE,GILD,GIS,GL,GLW,GM,GOOG,GOOGL,GPC,GPN,GPS,GRMN,GS,GWW,HAL,HAS,HBAN,HBI,HCA,HD,HES,HFC,HIG,HII,HLT,HOLX,HON,HPE,HPQ,HRB,HRL,HSIC,HST,HSY,HUM,HWM,IBM,ICE,IDXX,IEX,IFF,ILMN,INCY,INFO,INTC,INTU,IP,IPG,IPGP,IQV,IR,IRM,ISRG,IT,ITW,IVZ,J,JBHT,JCI,JKHY,JNJ,JNPR,JPM,K,KEY,KEYS,KHC,KIM,KLAC,KMB,KMI,KMX,KO,KR,KSS,KSU,L,LB,LDOS,LEG,LEN,LH,LHX,LIN,LKQ,LLY,LMT,LNC,LNT,LOW,LRCX,LUMN,LUV,LVS,LW,LYB,LYV,MA,MAA,MAR,MAS,MCD,MCHP,MCK,MCO,MDLZ,MDT,MET,MGM,MHK,MKC,MKTX,MLM,MMC,MMM,MNST,MO,MOS,MPC,MRK,MRO,MS,MSCI,MSFT,MSI,MTB,MTD,MU,MXIM,MYL,NBL,NCLH,NDAQ,NEE,NEM,NFLX,NI,NKE,NLOK,NLSN,NOC,NOV,NOW,NRG,NSC,NTAP,NTRS,NUE,NVDA,NVR,NWL,NWS,NWSA,O,ODFL,OKE,OMC,ORCL,ORLY,OTIS,OXY,PAYC,PAYX,PBCT,PCAR,PEAK,PEG,PEP,PFE,PFG,PG,PGR,PH,PHM,PKG,PKI,PLD,PM,PNC,PNR,PNW,PPG,PPL,PRGO,PRU,PSA,PSX,PVH,PWR,PXD,PYPL,QCOM,QRVO,RCL,RE,REG,REGN,RF,RHI,RJF,RL,RMD,ROK,ROL,ROP,ROST,RSG,RTX,SBAC,SBUX,SCHW,SEE,SHW,SIVB,SJM,SLB,SLG,SNA,SNPS,SO,SPG,SPGI,SRE,STE,STT,STX,STZ,SWK,SWKS,SYF,SYK,SYY,T,TAP,TDG,TDY,TEL,TFC,TFX,TGT,TIF,TJX,TMO,TMUS,TPR,TROW,TRV,TSCO,TSN,TT,TTWO,TWTR,TXN,TXT,TYL,UA,UAA,UAL,UDR,UHS,ULTA,UNH,UNM,UNP,UPS,URI,USB,V,VAR,VFC,VIAC,VLO,VMC,VNO,VRSK,VRSN,VRTX,VTR,VZ,WAB,WAT,WBA,WDC,WEC,WELL,WFC,WHR,WLTW,WM,WMB,WMT,WRB,WRK,WST,WU,WY,WYNN,XEL,XLNX,XOM,XRAY,XRX,XYL,YUM,ZBH,ZBRA,ZION,ZTS"
2020-09-21,"A,AAL,AAP,AAPL,ABBV,ABC,ABMD,ABT,ACN,ADBE,ADI,ADM,ADP,ADSK,AEE,AEP,AES,AFL,AIG,AIV,AIZ,AJG,AKAM,ALB,ALGN,ALK,ALL,ALLE,ALXN,AMAT,AMCR,AMD,AME,AMGN,AMP,AMT,AMZN,ANET,ANSS,ANTM,AON,AOS,APA,APD,APH,APTV,ARE,ATO,ATVI,AVB,AVGO,AVY,AWK,AXP,AZO,BA,BAC,BAX,BBY,BDX,BEN,BF.B,BIIB,BIO,BK,BKNG,BKR,BLK,BLL,BMY,BR,BRK.B,BSX,BWA,BXP,C,CAG,CAH,CARR,CAT,CB,CBOE,CBRE,CCI,CCL,CDNS,CDW,CE,CERN,CF,CFG,CHD,CHRW,CHTR,CI,CINF,CL,CLX,CMA,CMCSA,CME,CMG,CMI,CMS,CNC,CNP,COF,COG,COO,COP,COST,CPB,CPRT,CRM,CSCO,CSX,CTAS,CTLT,CTSH,CTVA,CTXS,CVS,CVX,CXO,D,DAL,DD,DE,DFS,DG,DGX,DHI,DHR,DIS,DISCA,DISCK,DISH,DLR,DLTR,DOV,DOW,DPZ,DRE,DRI,DTE,DUK,DVA,DVN,DXC,DXCM,EA,EBAY,ECL,ED,EFX,EIX,EL,EMN,EMR,EOG,EQIX,EQR,ES,ESS,ETFC,ETN,ETR,ETSY,EVRG,EW,EXC,EXPD,EXPE,EXR,F,FANG,FAST,FB,FBHS,FCX,FDX,FE,FFIV,FIS,FISV,FITB,FLIR,FLS,FLT,FMC,FOX,FOXA,FRC,FRT,FTI,FTNT,FTV,GD,GE,GILD,GIS,GL,GLW,GM,GOOG,GOOGL,GPC,GPN,GPS,GRMN,GS,GWW,HAL,HAS,HBAN,HBI,HCA,HD,HES,HFC,HIG,HII,HLT,HOLX,HON,HPE,HPQ,HRL,HSIC,HST,HSY,HUM,HWM,IBM,ICE,IDXX,IEX,IFF,ILMN,INCY,INFO,INTC,INTU,IP,IPG,IPGP,IQV,IR,IRM,ISRG,IT,ITW,IVZ,J,JBHT,JCI,JKHY,JNJ,JNPR,JPM,K,KEY,KEYS,KHC,KIM,KLAC,KMB,KMI,KMX,KO,KR,KSU,L,LB,LDOS,LEG,LEN,LH,LHX,LIN,LKQ,LLY,LMT,LNC,LNT,LOW,LRCX,LUMN,LUV,LVS,LW,LYB,LYV,MA,MAA,MAR,MAS,MCD,MCHP,MCK,MCO,MDLZ,MDT,MET,MGM,MHK,MKC,MKTX,MLM,MMC,MMM,MNST,MO,MOS,MPC,MRK,MRO,MS,MSCI,MSFT,MSI,MTB,MTD,MU,MXIM,MYL,NBL,NCLH,NDAQ,NEE,NEM,NFLX,NI,NKE,NLOK,NLSN,NOC,NOV,NOW,NRG,NSC,NTAP,NTRS,NUE,NVDA,NVR,NWL,NWS,NWSA,O,ODFL,OKE,OMC,ORCL,ORLY,OTIS,OXY,PAYC,PAYX,PBCT,PCAR,PEAK,PEG,PEP,PFE,PFG,PG,PGR,PH,PHM,PKG,PKI,PLD,PM,PNC,PNR,PNW,PPG,PPL,PRGO,PRU,PSA,PSX,PVH,PWR,PXD,PYPL,QCOM,QRVO,RCL,RE,REG,REGN,RF,RHI,RJF,RL,RMD,ROK,ROL,ROP,ROST,RSG,RTX,SBAC,SBUX,SCHW,SEE,SHW,SIVB,SJM,SLB,SLG,SNA,SNPS,SO,SPG,SPGI,SRE,STE,STT,STX,STZ,SWK,SWKS,SYF,SYK,SYY,T,TAP,TDG,TDY,TEL,TER,TFC,TFX,TGT,TIF,TJX,TMO,TMUS,TPR,TROW,TRV,TSCO,TSN,TT,TTWO,TWTR,TXN,TXT,TYL,UA,UAA,UAL,UDR,UHS,ULTA,UNH,UNM,UNP,UPS,URI,USB,V,VAR,VFC,VIAC,VLO,VMC,VNO,VRSK,VRSN,VRTX,VTR,VZ,WAB,WAT,WBA,WDC,WEC,WELL,WFC,WHR,WLTW,WM,WMB,WMT,WRB,WRK,WST,WU,WY,WYNN,XEL,XLNX,XOM,XRAY,XRX,XYL,YUM,ZBH,ZBRA,ZION,ZTS"
2020-10-07,"A,AAL,AAP,AAPL,ABBV,ABC,ABMD,ABT,ACN,ADBE,ADI,ADM,ADP,ADSK,AEE,AEP,AES,AFL,AIG,AIV,AIZ,AJG,AKAM,ALB,ALGN,ALK,ALL,ALLE,ALXN,AMAT,AMCR,AMD,AME,AMGN,AMP,AMT,AMZN,ANET,ANSS,ANTM,AON,AOS,APA,APD,APH,APTV,ARE,ATO,ATVI,AVB,AVGO,AVY,AWK,AXP,AZO,BA,BAC,BAX,BBY,BDX,BEN,BF.B,BIIB,BIO,BK,BKNG,BKR,BLK,BLL,BMY,BR,BRK.B,BSX,BWA,BXP,C,CAG,CAH,CARR,CAT,CB,CBOE,CBRE,CCI,CCL,CDNS,CDW,CE,CERN,CF,CFG,CHD,CHRW,CHTR,CI,CINF,CL,CLX,CMA,CMCSA,CME,CMG,CMI,CMS,CNC,CNP,COF,COG,COO,COP,COST,CPB,CPRT,CRM,CSCO,CSX,CTAS,CTLT,CTSH,CTVA,CTXS,CVS,CVX,CXO,D,DAL,DD,DE,DFS,DG,DGX,DHI,DHR,DIS,DISCA,DISCK,DISH,DLR,DLTR,DOV,DOW,DPZ,DRE,DRI,DTE,DUK,DVA,DVN,DXC,DXCM,EA,EBAY,ECL,ED,EFX,EIX,EL,EMN,EMR,EOG,EQIX,EQR,ES,ESS,ETN,ETR,ETSY,EVRG,EW,EXC,EXPD,EXPE,EXR,F,FANG,FAST,FB,FBHS,FCX,FDX,FE,FFIV,FIS,FISV,FITB,FLIR,FLS,FLT,FMC,FOX,FOXA,FRC,FRT,FTI,FTNT,FTV,GD,GE,GILD,GIS,GL,GLW,GM,GOOG,GOOGL,GPC,GPN,GPS,GRMN,GS,GWW,HAL,HAS,HBAN,HBI,HCA,HD,HES,HFC,HIG,HII,HLT,HOLX,HON,HPE,HPQ,HRL,HSIC,HST,HSY,HUM,HWM,IBM,ICE,IDXX,IEX,IFF,ILMN,INCY,INFO,INTC,INTU,IP,IPG,IPGP,IQV,IR,IRM,ISRG,IT,ITW,IVZ,J,JBHT,JCI,JKHY,JNJ,JNPR,JPM,K,KEY,KEYS,KHC,KIM,KLAC,KMB,KMI,KMX,KO,KR,KSU,L,LB,LDOS,LEG,LEN,LH,LHX,LIN,LKQ,LLY,LMT,LNC,LNT,LOW,LRCX,LUMN,LUV,LVS,LW,LYB,LYV,MA,MAA,MAR,MAS,MCD,MCHP,MCK,MCO,MDLZ,MDT,MET,MGM,MHK,MKC,MKTX,MLM,MMC,MMM,MNST,MO,MOS,MPC,MRK,MRO,MS,MSCI,MSFT,MSI,MTB,MTD,MU,MXIM,MYL,NBL,NCLH,NDAQ,NEE,NEM,NFLX,NI,NKE,NLOK,NLSN,NOC,NOV,NOW,NRG,NSC,NTAP,NTRS,NUE,NVDA,NVR,NWL,NWS,NWSA,O,ODFL,OKE,OMC,ORCL,ORLY,OTIS,OXY,PAYC,PAYX,PBCT,PCAR,PEAK,PEG,PEP,PFE,PFG,PG,PGR,PH,PHM,PKG,PKI,PLD,PM,PNC,PNR,PNW,POOL,PPG,PPL,PRGO,PRU,PSA,PSX,PVH,PWR,PXD,PYPL,QCOM,QRVO,RCL,RE,REG,REGN,RF,RHI,RJF,RL,RMD,ROK,ROL,ROP,ROST,RSG,RTX,SBAC,SBUX,SCHW,SEE,SHW,SIVB,SJM,SLB,SLG,SNA,SNPS,SO,SPG,SPGI,SRE,STE,STT,STX,STZ,SWK,SWKS,SYF,SYK,SYY,T,TAP,TDG,TDY,TEL,TER,TFC,TFX,TGT,TIF,TJX,TMO,TMUS,TPR,TROW,TRV,TSCO,TSN,TT,TTWO,TWTR,TXN,TXT,TYL,UA,UAA,UAL,UDR,UHS,ULTA,UNH,UNM,UNP,UPS,URI,USB,V,VAR,VFC,VIAC,VLO,VMC,VNO,VRSK,VRSN,VRTX,VTR,VZ,WAB,WAT,WBA,WDC,WEC,WELL,WFC,WHR,WLTW,WM,WMB,WMT,WRB,WRK,WST,WU,WY,WYNN,XEL,XLNX,XOM,XRAY,XRX,XYL,YUM,ZBH,ZBRA,ZION,ZTS"
2020-10-12,"A,AAL,AAP,AAPL,ABBV,ABC,ABMD,ABT,ACN,ADBE,ADI,ADM,ADP,ADSK,AEE,AEP,AES,AFL,AIG,AIV,AIZ,AJG,AKAM,ALB,ALGN,ALK,ALL,ALLE,ALXN,AMAT,AMCR,AMD,AME,AMGN,AMP,AMT,AMZN,ANET,ANSS,ANTM,AON,AOS,APA,APD,APH,APTV,ARE,ATO,ATVI,AVB,AVGO,AVY,AWK,AXP,AZO,BA,BAC,BAX,BBY,BDX,BEN,BF.B,BIIB,BIO,BK,BKNG,BKR,BLK,BLL,BMY,BR,BRK.B,BSX,BWA,BXP,C,CAG,CAH,CARR,CAT,CB,CBOE,CBRE,CCI,CCL,CDNS,CDW,CE,CERN,CF,CFG,CHD,CHRW,CHTR,CI,CINF,CL,CLX,CMA,CMCSA,CME,CMG,CMI,CMS,CNC,CNP,COF,COG,COO,COP,COST,CPB,CPRT,CRM,CSCO,CSX,CTAS,CTLT,CTSH,CTVA,CTXS,CVS,CVX,CXO,D,DAL,DD,DE,DFS,DG,DGX,DHI,DHR,DIS,DISCA,DISCK,DISH,DLR,DLTR,DOV,DOW,DPZ,DRE,DRI,DTE,DUK,DVA,DVN,DXC,DXCM,EA,EBAY,ECL,ED,EFX,EIX,EL,EMN,EMR,EOG,EQIX,EQR,ES,ESS,ETN,ETR,ETSY,EVRG,EW,EXC,EXPD,EXPE,EXR,F,FANG,FAST,FB,FBHS,FCX,FDX,FE,FFIV,FIS,FISV,FITB,FLIR,FLS,FLT,FMC,FOX,FOXA,FRC,FRT,FTI,FTNT,FTV,GD,GE,GILD,GIS,GL,GLW,GM,GOOG,GOOGL,GPC,GPN,GPS,GRMN,GS,GWW,HAL,HAS,HBAN,HBI,HCA,HD,HES,HFC,HIG,HII,HLT,HOLX,HON,HPE,HPQ,HRL,HSIC,HST,HSY,HUM,HWM,IBM,ICE,IDXX,IEX,IFF,ILMN,INCY,INFO,INTC,INTU,IP,IPG,IPGP,IQV,IR,IRM,ISRG,IT,ITW,IVZ,J,JBHT,JCI,JKHY,JNJ,JNPR,JPM,K,KEY,KEYS,KHC,KIM,KLAC,KMB,KMI,KMX,KO,KR,KSU,L,LB,LDOS,LEG,LEN,LH,LHX,LIN,LKQ,LLY,LMT,LNC,LNT,LOW,LRCX,LUMN,LUV,LVS,LW,LYB,LYV,MA,MAA,MAR,MAS,MCD,MCHP,MCK,MCO,MDLZ,MDT,MET,MGM,MHK,MKC,MKTX,MLM,MMC,MMM,MNST,MO,MOS,MPC,MRK,MRO,MS,MSCI,MSFT,MSI,MTB,MTD,MU,MXIM,MYL,NCLH,NDAQ,NEE,NEM,NFLX,NI,NKE,NLOK,NLSN,NOC,NOV,NOW,NRG,NSC,NTAP,NTRS,NUE,NVDA,NVR,NWL,NWS,NWSA,O,ODFL,OKE,OMC,ORCL,ORLY,OTIS,OXY,PAYC,PAYX,PBCT,PCAR,PEAK,PEG,PEP,PFE,PFG,PG,PGR,PH,PHM,PKG,PKI,PLD,PM,PNC,PNR,PNW,POOL,PPG,PPL,PRGO,PRU,PSA,PSX,PVH,PWR,PXD,PYPL,QCOM,QRVO,RCL,RE,REG,REGN,RF,RHI,RJF,RL,RMD,ROK,ROL,ROP,ROST,RSG,RTX,SBAC,SBUX,SCHW,SEE,SHW,SIVB,SJM,SLB,SLG,SNA,SNPS,SO,SPG,SPGI,SRE,STE,STT,STX,STZ,SWK,SWKS,SYF,SYK,SYY,T,TAP,TDG,TDY,TEL,TER,TFC,TFX,TGT,TIF,TJX,TMO,TMUS,TPR,TROW,TRV,TSCO,TSN,TT,TTWO,TWTR,TXN,TXT,TYL,UA,UAA,UAL,UDR,UHS,ULTA,UNH,UNM,UNP,UPS,URI,USB,V,VAR,VFC,VIAC,VLO,VMC,VNO,VNT,VRSK,VRSN,VRTX,VTR,VZ,WAB,WAT,WBA,WDC,WEC,WELL,WFC,WHR,WLTW,WM,WMB,WMT,WRB,WRK,WST,WU,WY,WYNN,XEL,XLNX,XOM,XRAY,XRX,XYL,YUM,ZBH,ZBRA,ZION,ZTS"
2020-11-17,"A,AAL,AAP,AAPL,ABBV,ABC,ABMD,ABT,ACN,ADBE,ADI,ADM,ADP,ADSK,AEE,AEP,AES,AFL,AIG,AIV,AIZ,AJG,AKAM,ALB,ALGN,ALK,ALL,ALLE,ALXN,AMAT,AMCR,AMD,AME,AMGN,AMP,AMT,AMZN,ANET,ANSS,ANTM,AON,AOS,APA,APD,APH,APTV,ARE,ATO,ATVI,AVB,AVGO,AVY,AWK,AXP,AZO,BA,BAC,BAX,BBY,BDX,BEN,BF.B,BIIB,BIO,BK,BKNG,BKR,BLK,BLL,BMY,BR,BRK.B,BSX,BWA,BXP,C,CAG,CAH,CARR,CAT,CB,CBOE,CBRE,CCI,CCL,CDNS,CDW,CE,CERN,CF,CFG,CHD,CHRW,CHTR,CI,CINF,CL,CLX,CMA,CMCSA,CME,CMG,CMI,CMS,CNC,CNP,COF,COG,COO,COP,COST,CPB,CPRT,CRM,CSCO,CSX,CTAS,CTLT,CTSH,CTVA,CTXS,CVS,CVX,CXO,D,DAL,DD,DE,DFS,DG,DGX,DHI,DHR,DIS,DISCA,DISCK,DISH,DLR,DLTR,DOV,DOW,DPZ,DRE,DRI,DTE,DUK,DVA,DVN,DXC,DXCM,EA,EBAY,ECL,ED,EFX,EIX,EL,EMN,EMR,EOG,EQIX,EQR,ES,ESS,ETN,ETR,ETSY,EVRG,EW,EXC,EXPD,EXPE,EXR,F,FANG,FAST,FB,FBHS,FCX,FDX,FE,FFIV,FIS,FISV,FITB,FLIR,FLS,FLT,FMC,FOX,FOXA,FRC,FRT,FTI,FTNT,FTV,GD,GE,GILD,GIS,GL,GLW,GM,GOOG,GOOGL,GPC,GPN,GPS,GRMN,GS,GWW,HAL,HAS,HBAN,HBI,HCA,HD,HES,HFC,HIG,HII,HLT,HOLX,HON,HPE,HPQ,HRL,HSIC,HST,HSY,HUM,HWM,IBM,ICE,IDXX,IEX,IFF,ILMN,INCY,INFO,INTC,INTU,IP,IPG,IPGP,IQV,IR,IRM,ISRG,IT,ITW,IVZ,J,JBHT,JCI,JKHY,JNJ,JNPR,JPM,K,KEY,KEYS,KHC,KIM,KLAC,KMB,KMI,KMX,KO,KR,KSU,L,LB,LDOS,LEG,LEN,LH,LHX,LIN,LKQ,LLY,LMT,LNC,LNT,LOW,LRCX,LUMN,LUV,LVS,LW,LYB,LYV,MA,MAA,MAR,MAS,MCD,MCHP,MCK,MCO,MDLZ,MDT,MET,MGM,MHK,MKC,MKTX,MLM,MMC,MMM,MNST,MO,MOS,MPC,MRK,MRO,MS,MSCI,MSFT,MSI,MTB,MTD,MU,MXIM,NCLH,NDAQ,NEE,NEM,NFLX,NI,NKE,NLOK,NLSN,NOC,NOV,NOW,NRG,NSC,NTAP,NTRS,NUE,NVDA,NVR,NWL,NWS,NWSA,O,ODFL,OKE,OMC,ORCL,ORLY,OTIS,OXY,PAYC,PAYX,PBCT,PCAR,PEAK,PEG,PEP,PFE,PFG,PG,PGR,PH,PHM,PKG,PKI,PLD,PM,PNC,PNR,PNW,POOL,PPG,PPL,PRGO,PRU,PSA,PSX,PVH,PWR,PXD,PYPL,QCOM,QRVO,RCL,RE,REG,REGN,RF,RHI,RJF,RL,RMD,ROK,ROL,ROP,ROST,RSG,RTX,SBAC,SBUX,SCHW,SEE,SHW,SIVB,SJM,SLB,SLG,SNA,SNPS,SO,SPG,SPGI,SRE,STE,STT,STX,STZ,SWK,SWKS,SYF,SYK,SYY,T,TAP,TDG,TDY,TEL,TER,TFC,TFX,TGT,TIF,TJX,TMO,TMUS,TPR,TROW,TRV,TSCO,TSN,TT,TTWO,TWTR,TXN,TXT,TYL,UA,UAA,UAL,UDR,UHS,ULTA,UNH,UNM,UNP,UPS,URI,USB,V,VAR,VFC,VIAC,VLO,VMC,VNO,VNT,VRSK,VRSN,VRTX,VTR,VTRS,VZ,WAB,WAT,WBA,WDC,WEC,WELL,WFC,WHR,WLTW,WM,WMB,WMT,WRB,WRK,WST,WU,WY,WYNN,XEL,XLNX,XOM,XRAY,XRX,XYL,YUM,ZBH,ZBRA,ZION,ZTS"
2020-12-21,"A,AAL,AAP,AAPL,ABBV,ABC,ABMD,ABT,ACN,ADBE,ADI,ADM,ADP,ADSK,AEE,AEP,AES,AFL,AIG,AIZ,AJG,AKAM,ALB,ALGN,ALK,ALL,ALLE,ALXN,AMAT,AMCR,AMD,AME,AMGN,AMP,AMT,AMZN,ANET,ANSS,ANTM,AON,AOS,APA,APD,APH,APTV,ARE,ATO,ATVI,AVB,AVGO,AVY,AWK,AXP,AZO,BA,BAC,BAX,BBY,BDX,BEN,BF.B,BIIB,BIO,BK,BKNG,BKR,BLK,BLL,BMY,BR,BRK.B,BSX,BWA,BXP,C,CAG,CAH,CARR,CAT,CB,CBOE,CBRE,CCI,CCL,CDNS,CDW,CE,CERN,CF,CFG,CHD,CHRW,CHTR,CI,CINF,CL,CLX,CMA,CMCSA,CME,CMG,CMI,CMS,CNC,CNP,COF,COG,COO,COP,COST,CPB,CPRT,CRM,CSCO,CSX,CTAS,CTLT,CTSH,CTVA,CTXS,CVS,CVX,CXO,D,DAL,DD,DE,DFS,DG,DGX,DHI,DHR,DIS,DISCA,DISCK,DISH,DLR,DLTR,DOV,DOW,DPZ,DRE,DRI,DTE,DUK,DVA,DVN,DXC,DXCM,EA,EBAY,ECL,ED,EFX,EIX,EL,EMN,EMR,EOG,EQIX,EQR,ES,ESS,ETN,ETR,ETSY,EVRG,EW,EXC,EXPD,EXPE,EXR,F,FANG,FAST,FB,FBHS,FCX,FDX,FE,FFIV,FIS,FISV,FITB,FLIR,FLS,FLT,FMC,FOX,FOXA,FRC,FRT,FTI,FTNT,FTV,GD,GE,GILD,GIS,GL,GLW,GM,GOOG,GOOGL,GPC,GPN,GPS,GRMN,GS,GWW,HAL,HAS,HBAN,HBI,HCA,HD,HES,HFC,HIG,HII,HLT,HOLX,HON,HPE,HPQ,HRL,HSIC,HST,HSY,HUM,HWM,IBM,ICE,IDXX,IEX,IFF,ILMN,INCY,INFO,INTC,INTU,IP,IPG,IPGP,IQV,IR,IRM,ISRG,IT,ITW,IVZ,J,JBHT,JCI,JKHY,JNJ,JNPR,JPM,K,KEY,KEYS,KHC,KIM,KLAC,KMB,KMI,KMX,KO,KR,KSU,L,LB,LDOS,LEG,LEN,LH,LHX,LIN,LKQ,LLY,LMT,LNC,LNT,LOW,LRCX,LUMN,LUV,LVS,LW,LYB,LYV,MA,MAA,MAR,MAS,MCD,MCHP,MCK,MCO,MDLZ,MDT,MET,MGM,MHK,MKC,MKTX,MLM,MMC,MMM,MNST,MO,MOS,MPC,MRK,MRO,MS,MSCI,MSFT,MSI,MTB,MTD,MU,MXIM,NCLH,NDAQ,NEE,NEM,NFLX,NI,NKE,NLOK,NLSN,NOC,NOV,NOW,NRG,NSC,NTAP,NTRS,NUE,NVDA,NVR,NWL,NWS,NWSA,O,ODFL,OKE,OMC,ORCL,ORLY,OTIS,OXY,PAYC,PAYX,PBCT,PCAR,PEAK,PEG,PEP,PFE,PFG,PG,PGR,PH,PHM,PKG,PKI,PLD,PM,PNC,PNR,PNW,POOL,PPG,PPL,PRGO,PRU,PSA,PSX,PVH,PWR,PXD,PYPL,QCOM,QRVO,RCL,RE,REG,REGN,RF,RHI,RJF,RL,RMD,ROK,ROL,ROP,ROST,RSG,RTX,SBAC,SBUX,SCHW,SEE,SHW,SIVB,SJM,SLB,SLG,SNA,SNPS,SO,SPG,SPGI,SRE,STE,STT,STX,STZ,SWK,SWKS,SYF,SYK,SYY,T,TAP,TDG,TDY,TEL,TER,TFC,TFX,TGT,TIF,TJX,TMO,TMUS,TPR,TROW,TRV,TSCO,TSLA,TSN,TT,TTWO,TWTR,TXN,TXT,TYL,UA,UAA,UAL,UDR,UHS,ULTA,UNH,UNM,UNP,UPS,URI,USB,V,VAR,VFC,VIAC,VLO,VMC,VNO,VNT,VRSK,VRSN,VRTX,VTR,VTRS,VZ,WAB,WAT,WBA,WDC,WEC,WELL,WFC,WHR,WLTW,WM,WMB,WMT,WRB,WRK,WST,WU,WY,WYNN,XEL,XLNX,XOM,XRAY,XRX,XYL,YUM,ZBH,ZBRA,ZION,ZTS"
2021-01-07,"A,AAL,AAP,AAPL,ABBV,ABC,ABMD,ABT,ACN,ADBE,ADI,ADM,ADP,ADSK,AEE,AEP,AES,AFL,AIG,AIZ,AJG,AKAM,ALB,ALGN,ALK,ALL,ALLE,ALXN,AMAT,AMCR,AMD,AME,AMGN,AMP,AMT,AMZN,ANET,ANSS,ANTM,AON,AOS,APA,APD,APH,APTV,ARE,ATO,ATVI,AVB,AVGO,AVY,AWK,AXP,AZO,BA,BAC,BAX,BBY,BDX,BEN,BF.B,BIIB,BIO,BK,BKNG,BKR,BLK,BLL,BMY,BR,BRK.B,BSX,BWA,BXP,C,CAG,CAH,CARR,CAT,CB,CBOE,CBRE,CCI,CCL,CDNS,CDW,CE,CERN,CF,CFG,CHD,CHRW,CHTR,CI,CINF,CL,CLX,CMA,CMCSA,CME,CMG,CMI,CMS,CNC,CNP,COF,COG,COO,COP,COST,CPB,CPRT,CRM,CSCO,CSX,CTAS,CTLT,CTSH,CTVA,CTXS,CVS,CVX,CXO,D,DAL,DD,DE,DFS,DG,DGX,DHI,DHR,DIS,DISCA,DISCK,DISH,DLR,DLTR,DOV,DOW,DPZ,DRE,DRI,DTE,DUK,DVA,DVN,DXC,DXCM,EA,EBAY,ECL,ED,EFX,EIX,EL,EMN,EMR,ENPH,EOG,EQIX,EQR,ES,ESS,ETN,ETR,ETSY,EVRG,EW,EXC,EXPD,EXPE,EXR,F,FANG,FAST,FB,FBHS,FCX,FDX,FE,FFIV,FIS,FISV,FITB,FLIR,FLS,FLT,FMC,FOX,FOXA,FRC,FRT,FTI,FTNT,FTV,GD,GE,GILD,GIS,GL,GLW,GM,GOOG,GOOGL,GPC,GPN,GPS,GRMN,GS,GWW,HAL,HAS,HBAN,HBI,HCA,HD,HES,HFC,HIG,HII,HLT,HOLX,HON,HPE,HPQ,HRL,HSIC,HST,HSY,HUM,HWM,IBM,ICE,IDXX,IEX,IFF,ILMN,INCY,INFO,INTC,INTU,IP,IPG,IPGP,IQV,IR,IRM,ISRG,IT,ITW,IVZ,J,JBHT,JCI,JKHY,JNJ,JNPR,JPM,K,KEY,KEYS,KHC,KIM,KLAC,KMB,KMI,KMX,KO,KR,KSU,L,LB,LDOS,LEG,LEN,LH,LHX,LIN,LKQ,LLY,LMT,LNC,LNT,LOW,LRCX,LUMN,LUV,LVS,LW,LYB,LYV,MA,MAA,MAR,MAS,MCD,MCHP,MCK,MCO,MDLZ,MDT,MET,MGM,MHK,MKC,MKTX,MLM,MMC,MMM,MNST,MO,MOS,MPC,MRK,MRO,MS,MSCI,MSFT,MSI,MTB,MTD,MU,MXIM,NCLH,NDAQ,NEE,NEM,NFLX,NI,NKE,NLOK,NLSN,NOC,NOV,NOW,NRG,NSC,NTAP,NTRS,NUE,NVDA,NVR,NWL,NWS,NWSA,O,ODFL,OKE,OMC,ORCL,ORLY,OTIS,OXY,PAYC,PAYX,PBCT,PCAR,PEAK,PEG,PEP,PFE,PFG,PG,PGR,PH,PHM,PKG,PKI,PLD,PM,PNC,PNR,PNW,POOL,PPG,PPL,PRGO,PRU,PSA,PSX,PVH,PWR,PXD,PYPL,QCOM,QRVO,RCL,RE,REG,REGN,RF,RHI,RJF,RL,RMD,ROK,ROL,ROP,ROST,RSG,RTX,SBAC,SBUX,SCHW,SEE,SHW,SIVB,SJM,SLB,SLG,SNA,SNPS,SO,SPG,SPGI,SRE,STE,STT,STX,STZ,SWK,SWKS,SYF,SYK,SYY,T,TAP,TDG,TDY,TEL,TER,TFC,TFX,TGT,TJX,TMO,TMUS,TPR,TROW,TRV,TSCO,TSLA,TSN,TT,TTWO,TWTR,TXN,TXT,TYL,UA,UAA,UAL,UDR,UHS,ULTA,UNH,UNM,UNP,UPS,URI,USB,V,VAR,VFC,VIAC,VLO,VMC,VNO,VNT,VRSK,VRSN,VRTX,VTR,VTRS,VZ,WAB,WAT,WBA,WDC,WEC,WELL,WFC,WHR,WLTW,WM,WMB,WMT,WRB,WRK,WST,WU,WY,WYNN,XEL,XLNX,XOM,XRAY,XRX,XYL,YUM,ZBH,ZBRA,ZION,ZTS"
2021-01-21,"A,AAL,AAP,AAPL,ABBV,ABC,ABMD,ABT,ACN,ADBE,ADI,ADM,ADP,ADSK,AEE,AEP,AES,AFL,AIG,AIZ,AJG,AKAM,ALB,ALGN,ALK,ALL,ALLE,ALXN,AMAT,AMCR,AMD,AME,AMGN,AMP,AMT,AMZN,ANET,ANSS,ANTM,AON,AOS,APA,APD,APH,APTV,ARE,ATO,ATVI,AVB,AVGO,AVY,AWK,AXP,AZO,BA,BAC,BAX,BBY,BDX,BEN,BF.B,BIIB,BIO,BK,BKNG,BKR,BLK,BLL,BMY,BR,BRK.B,BSX,BWA,BXP,C,CAG,CAH,CARR,CAT,CB,CBOE,CBRE,CCI,CCL,CDNS,CDW,CE,CERN,CF,CFG,CHD,CHRW,CHTR,CI,CINF,CL,CLX,CMA,CMCSA,CME,CMG,CMI,CMS,CNC,CNP,COF,COG,COO,COP,COST,CPB,CPRT,CRM,CSCO,CSX,CTAS,CTLT,CTSH,CTVA,CTXS,CVS,CVX,D,DAL,DD,DE,DFS,DG,DGX,DHI,DHR,DIS,DISCA,DISCK,DISH,DLR,DLTR,DOV,DOW,DPZ,DRE,DRI,DTE,DUK,DVA,DVN,DXC,DXCM,EA,EBAY,ECL,ED,EFX,EIX,EL,EMN,EMR,ENPH,EOG,EQIX,EQR,ES,ESS,ETN,ETR,ETSY,EVRG,EW,EXC,EXPD,EXPE,EXR,F,FANG,FAST,FB,FBHS,FCX,FDX,FE,FFIV,FIS,FISV,FITB,FLIR,FLS,FLT,FMC,FOX,FOXA,FRC,FRT,FTI,FTNT,FTV,GD,GE,GILD,GIS,GL,GLW,GM,GOOG,GOOGL,GPC,GPN,GPS,GRMN,GS,GWW,HAL,HAS,HBAN,HBI,HCA,HD,HES,HFC,HIG,HII,HLT,HOLX,HON,HPE,HPQ,HRL,HSIC,HST,HSY,HUM,HWM,IBM,ICE,IDXX,IEX,IFF,ILMN,INCY,INFO,INTC,INTU,IP,IPG,IPGP,IQV,IR,IRM,ISRG,IT,ITW,IVZ,J,JBHT,JCI,JKHY,JNJ,JNPR,JPM,K,KEY,KEYS,KHC,KIM,KLAC,KMB,KMI,KMX,KO,KR,KSU,L,LB,LDOS,LEG,LEN,LH,LHX,LIN,LKQ,LLY,LMT,LNC,LNT,LOW,LRCX,LUMN,LUV,LVS,LW,LYB,LYV,MA,MAA,MAR,MAS,MCD,MCHP,MCK,MCO,MDLZ,MDT,MET,MGM,MHK,MKC,MKTX,MLM,MMC,MMM,MNST,MO,MOS,MPC,MRK,MRO,MS,MSCI,MSFT,MSI,MTB,MTD,MU,MXIM,NCLH,NDAQ,NEE,NEM,NFLX,NI,NKE,NLOK,NLSN,NOC,NOV,NOW,NRG,NSC,NTAP,NTRS,NUE,NVDA,NVR,NWL,NWS,NWSA,O,ODFL,OKE,OMC,ORCL,ORLY,OTIS,OXY,PAYC,PAYX,PBCT,PCAR,PEAK,PEG,PEP,PFE,PFG,PG,PGR,PH,PHM,PKG,PKI,PLD,PM,PNC,PNR,PNW,POOL,PPG,PPL,PRGO,PRU,PSA,PSX,PVH,PWR,PXD,PYPL,QCOM,QRVO,RCL,RE,REG,REGN,RF,RHI,RJF,RL,RMD,ROK,ROL,ROP,ROST,RSG,RTX,SBAC,SBUX,SCHW,SEE,SHW,SIVB,SJM,SLB,SLG,SNA,SNPS,SO,SPG,SPGI,SRE,STE,STT,STX,STZ,SWK,SWKS,SYF,SYK,SYY,T,TAP,TDG,TDY,TEL,TER,TFC,TFX,TGT,TJX,TMO,TMUS,TPR,TRMB,TROW,TRV,TSCO,TSLA,TSN,TT,TTWO,TWTR,TXN,TXT,TYL,UA,UAA,UAL,UDR,UHS,ULTA,UNH,UNM,UNP,UPS,URI,USB,V,VAR,VFC,VIAC,VLO,VMC,VNO,VNT,VRSK,VRSN,VRTX,VTR,VTRS,VZ,WAB,WAT,WBA,WDC,WEC,WELL,WFC,WHR,WLTW,WM,WMB,WMT,WRB,WRK,WST,WU,WY,WYNN,XEL,XLNX,XOM,XRAY,XRX,XYL,YUM,ZBH,ZBRA,ZION,ZTS"
2021-02-12,"A,AAL,AAP,AAPL,ABBV,ABC,ABMD,ABT,ACN,ADBE,ADI,ADM,ADP,ADSK,AEE,AEP,AES,AFL,AIG,AIZ,AJG,AKAM,ALB,ALGN,ALK,ALL,ALLE,ALXN,AMAT,AMCR,AMD,AME,AMGN,AMP,AMT,AMZN,ANET,ANSS,ANTM,AON,AOS,APA,APD,APH,APTV,ARE,ATO,ATVI,AVB,AVGO,AVY,AWK,AXP,AZO,BA,BAC,BAX,BBY,BDX,BEN,BF.B,BIIB,BIO,BK,BKNG,BKR,BLK,BLL,BMY,BR,BRK.B,BSX,BWA,BXP,C,CAG,CAH,CARR,CAT,CB,CBOE,CBRE,CCI,CCL,CDNS,CDW,CE,CERN,CF,CFG,CHD,CHRW,CHTR,CI,CINF,CL,CLX,CMA,CMCSA,CME,CMG,CMI,CMS,CNC,CNP,COF,COG,COO,COP,COST,CPB,CPRT,CRM,CSCO,CSX,CTAS,CTLT,CTSH,CTVA,CTXS,CVS,CVX,D,DAL,DD,DE,DFS,DG,DGX,DHI,DHR,DIS,DISCA,DISCK,DISH,DLR,DLTR,DOV,DOW,DPZ,DRE,DRI,DTE,DUK,DVA,DVN,DXC,DXCM,EA,EBAY,ECL,ED,EFX,EIX,EL,EMN,EMR,ENPH,EOG,EQIX,EQR,ES,ESS,ETN,ETR,ETSY,EVRG,EW,EXC,EXPD,EXPE,EXR,F,FANG,FAST,FB,FBHS,FCX,FDX,FE,FFIV,FIS,FISV,FITB,FLIR,FLS,FLT,FMC,FOX,FOXA,FRC,FRT,FTNT,FTV,GD,GE,GILD,GIS,GL,GLW,GM,GOOG,GOOGL,GPC,GPN,GPS,GRMN,GS,GWW,HAL,HAS,HBAN,HBI,HCA,HD,HES,HFC,HIG,HII,HLT,HOLX,HON,HPE,HPQ,HRL,HSIC,HST,HSY,HUM,HWM,IBM,ICE,IDXX,IEX,IFF,ILMN,INCY,INFO,INTC,INTU,IP,IPG,IPGP,IQV,IR,IRM,ISRG,IT,ITW,IVZ,J,JBHT,JCI,JKHY,JNJ,JNPR,JPM,K,KEY,KEYS,KHC,KIM,KLAC,KMB,KMI,KMX,KO,KR,KSU,L,LB,LDOS,LEG,LEN,LH,LHX,LIN,LKQ,LLY,LMT,LNC,LNT,LOW,LRCX,LUMN,LUV,LVS,LW,LYB,LYV,MA,MAA,MAR,MAS,MCD,MCHP,MCK,MCO,MDLZ,MDT,MET,MGM,MHK,MKC,MKTX,MLM,MMC,MMM,MNST,MO,MOS,MPC,MPWR,MRK,MRO,MS,MSCI,MSFT,MSI,MTB,MTD,MU,MXIM,NCLH,NDAQ,NEE,NEM,NFLX,NI,NKE,NLOK,NLSN,NOC,NOV,NOW,NRG,NSC,NTAP,NTRS,NUE,NVDA,NVR,NWL,NWS,NWSA,O,ODFL,OKE,OMC,ORCL,ORLY,OTIS,OXY,PAYC,PAYX,PBCT,PCAR,PEAK,PEG,PEP,PFE,PFG,PG,PGR,PH,PHM,PKG,PKI,PLD,PM,PNC,PNR,PNW,POOL,PPG,PPL,PRGO,PRU,PSA,PSX,PVH,PWR,PXD,PYPL,QCOM,QRVO,RCL,RE,REG,REGN,RF,RHI,RJF,RL,RMD,ROK,ROL,ROP,ROST,RSG,RTX,SBAC,SBUX,SCHW,SEE,SHW,SIVB,SJM,SLB,SLG,SNA,SNPS,SO,SPG,SPGI,SRE,STE,STT,STX,STZ,SWK,SWKS,SYF,SYK,SYY,T,TAP,TDG,TDY,TEL,TER,TFC,TFX,TGT,TJX,TMO,TMUS,TPR,TRMB,TROW,TRV,TSCO,TSLA,TSN,TT,TTWO,TWTR,TXN,TXT,TYL,UA,UAA,UAL,UDR,UHS,ULTA,UNH,UNM,UNP,UPS,URI,USB,V,VAR,VFC,VIAC,VLO,VMC,VNO,VNT,VRSK,VRSN,VRTX,VTR,VTRS,VZ,WAB,WAT,WBA,WDC,WEC,WELL,WFC,WHR,WLTW,WM,WMB,WMT,WRB,WRK,WST,WU,WY,WYNN,XEL,XLNX,XOM,XRAY,XRX,XYL,YUM,ZBH,ZBRA,ZION,ZTS"
2021-03-22,"A,AAL,AAP,AAPL,ABBV,ABC,ABMD,ABT,ACN,ADBE,ADI,ADM,ADP,ADSK,AEE,AEP,AES,AFL,AIG,AIZ,AJG,AKAM,ALB,ALGN,ALK,ALL,ALLE,ALXN,AMAT,AMCR,AMD,AME,AMGN,AMP,AMT,AMZN,ANET,ANSS,ANTM,AON,AOS,APA,APD,APH,APTV,ARE,ATO,ATVI,AVB,AVGO,AVY,AWK,AXP,AZO,BA,BAC,BAX,BBY,BDX,BEN,BF.B,BIIB,BIO,BK,BKNG,BKR,BLK,BLL,BMY,BR,BRK.B,BSX,BWA,BXP,C,CAG,CAH,CARR,CAT,CB,CBOE,CBRE,CCI,CCL,CDNS,CDW,CE,CERN,CF,CFG,CHD,CHRW,CHTR,CI,CINF,CL,CLX,CMA,CMCSA,CME,CMG,CMI,CMS,CNC,CNP,COF,COG,COO,COP,COST,CPB,CPRT,CRM,CSCO,CSX,CTAS,CTLT,CTSH,CTVA,CTXS,CVS,CVX,CZR,D,DAL,DD,DE,DFS,DG,DGX,DHI,DHR,DIS,DISCA,DISCK,DISH,DLR,DLTR,DOV,DOW,DPZ,DRE,DRI,DTE,DUK,DVA,DVN,DXC,DXCM,EA,EBAY,ECL,ED,EFX,EIX,EL,EMN,EMR,ENPH,EOG,EQIX,EQR,ES,ESS,ETN,ETR,ETSY,EVRG,EW,EXC,EXPD,EXPE,EXR,F,FANG,FAST,FB,FBHS,FCX,FDX,FE,FFIV,FIS,FISV,FITB,FLIR,FLT,FMC,FOX,FOXA,FRC,FRT,FTNT,FTV,GD,GE,GILD,GIS,GL,GLW,GM,GNRC,GOOG,GOOGL,GPC,GPN,GPS,GRMN,GS,GWW,HAL,HAS,HBAN,HBI,HCA,HD,HES,HFC,HIG,HII,HLT,HOLX,HON,HPE,HPQ,HRL,HSIC,HST,HSY,HUM,HWM,IBM,ICE,IDXX,IEX,IFF,ILMN,INCY,INFO,INTC,INTU,IP,IPG,IPGP,IQV,IR,IRM,ISRG,IT,ITW,IVZ,J,JBHT,JCI,JKHY,JNJ,JNPR,JPM,K,KEY,KEYS,KHC,KIM,KLAC,KMB,KMI,KMX,KO,KR,KSU,L,LB,LDOS,LEG,LEN,LH,LHX,LIN,LKQ,LLY,LMT,LNC,LNT,LOW,LRCX,LUMN,LUV,LVS,LW,LYB,LYV,MA,MAA,MAR,MAS,MCD,MCHP,MCK,MCO,MDLZ,MDT,MET,MGM,MHK,MKC,MKTX,MLM,MMC,MMM,MNST,MO,MOS,MPC,MPWR,MRK,MRO,MS,MSCI,MSFT,MSI,MTB,MTD,MU,MXIM,NCLH,NDAQ,NEE,NEM,NFLX,NI,NKE,NLOK,NLSN,NOC,NOV,NOW,NRG,NSC,NTAP,NTRS,NUE,NVDA,NVR,NWL,NWS,NWSA,NXPI,O,ODFL,OKE,OMC,ORCL,ORLY,OTIS,OXY,PAYC,PAYX,PBCT,PCAR,PEAK,PEG,PENN,PEP,PFE,PFG,PG,PGR,PH,PHM,PKG,PKI,PLD,PM,PNC,PNR,PNW,POOL,PPG,PPL,PRGO,PRU,PSA,PSX,PVH,PWR,PXD,PYPL,QCOM,QRVO,RCL,RE,REG,REGN,RF,RHI,RJF,RL,RMD,ROK,ROL,ROP,ROST,RSG,RTX,SBAC,SBUX,SCHW,SEE,SHW,SIVB,SJM,SLB,SNA,SNPS,SO,SPG,SPGI,SRE,STE,STT,STX,STZ,SWK,SWKS,SYF,SYK,SYY,T,TAP,TDG,TDY,TEL,TER,TFC,TFX,TGT,TJX,TMO,TMUS,TPR,TRMB,TROW,TRV,TSCO,TSLA,TSN,TT,TTWO,TWTR,TXN,TXT,TYL,UA,UAA,UAL,UDR,UHS,ULTA,UNH,UNM,UNP,UPS,URI,USB,V,VAR,VFC,VIAC,VLO,VMC,VNO,VRSK,VRSN,VRTX,VTR,VTRS,VZ,WAB,WAT,WBA,WDC,WEC,WELL,WFC,WHR,WLTW,WM,WMB,WMT,WRB,WRK,WST,WU,WY,WYNN,XEL,XLNX,XOM,XRAY,XYL,YUM,ZBH,ZBRA,ZION,ZTS"
2021-04-20,"A,AAL,AAP,AAPL,ABBV,ABC,ABMD,ABT,ACN,ADBE,ADI,ADM,ADP,ADSK,AEE,AEP,AES,AFL,AIG,AIZ,AJG,AKAM,ALB,ALGN,ALK,ALL,ALLE,ALXN,AMAT,AMCR,AMD,AME,AMGN,AMP,AMT,AMZN,ANET,ANSS,ANTM,AON,AOS,APA,APD,APH,APTV,ARE,ATO,ATVI,AVB,AVGO,AVY,AWK,AXP,AZO,BA,BAC,BAX,BBY,BDX,BEN,BF.B,BIIB,BIO,BK,BKNG,BKR,BLK,BLL,BMY,BR,BRK.B,BSX,BWA,BXP,C,CAG,CAH,CARR,CAT,CB,CBOE,CBRE,CCI,CCL,CDNS,CDW,CE,CERN,CF,CFG,CHD,CHRW,CHTR,CI,CINF,CL,CLX,CMA,CMCSA,CME,CMG,CMI,CMS,CNC,CNP,COF,COG,COO,COP,COST,CPB,CPRT,CRM,CSCO,CSX,CTAS,CTLT,CTSH,CTVA,CTXS,CVS,CVX,CZR,D,DAL,DD,DE,DFS,DG,DGX,DHI,DHR,DIS,DISCA,DISCK,DISH,DLR,DLTR,DOV,DOW,DPZ,DRE,DRI,DTE,DUK,DVA,DVN,DXC,DXCM,EA,EBAY,ECL,ED,EFX,EIX,EL,EMN,EMR,ENPH,EOG,EQIX,EQR,ES,ESS,ETN,ETR,ETSY,EVRG,EW,EXC,EXPD,EXPE,EXR,F,FANG,FAST,FB,FBHS,FCX,FDX,FE,FFIV,FIS,FISV,FITB,FLIR,FLT,FMC,FOX,FOXA,FRC,FRT,FTNT,FTV,GD,GE,GILD,GIS,GL,GLW,GM,GNRC,GOOG,GOOGL,GPC,GPN,GPS,GRMN,GS,GWW,HAL,HAS,HBAN,HBI,HCA,HD,HES,HFC,HIG,HII,HLT,HOLX,HON,HPE,HPQ,HRL,HSIC,HST,HSY,HUM,HWM,IBM,ICE,IDXX,IEX,IFF,ILMN,INCY,INFO,INTC,INTU,IP,IPG,IPGP,IQV,IR,IRM,ISRG,IT,ITW,IVZ,J,JBHT,JCI,JKHY,JNJ,JNPR,JPM,K,KEY,KEYS,KHC,KIM,KLAC,KMB,KMI,KMX,KO,KR,KSU,L,LB,LDOS,LEG,LEN,LH,LHX,LIN,LKQ,LLY,LMT,LNC,LNT,LOW,LRCX,LUMN,LUV,LVS,LW,LYB,LYV,MA,MAA,MAR,MAS,MCD,MCHP,MCK,MCO,MDLZ,MDT,MET,MGM,MHK,MKC,MKTX,MLM,MMC,MMM,MNST,MO,MOS,MPC,MPWR,MRK,MRO,MS,MSCI,MSFT,MSI,MTB,MTD,MU,MXIM,NCLH,NDAQ,NEE,NEM,NFLX,NI,NKE,NLOK,NLSN,NOC,NOV,NOW,NRG,NSC,NTAP,NTRS,NUE,NVDA,NVR,NWL,NWS,NWSA,NXPI,O,ODFL,OKE,OMC,ORCL,ORLY,OTIS,OXY,PAYC,PAYX,PBCT,PCAR,PEAK,PEG,PENN,PEP,PFE,PFG,PG,PGR,PH,PHM,PKG,PKI,PLD,PM,PNC,PNR,PNW,POOL,PPG,PPL,PRGO,PRU,PSA,PSX,PTC,PVH,PWR,PXD,PYPL,QCOM,QRVO,RCL,RE,REG,REGN,RF,RHI,RJF,RL,RMD,ROK,ROL,ROP,ROST,RSG,RTX,SBAC,SBUX,SCHW,SEE,SHW,SIVB,SJM,SLB,SNA,SNPS,SO,SPG,SPGI,SRE,STE,STT,STX,STZ,SWK,SWKS,SYF,SYK,SYY,T,TAP,TDG,TDY,TEL,TER,TFC,TFX,TGT,TJX,TMO,TMUS,TPR,TRMB,TROW,TRV,TSCO,TSLA,TSN,TT,TTWO,TWTR,TXN,TXT,TYL,UA,UAA,UAL,UDR,UHS,ULTA,UNH,UNM,UNP,UPS,URI,USB,V,VFC,VIAC,VLO,VMC,VNO,VRSK,VRSN,VRTX,VTR,VTRS,VZ,WAB,WAT,WBA,WDC,WEC,WELL,WFC,WHR,WLTW,WM,WMB,WMT,WRB,WRK,WST,WU,WY,WYNN,XEL,XLNX,XOM,XRAY,XYL,YUM,ZBH,ZBRA,ZION,ZTS"
2021-05-14,"A,AAL,AAP,AAPL,ABBV,ABC,ABMD,ABT,ACN,ADBE,ADI,ADM,ADP,ADSK,AEE,AEP,AES,AFL,AIG,AIZ,AJG,AKAM,ALB,ALGN,ALK,ALL,ALLE,ALXN,AMAT,AMCR,AMD,AME,AMGN,AMP,AMT,AMZN,ANET,ANSS,ANTM,AON,AOS,APA,APD,APH,APTV,ARE,ATO,ATVI,AVB,AVGO,AVY,AWK,AXP,AZO,BA,BAC,BAX,BBY,BDX,BEN,BF.B,BIIB,BIO,BK,BKNG,BKR,BLK,BLL,BMY,BR,BRK.B,BSX,BWA,BXP,C,CAG,CAH,CARR,CAT,CB,CBOE,CBRE,CCI,CCL,CDNS,CDW,CE,CERN,CF,CFG,CHD,CHRW,CHTR,CI,CINF,CL,CLX,CMA,CMCSA,CME,CMG,CMI,CMS,CNC,CNP,COF,COG,COO,COP,COST,CPB,CPRT,CRL,CRM,CSCO,CSX,CTAS,CTLT,CTSH,CTVA,CTXS,CVS,CVX,CZR,D,DAL,DD,DE,DFS,DG,DGX,DHI,DHR,DIS,DISCA,DISCK,DISH,DLR,DLTR,DOV,DOW,DPZ,DRE,DRI,DTE,DUK,DVA,DVN,DXC,DXCM,EA,EBAY,ECL,ED,EFX,EIX,EL,EMN,EMR,ENPH,EOG,EQIX,EQR,ES,ESS,ETN,ETR,ETSY,EVRG,EW,EXC,EXPD,EXPE,EXR,F,FANG,FAST,FB,FBHS,FCX,FDX,FE,FFIV,FIS,FISV,FITB,FLT,FMC,FOX,FOXA,FRC,FRT,FTNT,FTV,GD,GE,GILD,GIS,GL,GLW,GM,GNRC,GOOG,GOOGL,GPC,GPN,GPS,GRMN,GS,GWW,HAL,HAS,HBAN,HBI,HCA,HD,HES,HFC,HIG,HII,HLT,HOLX,HON,HPE,HPQ,HRL,HSIC,HST,HSY,HUM,HWM,IBM,ICE,IDXX,IEX,IFF,ILMN,INCY,INFO,INTC,INTU,IP,IPG,IPGP,IQV,IR,IRM,ISRG,IT,ITW,IVZ,J,JBHT,JCI,JKHY,JNJ,JNPR,JPM,K,KEY,KEYS,KHC,KIM,KLAC,KMB,KMI,KMX,KO,KR,KSU,L,LB,LDOS,LEG,LEN,LH,LHX,LIN,LKQ,LLY,LMT,LNC,LNT,LOW,LRCX,LUMN,LUV,LVS,LW,LYB,LYV,MA,MAA,MAR,MAS,MCD,MCHP,MCK,MCO,MDLZ,MDT,MET,MGM,MHK,MKC,MKTX,MLM,MMC,MMM,MNST,MO,MOS,MPC,MPWR,MRK,MRO,MS,MSCI,MSFT,MSI,MTB,MTD,MU,MXIM,NCLH,NDAQ,NEE,NEM,NFLX,NI,NKE,NLOK,NLSN,NOC,NOV,NOW,NRG,NSC,NTAP,NTRS,NUE,NVDA,NVR,NWL,NWS,NWSA,NXPI,O,ODFL,OKE,OMC,ORCL,ORLY,OTIS,OXY,PAYC,PAYX,PBCT,PCAR,PEAK,PEG,PENN,PEP,PFE,PFG,PG,PGR,PH,PHM,PKG,PKI,PLD,PM,PNC,PNR,PNW,POOL,PPG,PPL,PRGO,PRU,PSA,PSX,PTC,PVH,PWR,PXD,PYPL,QCOM,QRVO,RCL,RE,REG,REGN,RF,RHI,RJF,RL,RMD,ROK,ROL,ROP,ROST,RSG,RTX,SBAC,SBUX,SCHW,SEE,SHW,SIVB,SJM,SLB,SNA,SNPS,SO,SPG,SPGI,SRE,STE,STT,STX,STZ,SWK,SWKS,SYF,SYK,SYY,T,TAP,TDG,TDY,TEL,TER,TFC,TFX,TGT,TJX,TMO,TMUS,TPR,TRMB,TROW,TRV,TSCO,TSLA,TSN,TT,TTWO,TWTR,TXN,TXT,TYL,UA,UAA,UAL,UDR,UHS,ULTA,UNH,UNM,UNP,UPS,URI,USB,V,VFC,VIAC,VLO,VMC,VNO,VRSK,VRSN,VRTX,VTR,VTRS,VZ,WAB,WAT,WBA,WDC,WEC,WELL,WFC,WHR,WLTW,WM,WMB,WMT,WRB,WRK,WST,WU,WY,WYNN,XEL,XLNX,XOM,XRAY,XYL,YUM,ZBH,ZBRA,ZION,ZTS"
2021-06-04,"A,AAL,AAP,AAPL,ABBV,ABC,ABMD,ABT,ACN,ADBE,ADI,ADM,ADP,ADSK,AEE,AEP,AES,AFL,AIG,AIZ,AJG,AKAM,ALB,ALGN,ALK,ALL,ALLE,ALXN,AMAT,AMCR,AMD,AME,AMGN,AMP,AMT,AMZN,ANET,ANSS,ANTM,AON,AOS,APA,APD,APH,APTV,ARE,ATO,ATVI,AVB,AVGO,AVY,AWK,AXP,AZO,BA,BAC,BAX,BBY,BDX,BEN,BF.B,BIIB,BIO,BK,BKNG,BKR,BLK,BLL,BMY,BR,BRK.B,BSX,BWA,BXP,C,CAG,CAH,CARR,CAT,CB,CBOE,CBRE,CCI,CCL,CDNS,CDW,CE,CERN,CF,CFG,CHD,CHRW,CHTR,CI,CINF,CL,CLX,CMA,CMCSA,CME,CMG,CMI,CMS,CNC,CNP,COF,COG,COO,COP,COST,CPB,CPRT,CRL,CRM,CSCO,CSX,CTAS,CTLT,CTSH,CTVA,CTXS,CVS,CVX,CZR,D,DAL,DD,DE,DFS,DG,DGX,DHI,DHR,DIS,DISCA,DISCK,DISH,DLR,DLTR,DOV,DOW,DPZ,DRE,DRI,DTE,DUK,DVA,DVN,DXC,DXCM,EA,EBAY,ECL,ED,EFX,EIX,EL,EMN,EMR,ENPH,EOG,EQIX,EQR,ES,ESS,ETN,ETR,ETSY,EVRG,EW,EXC,EXPD,EXPE,EXR,F,FANG,FAST,FB,FBHS,FCX,FDX,FE,FFIV,FIS,FISV,FITB,FLT,FMC,FOX,FOXA,FRC,FRT,FTNT,FTV,GD,GE,GILD,GIS,GL,GLW,GM,GNRC,GOOG,GOOGL,GPC,GPN,GPS,GRMN,GS,GWW,HAL,HAS,HBAN,HBI,HCA,HD,HES,HIG,HII,HLT,HOLX,HON,HPE,HPQ,HRL,HSIC,HST,HSY,HUM,HWM,IBM,ICE,IDXX,IEX,IFF,ILMN,INCY,INFO,INTC,INTU,IP,IPG,IPGP,IQV,IR,IRM,ISRG,IT,ITW,IVZ,J,JBHT,JCI,JKHY,JNJ,JNPR,JPM,K,KEY,KEYS,KHC,KIM,KLAC,KMB,KMI,KMX,KO,KR,KSU,L,LB,LDOS,LEG,LEN,LH,LHX,LIN,LKQ,LLY,LMT,LNC,LNT,LOW,LRCX,LUMN,LUV,LVS,LW,LYB,LYV,MA,MAA,MAR,MAS,MCD,MCHP,MCK,MCO,MDLZ,MDT,MET,MGM,MHK,MKC,MKTX,MLM,MMC,MMM,MNST,MO,MOS,MPC,MPWR,MRK,MRO,MS,MSCI,MSFT,MSI,MTB,MTD,MU,MXIM,NCLH,NDAQ,NEE,NEM,NFLX,NI,NKE,NLOK,NLSN,NOC,NOV,NOW,NRG,NSC,NTAP,NTRS,NUE,NVDA,NVR,NWL,NWS,NWSA,NXPI,O,ODFL,OGN,OKE,OMC,ORCL,ORLY,OTIS,OXY,PAYC,PAYX,PBCT,PCAR,PEAK,PEG,PENN,PEP,PFE,PFG,PG,PGR,PH,PHM,PKG,PKI,PLD,PM,PNC,PNR,PNW,POOL,PPG,PPL,PRGO,PRU,PSA,PSX,PTC,PVH,PWR,PXD,PYPL,QCOM,QRVO,RCL,RE,REG,REGN,RF,RHI,RJF,RL,RMD,ROK,ROL,ROP,ROST,RSG,RTX,SBAC,SBUX,SCHW,SEE,SHW,SIVB,SJM,SLB,SNA,SNPS,SO,SPG,SPGI,SRE,STE,STT,STX,STZ,SWK,SWKS,SYF,SYK,SYY,T,TAP,TDG,TDY,TEL,TER,TFC,TFX,TGT,TJX,TMO,TMUS,TPR,TRMB,TROW,TRV,TSCO,TSLA,TSN,TT,TTWO,TWTR,TXN,TXT,TYL,UA,UAA,UAL,UDR,UHS,ULTA,UNH,UNM,UNP,UPS,URI,USB,V,VFC,VIAC,VLO,VMC,VNO,VRSK,VRSN,VRTX,VTR,VTRS,VZ,WAB,WAT,WBA,WDC,WEC,WELL,WFC,WHR,WLTW,WM,WMB,WMT,WRB,WRK,WST,WU,WY,WYNN,XEL,XLNX,XOM,XRAY,XYL,YUM,ZBH,ZBRA,ZION,ZTS"
2021-07-21,"A,AAL,AAP,AAPL,ABBV,ABC,ABMD,ABT,ACN,ADBE,ADI,ADM,ADP,ADSK,AEE,AEP,AES,AFL,AIG,AIZ,AJG,AKAM,ALB,ALGN,ALK,ALL,ALLE,AMAT,AMCR,AMD,AME,AMGN,AMP,AMT,AMZN,ANET,ANSS,ANTM,AON,AOS,APA,APD,APH,APTV,ARE,ATO,ATVI,AVB,AVGO,AVY,AWK,AXP,AZO,BA,BAC,BAX,BBY,BDX,BEN,BF.B,BIIB,BIO,BK,BKNG,BKR,BLK,BLL,BMY,BR,BRK.B,BSX,BWA,BXP,C,CAG,CAH,CARR,CAT,CB,CBOE,CBRE,CCI,CCL,CDNS,CDW,CE,CERN,CF,CFG,CHD,CHRW,CHTR,CI,CINF,CL,CLX,CMA,CMCSA,CME,CMG,CMI,CMS,CNC,CNP,COF,COG,COO,COP,COST,CPB,CPRT,CRL,CRM,CSCO,CSX,CTAS,CTLT,CTSH,CTVA,CTXS,CVS,CVX,CZR,D,DAL,DD,DE,DFS,DG,DGX,DHI,DHR,DIS,DISCA,DISCK,DISH,DLR,DLTR,DOV,DOW,DPZ,DRE,DRI,DTE,DUK,DVA,DVN,DXC,DXCM,EA,EBAY,ECL,ED,EFX,EIX,EL,EMN,EMR,ENPH,EOG,EQIX,EQR,ES,ESS,ETN,ETR,ETSY,EVRG,EW,EXC,EXPD,EXPE,EXR,F,FANG,FAST,FB,FBHS,FCX,FDX,FE,FFIV,FIS,FISV,FITB,FLT,FMC,FOX,FOXA,FRC,FRT,FTNT,FTV,GD,GE,GILD,GIS,GL,GLW,GM,GNRC,GOOG,GOOGL,GPC,GPN,GPS,GRMN,GS,GWW,HAL,HAS,HBAN,HBI,HCA,HD,HES,HIG,HII,HLT,HOLX,HON,HPE,HPQ,HRL,HSIC,HST,HSY,HUM,HWM,IBM,ICE,IDXX,IEX,IFF,ILMN,INCY,INFO,INTC,INTU,IP,IPG,IPGP,IQV,IR,IRM,ISRG,IT,ITW,IVZ,J,JBHT,JCI,JKHY,JNJ,JNPR,JPM,K,KEY,KEYS,KHC,KIM,KLAC,KMB,KMI,KMX,KO,KR,KSU,L,LB,LDOS,LEG,LEN,LH,LHX,LIN,LKQ,LLY,LMT,LNC,LNT,LOW,LRCX,LUMN,LUV,LVS,LW,LYB,LYV,MA,MAA,MAR,MAS,MCD,MCHP,MCK,MCO,MDLZ,MDT,MET,MGM,MHK,MKC,MKTX,MLM,MMC,MMM,MNST,MO,MOS,MPC,MPWR,MRK,MRNA,MRO,MS,MSCI,MSFT,MSI,MTB,MTD,MU,MXIM,NCLH,NDAQ,NEE,NEM,NFLX,NI,NKE,NLOK,NLSN,NOC,NOV,NOW,NRG,NSC,NTAP,NTRS,NUE,NVDA,NVR,NWL,NWS,NWSA,NXPI,O,ODFL,OGN,OKE,OMC,ORCL,ORLY,OTIS,OXY,PAYC,PAYX,PBCT,PCAR,PEAK,PEG,PENN,PEP,PFE,PFG,PG,PGR,PH,PHM,PKG,PKI,PLD,PM,PNC,PNR,PNW,POOL,PPG,PPL,PRGO,PRU,PSA,PSX,PTC,PVH,PWR,PXD,PYPL,QCOM,QRVO,RCL,RE,REG,REGN,RF,RHI,RJF,RL,RMD,ROK,ROL,ROP,ROST,RSG,RTX,SBAC,SBUX,SCHW,SEE,SHW,SIVB,SJM,SLB,SNA,SNPS,SO,SPG,SPGI,SRE,STE,STT,STX,STZ,SWK,SWKS,SYF,SYK,SYY,T,TAP,TDG,TDY,TEL,TER,TFC,TFX,TGT,TJX,TMO,TMUS,TPR,TRMB,TROW,TRV,TSCO,TSLA,TSN,TT,TTWO,TWTR,TXN,TXT,TYL,UA,UAA,UAL,UDR,UHS,ULTA,UNH,UNM,UNP,UPS,URI,USB,V,VFC,VIAC,VLO,VMC,VNO,VRSK,VRSN,VRTX,VTR,VTRS,VZ,WAB,WAT,WBA,WDC,WEC,WELL,WFC,WHR,WLTW,WM,WMB,WMT,WRB,WRK,WST,WU,WY,WYNN,XEL,XLNX,XOM,XRAY,XYL,YUM,ZBH,ZBRA,ZION,ZTS"
2021-08-03,"A,AAL,AAP,AAPL,ABBV,ABC,ABMD,ABT,ACN,ADBE,ADI,ADM,ADP,ADSK,AEE,AEP,AES,AFL,AIG,AIZ,AJG,AKAM,ALB,ALGN,ALK,ALL,ALLE,AMAT,AMCR,AMD,AME,AMGN,AMP,AMT,AMZN,ANET,ANSS,ANTM,AON,AOS,APA,APD,APH,APTV,ARE,ATO,ATVI,AVB,AVGO,AVY,AWK,AXP,AZO,BA,BAC,BAX,BBWI,BBY,BDX,BEN,BF.B,BIIB,BIO,BK,BKNG,BKR,BLK,BLL,BMY,BR,BRK.B,BSX,BWA,BXP,C,CAG,CAH,CARR,CAT,CB,CBOE,CBRE,CCI,CCL,CDNS,CDW,CE,CERN,CF,CFG,CHD,CHRW,CHTR,CI,CINF,CL,CLX,CMA,CMCSA,CME,CMG,CMI,CMS,CNC,CNP,COF,COG,COO,COP,COST,CPB,CPRT,CRL,CRM,CSCO,CSX,CTAS,CTLT,CTSH,CTVA,CTXS,CVS,CVX,CZR,D,DAL,DD,DE,DFS,DG,DGX,DHI,DHR,DIS,DISCA,DISCK,DISH,DLR,DLTR,DOV,DOW,DPZ,DRE,DRI,DTE,DUK,DVA,DVN,DXC,DXCM,EA,EBAY,ECL,ED,EFX,EIX,EL,EMN,EMR,ENPH,EOG,EQIX,EQR,ES,ESS,ETN,ETR,ETSY,EVRG,EW,EXC,EXPD,EXPE,EXR,F,FANG,FAST,FB,FBHS,FCX,FDX,FE,FFIV,FIS,FISV,FITB,FLT,FMC,FOX,FOXA,FRC,FRT,FTNT,FTV,GD,GE,GILD,GIS,GL,GLW,GM,GNRC,GOOG,GOOGL,GPC,GPN,GPS,GRMN,GS,GWW,HAL,HAS,HBAN,HBI,HCA,HD,HES,HIG,HII,HLT,HOLX,HON,HPE,HPQ,HRL,HSIC,HST,HSY,HUM,HWM,IBM,ICE,IDXX,IEX,IFF,ILMN,INCY,INFO,INTC,INTU,IP,IPG,IPGP,IQV,IR,IRM,ISRG,IT,ITW,IVZ,J,JBHT,JCI,JKHY,JNJ,JNPR,JPM,K,KEY,KEYS,KHC,KIM,KLAC,KMB,KMI,KMX,KO,KR,KSU,L,LDOS,LEG,LEN,LH,LHX,LIN,LKQ,LLY,LMT,LNC,LNT,LOW,LRCX,LUMN,LUV,LVS,LW,LYB,LYV,MA,MAA,MAR,MAS,MCD,MCHP,MCK,MCO,MDLZ,MDT,MET,MGM,MHK,MKC,MKTX,MLM,MMC,MMM,MNST,MO,MOS,MPC,MPWR,MRK,MRNA,MRO,MS,MSCI,MSFT,MSI,MTB,MTD,MU,MXIM,NCLH,NDAQ,NEE,NEM,NFLX,NI,NKE,NLOK,NLSN,NOC,NOV,NOW,NRG,NSC,NTAP,NTRS,NUE,NVDA,NVR,NWL,NWS,NWSA,NXPI,O,ODFL,OGN,OKE,OMC,ORCL,ORLY,OTIS,OXY,PAYC,PAYX,PBCT,PCAR,PEAK,PEG,PENN,PEP,PFE,PFG,PG,PGR,PH,PHM,PKG,PKI,PLD,PM,PNC,PNR,PNW,POOL,PPG,PPL,PRGO,PRU,PSA,PSX,PTC,PVH,PWR,PXD,PYPL,QCOM,QRVO,RCL,RE,REG,REGN,RF,RHI,RJF,RL,RMD,ROK,ROL,ROP,ROST,RSG,RTX,SBAC,SBUX,SCHW,SEE,SHW,SIVB,SJM,SLB,SNA,SNPS,SO,SPG,SPGI,SRE,STE,STT,STX,STZ,SWK,SWKS,SYF,SYK,SYY,T,TAP,TDG,TDY,TEL,TER,TFC,TFX,TGT,TJX,TMO,TMUS,TPR,TRMB,TROW,TRV,TSCO,TSLA,TSN,TT,TTWO,TWTR,TXN,TXT,TYL,UA,UAA,UAL,UDR,UHS,ULTA,UNH,UNM,UNP,UPS,URI,USB,V,VFC,VIAC,VLO,VMC,VNO,VRSK,VRSN,VRTX,VTR,VTRS,VZ,WAB,WAT,WBA,WDC,WEC,WELL,WFC,WHR,WLTW,WM,WMB,WMT,WRB,WRK,WST,WU,WY,WYNN,XEL,XLNX,XOM,XRAY,XYL,YUM,ZBH,ZBRA,ZION,ZTS"
2021-08-30,"A,AAL,AAP,AAPL,ABBV,ABC,ABMD,ABT,ACN,ADBE,ADI,ADM,ADP,ADSK,AEE,AEP,AES,AFL,AIG,AIZ,AJG,AKAM,ALB,ALGN,ALK,ALL,ALLE,AMAT,AMCR,AMD,AME,AMGN,AMP,AMT,AMZN,ANET,ANSS,ANTM,AON,AOS,APA,APD,APH,APTV,ARE,ATO,ATVI,AVB,AVGO,AVY,AWK,AXP,AZO,BA,BAC,BAX,BBWI,BBY,BDX,BEN,BF.B,BIIB,BIO,BK,BKNG,BKR,BLK,BLL,BMY,BR,BRK.B,BSX,BWA,BXP,C,CAG,CAH,CARR,CAT,CB,CBOE,CBRE,CCI,CCL,CDNS,CDW,CE,CERN,CF,CFG,CHD,CHRW,CHTR,CI,CINF,CL,CLX,CMA,CMCSA,CME,CMG,CMI,CMS,CNC,CNP,COF,COG,COO,COP,COST,CPB,CPRT,CRL,CRM,CSCO,CSX,CTAS,CTLT,CTSH,CTVA,CTXS,CVS,CVX,CZR,D,DAL,DD,DE,DFS,DG,DGX,DHI,DHR,DIS,DISCA,DISCK,DISH,DLR,DLTR,DOV,DOW,DPZ,DRE,DRI,DTE,DUK,DVA,DVN,DXC,DXCM,EA,EBAY,ECL,ED,EFX,EIX,EL,EMN,EMR,ENPH,EOG,EQIX,EQR,ES,ESS,ETN,ETR,ETSY,EVRG,EW,EXC,EXPD,EXPE,EXR,F,FANG,FAST,FB,FBHS,FCX,FDX,FE,FFIV,FIS,FISV,FITB,FLT,FMC,FOX,FOXA,FRC,FRT,FTNT,FTV,GD,GE,GILD,GIS,GL,GLW,GM,GNRC,GOOG,GOOGL,GPC,GPN,GPS,GRMN,GS,GWW,HAL,HAS,HBAN,HBI,HCA,HD,HES,HIG,HII,HLT,HOLX,HON,HPE,HPQ,HRL,HSIC,HST,HSY,HUM,HWM,IBM,ICE,IDXX,IEX,IFF,ILMN,INCY,INFO,INTC,INTU,IP,IPG,IPGP,IQV,IR,IRM,ISRG,IT,ITW,IVZ,J,JBHT,JCI,JKHY,JNJ,JNPR,JPM,K,KEY,KEYS,KHC,KIM,KLAC,KMB,KMI,KMX,KO,KR,KSU,L,LDOS,LEG,LEN,LH,LHX,LIN,LKQ,LLY,LMT,LNC,LNT,LOW,LRCX,LUMN,LUV,LVS,LW,LYB,LYV,MA,MAA,MAR,MAS,MCD,MCHP,MCK,MCO,MDLZ,MDT,MET,MGM,MHK,MKC,MKTX,MLM,MMC,MMM,MNST,MO,MOS,MPC,MPWR,MRK,MRNA,MRO,MS,MSCI,MSFT,MSI,MTB,MTD,MU,NCLH,NDAQ,NEE,NEM,NFLX,NI,NKE,NLOK,NLSN,NOC,NOV,NOW,NRG,NSC,NTAP,NTRS,NUE,NVDA,NVR,NWL,NWS,NWSA,NXPI,O,ODFL,OGN,OKE,OMC,ORCL,ORLY,OTIS,OXY,PAYC,PAYX,PBCT,PCAR,PEAK,PEG,PENN,PEP,PFE,PFG,PG,PGR,PH,PHM,PKG,PKI,PLD,PM,PNC,PNR,PNW,POOL,PPG,PPL,PRGO,PRU,PSA,PSX,PTC,PVH,PWR,PXD,PYPL,QCOM,QRVO,RCL,RE,REG,REGN,RF,RHI,RJF,RL,RMD,ROK,ROL,ROP,ROST,RSG,RTX,SBAC,SBUX,SCHW,SEE,SHW,SIVB,SJM,SLB,SNA,SNPS,SO,SPG,SPGI,SRE,STE,STT,STX,STZ,SWK,SWKS,SYF,SYK,SYY,T,TAP,TDG,TDY,TECH,TEL,TER,TFC,TFX,TGT,TJX,TMO,TMUS,TPR,TRMB,TROW,TRV,TSCO,TSLA,TSN,TT,TTWO,TWTR,TXN,TXT,TYL,UA,UAA,UAL,UDR,UHS,ULTA,UNH,UNM,UNP,UPS,URI,USB,V,VFC,VIAC,VLO,VMC,VNO,VRSK,VRSN,VRTX,VTR,VTRS,VZ,WAB,WAT,WBA,WDC,WEC,WELL,WFC,WHR,WLTW,WM,WMB,WMT,WRB,WRK,WST,WU,WY,WYNN,XEL,XLNX,XOM,XRAY,XYL,YUM,ZBH,ZBRA,ZION,ZTS"
2021-09-20,"A,AAL,AAP,AAPL,ABBV,ABC,ABMD,ABT,ACN,ADBE,ADI,ADM,ADP,ADSK,AEE,AEP,AES,AFL,AIG,AIZ,AJG,AKAM,ALB,ALGN,ALK,ALL,ALLE,AMAT,AMCR,AMD,AME,AMGN,AMP,AMT,AMZN,ANET,ANSS,ANTM,AON,AOS,APA,APD,APH,APTV,ARE,ATO,ATVI,AVB,AVGO,AVY,AWK,AXP,AZO,BA,BAC,BAX,BBWI,BBY,BDX,BEN,BF.B,BIIB,BIO,BK,BKNG,BKR,BLK,BLL,BMY,BR,BRK.B,BRO,BSX,BWA,BXP,C,CAG,CAH,CARR,CAT,CB,CBOE,CBRE,CCI,CCL,CDAY,CDNS,CDW,CE,CERN,CF,CFG,CHD,CHRW,CHTR,CI,CINF,CL,CLX,CMA,CMCSA,CME,CMG,CMI,CMS,CNC,CNP,COF,COG,COO,COP,COST,CPB,CPRT,CRL,CRM,CSCO,CSX,CTAS,CTLT,CTSH,CTVA,CTXS,CVS,CVX,CZR,D,DAL,DD,DE,DFS,DG,DGX,DHI,DHR,DIS,DISCA,DISCK,DISH,DLR,DLTR,DOV,DOW,DPZ,DRE,DRI,DTE,DUK,DVA,DVN,DXC,DXCM,EA,EBAY,ECL,ED,EFX,EIX,EL,EMN,EMR,ENPH,EOG,EQIX,EQR,ES,ESS,ETN,ETR,ETSY,EVRG,EW,EXC,EXPD,EXPE,EXR,F,FANG,FAST,FB,FBHS,FCX,FDX,FE,FFIV,FIS,FISV,FITB,FLT,FMC,FOX,FOXA,FRC,FRT,FTNT,FTV,GD,GE,GILD,GIS,GL,GLW,GM,GNRC,GOOG,GOOGL,GPC,GPN,GPS,GRMN,GS,GWW,HAL,HAS,HBAN,HBI,HCA,HD,HES,HIG,HII,HLT,HOLX,HON,HPE,HPQ,HRL,HSIC,HST,HSY,HUM,HWM,IBM,ICE,IDXX,IEX,IFF,ILMN,INCY,INFO,INTC,INTU,IP,IPG,IPGP,IQV,IR,IRM,ISRG,IT,ITW,IVZ,J,JBHT,JCI,JKHY,JNJ,JNPR,JPM,K,KEY,KEYS,KHC,KIM,KLAC,KMB,KMI,KMX,KO,KR,KSU,L,LDOS,LEG,LEN,LH,LHX,LIN,LKQ,LLY,LMT,LNC,LNT,LOW,LRCX,LUMN,LUV,LVS,LW,LYB,LYV,MA,MAA,MAR,MAS,MCD,MCHP,MCK,MCO,MDLZ,MDT,MET,MGM,MHK,MKC,MKTX,MLM,MMC,MMM,MNST,MO,MOS,MPC,MPWR,MRK,MRNA,MRO,MS,MSCI,MSFT,MSI,MTB,MTCH,MTD,MU,NCLH,NDAQ,NEE,NEM,NFLX,NI,NKE,NLOK,NLSN,NOC,NOW,NRG,NSC,NTAP,NTRS,NUE,NVDA,NVR,NWL,NWS,NWSA,NXPI,O,ODFL,OGN,OKE,OMC,ORCL,ORLY,OTIS,OXY,PAYC,PAYX,PBCT,PCAR,PEAK,PEG,PENN,PEP,PFE,PFG,PG,PGR,PH,PHM,PKG,PKI,PLD,PM,PNC,PNR,PNW,POOL,PPG,PPL,PRU,PSA,PSX,PTC,PVH,PWR,PXD,PYPL,QCOM,QRVO,RCL,RE,REG,REGN,RF,RHI,RJF,RL,RMD,ROK,ROL,ROP,ROST,RSG,RTX,SBAC,SBUX,SCHW,SEE,SHW,SIVB,SJM,SLB,SNA,SNPS,SO,SPG,SPGI,SRE,STE,STT,STX,STZ,SWK,SWKS,SYF,SYK,SYY,T,TAP,TDG,TDY,TECH,TEL,TER,TFC,TFX,TGT,TJX,TMO,TMUS,TPR,TRMB,TROW,TRV,TSCO,TSLA,TSN,TT,TTWO,TWTR,TXN,TXT,TYL,UA,UAA,UAL,UDR,UHS,ULTA,UNH,UNP,UPS,URI,USB,V,VFC,VIAC,VLO,VMC,VNO,VRSK,VRSN,VRTX,VTR,VTRS,VZ,WAB,WAT,WBA,WDC,WEC,WELL,WFC,WHR,WLTW,WM,WMB,WMT,WRB,WRK,WST,WU,WY,WYNN,XEL,XLNX,XOM,XRAY,XYL,YUM,ZBH,ZBRA,ZION,ZTS"
2021-10-04,"A,AAL,AAP,AAPL,ABBV,ABC,ABMD,ABT,ACN,ADBE,ADI,ADM,ADP,ADSK,AEE,AEP,AES,AFL,AIG,AIZ,AJG,AKAM,ALB,ALGN,ALK,ALL,ALLE,AMAT,AMCR,AMD,AME,AMGN,AMP,AMT,AMZN,ANET,ANSS,ANTM,AON,AOS,APA,APD,APH,APTV,ARE,ATO,ATVI,AVB,AVGO,AVY,AWK,AXP,AZO,BA,BAC,BAX,BBWI,BBY,BDX,BEN,BF.B,BIIB,BIO,BK,BKNG,BKR,BLK,BLL,BMY,BR,BRK.B,BRO,BSX,BWA,BXP,C,CAG,CAH,CARR,CAT,CB,CBOE,CBRE,CCI,CCL,CDAY,CDNS,CDW,CE,CERN,CF,CFG,CHD,CHRW,CHTR,CI,CINF,CL,CLX,CMA,CMCSA,CME,CMG,CMI,CMS,CNC,CNP,COF,COO,COP,COST,CPB,CPRT,CRL,CRM,CSCO,CSX,CTAS,CTLT,CTRA,CTSH,CTVA,CTXS,CVS,CVX,CZR,D,DAL,DD,DE,DFS,DG,DGX,DHI,DHR,DIS,DISCA,DISCK,DISH,DLR,DLTR,DOV,DOW,DPZ,DRE,DRI,DTE,DUK,DVA,DVN,DXC,DXCM,EA,EBAY,ECL,ED,EFX,EIX,EL,EMN,EMR,ENPH,EOG,EQIX,EQR,ES,ESS,ETN,ETR,ETSY,EVRG,EW,EXC,EXPD,EXPE,EXR,F,FANG,FAST,FB,FBHS,FCX,FDX,FE,FFIV,FIS,FISV,FITB,FLT,FMC,FOX,FOXA,FRC,FRT,FTNT,FTV,GD,GE,GILD,GIS,GL,GLW,GM,GNRC,GOOG,GOOGL,GPC,GPN,GPS,GRMN,GS,GWW,HAL,HAS,HBAN,HBI,HCA,HD,HES,HIG,HII,HLT,HOLX,HON,HPE,HPQ,HRL,HSIC,HST,HSY,HUM,HWM,IBM,ICE,IDXX,IEX,IFF,ILMN,INCY,INFO,INTC,INTU,IP,IPG,IPGP,IQV,IR,IRM,ISRG,IT,ITW,IVZ,J,JBHT,JCI,JKHY,JNJ,JNPR,JPM,K,KEY,KEYS,KHC,KIM,KLAC,KMB,KMI,KMX,KO,KR,KSU,L,LDOS,LEG,LEN,LH,LHX,LIN,LKQ,LLY,LMT,LNC,LNT,LOW,LRCX,LUMN,LUV,LVS,LW,LYB,LYV,MA,MAA,MAR,MAS,MCD,MCHP,MCK,MCO,MDLZ,MDT,MET,MGM,MHK,MKC,MKTX,MLM,MMC,MMM,MNST,MO,MOS,MPC,MPWR,MRK,MRNA,MRO,MS,MSCI,MSFT,MSI,MTB,MTCH,MTD,MU,NCLH,NDAQ,NEE,NEM,NFLX,NI,NKE,NLOK,NLSN,NOC,NOW,NRG,NSC,NTAP,NTRS,NUE,NVDA,NVR,NWL,NWS,NWSA,NXPI,O,ODFL,OGN,OKE,OMC,ORCL,ORLY,OTIS,OXY,PAYC,PAYX,PBCT,PCAR,PEAK,PEG,PENN,PEP,PFE,PFG,PG,PGR,PH,PHM,PKG,PKI,PLD,PM,PNC,PNR,PNW,POOL,PPG,PPL,PRU,PSA,PSX,PTC,PVH,PWR,PXD,PYPL,QCOM,QRVO,RCL,RE,REG,REGN,RF,RHI,RJF,RL,RMD,ROK,ROL,ROP,ROST,RSG,RTX,SBAC,SBUX,SCHW,SEE,SHW,SIVB,SJM,SLB,SNA,SNPS,SO,SPG,SPGI,SRE,STE,STT,STX,STZ,SWK,SWKS,SYF,SYK,SYY,T,TAP,TDG,TDY,TECH,TEL,TER,TFC,TFX,TGT,TJX,TMO,TMUS,TPR,TRMB,TROW,TRV,TSCO,TSLA,TSN,TT,TTWO,TWTR,TXN,TXT,TYL,UA,UAA,UAL,UDR,UHS,ULTA,UNH,UNP,UPS,URI,USB,V,VFC,VIAC,VLO,VMC,VNO,VRSK,VRSN,VRTX,VTR,VTRS,VZ,WAB,WAT,WBA,WDC,WEC,WELL,WFC,WHR,WLTW,WM,WMB,WMT,WRB,WRK,WST,WU,WY,WYNN,XEL,XLNX,XOM,XRAY,XYL,YUM,ZBH,ZBRA,ZION,ZTS"
2021-12-14,"A,AAL,AAP,AAPL,ABBV,ABC,ABMD,ABT,ACN,ADBE,ADI,ADM,ADP,ADSK,AEE,AEP,AES,AFL,AIG,AIZ,AJG,AKAM,ALB,ALGN,ALK,ALL,ALLE,AMAT,AMCR,AMD,AME,AMGN,AMP,AMT,AMZN,ANET,ANSS,ANTM,AON,AOS,APA,APD,APH,APTV,ARE,ATO,ATVI,AVB,AVGO,AVY,AWK,AXP,AZO,BA,BAC,BAX,BBWI,BBY,BDX,BEN,BF.B,BIIB,BIO,BK,BKNG,BKR,BLK,BLL,BMY,BR,BRK.B,BRO,BSX,BWA,BXP,C,CAG,CAH,CARR,CAT,CB,CBOE,CBRE,CCI,CCL,CDAY,CDNS,CDW,CE,CERN,CF,CFG,CHD,CHRW,CHTR,CI,CINF,CL,CLX,CMA,CMCSA,CME,CMG,CMI,CMS,CNC,CNP,COF,COO,COP,COST,CPB,CPRT,CRL,CRM,CSCO,CSX,CTAS,CTLT,CTRA,CTSH,CTVA,CTXS,CVS,CVX,CZR,D,DAL,DD,DE,DFS,DG,DGX,DHI,DHR,DIS,DISCA,DISCK,DISH,DLR,DLTR,DOV,DOW,DPZ,DRE,DRI,DTE,DUK,DVA,DVN,DXC,DXCM,EA,EBAY,ECL,ED,EFX,EIX,EL,EMN,EMR,ENPH,EOG,EPAM,EQIX,EQR,ES,ESS,ETN,ETR,ETSY,EVRG,EW,EXC,EXPD,EXPE,EXR,F,FANG,FAST,FB,FBHS,FCX,FDX,FE,FFIV,FIS,FISV,FITB,FLT,FMC,FOX,FOXA,FRC,FRT,FTNT,FTV,GD,GE,GILD,GIS,GL,GLW,GM,GNRC,GOOG,GOOGL,GPC,GPN,GPS,GRMN,GS,GWW,HAL,HAS,HBAN,HBI,HCA,HD,HES,HIG,HII,HLT,HOLX,HON,HPE,HPQ,HRL,HSIC,HST,HSY,HUM,HWM,IBM,ICE,IDXX,IEX,IFF,ILMN,INCY,INFO,INTC,INTU,IP,IPG,IPGP,IQV,IR,IRM,ISRG,IT,ITW,IVZ,J,JBHT,JCI,JKHY,JNJ,JNPR,JPM,K,KEY,KEYS,KHC,KIM,KLAC,KMB,KMI,KMX,KO,KR,L,LDOS,LEG,LEN,LH,LHX,LIN,LKQ,LLY,LMT,LNC,LNT,LOW,LRCX,LUMN,LUV,LVS,LW,LYB,LYV,MA,MAA,MAR,MAS,MCD,MCHP,MCK,MCO,MDLZ,MDT,MET,MGM,MHK,MKC,MKTX,MLM,MMC,MMM,MNST,MO,MOS,MPC,MPWR,MRK,MRNA,MRO,MS,MSCI,MSFT,MSI,MTB,MTCH,MTD,MU,NCLH,NDAQ,NEE,NEM,NFLX,NI,NKE,NLOK,NLSN,NOC,NOW,NRG,NSC,NTAP,NTRS,NUE,NVDA,NVR,NWL,NWS,NWSA,NXPI,O,ODFL,OGN,OKE,OMC,ORCL,ORLY,OTIS,OXY,PAYC,PAYX,PBCT,PCAR,PEAK,PEG,PENN,PEP,PFE,PFG,PG,PGR,PH,PHM,PKG,PKI,PLD,PM,PNC,PNR,PNW,POOL,PPG,PPL,PRU,PSA,PSX,PTC,PVH,PWR,PXD,PYPL,QCOM,QRVO,RCL,RE,REG,REGN,RF,RHI,RJF,RL,RMD,ROK,ROL,ROP,ROST,RSG,RTX,SBAC,SBUX,SCHW,SEE,SHW,SIVB,SJM,SLB,SNA,SNPS,SO,SPG,SPGI,SRE,STE,STT,STX,STZ,SWK,SWKS,SYF,SYK,SYY,T,TAP,TDG,TDY,TECH,TEL,TER,TFC,TFX,TGT,TJX,TMO,TMUS,TPR,TRMB,TROW,TRV,TSCO,TSLA,TSN,TT,TTWO,TWTR,TXN,TXT,TYL,UA,UAA,UAL,UDR,UHS,ULTA,UNH,UNP,UPS,URI,USB,V,VFC,VIAC,VLO,VMC,VNO,VRSK,VRSN,VRTX,VTR,VTRS,VZ,WAB,WAT,WBA,WDC,WEC,WELL,WFC,WHR,WLTW,WM,WMB,WMT,WRB,WRK,WST,WU,WY,WYNN,XEL,XLNX,XOM,XRAY,XYL,YUM,ZBH,ZBRA,ZION,ZTS"
2021-12-20,"A,AAL,AAP,AAPL,ABBV,ABC,ABMD,ABT,ACN,ADBE,ADI,ADM,ADP,ADSK,AEE,AEP,AES,AFL,AIG,AIZ,AJG,AKAM,ALB,ALGN,ALK,ALL,ALLE,AMAT,AMCR,AMD,AME,AMGN,AMP,AMT,AMZN,ANET,ANSS,ANTM,AON,AOS,APA,APD,APH,APTV,ARE,ATO,ATVI,AVB,AVGO,AVY,AWK,AXP,AZO,BA,BAC,BAX,BBWI,BBY,BDX,BEN,BF.B,BIIB,BIO,BK,BKNG,BKR,BLK,BLL,BMY,BR,BRK.B,BRO,BSX,BWA,BXP,C,CAG,CAH,CARR,CAT,CB,CBOE,CBRE,CCI,CCL,CDAY,CDNS,CDW,CE,CERN,CF,CFG,CHD,CHRW,CHTR,CI,CINF,CL,CLX,CMA,CMCSA,CME,CMG,CMI,CMS,CNC,CNP,COF,COO,COP,COST,CPB,CPRT,CRL,CRM,CSCO,CSX,CTAS,CTLT,CTRA,CTSH,CTVA,CTXS,CVS,CVX,CZR,D,DAL,DD,DE,DFS,DG,DGX,DHI,DHR,DIS,DISCA,DISCK,DISH,DLR,DLTR,DOV,DOW,DPZ,DRE,DRI,DTE,DUK,DVA,DVN,DXC,DXCM,EA,EBAY,ECL,ED,EFX,EIX,EL,EMN,EMR,ENPH,EOG,EPAM,EQIX,EQR,ES,ESS,ETN,ETR,ETSY,EVRG,EW,EXC,EXPD,EXPE,EXR,F,FANG,FAST,FB,FBHS,FCX,FDS,FDX,FE,FFIV,FIS,FISV,FITB,FLT,FMC,FOX,FOXA,FRC,FRT,FTNT,FTV,GD,GE,GILD,GIS,GL,GLW,GM,GNRC,GOOG,GOOGL,GPC,GPN,GPS,GRMN,GS,GWW,HAL,HAS,HBAN,HCA,HD,HES,HIG,HII,HLT,HOLX,HON,HPE,HPQ,HRL,HSIC,HST,HSY,HUM,HWM,IBM,ICE,IDXX,IEX,IFF,ILMN,INCY,INFO,INTC,INTU,IP,IPG,IPGP,IQV,IR,IRM,ISRG,IT,ITW,IVZ,J,JBHT,JCI,JKHY,JNJ,JNPR,JPM,K,KEY,KEYS,KHC,KIM,KLAC,KMB,KMI,KMX,KO,KR,L,LDOS,LEN,LH,LHX,LIN,LKQ,LLY,LMT,LNC,LNT,LOW,LRCX,LUMN,LUV,LVS,LW,LYB,LYV,MA,MAA,MAR,MAS,MCD,MCHP,MCK,MCO,MDLZ,MDT,MET,MGM,MHK,MKC,MKTX,MLM,MMC,MMM,MNST,MO,MOS,MPC,MPWR,MRK,MRNA,MRO,MS,MSCI,MSFT,MSI,MTB,MTCH,MTD,MU,NCLH,NDAQ,NEE,NEM,NFLX,NI,NKE,NLOK,NLSN,NOC,NOW,NRG,NSC,NTAP,NTRS,NUE,NVDA,NVR,NWL,NWS,NWSA,NXPI,O,ODFL,OGN,OKE,OMC,ORCL,ORLY,OTIS,OXY,PAYC,PAYX,PBCT,PCAR,PEAK,PEG,PENN,PEP,PFE,PFG,PG,PGR,PH,PHM,PKG,PKI,PLD,PM,PNC,PNR,PNW,POOL,PPG,PPL,PRU,PSA,PSX,PTC,PVH,PWR,PXD,PYPL,QCOM,QRVO,RCL,RE,REG,REGN,RF,RHI,RJF,RL,RMD,ROK,ROL,ROP,ROST,RSG,RTX,SBAC,SBNY,SBUX,SCHW,SEDG,SEE,SHW,SIVB,SJM,SLB,SNA,SNPS,SO,SPG,SPGI,SRE,STE,STT,STX,STZ,SWK,SWKS,SYF,SYK,SYY,T,TAP,TDG,TDY,TECH,TEL,TER,TFC,TFX,TGT,TJX,TMO,TMUS,TPR,TRMB,TROW,TRV,TSCO,TSLA,TSN,TT,TTWO,TWTR,TXN,TXT,TYL,UA,UAA,UAL,UDR,UHS,ULTA,UNH,UNP,UPS,URI,USB,V,VFC,VIAC,VLO,VMC,VNO,VRSK,VRSN,VRTX,VTR,VTRS,VZ,WAB,WAT,WBA,WDC,WEC,WELL,WFC,WHR,WLTW,WM,WMB,WMT,WRB,WRK,WST,WY,WYNN,XEL,XLNX,XOM,XRAY,XYL,YUM,ZBH,ZBRA,ZION,ZTS"
2022-01-10,"A,AAL,AAP,AAPL,ABBV,ABC,ABMD,ABT,ACN,ADBE,ADI,ADM,ADP,ADSK,AEE,AEP,AES,AFL,AIG,AIZ,AJG,AKAM,ALB,ALGN,ALK,ALL,ALLE,AMAT,AMCR,AMD,AME,AMGN,AMP,AMT,AMZN,ANET,ANSS,ANTM,AON,AOS,APA,APD,APH,APTV,ARE,ATO,ATVI,AVB,AVGO,AVY,AWK,AXP,AZO,BA,BAC,BAX,BBWI,BBY,BDX,BEN,BF.B,BIIB,BIO,BK,BKNG,BKR,BLK,BLL,BMY,BR,BRK.B,BRO,BSX,BWA,BXP,C,CAG,CAH,CARR,CAT,CB,CBOE,CBRE,CCI,CCL,CDAY,CDNS,CDW,CE,CERN,CF,CFG,CHD,CHRW,CHTR,CI,CINF,CL,CLX,CMA,CMCSA,CME,CMG,CMI,CMS,CNC,CNP,COF,COO,COP,COST,CPB,CPRT,CRL,CRM,CSCO,CSX,CTAS,CTLT,CTRA,CTSH,CTVA,CTXS,CVS,CVX,CZR,D,DAL,DD,DE,DFS,DG,DGX,DHI,DHR,DIS,DISCA,DISCK,DISH,DLR,DLTR,DOV,DOW,DPZ,DRE,DRI,DTE,DUK,DVA,DVN,DXC,DXCM,EA,EBAY,ECL,ED,EFX,EIX,EL,EMN,EMR,ENPH,EOG,EPAM,EQIX,EQR,ES,ESS,ETN,ETR,ETSY,EVRG,EW,EXC,EXPD,EXPE,EXR,F,FANG,FAST,FB,FBHS,FCX,FDS,FDX,FE,FFIV,FIS,FISV,FITB,FLT,FMC,FOX,FOXA,FRC,FRT,FTNT,FTV,GD,GE,GILD,GIS,GL,GLW,GM,GNRC,GOOG,GOOGL,GPC,GPN,GPS,GRMN,GS,GWW,HAL,HAS,HBAN,HCA,HD,HES,HIG,HII,HLT,HOLX,HON,HPE,HPQ,HRL,HSIC,HST,HSY,HUM,HWM,IBM,ICE,IDXX,IEX,IFF,ILMN,INCY,INFO,INTC,INTU,IP,IPG,IPGP,IQV,IR,IRM,ISRG,IT,ITW,IVZ,J,JBHT,JCI,JKHY,JNJ,JNPR,JPM,K,KEY,KEYS,KHC,KIM,KLAC,KMB,KMI,KMX,KO,KR,L,LDOS,LEN,LH,LHX,LIN,LKQ,LLY,LMT,LNC,LNT,LOW,LRCX,LUMN,LUV,LVS,LW,LYB,LYV,MA,MAA,MAR,MAS,MCD,MCHP,MCK,MCO,MDLZ,MDT,MET,MGM,MHK,MKC,MKTX,MLM,MMC,MMM,MNST,MO,MOS,MPC,MPWR,MRK,MRNA,MRO,MS,MSCI,MSFT,MSI,MTB,MTCH,MTD,MU,NCLH,NDAQ,NEE,NEM,NFLX,NI,NKE,NLOK,NLSN,NOC,NOW,NRG,NSC,NTAP,NTRS,NUE,NVDA,NVR,NWL,NWS,NWSA,NXPI,O,ODFL,OGN,OKE,OMC,ORCL,ORLY,OTIS,OXY,PAYC,PAYX,PBCT,PCAR,PEAK,PEG,PENN,PEP,PFE,PFG,PG,PGR,PH,PHM,PKG,PKI,PLD,PM,PNC,PNR,PNW,POOL,PPG,PPL,PRU,PSA,PSX,PTC,PVH,PWR,PXD,PYPL,QCOM,QRVO,RCL,RE,REG,REGN,RF,RHI,RJF,RL,RMD,ROK,ROL,ROP,ROST,RSG,RTX,SBAC,SBNY,SBUX,SCHW,SEDG,SEE,SHW,SIVB,SJM,SLB,SNA,SNPS,SO,SPG,SPGI,SRE,STE,STT,STX,STZ,SWK,SWKS,SYF,SYK,SYY,T,TAP,TDG,TDY,TECH,TEL,TER,TFC,TFX,TGT,TJX,TMO,TMUS,TPR,TRMB,TROW,TRV,TSCO,TSLA,TSN,TT,TTWO,TWTR,TXN,TXT,TYL,UA,UAA,UAL,UDR,UHS,ULTA,UNH,UNP,UPS,URI,USB,V,VFC,VIAC,VLO,VMC,VNO,VRSK,VRSN,VRTX,VTR,VTRS,VZ,WAB,WAT,WBA,WDC,WEC,WELL,WFC,WHR,WM,WMB,WMT,WRB,WRK,WST,WTW,WY,WYNN,XEL,XLNX,XOM,XRAY,XYL,YUM,ZBH,ZBRA,ZION,ZTS"
2022-02-02,"A,AAL,AAP,AAPL,ABBV,ABC,ABMD,ABT,ACN,ADBE,ADI,ADM,ADP,ADSK,AEE,AEP,AES,AFL,AIG,AIZ,AJG,AKAM,ALB,ALGN,ALK,ALL,ALLE,AMAT,AMCR,AMD,AME,AMGN,AMP,AMT,AMZN,ANET,ANSS,ANTM,AON,AOS,APA,APD,APH,APTV,ARE,ATO,ATVI,AVB,AVGO,AVY,AWK,AXP,AZO,BA,BAC,BAX,BBWI,BBY,BDX,BEN,BF.B,BIIB,BIO,BK,BKNG,BKR,BLK,BLL,BMY,BR,BRK.B,BRO,BSX,BWA,BXP,C,CAG,CAH,CARR,CAT,CB,CBOE,CBRE,CCI,CCL,CDAY,CDNS,CDW,CE,CEG,CERN,CF,CFG,CHD,CHRW,CHTR,CI,CINF,CL,CLX,CMA,CMCSA,CME,CMG,CMI,CMS,CNC,CNP,COF,COO,COP,COST,CPB,CPRT,CRL,CRM,CSCO,CSX,CTAS,CTLT,CTRA,CTSH,CTVA,CTXS,CVS,CVX,CZR,D,DAL,DD,DE,DFS,DG,DGX,DHI,DHR,DIS,DISCA,DISCK,DISH,DLR,DLTR,DOV,DOW,DPZ,DRE,DRI,DTE,DUK,DVA,DVN,DXC,DXCM,EA,EBAY,ECL,ED,EFX,EIX,EL,EMN,EMR,ENPH,EOG,EPAM,EQIX,EQR,ES,ESS,ETN,ETR,ETSY,EVRG,EW,EXC,EXPD,EXPE,EXR,F,FANG,FAST,FB,FBHS,FCX,FDS,FDX,FE,FFIV,FIS,FISV,FITB,FLT,FMC,FOX,FOXA,FRC,FRT,FTNT,FTV,GD,GE,GILD,GIS,GL,GLW,GM,GNRC,GOOG,GOOGL,GPC,GPN,GRMN,GS,GWW,HAL,HAS,HBAN,HCA,HD,HES,HIG,HII,HLT,HOLX,HON,HPE,HPQ,HRL,HSIC,HST,HSY,HUM,HWM,IBM,ICE,IDXX,IEX,IFF,ILMN,INCY,INFO,INTC,INTU,IP,IPG,IPGP,IQV,IR,IRM,ISRG,IT,ITW,IVZ,J,JBHT,JCI,JKHY,JNJ,JNPR,JPM,K,KEY,KEYS,KHC,KIM,KLAC,KMB,KMI,KMX,KO,KR,L,LDOS,LEN,LH,LHX,LIN,LKQ,LLY,LMT,LNC,LNT,LOW,LRCX,LUMN,LUV,LVS,LW,LYB,LYV,MA,MAA,MAR,MAS,MCD,MCHP,MCK,MCO,MDLZ,MDT,MET,MGM,MHK,MKC,MKTX,MLM,MMC,MMM,MNST,MO,MOS,MPC,MPWR,MRK,MRNA,MRO,MS,MSCI,MSFT,MSI,MTB,MTCH,MTD,MU,NCLH,NDAQ,NEE,NEM,NFLX,NI,NKE,NLOK,NLSN,NOC,NOW,NRG,NSC,NTAP,NTRS,NUE,NVDA,NVR,NWL,NWS,NWSA,NXPI,O,ODFL,OGN,OKE,OMC,ORCL,ORLY,OTIS,OXY,PAYC,PAYX,PBCT,PCAR,PEAK,PEG,PENN,PEP,PFE,PFG,PG,PGR,PH,PHM,PKG,PKI,PLD,PM,PNC,PNR,PNW,POOL,PPG,PPL,PRU,PSA,PSX,PTC,PVH,PWR,PXD,PYPL,QCOM,QRVO,RCL,RE,REG,REGN,RF,RHI,RJF,RL,RMD,ROK,ROL,ROP,ROST,RSG,RTX,SBAC,SBNY,SBUX,SCHW,SEDG,SEE,SHW,SIVB,SJM,SLB,SNA,SNPS,SO,SPG,SPGI,SRE,STE,STT,STX,STZ,SWK,SWKS,SYF,SYK,SYY,T,TAP,TDG,TDY,TECH,TEL,TER,TFC,TFX,TGT,TJX,TMO,TMUS,TPR,TRMB,TROW,TRV,TSCO,TSLA,TSN,TT,TTWO,TWTR,TXN,TXT,TYL,UA,UAA,UAL,UDR,UHS,ULTA,UNH,UNP,UPS,URI,USB,V,VFC,VIAC,VLO,VMC,VNO,VRSK,VRSN,VRTX,VTR,VTRS,VZ,WAB,WAT,WBA,WDC,WEC,WELL,WFC,WHR,WM,WMB,WMT,WRB,WRK,WST,WTW,WY,WYNN,XEL,XLNX,XOM,XRAY,XYL,YUM,ZBH,ZBRA,ZION,ZTS"
2022-02-15,"A,AAL,AAP,AAPL,ABBV,ABC,ABMD,ABT,ACN,ADBE,ADI,ADM,ADP,ADSK,AEE,AEP,AES,AFL,AIG,AIZ,AJG,AKAM,ALB,ALGN,ALK,ALL,ALLE,AMAT,AMCR,AMD,AME,AMGN,AMP,AMT,AMZN,ANET,ANSS,ANTM,AON,AOS,APA,APD,APH,APTV,ARE,ATO,ATVI,AVB,AVGO,AVY,AWK,AXP,AZO,BA,BAC,BAX,BBWI,BBY,BDX,BEN,BF.B,BIIB,BIO,BK,BKNG,BKR,BLK,BLL,BMY,BR,BRK.B,BRO,BSX,BWA,BXP,C,CAG,CAH,CARR,CAT,CB,CBOE,CBRE,CCI,CCL,CDAY,CDNS,CDW,CE,CEG,CERN,CF,CFG,CHD,CHRW,CHTR,CI,CINF,CL,CLX,CMA,CMCSA,CME,CMG,CMI,CMS,CNC,CNP,COF,COO,COP,COST,CPB,CPRT,CRL,CRM,CSCO,CSX,CTAS,CTLT,CTRA,CTSH,CTVA,CTXS,CVS,CVX,CZR,D,DAL,DD,DE,DFS,DG,DGX,DHI,DHR,DIS,DISCA,DISCK,DISH,DLR,DLTR,DOV,DOW,DPZ,DRE,DRI,DTE,DUK,DVA,DVN,DXC,DXCM,EA,EBAY,ECL,ED,EFX,EIX,EL,EMN,EMR,ENPH,EOG,EPAM,EQIX,EQR,ES,ESS,ETN,ETR,ETSY,EVRG,EW,EXC,EXPD,EXPE,EXR,F,FANG,FAST,FB,FBHS,FCX,FDS,FDX,FE,FFIV,FIS,FISV,FITB,FLT,FMC,FOX,FOXA,FRC,FRT,FTNT,FTV,GD,GE,GILD,GIS,GL,GLW,GM,GNRC,GOOG,GOOGL,GPC,GPN,GRMN,GS,GWW,HAL,HAS,HBAN,HCA,HD,HES,HIG,HII,HLT,HOLX,HON,HPE,HPQ,HRL,HSIC,HST,HSY,HUM,HWM,IBM,ICE,IDXX,IEX,IFF,ILMN,INCY,INFO,INTC,INTU,IP,IPG,IPGP,IQV,IR,IRM,ISRG,IT,ITW,IVZ,J,JBHT,JCI,JKHY,JNJ,JNPR,JPM,K,KEY,KEYS,KHC,KIM,KLAC,KMB,KMI,KMX,KO,KR,L,LDOS,LEN,LH,LHX,LIN,LKQ,LLY,LMT,LNC,LNT,LOW,LRCX,LUMN,LUV,LVS,LW,LYB,LYV,MA,MAA,MAR,MAS,MCD,MCHP,MCK,MCO,MDLZ,MDT,MET,MGM,MHK,MKC,MKTX,MLM,MMC,MMM,MNST,MO,MOS,MPC,MPWR,MRK,MRNA,MRO,MS,MSCI,MSFT,MSI,MTB,MTCH,MTD,MU,NCLH,NDAQ,NDSN,NEE,NEM,NFLX,NI,NKE,NLOK,NLSN,NOC,NOW,NRG,NSC,NTAP,NTRS,NUE,NVDA,NVR,NWL,NWS,NWSA,NXPI,O,ODFL,OGN,OKE,OMC,ORCL,ORLY,OTIS,OXY,PAYC,PAYX,PBCT,PCAR,PEAK,PEG,PENN,PEP,PFE,PFG,PG,PGR,PH,PHM,PKG,PKI,PLD,PM,PNC,PNR,PNW,POOL,PPG,PPL,PRU,PSA,PSX,PTC,PVH,PWR,PXD,PYPL,QCOM,QRVO,RCL,RE,REG,REGN,RF,RHI,RJF,RL,RMD,ROK,ROL,ROP,ROST,RSG,RTX,SBAC,SBNY,SBUX,SCHW,SEDG,SEE,SHW,SIVB,SJM,SLB,SNA,SNPS,SO,SPG,SPGI,SRE,STE,STT,STX,STZ,SWK,SWKS,SYF,SYK,SYY,T,TAP,TDG,TDY,TECH,TEL,TER,TFC,TFX,TGT,TJX,TMO,TMUS,TPR,TRMB,TROW,TRV,TSCO,TSLA,TSN,TT,TTWO,TWTR,TXN,TXT,TYL,UA,UAA,UAL,UDR,UHS,ULTA,UNH,UNP,UPS,URI,USB,V,VFC,VIAC,VLO,VMC,VNO,VRSK,VRSN,VRTX,VTR,VTRS,VZ,WAB,WAT,WBA,WDC,WEC,WELL,WFC,WHR,WM,WMB,WMT,WRB,WRK,WST,WTW,WY,WYNN,XEL,XOM,XRAY,XYL,YUM,ZBH,ZBRA,ZION,ZTS"
2022-02-17,"A,AAL,AAP,AAPL,ABBV,ABC,ABMD,ABT,ACN,ADBE,ADI,ADM,ADP,ADSK,AEE,AEP,AES,AFL,AIG,AIZ,AJG,AKAM,ALB,ALGN,ALK,ALL,ALLE,AMAT,AMCR,AMD,AME,AMGN,AMP,AMT,AMZN,ANET,ANSS,ANTM,AON,AOS,APA,APD,APH,APTV,ARE,ATO,ATVI,AVB,AVGO,AVY,AWK,AXP,AZO,BA,BAC,BAX,BBWI,BBY,BDX,BEN,BF.B,BIIB,BIO,BK,BKNG,BKR,BLK,BLL,BMY,BR,BRK.B,BRO,BSX,BWA,BXP,C,CAG,CAH,CARR,CAT,CB,CBOE,CBRE,CCI,CCL,CDAY,CDNS,CDW,CE,CEG,CERN,CF,CFG,CHD,CHRW,CHTR,CI,CINF,CL,CLX,CMA,CMCSA,CME,CMG,CMI,CMS,CNC,CNP,COF,COO,COP,COST,CPB,CPRT,CRL,CRM,CSCO,CSX,CTAS,CTLT,CTRA,CTSH,CTVA,CTXS,CVS,CVX,CZR,D,DAL,DD,DE,DFS,DG,DGX,DHI,DHR,DIS,DISCA,DISCK,DISH,DLR,DLTR,DOV,DOW,DPZ,DRE,DRI,DTE,DUK,DVA,DVN,DXC,DXCM,EA,EBAY,ECL,ED,EFX,EIX,EL,EMN,EMR,ENPH,EOG,EPAM,EQIX,EQR,ES,ESS,ETN,ETR,ETSY,EVRG,EW,EXC,EXPD,EXPE,EXR,F,FANG,FAST,FB,FBHS,FCX,FDS,FDX,FE,FFIV,FIS,FISV,FITB,FLT,FMC,FOX,FOXA,FRC,FRT,FTNT,FTV,GD,GE,GILD,GIS,GL,GLW,GM,GNRC,GOOG,GOOGL,GPC,GPN,GRMN,GS,GWW,HAL,HAS,HBAN,HCA,HD,HES,HIG,HII,HLT,HOLX,HON,HPE,HPQ,HRL,HSIC,HST,HSY,HUM,HWM,IBM,ICE,IDXX,IEX,IFF,ILMN,INCY,INFO,INTC,INTU,IP,IPG,IPGP,IQV,IR,IRM,ISRG,IT,ITW,IVZ,J,JBHT,JCI,JKHY,JNJ,JNPR,JPM,K,KEY,KEYS,KHC,KIM,KLAC,KMB,KMI,KMX,KO,KR,L,LDOS,LEN,LH,LHX,LIN,LKQ,LLY,LMT,LNC,LNT,LOW,LRCX,LUMN,LUV,LVS,LW,LYB,LYV,MA,MAA,MAR,MAS,MCD,MCHP,MCK,MCO,MDLZ,MDT,MET,MGM,MHK,MKC,MKTX,MLM,MMC,MMM,MNST,MO,MOS,MPC,MPWR,MRK,MRNA,MRO,MS,MSCI,MSFT,MSI,MTB,MTCH,MTD,MU,NCLH,NDAQ,NDSN,NEE,NEM,NFLX,NI,NKE,NLOK,NLSN,NOC,NOW,NRG,NSC,NTAP,NTRS,NUE,NVDA,NVR,NWL,NWS,NWSA,NXPI,O,ODFL,OGN,OKE,OMC,ORCL,ORLY,OTIS,OXY,PARA,PAYC,PAYX,PBCT,PCAR,PEAK,PEG,PENN,PEP,PFE,PFG,PG,PGR,PH,PHM,PKG,PKI,PLD,PM,PNC,PNR,PNW,POOL,PPG,PPL,PRU,PSA,PSX,PTC,PVH,PWR,PXD,PYPL,QCOM,QRVO,RCL,RE,REG,REGN,RF,RHI,RJF,RL,RMD,ROK,ROL,ROP,ROST,RSG,RTX,SBAC,SBNY,SBUX,SCHW,SEDG,SEE,SHW,SIVB,SJM,SLB,SNA,SNPS,SO,SPG,SPGI,SRE,STE,STT,STX,STZ,SWK,SWKS,SYF,SYK,SYY,T,TAP,TDG,TDY,TECH,TEL,TER,TFC,TFX,TGT,TJX,TMO,TMUS,TPR,TRMB,TROW,TRV,TSCO,TSLA,TSN,TT,TTWO,TWTR,TXN,TXT,TYL,UA,UAA,UAL,UDR,UHS,ULTA,UNH,UNP,UPS,URI,USB,V,VFC,VLO,VMC,VNO,VRSK,VRSN,VRTX,VTR,VTRS,VZ,WAB,WAT,WBA,WDC,WEC,WELL,WFC,WHR,WM,WMB,WMT,WRB,WRK,WST,WTW,WY,WYNN,XEL,XOM,XRAY,XYL,YUM,ZBH,ZBRA,ZION,ZTS"
2022-03-02,"A,AAL,AAP,AAPL,ABBV,ABC,ABMD,ABT,ACN,ADBE,ADI,ADM,ADP,ADSK,AEE,AEP,AES,AFL,AIG,AIZ,AJG,AKAM,ALB,ALGN,ALK,ALL,ALLE,AMAT,AMCR,AMD,AME,AMGN,AMP,AMT,AMZN,ANET,ANSS,ANTM,AON,AOS,APA,APD,APH,APTV,ARE,ATO,ATVI,AVB,AVGO,AVY,AWK,AXP,AZO,BA,BAC,BAX,BBWI,BBY,BDX,BEN,BF.B,BIIB,BIO,BK,BKNG,BKR,BLK,BLL,BMY,BR,BRK.B,BRO,BSX,BWA,BXP,C,CAG,CAH,CARR,CAT,CB,CBOE,CBRE,CCI,CCL,CDAY,CDNS,CDW,CE,CEG,CERN,CF,CFG,CHD,CHRW,CHTR,CI,CINF,CL,CLX,CMA,CMCSA,CME,CMG,CMI,CMS,CNC,CNP,COF,COO,COP,COST,CPB,CPRT,CRL,CRM,CSCO,CSX,CTAS,CTLT,CTRA,CTSH,CTVA,CTXS,CVS,CVX,CZR,D,DAL,DD,DE,DFS,DG,DGX,DHI,DHR,DIS,DISCA,DISCK,DISH,DLR,DLTR,DOV,DOW,DPZ,DRE,DRI,DTE,DUK,DVA,DVN,DXC,DXCM,EA,EBAY,ECL,ED,EFX,EIX,EL,EMN,EMR,ENPH,EOG,EPAM,EQIX,EQR,ES,ESS,ETN,ETR,ETSY,EVRG,EW,EXC,EXPD,EXPE,EXR,F,FANG,FAST,FB,FBHS,FCX,FDS,FDX,FE,FFIV,FIS,FISV,FITB,FLT,FMC,FOX,FOXA,FRC,FRT,FTNT,FTV,GD,GE,GILD,GIS,GL,GLW,GM,GNRC,GOOG,GOOGL,GPC,GPN,GRMN,GS,GWW,HAL,HAS,HBAN,HCA,HD,HES,HIG,HII,HLT,HOLX,HON,HPE,HPQ,HRL,HSIC,HST,HSY,HUM,HWM,IBM,ICE,IDXX,IEX,IFF,ILMN,INCY,INTC,INTU,IP,IPG,IPGP,IQV,IR,IRM,ISRG,IT,ITW,IVZ,J,JBHT,JCI,JKHY,JNJ,JNPR,JPM,K,KEY,KEYS,KHC,KIM,KLAC,KMB,KMI,KMX,KO,KR,L,LDOS,LEN,LH,LHX,LIN,LKQ,LLY,LMT,LNC,LNT,LOW,LRCX,LUMN,LUV,LVS,LW,LYB,LYV,MA,MAA,MAR,MAS,MCD,MCHP,MCK,MCO,MDLZ,MDT,MET,MGM,MHK,MKC,MKTX,MLM,MMC,MMM,MNST,MO,MOH,MOS,MPC,MPWR,MRK,MRNA,MRO,MS,MSCI,MSFT,MSI,MTB,MTCH,MTD,MU,NCLH,NDAQ,NDSN,NEE,NEM,NFLX,NI,NKE,NLOK,NLSN,NOC,NOW,NRG,NSC,NTAP,NTRS,NUE,NVDA,NVR,NWL,NWS,NWSA,NXPI,O,ODFL,OGN,OKE,OMC,ORCL,ORLY,OTIS,OXY,PARA,PAYC,PAYX,PBCT,PCAR,PEAK,PEG,PENN,PEP,PFE,PFG,PG,PGR,PH,PHM,PKG,PKI,PLD,PM,PNC,PNR,PNW,POOL,PPG,PPL,PRU,PSA,PSX,PTC,PVH,PWR,PXD,PYPL,QCOM,QRVO,RCL,RE,REG,REGN,RF,RHI,RJF,RL,RMD,ROK,ROL,ROP,ROST,RSG,RTX,SBAC,SBNY,SBUX,SCHW,SEDG,SEE,SHW,SIVB,SJM,SLB,SNA,SNPS,SO,SPG,SPGI,SRE,STE,STT,STX,STZ,SWK,SWKS,SYF,SYK,SYY,T,TAP,TDG,TDY,TECH,TEL,TER,TFC,TFX,TGT,TJX,TMO,TMUS,TPR,TRMB,TROW,TRV,TSCO,TSLA,TSN,TT,TTWO,TWTR,TXN,TXT,TYL,UA,UAA,UAL,UDR,UHS,ULTA,UNH,UNP,UPS,URI,USB,V,VFC,VLO,VMC,VNO,VRSK,VRSN,VRTX,VTR,VTRS,VZ,WAB,WAT,WBA,WDC,WEC,WELL,WFC,WHR,WM,WMB,WMT,WRB,WRK,WST,WTW,WY,WYNN,XEL,XOM,XRAY,XYL,YUM,ZBH,ZBRA,ZION,ZTS"
2022-04-04,"A,AAL,AAP,AAPL,ABBV,ABC,ABMD,ABT,ACN,ADBE,ADI,ADM,ADP,ADSK,AEE,AEP,AES,AFL,AIG,AIZ,AJG,AKAM,ALB,ALGN,ALK,ALL,ALLE,AMAT,AMCR,AMD,AME,AMGN,AMP,AMT,AMZN,ANET,ANSS,ANTM,AON,AOS,APA,APD,APH,APTV,ARE,ATO,ATVI,AVB,AVGO,AVY,AWK,AXP,AZO,BA,BAC,BAX,BBWI,BBY,BDX,BEN,BF.B,BIIB,BIO,BK,BKNG,BKR,BLK,BLL,BMY,BR,BRK.B,BRO,BSX,BWA,BXP,C,CAG,CAH,CARR,CAT,CB,CBOE,CBRE,CCI,CCL,CDAY,CDNS,CDW,CE,CEG,CERN,CF,CFG,CHD,CHRW,CHTR,CI,CINF,CL,CLX,CMA,CMCSA,CME,CMG,CMI,CMS,CNC,CNP,COF,COO,COP,COST,CPB,CPRT,CPT,CRL,CRM,CSCO,CSX,CTAS,CTLT,CTRA,CTSH,CTVA,CTXS,CVS,CVX,CZR,D,DAL,DD,DE,DFS,DG,DGX,DHI,DHR,DIS,DISCA,DISCK,DISH,DLR,DLTR,DOV,DOW,DPZ,DRE,DRI,DTE,DUK,DVA,DVN,DXC,DXCM,EA,EBAY,ECL,ED,EFX,EIX,EL,EMN,EMR,ENPH,EOG,EPAM,EQIX,EQR,ES,ESS,ETN,ETR,ETSY,EVRG,EW,EXC,EXPD,EXPE,EXR,F,FANG,FAST,FB,FBHS,FCX,FDS,FDX,FE,FFIV,FIS,FISV,FITB,FLT,FMC,FOX,FOXA,FRC,FRT,FTNT,FTV,GD,GE,GILD,GIS,GL,GLW,GM,GNRC,GOOG,GOOGL,GPC,GPN,GRMN,GS,GWW,HAL,HAS,HBAN,HCA,HD,HES,HIG,HII,HLT,HOLX,HON,HPE,HPQ,HRL,HSIC,HST,HSY,HUM,HWM,IBM,ICE,IDXX,IEX,IFF,ILMN,INCY,INTC,INTU,IP,IPG,IPGP,IQV,IR,IRM,ISRG,IT,ITW,IVZ,J,JBHT,JCI,JKHY,JNJ,JNPR,JPM,K,KEY,KEYS,KHC,KIM,KLAC,KMB,KMI,KMX,KO,KR,L,LDOS,LEN,LH,LHX,LIN,LKQ,LLY,LMT,LNC,LNT,LOW,LRCX,LUMN,LUV,LVS,LW,LYB,LYV,MA,MAA,MAR,MAS,MCD,MCHP,MCK,MCO,MDLZ,MDT,MET,MGM,MHK,MKC,MKTX,MLM,MMC,MMM,MNST,MO,MOH,MOS,MPC,MPWR,MRK,MRNA,MRO,MS,MSCI,MSFT,MSI,MTB,MTCH,MTD,MU,NCLH,NDAQ,NDSN,NEE,NEM,NFLX,NI,NKE,NLOK,NLSN,NOC,NOW,NRG,NSC,NTAP,NTRS,NUE,NVDA,NVR,NWL,NWS,NWSA,NXPI,O,ODFL,OGN,OKE,OMC,ORCL,ORLY,OTIS,OXY,PARA,PAYC,PAYX,PCAR,PEAK,PEG,PENN,PEP,PFE,PFG,PG,PGR,PH,PHM,PKG,PKI,PLD,PM,PNC,PNR,PNW,POOL,PPG,PPL,PRU,PSA,PSX,PTC,PVH,PWR,PXD,PYPL,QCOM,QRVO,RCL,RE,REG,REGN,RF,RHI,RJF,RL,RMD,ROK,ROL,ROP,ROST,RSG,RTX,SBAC,SBNY,SBUX,SCHW,SEDG,SEE,SHW,SIVB,SJM,SLB,SNA,SNPS,SO,SPG,SPGI,SRE,STE,STT,STX,STZ,SWK,SWKS,SYF,SYK,SYY,T,TAP,TDG,TDY,TECH,TEL,TER,TFC,TFX,TGT,TJX,TMO,TMUS,TPR,TRMB,TROW,TRV,TSCO,TSLA,TSN,TT,TTWO,TWTR,TXN,TXT,TYL,UA,UAA,UAL,UDR,UHS,ULTA,UNH,UNP,UPS,URI,USB,V,VFC,VLO,VMC,VNO,VRSK,VRSN,VRTX,VTR,VTRS,VZ,WAB,WAT,WBA,WDC,WEC,WELL,WFC,WHR,WM,WMB,WMT,WRB,WRK,WST,WTW,WY,WYNN,XEL,XOM,XRAY,XYL,YUM,ZBH,ZBRA,ZION,ZTS"
2022-04-11,"A,AAL,AAP,AAPL,ABBV,ABC,ABMD,ABT,ACN,ADBE,ADI,ADM,ADP,ADSK,AEE,AEP,AES,AFL,AIG,AIZ,AJG,AKAM,ALB,ALGN,ALK,ALL,ALLE,AMAT,AMCR,AMD,AME,AMGN,AMP,AMT,AMZN,ANET,ANSS,ANTM,AON,AOS,APA,APD,APH,APTV,ARE,ATO,ATVI,AVB,AVGO,AVY,AWK,AXP,AZO,BA,BAC,BAX,BBWI,BBY,BDX,BEN,BF.B,BIIB,BIO,BK,BKNG,BKR,BLK,BLL,BMY,BR,BRK.B,BRO,BSX,BWA,BXP,C,CAG,CAH,CARR,CAT,CB,CBOE,CBRE,CCI,CCL,CDAY,CDNS,CDW,CE,CEG,CERN,CF,CFG,CHD,CHRW,CHTR,CI,CINF,CL,CLX,CMA,CMCSA,CME,CMG,CMI,CMS,CNC,CNP,COF,COO,COP,COST,CPB,CPRT,CPT,CRL,CRM,CSCO,CSX,CTAS,CTLT,CTRA,CTSH,CTVA,CTXS,CVS,CVX,CZR,D,DAL,DD,DE,DFS,DG,DGX,DHI,DHR,DIS,DISH,DLR,DLTR,DOV,DOW,DPZ,DRE,DRI,DTE,DUK,DVA,DVN,DXC,DXCM,EA,EBAY,ECL,ED,EFX,EIX,EL,EMN,EMR,ENPH,EOG,EPAM,EQIX,EQR,ES,ESS,ETN,ETR,ETSY,EVRG,EW,EXC,EXPD,EXPE,EXR,F,FANG,FAST,FB,FBHS,FCX,FDS,FDX,FE,FFIV,FIS,FISV,FITB,FLT,FMC,FOX,FOXA,FRC,FRT,FTNT,FTV,GD,GE,GILD,GIS,GL,GLW,GM,GNRC,GOOG,GOOGL,GPC,GPN,GRMN,GS,GWW,HAL,HAS,HBAN,HCA,HD,HES,HIG,HII,HLT,HOLX,HON,HPE,HPQ,HRL,HSIC,HST,HSY,HUM,HWM,IBM,ICE,IDXX,IEX,IFF,ILMN,INCY,INTC,INTU,IP,IPG,IPGP,IQV,IR,IRM,ISRG,IT,ITW,IVZ,J,JBHT,JCI,JKHY,JNJ,JNPR,JPM,K,KEY,KEYS,KHC,KIM,KLAC,KMB,KMI,KMX,KO,KR,L,LDOS,LEN,LH,LHX,LIN,LKQ,LLY,LMT,LNC,LNT,LOW,LRCX,LUMN,LUV,LVS,LW,LYB,LYV,MA,MAA,MAR,MAS,MCD,MCHP,MCK,MCO,MDLZ,MDT,MET,MGM,MHK,MKC,MKTX,MLM,MMC,MMM,MNST,MO,MOH,MOS,MPC,MPWR,MRK,MRNA,MRO,MS,MSCI,MSFT,MSI,MTB,MTCH,MTD,MU,NCLH,NDAQ,NDSN,NEE,NEM,NFLX,NI,NKE,NLOK,NLSN,NOC,NOW,NRG,NSC,NTAP,NTRS,NUE,NVDA,NVR,NWL,NWS,NWSA,NXPI,O,ODFL,OGN,OKE,OMC,ORCL,ORLY,OTIS,OXY,PARA,PAYC,PAYX,PCAR,PEAK,PEG,PENN,PEP,PFE,PFG,PG,PGR,PH,PHM,PKG,PKI,PLD,PM,PNC,PNR,PNW,POOL,PPG,PPL,PRU,PSA,PSX,PTC,PVH,PWR,PXD,PYPL,QCOM,QRVO,RCL,RE,REG,REGN,RF,RHI,RJF,RL,RMD,ROK,ROL,ROP,ROST,RSG,RTX,SBAC,SBNY,SBUX,SCHW,SEDG,SEE,SHW,SIVB,SJM,SLB,SNA,SNPS,SO,SPG,SPGI,SRE,STE,STT,STX,STZ,SWK,SWKS,SYF,SYK,SYY,T,TAP,TDG,TDY,TECH,TEL,TER,TFC,TFX,TGT,TJX,TMO,TMUS,TPR,TRMB,TROW,TRV,TSCO,TSLA,TSN,TT,TTWO,TWTR,TXN,TXT,TYL,UA,UAA,UAL,UDR,UHS,ULTA,UNH,UNP,UPS,URI,USB,V,VFC,VLO,VMC,VNO,VRSK,VRSN,VRTX,VTR,VTRS,VZ,WAB,WAT,WBA,WBD,WDC,WEC,WELL,WFC,WHR,WM,WMB,WMT,WRB,WRK,WST,WTW,WY,WYNN,XEL,XOM,XRAY,XYL,YUM,ZBH,ZBRA,ZION,ZTS"
2022-05-10,"A,AAL,AAP,AAPL,ABBV,ABC,ABMD,ABT,ACN,ADBE,ADI,ADM,ADP,ADSK,AEE,AEP,AES,AFL,AIG,AIZ,AJG,AKAM,ALB,ALGN,ALK,ALL,ALLE,AMAT,AMCR,AMD,AME,AMGN,AMP,AMT,AMZN,ANET,ANSS,ANTM,AON,AOS,APA,APD,APH,APTV,ARE,ATO,ATVI,AVB,AVGO,AVY,AWK,AXP,AZO,BA,BAC,BALL,BAX,BBWI,BBY,BDX,BEN,BF.B,BIIB,BIO,BK,BKNG,BKR,BLK,BMY,BR,BRK.B,BRO,BSX,BWA,BXP,C,CAG,CAH,CARR,CAT,CB,CBOE,CBRE,CCI,CCL,CDAY,CDNS,CDW,CE,CEG,CERN,CF,CFG,CHD,CHRW,CHTR,CI,CINF,CL,CLX,CMA,CMCSA,CME,CMG,CMI,CMS,CNC,CNP,COF,COO,COP,COST,CPB,CPRT,CPT,CRL,CRM,CSCO,CSX,CTAS,CTLT,CTRA,CTSH,CTVA,CTXS,CVS,CVX,CZR,D,DAL,DD,DE,DFS,DG,DGX,DHI,DHR,DIS,DISH,DLR,DLTR,DOV,DOW,DPZ,DRE,DRI,DTE,DUK,DVA,DVN,DXC,DXCM,EA,EBAY,ECL,ED,EFX,EIX,EL,EMN,EMR,ENPH,EOG,EPAM,EQIX,EQR,ES,ESS,ETN,ETR,ETSY,EVRG,EW,EXC,EXPD,EXPE,EXR,F,FANG,FAST,FB,FBHS,FCX,FDS,FDX,FE,FFIV,FIS,FISV,FITB,FLT,FMC,FOX,FOXA,FRC,FRT,FTNT,FTV,GD,GE,GILD,GIS,GL,GLW,GM,GNRC,GOOG,GOOGL,GPC,GPN,GRMN,GS,GWW,HAL,HAS,HBAN,HCA,HD,HES,HIG,HII,HLT,HOLX,HON,HPE,HPQ,HRL,HSIC,HST,HSY,HUM,HWM,IBM,ICE,IDXX,IEX,IFF,ILMN,INCY,INTC,INTU,IP,IPG,IPGP,IQV,IR,IRM,ISRG,IT,ITW,IVZ,J,JBHT,JCI,JKHY,JNJ,JNPR,JPM,K,KEY,KEYS,KHC,KIM,KLAC,KMB,KMI,KMX,KO,KR,L,LDOS,LEN,LH,LHX,LIN,LKQ,LLY,LMT,LNC,LNT,LOW,LRCX,LUMN,LUV,LVS,LW,LYB,LYV,MA,MAA,MAR,MAS,MCD,MCHP,MCK,MCO,MDLZ,MDT,MET,MGM,MHK,MKC,MKTX,MLM,MMC,MMM,MNST,MO,MOH,MOS,MPC,MPWR,MRK,MRNA,MRO,MS,MSCI,MSFT,MSI,MTB,MTCH,MTD,MU,NCLH,NDAQ,NDSN,NEE,NEM,NFLX,NI,NKE,NLOK,NLSN,NOC,NOW,NRG,NSC,NTAP,NTRS,NUE,NVDA,NVR,NWL,NWS,NWSA,NXPI,O,ODFL,OGN,OKE,OMC,ORCL,ORLY,OTIS,OXY,PARA,PAYC,PAYX,PCAR,PEAK,PEG,PENN,PEP,PFE,PFG,PG,PGR,PH,PHM,PKG,PKI,PLD,PM,PNC,PNR,PNW,POOL,PPG,PPL,PRU,PSA,PSX,PTC,PVH,PWR,PXD,PYPL,QCOM,QRVO,RCL,RE,REG,REGN,RF,RHI,RJF,RL,RMD,ROK,ROL,ROP,ROST,RSG,RTX,SBAC,SBNY,SBUX,SCHW,SEDG,SEE,SHW,SIVB,SJM,SLB,SNA,SNPS,SO,SPG,SPGI,SRE,STE,STT,STX,STZ,SWK,SWKS,SYF,SYK,SYY,T,TAP,TDG,TDY,TECH,TEL,TER,TFC,TFX,TGT,TJX,TMO,TMUS,TPR,TRMB,TROW,TRV,TSCO,TSLA,TSN,TT,TTWO,TWTR,TXN,TXT,TYL,UA,UAA,UAL,UDR,UHS,ULTA,UNH,UNP,UPS,URI,USB,V,VFC,VLO,VMC,VNO,VRSK,VRSN,VRTX,VTR,VTRS,VZ,WAB,WAT,WBA,WBD,WDC,WEC,WELL,WFC,WHR,WM,WMB,WMT,WRB,WRK,WST,WTW,WY,WYNN,XEL,XOM,XRAY,XYL,YUM,ZBH,ZBRA,ZION,ZTS"
2022-06-08,"A,AAL,AAP,AAPL,ABBV,ABC,ABMD,ABT,ACN,ADBE,ADI,ADM,ADP,ADSK,AEE,AEP,AES,AFL,AIG,AIZ,AJG,AKAM,ALB,ALGN,ALK,ALL,ALLE,AMAT,AMCR,AMD,AME,AMGN,AMP,AMT,AMZN,ANET,ANSS,ANTM,AON,AOS,APA,APD,APH,APTV,ARE,ATO,ATVI,AVB,AVGO,AVY,AWK,AXP,AZO,BA,BAC,BALL,BAX,BBWI,BBY,BDX,BEN,BF.B,BIIB,BIO,BK,BKNG,BKR,BLK,BMY,BR,BRK.B,BRO,BSX,BWA,BXP,C,CAG,CAH,CARR,CAT,CB,CBOE,CBRE,CCI,CCL,CDAY,CDNS,CDW,CE,CEG,CF,CFG,CHD,CHRW,CHTR,CI,CINF,CL,CLX,CMA,CMCSA,CME,CMG,CMI,CMS,CNC,CNP,COF,COO,COP,COST,CPB,CPRT,CPT,CRL,CRM,CSCO,CSX,CTAS,CTLT,CTRA,CTSH,CTVA,CTXS,CVS,CVX,CZR,D,DAL,DD,DE,DFS,DG,DGX,DHI,DHR,DIS,DISH,DLR,DLTR,DOV,DOW,DPZ,DRE,DRI,DTE,DUK,DVA,DVN,DXC,DXCM,EA,EBAY,ECL,ED,EFX,EIX,EL,EMN,EMR,ENPH,EOG,EPAM,EQIX,EQR,ES,ESS,ETN,ETR,ETSY,EVRG,EW,EXC,EXPD,EXPE,EXR,F,FANG,FAST,FB,FBHS,FCX,FDS,FDX,FE,FFIV,FIS,FISV,FITB,FLT,FMC,FOX,FOXA,FRC,FRT,FTNT,FTV,GD,GE,GILD,GIS,GL,GLW,GM,GNRC,GOOG,GOOGL,GPC,GPN,GRMN,GS,GWW,HAL,HAS,HBAN,HCA,HD,HES,HIG,HII,HLT,HOLX,HON,HPE,HPQ,HRL,HSIC,HST,HSY,HUM,HWM,IBM,ICE,IDXX,IEX,IFF,ILMN,INCY,INTC,INTU,IP,IPG,IPGP,IQV,IR,IRM,ISRG,IT,ITW,IVZ,J,JBHT,JCI,JKHY,JNJ,JNPR,JPM,K,KEY,KEYS,KHC,KIM,KLAC,KMB,KMI,KMX,KO,KR,L,LDOS,LEN,LH,LHX,LIN,LKQ,LLY,LMT,LNC,LNT,LOW,LRCX,LUMN,LUV,LVS,LW,LYB,LYV,MA,MAA,MAR,MAS,MCD,MCHP,MCK,MCO,MDLZ,MDT,MET,MGM,MHK,MKC,MKTX,MLM,MMC,MMM,MNST,MO,MOH,MOS,MPC,MPWR,MRK,MRNA,MRO,MS,MSCI,MSFT,MSI,MTB,MTCH,MTD,MU,NCLH,NDAQ,NDSN,NEE,NEM,NFLX,NI,NKE,NLOK,NLSN,NOC,NOW,NRG,NSC,NTAP,NTRS,NUE,NVDA,NVR,NWL,NWS,NWSA,NXPI,O,ODFL,OGN,OKE,OMC,ORCL,ORLY,OTIS,OXY,PARA,PAYC,PAYX,PCAR,PEAK,PEG,PENN,PEP,PFE,PFG,PG,PGR,PH,PHM,PKG,PKI,PLD,PM,PNC,PNR,PNW,POOL,PPG,PPL,PRU,PSA,PSX,PTC,PVH,PWR,PXD,PYPL,QCOM,QRVO,RCL,RE,REG,REGN,RF,RHI,RJF,RL,RMD,ROK,ROL,ROP,ROST,RSG,RTX,SBAC,SBNY,SBUX,SCHW,SEDG,SEE,SHW,SIVB,SJM,SLB,SNA,SNPS,SO,SPG,SPGI,SRE,STE,STT,STX,STZ,SWK,SWKS,SYF,SYK,SYY,T,TAP,TDG,TDY,TECH,TEL,TER,TFC,TFX,TGT,TJX,TMO,TMUS,TPR,TRMB,TROW,TRV,TSCO,TSLA,TSN,TT,TTWO,TWTR,TXN,TXT,TYL,UA,UAA,UAL,UDR,UHS,ULTA,UNH,UNP,UPS,URI,USB,V,VFC,VICI,VLO,VMC,VNO,VRSK,VRSN,VRTX,VTR,VTRS,VZ,WAB,WAT,WBA,WBD,WDC,WEC,WELL,WFC,WHR,WM,WMB,WMT,WRB,WRK,WST,WTW,WY,WYNN,XEL,XOM,XRAY,XYL,YUM,ZBH,ZBRA,ZION,ZTS"
2022-06-09,"A,AAL,AAP,AAPL,ABBV,ABC,ABMD,ABT,ACN,ADBE,ADI,ADM,ADP,ADSK,AEE,AEP,AES,AFL,AIG,AIZ,AJG,AKAM,ALB,ALGN,ALK,ALL,ALLE,AMAT,AMCR,AMD,AME,AMGN,AMP,AMT,AMZN,ANET,ANSS,ANTM,AON,AOS,APA,APD,APH,APTV,ARE,ATO,ATVI,AVB,AVGO,AVY,AWK,AXP,AZO,BA,BAC,BALL,BAX,BBWI,BBY,BDX,BEN,BF.B,BIIB,BIO,BK,BKNG,BKR,BLK,BMY,BR,BRK.B,BRO,BSX,BWA,BXP,C,CAG,CAH,CARR,CAT,CB,CBOE,CBRE,CCI,CCL,CDAY,CDNS,CDW,CE,CEG,CF,CFG,CHD,CHRW,CHTR,CI,CINF,CL,CLX,CMA,CMCSA,CME,CMG,CMI,CMS,CNC,CNP,COF,COO,COP,COST,CPB,CPRT,CPT,CRL,CRM,CSCO,CSX,CTAS,CTLT,CTRA,CTSH,CTVA,CTXS,CVS,CVX,CZR,D,DAL,DD,DE,DFS,DG,DGX,DHI,DHR,DIS,DISH,DLR,DLTR,DOV,DOW,DPZ,DRE,DRI,DTE,DUK,DVA,DVN,DXC,DXCM,EA,EBAY,ECL,ED,EFX,EIX,EL,EMN,EMR,ENPH,EOG,EPAM,EQIX,EQR,ES,ESS,ETN,ETR,ETSY,EVRG,EW,EXC,EXPD,EXPE,EXR,F,FANG,FAST,FBHS,FCX,FDS,FDX,FE,FFIV,FIS,FISV,FITB,FLT,FMC,FOX,FOXA,FRC,FRT,FTNT,FTV,GD,GE,GILD,GIS,GL,GLW,GM,GNRC,GOOG,GOOGL,GPC,GPN,GRMN,GS,GWW,HAL,HAS,HBAN,HCA,HD,HES,HIG,HII,HLT,HOLX,HON,HPE,HPQ,HRL,HSIC,HST,HSY,HUM,HWM,IBM,ICE,IDXX,IEX,IFF,ILMN,INCY,INTC,INTU,IP,IPG,IPGP,IQV,IR,IRM,ISRG,IT,ITW,IVZ,J,JBHT,JCI,JKHY,JNJ,JNPR,JPM,K,KEY,KEYS,KHC,KIM,KLAC,KMB,KMI,KMX,KO,KR,L,LDOS,LEN,LH,LHX,LIN,LKQ,LLY,LMT,LNC,LNT,LOW,LRCX,LUMN,LUV,LVS,LW,LYB,LYV,MA,MAA,MAR,MAS,MCD,MCHP,MCK,MCO,MDLZ,MDT,MET,META,MGM,MHK,MKC,MKTX,MLM,MMC,MMM,MNST,MO,MOH,MOS,MPC,MPWR,MRK,MRNA,MRO,MS,MSCI,MSFT,MSI,MTB,MTCH,MTD,MU,NCLH,NDAQ,NDSN,NEE,NEM,NFLX,NI,NKE,NLOK,NLSN,NOC,NOW,NRG,NSC,NTAP,NTRS,NUE,NVDA,NVR,NWL,NWS,NWSA,NXPI,O,ODFL,OGN,OKE,OMC,ORCL,ORLY,OTIS,OXY,PARA,PAYC,PAYX,PCAR,PEAK,PEG,PENN,PEP,PFE,PFG,PG,PGR,PH,PHM,PKG,PKI,PLD,PM,PNC,PNR,PNW,POOL,PPG,PPL,PRU,PSA,PSX,PTC,PVH,PWR,PXD,PYPL,QCOM,QRVO,RCL,RE,REG,REGN,RF,RHI,RJF,RL,RMD,ROK,ROL,ROP,ROST,RSG,RTX,SBAC,SBNY,SBUX,SCHW,SEDG,SEE,SHW,SIVB,SJM,SLB,SNA,SNPS,SO,SPG,SPGI,SRE,STE,STT,STX,STZ,SWK,SWKS,SYF,SYK,SYY,T,TAP,TDG,TDY,TECH,TEL,TER,TFC,TFX,TGT,TJX,TMO,TMUS,TPR,TRMB,TROW,TRV,TSCO,TSLA,TSN,TT,TTWO,TWTR,TXN,TXT,TYL,UA,UAA,UAL,UDR,UHS,ULTA,UNH,UNP,UPS,URI,USB,V,VFC,VICI,VLO,VMC,VNO,VRSK,VRSN,VRTX,VTR,VTRS,VZ,WAB,WAT,WBA,WBD,WDC,WEC,WELL,WFC,WHR,WM,WMB,WMT,WRB,WRK,WST,WTW,WY,WYNN,XEL,XOM,XRAY,XYL,YUM,ZBH,ZBRA,ZION,ZTS"
2022-06-21,"A,AAL,AAP,AAPL,ABBV,ABC,ABMD,ABT,ACN,ADBE,ADI,ADM,ADP,ADSK,AEE,AEP,AES,AFL,AIG,AIZ,AJG,AKAM,ALB,ALGN,ALK,ALL,ALLE,AMAT,AMCR,AMD,AME,AMGN,AMP,AMT,AMZN,ANET,ANSS,ANTM,AON,AOS,APA,APD,APH,APTV,ARE,ATO,ATVI,AVB,AVGO,AVY,AWK,AXP,AZO,BA,BAC,BALL,BAX,BBWI,BBY,BDX,BEN,BF.B,BIIB,BIO,BK,BKNG,BKR,BLK,BMY,BR,BRK.B,BRO,BSX,BWA,BXP,C,CAG,CAH,CARR,CAT,CB,CBOE,CBRE,CCI,CCL,CDAY,CDNS,CDW,CE,CEG,CF,CFG,CHD,CHRW,CHTR,CI,CINF,CL,CLX,CMA,CMCSA,CME,CMG,CMI,CMS,CNC,CNP,COF,COO,COP,COST,CPB,CPRT,CPT,CRL,CRM,CSCO,CSX,CTAS,CTLT,CTRA,CTSH,CTVA,CTXS,CVS,CVX,CZR,D,DAL,DD,DE,DFS,DG,DGX,DHI,DHR,DIS,DISH,DLR,DLTR,DOV,DOW,DPZ,DRE,DRI,DTE,DUK,DVA,DVN,DXC,DXCM,EA,EBAY,ECL,ED,EFX,EIX,EL,EMN,EMR,ENPH,EOG,EPAM,EQIX,EQR,ES,ESS,ETN,ETR,ETSY,EVRG,EW,EXC,EXPD,EXPE,EXR,F,FANG,FAST,FBHS,FCX,FDS,FDX,FE,FFIV,FIS,FISV,FITB,FLT,FMC,FOX,FOXA,FRC,FRT,FTNT,FTV,GD,GE,GILD,GIS,GL,GLW,GM,GNRC,GOOG,GOOGL,GPC,GPN,GRMN,GS,GWW,HAL,HAS,HBAN,HCA,HD,HES,HIG,HII,HLT,HOLX,HON,HPE,HPQ,HRL,HSIC,HST,HSY,HUM,HWM,IBM,ICE,IDXX,IEX,IFF,ILMN,INCY,INTC,INTU,IP,IPG,IQV,IR,IRM,ISRG,IT,ITW,IVZ,J,JBHT,JCI,JKHY,JNJ,JNPR,JPM,K,KDP,KEY,KEYS,KHC,KIM,KLAC,KMB,KMI,KMX,KO,KR,L,LDOS,LEN,LH,LHX,LIN,LKQ,LLY,LMT,LNC,LNT,LOW,LRCX,LUMN,LUV,LVS,LW,LYB,LYV,MA,MAA,MAR,MAS,MCD,MCHP,MCK,MCO,MDLZ,MDT,MET,META,MGM,MHK,MKC,MKTX,MLM,MMC,MMM,MNST,MO,MOH,MOS,MPC,MPWR,MRK,MRNA,MRO,MS,MSCI,MSFT,MSI,MTB,MTCH,MTD,MU,NCLH,NDAQ,NDSN,NEE,NEM,NFLX,NI,NKE,NLOK,NLSN,NOC,NOW,NRG,NSC,NTAP,NTRS,NUE,NVDA,NVR,NWL,NWS,NWSA,NXPI,O,ODFL,OGN,OKE,OMC,ON,ORCL,ORLY,OTIS,OXY,PARA,PAYC,PAYX,PCAR,PEAK,PEG,PENN,PEP,PFE,PFG,PG,PGR,PH,PHM,PKG,PKI,PLD,PM,PNC,PNR,PNW,POOL,PPG,PPL,PRU,PSA,PSX,PTC,PVH,PWR,PXD,PYPL,QCOM,QRVO,RCL,RE,REG,REGN,RF,RHI,RJF,RL,RMD,ROK,ROL,ROP,ROST,RSG,RTX,SBAC,SBNY,SBUX,SCHW,SEDG,SEE,SHW,SIVB,SJM,SLB,SNA,SNPS,SO,SPG,SPGI,SRE,STE,STT,STX,STZ,SWK,SWKS,SYF,SYK,SYY,T,TAP,TDG,TDY,TECH,TEL,TER,TFC,TFX,TGT,TJX,TMO,TMUS,TPR,TRMB,TROW,TRV,TSCO,TSLA,TSN,TT,TTWO,TWTR,TXN,TXT,TYL,UAL,UDR,UHS,ULTA,UNH,UNP,UPS,URI,USB,V,VFC,VICI,VLO,VMC,VNO,VRSK,VRSN,VRTX,VTR,VTRS,VZ,WAB,WAT,WBA,WBD,WDC,WEC,WELL,WFC,WHR,WM,WMB,WMT,WRB,WRK,WST,WTW,WY,WYNN,XEL,XOM,XRAY,XYL,YUM,ZBH,ZBRA,ZION,ZTS"
2022-06-28,"A,AAL,AAP,AAPL,ABBV,ABC,ABMD,ABT,ACN,ADBE,ADI,ADM,ADP,ADSK,AEE,AEP,AES,AFL,AIG,AIZ,AJG,AKAM,ALB,ALGN,ALK,ALL,ALLE,AMAT,AMCR,AMD,AME,AMGN,AMP,AMT,AMZN,ANET,ANSS,AON,AOS,APA,APD,APH,APTV,ARE,ATO,ATVI,AVB,AVGO,AVY,AWK,AXP,AZO,BA,BAC,BALL,BAX,BBWI,BBY,BDX,BEN,BF.B,BIIB,BIO,BK,BKNG,BKR,BLK,BMY,BR,BRK.B,BRO,BSX,BWA,BXP,C,CAG,CAH,CARR,CAT,CB,CBOE,CBRE,CCI,CCL,CDAY,CDNS,CDW,CE,CEG,CF,CFG,CHD,CHRW,CHTR,CI,CINF,CL,CLX,CMA,CMCSA,CME,CMG,CMI,CMS,CNC,CNP,COF,COO,COP,COST,CPB,CPRT,CPT,CRL,CRM,CSCO,CSX,CTAS,CTLT,CTRA,CTSH,CTVA,CTXS,CVS,CVX,CZR,D,DAL,DD,DE,DFS,DG,DGX,DHI,DHR,DIS,DISH,DLR,DLTR,DOV,DOW,DPZ,DRE,DRI,DTE,DUK,DVA,DVN,DXC,DXCM,EA,EBAY,ECL,ED,EFX,EIX,EL,ELV,EMN,EMR,ENPH,EOG,EPAM,EQIX,EQR,ES,ESS,ETN,ETR,ETSY,EVRG,EW,EXC,EXPD,EXPE,EXR,F,FANG,FAST,FBHS,FCX,FDS,FDX,FE,FFIV,FIS,FISV,FITB,FLT,FMC,FOX,FOXA,FRC,FRT,FTNT,FTV,GD,GE,GILD,GIS,GL,GLW,GM,GNRC,GOOG,GOOGL,GPC,GPN,GRMN,GS,GWW,HAL,HAS,HBAN,HCA,HD,HES,HIG,HII,HLT,HOLX,HON,HPE,HPQ,HRL,HSIC,HST,HSY,HUM,HWM,IBM,ICE,IDXX,IEX,IFF,ILMN,INCY,INTC,INTU,IP,IPG,IQV,IR,IRM,ISRG,IT,ITW,IVZ,J,JBHT,JCI,JKHY,JNJ,JNPR,JPM,K,KDP,KEY,KEYS,KHC,KIM,KLAC,KMB,KMI,KMX,KO,KR,L,LDOS,LEN,LH,LHX,LIN,LKQ,LLY,LMT,LNC,LNT,LOW,LRCX,LUMN,LUV,LVS,LW,LYB,LYV,MA,MAA,MAR,MAS,MCD,MCHP,MCK,MCO,MDLZ,MDT,MET,META,MGM,MHK,MKC,MKTX,MLM,MMC,MMM,MNST,MO,MOH,MOS,MPC,MPWR,MRK,MRNA,MRO,MS,MSCI,MSFT,MSI,MTB,MTCH,MTD,MU,NCLH,NDAQ,NDSN,NEE,NEM,NFLX,NI,NKE,NLOK,NLSN,NOC,NOW,NRG,NSC,NTAP,NTRS,NUE,NVDA,NVR,NWL,NWS,NWSA,NXPI,O,ODFL,OGN,OKE,OMC,ON,ORCL,ORLY,OTIS,OXY,PARA,PAYC,PAYX,PCAR,PEAK,PEG,PENN,PEP,PFE,PFG,PG,PGR,PH,PHM,PKG,PKI,PLD,PM,PNC,PNR,PNW,POOL,PPG,PPL,PRU,PSA,PSX,PTC,PVH,PWR,PXD,PYPL,QCOM,QRVO,RCL,RE,REG,REGN,RF,RHI,RJF,RL,RMD,ROK,ROL,ROP,ROST,RSG,RTX,SBAC,SBNY,SBUX,SCHW,SEDG,SEE,SHW,SIVB,SJM,SLB,SNA,SNPS,SO,SPG,SPGI,SRE,STE,STT,STX,STZ,SWK,SWKS,SYF,SYK,SYY,T,TAP,TDG,TDY,TECH,TEL,TER,TFC,TFX,TGT,TJX,TMO,TMUS,TPR,TRMB,TROW,TRV,TSCO,TSLA,TSN,TT,TTWO,TWTR,TXN,TXT,TYL,UAL,UDR,UHS,ULTA,UNH,UNP,UPS,URI,USB,V,VFC,VICI,VLO,VMC,VNO,VRSK,VRSN,VRTX,VTR,VTRS,VZ,WAB,WAT,WBA,WBD,WDC,WEC,WELL,WFC,WHR,WM,WMB,WMT,WRB,WRK,WST,WTW,WY,WYNN,XEL,XOM,XRAY,XYL,YUM,ZBH,ZBRA,ZION,ZTS"
2022-09-19,"A,AAL,AAP,AAPL,ABBV,ABC,ABMD,ABT,ACN,ADBE,ADI,ADM,ADP,ADSK,AEE,AEP,AES,AFL,AIG,AIZ,AJG,AKAM,ALB,ALGN,ALK,ALL,ALLE,AMAT,AMCR,AMD,AME,AMGN,AMP,AMT,AMZN,ANET,ANSS,AON,AOS,APA,APD,APH,APTV,ARE,ATO,ATVI,AVB,AVGO,AVY,AWK,AXP,AZO,BA,BAC,BALL,BAX,BBWI,BBY,BDX,BEN,BF.B,BIIB,BIO,BK,BKNG,BKR,BLK,BMY,BR,BRK.B,BRO,BSX,BWA,BXP,C,CAG,CAH,CARR,CAT,CB,CBOE,CBRE,CCI,CCL,CDAY,CDNS,CDW,CE,CEG,CF,CFG,CHD,CHRW,CHTR,CI,CINF,CL,CLX,CMA,CMCSA,CME,CMG,CMI,CMS,CNC,CNP,COF,COO,COP,COST,CPB,CPRT,CPT,CRL,CRM,CSCO,CSGP,CSX,CTAS,CTLT,CTRA,CTSH,CTVA,CTXS,CVS,CVX,CZR,D,DAL,DD,DE,DFS,DG,DGX,DHI,DHR,DIS,DISH,DLR,DLTR,DOV,DOW,DPZ,DRE,DRI,DTE,DUK,DVA,DVN,DXC,DXCM,EA,EBAY,ECL,ED,EFX,EIX,EL,ELV,EMN,EMR,ENPH,EOG,EPAM,EQIX,EQR,ES,ESS,ETN,ETR,ETSY,EVRG,EW,EXC,EXPD,EXPE,EXR,F,FANG,FAST,FBHS,FCX,FDS,FDX,FE,FFIV,FIS,FISV,FITB,FLT,FMC,FOX,FOXA,FRC,FRT,FTNT,FTV,GD,GE,GILD,GIS,GL,GLW,GM,GNRC,GOOG,GOOGL,GPC,GPN,GRMN,GS,GWW,HAL,HAS,HBAN,HCA,HD,HES,HIG,HII,HLT,HOLX,HON,HPE,HPQ,HRL,HSIC,HST,HSY,HUM,HWM,IBM,ICE,IDXX,IEX,IFF,ILMN,INCY,INTC,INTU,INVH,IP,IPG,IQV,IR,IRM,ISRG,IT,ITW,IVZ,J,JBHT,JCI,JKHY,JNJ,JNPR,JPM,K,KDP,KEY,KEYS,KHC,KIM,KLAC,KMB,KMI,KMX,KO,KR,L,LDOS,LEN,LH,LHX,LIN,LKQ,LLY,LMT,LNC,LNT,LOW,LRCX,LUMN,LUV,LVS,LW,LYB,LYV,MA,MAA,MAR,MAS,MCD,MCHP,MCK,MCO,MDLZ,MDT,MET,META,MGM,MHK,MKC,MKTX,MLM,MMC,MMM,MNST,MO,MOH,MOS,MPC,MPWR,MRK,MRNA,MRO,MS,MSCI,MSFT,MSI,MTB,MTCH,MTD,MU,NCLH,NDAQ,NDSN,NEE,NEM,NFLX,NI,NKE,NLOK,NLSN,NOC,NOW,NRG,NSC,NTAP,NTRS,NUE,NVDA,NVR,NWL,NWS,NWSA,NXPI,O,ODFL,OGN,OKE,OMC,ON,ORCL,ORLY,OTIS,OXY,PARA,PAYC,PAYX,PCAR,PEAK,PEG,PEP,PFE,PFG,PG,PGR,PH,PHM,PKG,PKI,PLD,PM,PNC,PNR,PNW,POOL,PPG,PPL,PRU,PSA,PSX,PTC,PWR,PXD,PYPL,QCOM,QRVO,RCL,RE,REG,REGN,RF,RHI,RJF,RL,RMD,ROK,ROL,ROP,ROST,RSG,RTX,SBAC,SBNY,SBUX,SCHW,SEDG,SEE,SHW,SIVB,SJM,SLB,SNA,SNPS,SO,SPG,SPGI,SRE,STE,STT,STX,STZ,SWK,SWKS,SYF,SYK,SYY,T,TAP,TDG,TDY,TECH,TEL,TER,TFC,TFX,TGT,TJX,TMO,TMUS,TPR,TRMB,TROW,TRV,TSCO,TSLA,TSN,TT,TTWO,TWTR,TXN,TXT,TYL,UAL,UDR,UHS,ULTA,UNH,UNP,UPS,URI,USB,V,VFC,VICI,VLO,VMC,VNO,VRSK,VRSN,VRTX,VTR,VTRS,VZ,WAB,WAT,WBA,WBD,WDC,WEC,WELL,WFC,WHR,WM,WMB,WMT,WRB,WRK,WST,WTW,WY,WYNN,XEL,XOM,XRAY,XYL,YUM,ZBH,ZBRA,ZION,ZTS"
2022-10-03,"A,AAL,AAP,AAPL,ABBV,ABC,ABMD,ABT,ACN,ADBE,ADI,ADM,ADP,ADSK,AEE,AEP,AES,AFL,AIG,AIZ,AJG,AKAM,ALB,ALGN,ALK,ALL,ALLE,AMAT,AMCR,AMD,AME,AMGN,AMP,AMT,AMZN,ANET,ANSS,AON,AOS,APA,APD,APH,APTV,ARE,ATO,ATVI,AVB,AVGO,AVY,AWK,AXP,AZO,BA,BAC,BALL,BAX,BBWI,BBY,BDX,BEN,BF.B,BIIB,BIO,BK,BKNG,BKR,BLK,BMY,BR,BRK.B,BRO,BSX,BWA,BXP,C,CAG,CAH,CARR,CAT,CB,CBOE,CBRE,CCI,CCL,CDAY,CDNS,CDW,CE,CEG,CF,CFG,CHD,CHRW,CHTR,CI,CINF,CL,CLX,CMA,CMCSA,CME,CMG,CMI,CMS,CNC,CNP,COF,COO,COP,COST,CPB,CPRT,CPT,CRL,CRM,CSCO,CSGP,CSX,CTAS,CTLT,CTRA,CTSH,CTVA,CVS,CVX,CZR,D,DAL,DD,DE,DFS,DG,DGX,DHI,DHR,DIS,DISH,DLR,DLTR,DOV,DOW,DPZ,DRI,DTE,DUK,DVA,DVN,DXC,DXCM,EA,EBAY,ECL,ED,EFX,EIX,EL,ELV,EMN,EMR,ENPH,EOG,EPAM,EQIX,EQR,EQT,ES,ESS,ETN,ETR,ETSY,EVRG,EW,EXC,EXPD,EXPE,EXR,F,FANG,FAST,FBHS,FCX,FDS,FDX,FE,FFIV,FIS,FISV,FITB,FLT,FMC,FOX,FOXA,FRC,FRT,FTNT,FTV,GD,GE,GILD,GIS,GL,GLW,GM,GNRC,GOOG,GOOGL,GPC,GPN,GRMN,GS,GWW,HAL,HAS,HBAN,HCA,HD,HES,HIG,HII,HLT,HOLX,HON,HPE,HPQ,HRL,HSIC,HST,HSY,HUM,HWM,IBM,ICE,IDXX,IEX,IFF,ILMN,INCY,INTC,INTU,INVH,IP,IPG,IQV,IR,IRM,ISRG,IT,ITW,IVZ,J,JBHT,JCI,JKHY,JNJ,JNPR,JPM,K,KDP,KEY,KEYS,KHC,KIM,KLAC,KMB,KMI,KMX,KO,KR,L,LDOS,LEN,LH,LHX,LIN,LKQ,LLY,LMT,LNC,LNT,LOW,LRCX,LUMN,LUV,LVS,LW,LYB,LYV,MA,MAA,MAR,MAS,MCD,MCHP,MCK,MCO,MDLZ,MDT,MET,META,MGM,MHK,MKC,MKTX,MLM,MMC,MMM,MNST,MO,MOH,MOS,MPC,MPWR,MRK,MRNA,MRO,MS,MSCI,MSFT,MSI,MTB,MTCH,MTD,MU,NCLH,NDAQ,NDSN,NEE,NEM,NFLX,NI,NKE,NLOK,NLSN,NOC,NOW,NRG,NSC,NTAP,NTRS,NUE,NVDA,NVR,NWL,NWS,NWSA,NXPI,O,ODFL,OGN,OKE,OMC,ON,ORCL,ORLY,OTIS,OXY,PARA,PAYC,PAYX,PCAR,PCG,PEAK,PEG,PEP,PFE,PFG,PG,PGR,PH,PHM,PKG,PKI,PLD,PM,PNC,PNR,PNW,POOL,PPG,PPL,PRU,PSA,PSX,PTC,PWR,PXD,PYPL,QCOM,QRVO,RCL,RE,REG,REGN,RF,RHI,RJF,RL,RMD,ROK,ROL,ROP,ROST,RSG,RTX,SBAC,SBNY,SBUX,SCHW,SEDG,SEE,SHW,SIVB,SJM,SLB,SNA,SNPS,SO,SPG,SPGI,SRE,STE,STT,STX,STZ,SWK,SWKS,SYF,SYK,SYY,T,TAP,TDG,TDY,TECH,TEL,TER,TFC,TFX,TGT,TJX,TMO,TMUS,TPR,TRMB,TROW,TRV,TSCO,TSLA,TSN,TT,TTWO,TWTR,TXN,TXT,TYL,UAL,UDR,UHS,ULTA,UNH,UNP,UPS,URI,USB,V,VFC,VICI,VLO,VMC,VNO,VRSK,VRSN,VRTX,VTR,VTRS,VZ,WAB,WAT,WBA,WBD,WDC,WEC,WELL,WFC,WHR,WM,WMB,WMT,WRB,WRK,WST,WTW,WY,WYNN,XEL,XOM,XRAY,XYL,YUM,ZBH,ZBRA,ZION,ZTS"
2022-10-12,"A,AAL,AAP,AAPL,ABBV,ABC,ABMD,ABT,ACN,ADBE,ADI,ADM,ADP,ADSK,AEE,AEP,AES,AFL,AIG,AIZ,AJG,AKAM,ALB,ALGN,ALK,ALL,ALLE,AMAT,AMCR,AMD,AME,AMGN,AMP,AMT,AMZN,ANET,ANSS,AON,AOS,APA,APD,APH,APTV,ARE,ATO,ATVI,AVB,AVGO,AVY,AWK,AXP,AZO,BA,BAC,BALL,BAX,BBWI,BBY,BDX,BEN,BF.B,BIIB,BIO,BK,BKNG,BKR,BLK,BMY,BR,BRK.B,BRO,BSX,BWA,BXP,C,CAG,CAH,CARR,CAT,CB,CBOE,CBRE,CCI,CCL,CDAY,CDNS,CDW,CE,CEG,CF,CFG,CHD,CHRW,CHTR,CI,CINF,CL,CLX,CMA,CMCSA,CME,CMG,CMI,CMS,CNC,CNP,COF,COO,COP,COST,CPB,CPRT,CPT,CRL,CRM,CSCO,CSGP,CSX,CTAS,CTLT,CTRA,CTSH,CTVA,CVS,CVX,CZR,D,DAL,DD,DE,DFS,DG,DGX,DHI,DHR,DIS,DISH,DLR,DLTR,DOV,DOW,DPZ,DRI,DTE,DUK,DVA,DVN,DXC,DXCM,EA,EBAY,ECL,ED,EFX,EIX,EL,ELV,EMN,EMR,ENPH,EOG,EPAM,EQIX,EQR,EQT,ES,ESS,ETN,ETR,ETSY,EVRG,EW,EXC,EXPD,EXPE,EXR,F,FANG,FAST,FBHS,FCX,FDS,FDX,FE,FFIV,FIS,FISV,FITB,FLT,FMC,FOX,FOXA,FRC,FRT,FTNT,FTV,GD,GE,GILD,GIS,GL,GLW,GM,GNRC,GOOG,GOOGL,GPC,GPN,GRMN,GS,GWW,HAL,HAS,HBAN,HCA,HD,HES,HIG,HII,HLT,HOLX,HON,HPE,HPQ,HRL,HSIC,HST,HSY,HUM,HWM,IBM,ICE,IDXX,IEX,IFF,ILMN,INCY,INTC,INTU,INVH,IP,IPG,IQV,IR,IRM,ISRG,IT,ITW,IVZ,J,JBHT,JCI,JKHY,JNJ,JNPR,JPM,K,KDP,KEY,KEYS,KHC,KIM,KLAC,KMB,KMI,KMX,KO,KR,L,LDOS,LEN,LH,LHX,LIN,LKQ,LLY,LMT,LNC,LNT,LOW,LRCX,LUMN,LUV,LVS,LW,LYB,LYV,MA,MAA,MAR,MAS,MCD,MCHP,MCK,MCO,MDLZ,MDT,MET,META,MGM,MHK,MKC,MKTX,MLM,MMC,MMM,MNST,MO,MOH,MOS,MPC,MPWR,MRK,MRNA,MRO,MS,MSCI,MSFT,MSI,MTB,MTCH,MTD,MU,NCLH,NDAQ,NDSN,NEE,NEM,NFLX,NI,NKE,NLOK,NOC,NOW,NRG,NSC,NTAP,NTRS,NUE,NVDA,NVR,NWL,NWS,NWSA,NXPI,O,ODFL,OGN,OKE,OMC,ON,ORCL,ORLY,OTIS,OXY,PARA,PAYC,PAYX,PCAR,PCG,PEAK,PEG,PEP,PFE,PFG,PG,PGR,PH,PHM,PKG,PKI,PLD,PM,PNC,PNR,PNW,POOL,PPG,PPL,PRU,PSA,PSX,PTC,PWR,PXD,PYPL,QCOM,QRVO,RCL,RE,REG,REGN,RF,RHI,RJF,RL,RMD,ROK,ROL,ROP,ROST,RSG,RTX,SBAC,SBNY,SBUX,SCHW,SEDG,SEE,SHW,SIVB,SJM,SLB,SNA,SNPS,SO,SPG,SPGI,SRE,STE,STT,STX,STZ,SWK,SWKS,SYF,SYK,SYY,T,TAP,TDG,TDY,TECH,TEL,TER,TFC,TFX,TGT,TJX,TMO,TMUS,TPR,TRGP,TRMB,TROW,TRV,TSCO,TSLA,TSN,TT,TTWO,TWTR,TXN,TXT,TYL,UAL,UDR,UHS,ULTA,UNH,UNP,UPS,URI,USB,V,VFC,VICI,VLO,VMC,VNO,VRSK,VRSN,VRTX,VTR,VTRS,VZ,WAB,WAT,WBA,WBD,WDC,WEC,WELL,WFC,WHR,WM,WMB,WMT,WRB,WRK,WST,WTW,WY,WYNN,XEL,XOM,XRAY,XYL,YUM,ZBH,ZBRA,ZION,ZTS"
2022-11-01,"A,AAL,AAP,AAPL,ABBV,ABC,ABMD,ABT,ACGL,ACN,ADBE,ADI,ADM,ADP,ADSK,AEE,AEP,AES,AFL,AIG,AIZ,AJG,AKAM,ALB,ALGN,ALK,ALL,ALLE,AMAT,AMCR,AMD,AME,AMGN,AMP,AMT,AMZN,ANET,ANSS,AON,AOS,APA,APD,APH,APTV,ARE,ATO,ATVI,AVB,AVGO,AVY,AWK,AXP,AZO,BA,BAC,BALL,BAX,BBWI,BBY,BDX,BEN,BF.B,BIIB,BIO,BK,BKNG,BKR,BLK,BMY,BR,BRK.B,BRO,BSX,BWA,BXP,C,CAG,CAH,CARR,CAT,CB,CBOE,CBRE,CCI,CCL,CDAY,CDNS,CDW,CE,CEG,CF,CFG,CHD,CHRW,CHTR,CI,CINF,CL,CLX,CMA,CMCSA,CME,CMG,CMI,CMS,CNC,CNP,COF,COO,COP,COST,CPB,CPRT,CPT,CRL,CRM,CSCO,CSGP,CSX,CTAS,CTLT,CTRA,CTSH,CTVA,CVS,CVX,CZR,D,DAL,DD,DE,DFS,DG,DGX,DHI,DHR,DIS,DISH,DLR,DLTR,DOV,DOW,DPZ,DRI,DTE,DUK,DVA,DVN,DXC,DXCM,EA,EBAY,ECL,ED,EFX,EIX,EL,ELV,EMN,EMR,ENPH,EOG,EPAM,EQIX,EQR,EQT,ES,ESS,ETN,ETR,ETSY,EVRG,EW,EXC,EXPD,EXPE,EXR,F,FANG,FAST,FBHS,FCX,FDS,FDX,FE,FFIV,FIS,FISV,FITB,FLT,FMC,FOX,FOXA,FRC,FRT,FTNT,FTV,GD,GE,GILD,GIS,GL,GLW,GM,GNRC,GOOG,GOOGL,GPC,GPN,GRMN,GS,GWW,HAL,HAS,HBAN,HCA,HD,HES,HIG,HII,HLT,HOLX,HON,HPE,HPQ,HRL,HSIC,HST,HSY,HUM,HWM,IBM,ICE,IDXX,IEX,IFF,ILMN,INCY,INTC,INTU,INVH,IP,IPG,IQV,IR,IRM,ISRG,IT,ITW,IVZ,J,JBHT,JCI,JKHY,JNJ,JNPR,JPM,K,KDP,KEY,KEYS,KHC,KIM,KLAC,KMB,KMI,KMX,KO,KR,L,LDOS,LEN,LH,LHX,LIN,LKQ,LLY,LMT,LNC,LNT,LOW,LRCX,LUMN,LUV,LVS,LW,LYB,LYV,MA,MAA,MAR,MAS,MCD,MCHP,MCK,MCO,MDLZ,MDT,MET,META,MGM,MHK,MKC,MKTX,MLM,MMC,MMM,MNST,MO,MOH,MOS,MPC,MPWR,MRK,MRNA,MRO,MS,MSCI,MSFT,MSI,MTB,MTCH,MTD,MU,NCLH,NDAQ,NDSN,NEE,NEM,NFLX,NI,NKE,NLOK,NOC,NOW,NRG,NSC,NTAP,NTRS,NUE,NVDA,NVR,NWL,NWS,NWSA,NXPI,O,ODFL,OGN,OKE,OMC,ON,ORCL,ORLY,OTIS,OXY,PARA,PAYC,PAYX,PCAR,PCG,PEAK,PEG,PEP,PFE,PFG,PG,PGR,PH,PHM,PKG,PKI,PLD,PM,PNC,PNR,PNW,POOL,PPG,PPL,PRU,PSA,PSX,PTC,PWR,PXD,PYPL,QCOM,QRVO,RCL,RE,REG,REGN,RF,RHI,RJF,RL,RMD,ROK,ROL,ROP,ROST,RSG,RTX,SBAC,SBNY,SBUX,SCHW,SEDG,SEE,SHW,SIVB,SJM,SLB,SNA,SNPS,SO,SPG,SPGI,SRE,STE,STT,STX,STZ,SWK,SWKS,SYF,SYK,SYY,T,TAP,TDG,TDY,TECH,TEL,TER,TFC,TFX,TGT,TJX,TMO,TMUS,TPR,TRGP,TRMB,TROW,TRV,TSCO,TSLA,TSN,TT,TTWO,TXN,TXT,TYL,UAL,UDR,UHS,ULTA,UNH,UNP,UPS,URI,USB,V,VFC,VICI,VLO,VMC,VNO,VRSK,VRSN,VRTX,VTR,VTRS,VZ,WAB,WAT,WBA,WBD,WDC,WEC,WELL,WFC,WHR,WM,WMB,WMT,WRB,WRK,WST,WTW,WY,WYNN,XEL,XOM,XRAY,XYL,YUM,ZBH,ZBRA,ZION,ZTS"
2022-11-08,"A,AAL,AAP,AAPL,ABBV,ABC,ABMD,ABT,ACGL,ACN,ADBE,ADI,ADM,ADP,ADSK,AEE,AEP,AES,AFL,AIG,AIZ,AJG,AKAM,ALB,ALGN,ALK,ALL,ALLE,AMAT,AMCR,AMD,AME,AMGN,AMP,AMT,AMZN,ANET,ANSS,AON,AOS,APA,APD,APH,APTV,ARE,ATO,ATVI,AVB,AVGO,AVY,AWK,AXP,AZO,BA,BAC,BALL,BAX,BBWI,BBY,BDX,BEN,BF.B,BIIB,BIO,BK,BKNG,BKR,BLK,BMY,BR,BRK.B,BRO,BSX,BWA,BXP,C,CAG,CAH,CARR,CAT,CB,CBOE,CBRE,CCI,CCL,CDAY,CDNS,CDW,CE,CEG,CF,CFG,CHD,CHRW,CHTR,CI,CINF,CL,CLX,CMA,CMCSA,CME,CMG,CMI,CMS,CNC,CNP,COF,COO,COP,COST,CPB,CPRT,CPT,CRL,CRM,CSCO,CSGP,CSX,CTAS,CTLT,CTRA,CTSH,CTVA,CVS,CVX,CZR,D,DAL,DD,DE,DFS,DG,DGX,DHI,DHR,DIS,DISH,DLR,DLTR,DOV,DOW,DPZ,DRI,DTE,DUK,DVA,DVN,DXC,DXCM,EA,EBAY,ECL,ED,EFX,EIX,EL,ELV,EMN,EMR,ENPH,EOG,EPAM,EQIX,EQR,EQT,ES,ESS,ETN,ETR,ETSY,EVRG,EW,EXC,EXPD,EXPE,EXR,F,FANG,FAST,FBHS,FCX,FDS,FDX,FE,FFIV,FIS,FISV,FITB,FLT,FMC,FOX,FOXA,FRC,FRT,FTNT,FTV,GD,GE,GEN,GILD,GIS,GL,GLW,GM,GNRC,GOOG,GOOGL,GPC,GPN,GRMN,GS,GWW,HAL,HAS,HBAN,HCA,HD,HES,HIG,HII,HLT,HOLX,HON,HPE,HPQ,HRL,HSIC,HST,HSY,HUM,HWM,IBM,ICE,IDXX,IEX,IFF,ILMN,INCY,INTC,INTU,INVH,IP,IPG,IQV,IR,IRM,ISRG,IT,ITW,IVZ,J,JBHT,JCI,JKHY,JNJ,JNPR,JPM,K,KDP,KEY,KEYS,KHC,KIM,KLAC,KMB,KMI,KMX,KO,KR,L,LDOS,LEN,LH,LHX,LIN,LKQ,LLY,LMT,LNC,LNT,LOW,LRCX,LUMN,LUV,LVS,LW,LYB,LYV,MA,MAA,MAR,MAS,MCD,MCHP,MCK,MCO,MDLZ,MDT,MET,META,MGM,MHK,MKC,MKTX,MLM,MMC,MMM,MNST,MO,MOH,MOS,MPC,MPWR,MRK,MRNA,MRO,MS,MSCI,MSFT,MSI,MTB,MTCH,MTD,MU,NCLH,NDAQ,NDSN,NEE,NEM,NFLX,NI,NKE,NOC,NOW,NRG,NSC,NTAP,NTRS,NUE,NVDA,NVR,NWL,NWS,NWSA,NXPI,O,ODFL,OGN,OKE,OMC,ON,ORCL,ORLY,OTIS,OXY,PARA,PAYC,PAYX,PCAR,PCG,PEAK,PEG,PEP,PFE,PFG,PG,PGR,PH,PHM,PKG,PKI,PLD,PM,PNC,PNR,PNW,POOL,PPG,PPL,PRU,PSA,PSX,PTC,PWR,PXD,PYPL,QCOM,QRVO,RCL,RE,REG,REGN,RF,RHI,RJF,RL,RMD,ROK,ROL,ROP,ROST,RSG,RTX,SBAC,SBNY,SBUX,SCHW,SEDG,SEE,SHW,SIVB,SJM,SLB,SNA,SNPS,SO,SPG,SPGI,SRE,STE,STT,STX,STZ,SWK,SWKS,SYF,SYK,SYY,T,TAP,TDG,TDY,TECH,TEL,TER,TFC,TFX,TGT,TJX,TMO,TMUS,TPR,TRGP,TRMB,TROW,TRV,TSCO,TSLA,TSN,TT,TTWO,TXN,TXT,TYL,UAL,UDR,UHS,ULTA,UNH,UNP,UPS,URI,USB,V,VFC,VICI,VLO,VMC,VNO,VRSK,VRSN,VRTX,VTR,VTRS,VZ,WAB,WAT,WBA,WBD,WDC,WEC,WELL,WFC,WHR,WM,WMB,WMT,WRB,WRK,WST,WTW,WY,WYNN,XEL,XOM,XRAY,XYL,YUM,ZBH,ZBRA,ZION,ZTS"
2022-12-19,"A,AAL,AAP,AAPL,ABBV,ABC,ABMD,ABT,ACGL,ACN,ADBE,ADI,ADM,ADP,ADSK,AEE,AEP,AES,AFL,AIG,AIZ,AJG,AKAM,ALB,ALGN,ALK,ALL,ALLE,AMAT,AMCR,AMD,AME,AMGN,AMP,AMT,AMZN,ANET,ANSS,AON,AOS,APA,APD,APH,APTV,ARE,ATO,ATVI,AVB,AVGO,AVY,AWK,AXP,AZO,BA,BAC,BALL,BAX,BBWI,BBY,BDX,BEN,BF.B,BIIB,BIO,BK,BKNG,BKR,BLK,BMY,BR,BRK.B,BRO,BSX,BWA,BXP,C,CAG,CAH,CARR,CAT,CB,CBOE,CBRE,CCI,CCL,CDAY,CDNS,CDW,CE,CEG,CF,CFG,CHD,CHRW,CHTR,CI,CINF,CL,CLX,CMA,CMCSA,CME,CMG,CMI,CMS,CNC,CNP,COF,COO,COP,COST,CPB,CPRT,CPT,CRL,CRM,CSCO,CSGP,CSX,CTAS,CTLT,CTRA,CTSH,CTVA,CVS,CVX,CZR,D,DAL,DD,DE,DFS,DG,DGX,DHI,DHR,DIS,DISH,DLR,DLTR,DOV,DOW,DPZ,DRI,DTE,DUK,DVA,DVN,DXC,DXCM,EA,EBAY,ECL,ED,EFX,EIX,EL,ELV,EMN,EMR,ENPH,EOG,EPAM,EQIX,EQR,EQT,ES,ESS,ETN,ETR,ETSY,EVRG,EW,EXC,EXPD,EXPE,EXR,F,FANG,FAST,FCX,FDS,FDX,FE,FFIV,FIS,FISV,FITB,FLT,FMC,FOX,FOXA,FRC,FRT,FSLR,FTNT,FTV,GD,GE,GEN,GILD,GIS,GL,GLW,GM,GNRC,GOOG,GOOGL,GPC,GPN,GRMN,GS,GWW,HAL,HAS,HBAN,HCA,HD,HES,HIG,HII,HLT,HOLX,HON,HPE,HPQ,HRL,HSIC,HST,HSY,HUM,HWM,IBM,ICE,IDXX,IEX,IFF,ILMN,INCY,INTC,INTU,INVH,IP,IPG,IQV,IR,IRM,ISRG,IT,ITW,IVZ,J,JBHT,JCI,JKHY,JNJ,JNPR,JPM,K,KDP,KEY,KEYS,KHC,KIM,KLAC,KMB,KMI,KMX,KO,KR,L,LDOS,LEN,LH,LHX,LIN,LKQ,LLY,LMT,LNC,LNT,LOW,LRCX,LUMN,LUV,LVS,LW,LYB,LYV,MA,MAA,MAR,MAS,MCD,MCHP,MCK,MCO,MDLZ,MDT,MET,META,MGM,MHK,MKC,MKTX,MLM,MMC,MMM,MNST,MO,MOH,MOS,MPC,MPWR,MRK,MRNA,MRO,MS,MSCI,MSFT,MSI,MTB,MTCH,MTD,MU,NCLH,NDAQ,NDSN,NEE,NEM,NFLX,NI,NKE,NOC,NOW,NRG,NSC,NTAP,NTRS,NUE,NVDA,NVR,NWL,NWS,NWSA,NXPI,O,ODFL,OGN,OKE,OMC,ON,ORCL,ORLY,OTIS,OXY,PARA,PAYC,PAYX,PCAR,PCG,PEAK,PEG,PEP,PFE,PFG,PG,PGR,PH,PHM,PKG,PKI,PLD,PM,PNC,PNR,PNW,POOL,PPG,PPL,PRU,PSA,PSX,PTC,PWR,PXD,PYPL,QCOM,QRVO,RCL,RE,REG,REGN,RF,RHI,RJF,RL,RMD,ROK,ROL,ROP,ROST,RSG,RTX,SBAC,SBNY,SBUX,SCHW,SEDG,SEE,SHW,SIVB,SJM,SLB,SNA,SNPS,SO,SPG,SPGI,SRE,STE,STT,STX,STZ,SWK,SWKS,SYF,SYK,SYY,T,TAP,TDG,TDY,TECH,TEL,TER,TFC,TFX,TGT,TJX,TMO,TMUS,TPR,TRGP,TRMB,TROW,TRV,TSCO,TSLA,TSN,TT,TTWO,TXN,TXT,TYL,UAL,UDR,UHS,ULTA,UNH,UNP,UPS,URI,USB,V,VFC,VICI,VLO,VMC,VNO,VRSK,VRSN,VRTX,VTR,VTRS,VZ,WAB,WAT,WBA,WBD,WDC,WEC,WELL,WFC,WHR,WM,WMB,WMT,WRB,WRK,WST,WTW,WY,WYNN,XEL,XOM,XRAY,XYL,YUM,ZBH,ZBRA,ZION,ZTS"
2022-12-22,"A,AAL,AAP,AAPL,ABBV,ABC,ABT,ACGL,ACN,ADBE,ADI,ADM,ADP,ADSK,AEE,AEP,AES,AFL,AIG,AIZ,AJG,AKAM,ALB,ALGN,ALK,ALL,ALLE,AMAT,AMCR,AMD,AME,AMGN,AMP,AMT,AMZN,ANET,ANSS,AON,AOS,APA,APD,APH,APTV,ARE,ATO,ATVI,AVB,AVGO,AVY,AWK,AXP,AZO,BA,BAC,BALL,BAX,BBWI,BBY,BDX,BEN,BF.B,BIIB,BIO,BK,BKNG,BKR,BLK,BMY,BR,BRK.B,BRO,BSX,BWA,BXP,C,CAG,CAH,CARR,CAT,CB,CBOE,CBRE,CCI,CCL,CDAY,CDNS,CDW,CE,CEG,CF,CFG,CHD,CHRW,CHTR,CI,CINF,CL,CLX,CMA,CMCSA,CME,CMG,CMI,CMS,CNC,CNP,COF,COO,COP,COST,CPB,CPRT,CPT,CRL,CRM,CSCO,CSGP,CSX,CTAS,CTLT,CTRA,CTSH,CTVA,CVS,CVX,CZR,D,DAL,DD,DE,DFS,DG,DGX,DHI,DHR,DIS,DISH,DLR,DLTR,DOV,DOW,DPZ,DRI,DTE,DUK,DVA,DVN,DXC,DXCM,EA,EBAY,ECL,ED,EFX,EIX,EL,ELV,EMN,EMR,ENPH,EOG,EPAM,EQIX,EQR,EQT,ES,ESS,ETN,ETR,ETSY,EVRG,EW,EXC,EXPD,EXPE,EXR,F,FANG,FAST,FCX,FDS,FDX,FE,FFIV,FIS,FISV,FITB,FLT,FMC,FOX,FOXA,FRC,FRT,FSLR,FTNT,FTV,GD,GE,GEN,GILD,GIS,GL,GLW,GM,GNRC,GOOG,GOOGL,GPC,GPN,GRMN,GS,GWW,HAL,HAS,HBAN,HCA,HD,HES,HIG,HII,HLT,HOLX,HON,HPE,HPQ,HRL,HSIC,HST,HSY,HUM,HWM,IBM,ICE,IDXX,IEX,IFF,ILMN,INCY,INTC,INTU,INVH,IP,IPG,IQV,IR,IRM,ISRG,IT,ITW,IVZ,J,JBHT,JCI,JKHY,JNJ,JNPR,JPM,K,KDP,KEY,KEYS,KHC,KIM,KLAC,KMB,KMI,KMX,KO,KR,L,LDOS,LEN,LH,LHX,LIN,LKQ,LLY,LMT,LNC,LNT,LOW,LRCX,LUMN,LUV,LVS,LW,LYB,LYV,MA,MAA,MAR,MAS,MCD,MCHP,MCK,MCO,MDLZ,MDT,MET,META,MGM,MHK,MKC,MKTX,MLM,MMC,MMM,MNST,MO,MOH,MOS,MPC,MPWR,MRK,MRNA,MRO,MS,MSCI,MSFT,MSI,MTB,MTCH,MTD,MU,NCLH,NDAQ,NDSN,NEE,NEM,NFLX,NI,NKE,NOC,NOW,NRG,NSC,NTAP,NTRS,NUE,NVDA,NVR,NWL,NWS,NWSA,NXPI,O,ODFL,OGN,OKE,OMC,ON,ORCL,ORLY,OTIS,OXY,PARA,PAYC,PAYX,PCAR,PCG,PEAK,PEG,PEP,PFE,PFG,PG,PGR,PH,PHM,PKG,PKI,PLD,PM,PNC,PNR,PNW,POOL,PPG,PPL,PRU,PSA,PSX,PTC,PWR,PXD,PYPL,QCOM,QRVO,RCL,RE,REG,REGN,RF,RHI,RJF,RL,RMD,ROK,ROL,ROP,ROST,RSG,RTX,SBAC,SBNY,SBUX,SCHW,SEDG,SEE,SHW,SIVB,SJM,SLB,SNA,SNPS,SO,SPG,SPGI,SRE,STE,STLD,STT,STX,STZ,SWK,SWKS,SYF,SYK,SYY,T,TAP,TDG,TDY,TECH,TEL,TER,TFC,TFX,TGT,TJX,TMO,TMUS,TPR,TRGP,TRMB,TROW,TRV,TSCO,TSLA,TSN,TT,TTWO,TXN,TXT,TYL,UAL,UDR,UHS,ULTA,UNH,UNP,UPS,URI,USB,V,VFC,VICI,VLO,VMC,VNO,VRSK,VRSN,VRTX,VTR,VTRS,VZ,WAB,WAT,WBA,WBD,WDC,WEC,WELL,WFC,WHR,WM,WMB,WMT,WRB,WRK,WST,WTW,WY,WYNN,XEL,XOM,XRAY,XYL,YUM,ZBH,ZBRA,ZION,ZTS"
2023-01-04,"A,AAL,AAP,AAPL,ABBV,ABC,ABT,ACGL,ACN,ADBE,ADI,ADM,ADP,ADSK,AEE,AEP,AES,AFL,AIG,AIZ,AJG,AKAM,ALB,ALGN,ALK,ALL,ALLE,AMAT,AMCR,AMD,AME,AMGN,AMP,AMT,AMZN,ANET,ANSS,AON,AOS,APA,APD,APH,APTV,ARE,ATO,ATVI,AVB,AVGO,AVY,AWK,AXP,AZO,BA,BAC,BALL,BAX,BBWI,BBY,BDX,BEN,BF.B,BIIB,BIO,BK,BKNG,BKR,BLK,BMY,BR,BRK.B,BRO,BSX,BWA,BXP,C,CAG,CAH,CARR,CAT,CB,CBOE,CBRE,CCI,CCL,CDAY,CDNS,CDW,CE,CEG,CF,CFG,CHD,CHRW,CHTR,CI,CINF,CL,CLX,CMA,CMCSA,CME,CMG,CMI,CMS,CNC,CNP,COF,COO,COP,COST,CPB,CPRT,CPT,CRL,CRM,CSCO,CSGP,CSX,CTAS,CTLT,CTRA,CTSH,CTVA,CVS,CVX,CZR,D,DAL,DD,DE,DFS,DG,DGX,DHI,DHR,DIS,DISH,DLR,DLTR,DOV,DOW,DPZ,DRI,DTE,DUK,DVA,DVN,DXC,DXCM,EA,EBAY,ECL,ED,EFX,EIX,EL,ELV,EMN,EMR,ENPH,EOG,EPAM,EQIX,EQR,EQT,ES,ESS,ETN,ETR,ETSY,EVRG,EW,EXC,EXPD,EXPE,EXR,F,FANG,FAST,FCX,FDS,FDX,FE,FFIV,FIS,FISV,FITB,FLT,FMC,FOX,FOXA,FRC,FRT,FSLR,FTNT,FTV,GD,GE,GEHC,GEN,GILD,GIS,GL,GLW,GM,GNRC,GOOG,GOOGL,GPC,GPN,GRMN,GS,GWW,HAL,HAS,HBAN,HCA,HD,HES,HIG,HII,HLT,HOLX,HON,HPE,HPQ,HRL,HSIC,HST,HSY,HUM,HWM,IBM,ICE,IDXX,IEX,IFF,ILMN,INCY,INTC,INTU,INVH,IP,IPG,IQV,IR,IRM,ISRG,IT,ITW,IVZ,J,JBHT,JCI,JKHY,JNJ,JNPR,JPM,K,KDP,KEY,KEYS,KHC,KIM,KLAC,KMB,KMI,KMX,KO,KR,L,LDOS,LEN,LH,LHX,LIN,LKQ,LLY,LMT,LNC,LNT,LOW,LRCX,LUMN,LUV,LVS,LW,LYB,LYV,MA,MAA,MAR,MAS,MCD,MCHP,MCK,MCO,MDLZ,MDT,MET,META,MGM,MHK,MKC,MKTX,MLM,MMC,MMM,MNST,MO,MOH,MOS,MPC,MPWR,MRK,MRNA,MRO,MS,MSCI,MSFT,MSI,MTB,MTCH,MTD,MU,NCLH,NDAQ,NDSN,NEE,NEM,NFLX,NI,NKE,NOC,NOW,NRG,NSC,NTAP,NTRS,NUE,NVDA,NVR,NWL,NWS,NWSA,NXPI,O,ODFL,OGN,OKE,OMC,ON,ORCL,ORLY,OTIS,OXY,PARA,PAYC,PAYX,PCAR,PCG,PEAK,PEG,PEP,PFE,PFG,PG,PGR,PH,PHM,PKG,PKI,PLD,PM,PNC,PNR,PNW,POOL,PPG,PPL,PRU,PSA,PSX,PTC,PWR,PXD,PYPL,QCOM,QRVO,RCL,RE,REG,REGN,RF,RHI,RJF,RL,RMD,ROK,ROL,ROP,ROST,RSG,RTX,SBAC,SBNY,SBUX,SCHW,SEDG,SEE,SHW,SIVB,SJM,SLB,SNA,SNPS,SO,SPG,SPGI,SRE,STE,STLD,STT,STX,STZ,SWK,SWKS,SYF,SYK,SYY,T,TAP,TDG,TDY,TECH,TEL,TER,TFC,TFX,TGT,TJX,TMO,TMUS,TPR,TRGP,TRMB,TROW,TRV,TSCO,TSLA,TSN,TT,TTWO,TXN,TXT,TYL,UAL,UDR,UHS,ULTA,UNH,UNP,UPS,URI,USB,V,VFC,VICI,VLO,VMC,VRSK,VRSN,VRTX,VTR,VTRS,VZ,WAB,WAT,WBA,WBD,WDC,WEC,WELL,WFC,WHR,WM,WMB,WMT,WRB,WRK,WST,WTW,WY,WYNN,XEL,XOM,XRAY,XYL,YUM,ZBH,ZBRA,ZION,ZTS"
2023-03-15,"A,AAL,AAP,AAPL,ABBV,ABC,ABT,ACGL,ACN,ADBE,ADI,ADM,ADP,ADSK,AEE,AEP,AES,AFL,AIG,AIZ,AJG,AKAM,ALB,ALGN,ALK,ALL,ALLE,AMAT,AMCR,AMD,AME,AMGN,AMP,AMT,AMZN,ANET,ANSS,AON,AOS,APA,APD,APH,APTV,ARE,ATO,ATVI,AVB,AVGO,AVY,AWK,AXP,AZO,BA,BAC,BALL,BAX,BBWI,BBY,BDX,BEN,BF.B,BG,BIIB,BIO,BK,BKNG,BKR,BLK,BMY,BR,BRK.B,BRO,BSX,BWA,BXP,C,CAG,CAH,CARR,CAT,CB,CBOE,CBRE,CCI,CCL,CDAY,CDNS,CDW,CE,CEG,CF,CFG,CHD,CHRW,CHTR,CI,CINF,CL,CLX,CMA,CMCSA,CME,CMG,CMI,CMS,CNC,CNP,COF,COO,COP,COST,CPB,CPRT,CPT,CRL,CRM,CSCO,CSGP,CSX,CTAS,CTLT,CTRA,CTSH,CTVA,CVS,CVX,CZR,D,DAL,DD,DE,DFS,DG,DGX,DHI,DHR,DIS,DISH,DLR,DLTR,DOV,DOW,DPZ,DRI,DTE,DUK,DVA,DVN,DXC,DXCM,EA,EBAY,ECL,ED,EFX,EIX,EL,ELV,EMN,EMR,ENPH,EOG,EPAM,EQIX,EQR,EQT,ES,ESS,ETN,ETR,ETSY,EVRG,EW,EXC,EXPD,EXPE,EXR,F,FANG,FAST,FCX,FDS,FDX,FE,FFIV,FIS,FISV,FITB,FLT,FMC,FOX,FOXA,FRC,FRT,FSLR,FTNT,FTV,GD,GE,GEHC,GEN,GILD,GIS,GL,GLW,GM,GNRC,GOOG,GOOGL,GPC,GPN,GRMN,GS,GWW,HAL,HAS,HBAN,HCA,HD,HES,HIG,HII,HLT,HOLX,HON,HPE,HPQ,HRL,HSIC,HST,HSY,HUM,HWM,IBM,ICE,IDXX,IEX,IFF,ILMN,INCY,INTC,INTU,INVH,IP,IPG,IQV,IR,IRM,ISRG,IT,ITW,IVZ,J,JBHT,JCI,JKHY,JNJ,JNPR,JPM,K,KDP,KEY,KEYS,KHC,KIM,KLAC,KMB,KMI,KMX,KO,KR,L,LDOS,LEN,LH,LHX,LIN,LKQ,LLY,LMT,LNC,LNT,LOW,LRCX,LUMN,LUV,LVS,LW,LYB,LYV,MA,MAA,MAR,MAS,MCD,MCHP,MCK,MCO,MDLZ,MDT,MET,META,MGM,MHK,MKC,MKTX,MLM,MMC,MMM,MNST,MO,MOH,MOS,MPC,MPWR,MRK,MRNA,MRO,MS,MSCI,MSFT,MSI,MTB,MTCH,MTD,MU,NCLH,NDAQ,NDSN,NEE,NEM,NFLX,NI,NKE,NOC,NOW,NRG,NSC,NTAP,NTRS,NUE,NVDA,NVR,NWL,NWS,NWSA,NXPI,O,ODFL,OGN,OKE,OMC,ON,ORCL,ORLY,OTIS,OXY,PARA,PAYC,PAYX,PCAR,PCG,PEAK,PEG,PEP,PFE,PFG,PG,PGR,PH,PHM,PKG,PKI,PLD,PM,PNC,PNR,PNW,PODD,POOL,PPG,PPL,PRU,PSA,PSX,PTC,PWR,PXD,PYPL,QCOM,QRVO,RCL,RE,REG,REGN,RF,RHI,RJF,RL,RMD,ROK,ROL,ROP,ROST,RSG,RTX,SBAC,SBUX,SCHW,SEDG,SEE,SHW,SJM,SLB,SNA,SNPS,SO,SPG,SPGI,SRE,STE,STLD,STT,STX,STZ,SWK,SWKS,SYF,SYK,SYY,T,TAP,TDG,TDY,TECH,TEL,TER,TFC,TFX,TGT,TJX,TMO,TMUS,TPR,TRGP,TRMB,TROW,TRV,TSCO,TSLA,TSN,TT,TTWO,TXN,TXT,TYL,UAL,UDR,UHS,ULTA,UNH,UNP,UPS,URI,USB,V,VFC,VICI,VLO,VMC,VRSK,VRSN,VRTX,VTR,VTRS,VZ,WAB,WAT,WBA,WBD,WDC,WEC,WELL,WFC,WHR,WM,WMB,WMT,WRB,WRK,WST,WTW,WY,WYNN,XEL,XOM,XRAY,XYL,YUM,ZBH,ZBRA,ZION,ZTS"
2023-03-20,"A,AAL,AAP,AAPL,ABBV,ABC,ABT,ACGL,ACN,ADBE,ADI,ADM,ADP,ADSK,AEE,AEP,AES,AFL,AIG,AIZ,AJG,AKAM,ALB,ALGN,ALK,ALL,ALLE,AMAT,AMCR,AMD,AME,AMGN,AMP,AMT,AMZN,ANET,ANSS,AON,AOS,APA,APD,APH,APTV,ARE,ATO,ATVI,AVB,AVGO,AVY,AWK,AXP,AZO,BA,BAC,BALL,BAX,BBWI,BBY,BDX,BEN,BF.B,BG,BIIB,BIO,BK,BKNG,BKR,BLK,BMY,BR,BRK.B,BRO,BSX,BWA,BXP,C,CAG,CAH,CARR,CAT,CB,CBOE,CBRE,CCI,CCL,CDAY,CDNS,CDW,CE,CEG,CF,CFG,CHD,CHRW,CHTR,CI,CINF,CL,CLX,CMA,CMCSA,CME,CMG,CMI,CMS,CNC,CNP,COF,COO,COP,COST,CPB,CPRT,CPT,CRL,CRM,CSCO,CSGP,CSX,CTAS,CTLT,CTRA,CTSH,CTVA,CVS,CVX,CZR,D,DAL,DD,DE,DFS,DG,DGX,DHI,DHR,DIS,DISH,DLR,DLTR,DOV,DOW,DPZ,DRI,DTE,DUK,DVA,DVN,DXC,DXCM,EA,EBAY,ECL,ED,EFX,EIX,EL,ELV,EMN,EMR,ENPH,EOG,EPAM,EQIX,EQR,EQT,ES,ESS,ETN,ETR,ETSY,EVRG,EW,EXC,EXPD,EXPE,EXR,F,FANG,FAST,FCX,FDS,FDX,FE,FFIV,FICO,FIS,FISV,FITB,FLT,FMC,FOX,FOXA,FRC,FRT,FSLR,FTNT,FTV,GD,GE,GEHC,GEN,GILD,GIS,GL,GLW,GM,GNRC,GOOG,GOOGL,GPC,GPN,GRMN,GS,GWW,HAL,HAS,HBAN,HCA,HD,HES,HIG,HII,HLT,HOLX,HON,HPE,HPQ,HRL,HSIC,HST,HSY,HUM,HWM,IBM,ICE,IDXX,IEX,IFF,ILMN,INCY,INTC,INTU,INVH,IP,IPG,IQV,IR,IRM,ISRG,IT,ITW,IVZ,J,JBHT,JCI,JKHY,JNJ,JNPR,JPM,K,KDP,KEY,KEYS,KHC,KIM,KLAC,KMB,KMI,KMX,KO,KR,L,LDOS,LEN,LH,LHX,LIN,LKQ,LLY,LMT,LNC,LNT,LOW,LRCX,LUV,LVS,LW,LYB,LYV,MA,MAA,MAR,MAS,MCD,MCHP,MCK,MCO,MDLZ,MDT,MET,META,MGM,MHK,MKC,MKTX,MLM,MMC,MMM,MNST,MO,MOH,MOS,MPC,MPWR,MRK,MRNA,MRO,MS,MSCI,MSFT,MSI,MTB,MTCH,MTD,MU,NCLH,NDAQ,NDSN,NEE,NEM,NFLX,NI,NKE,NOC,NOW,NRG,NSC,NTAP,NTRS,NUE,NVDA,NVR,NWL,NWS,NWSA,NXPI,O,ODFL,OGN,OKE,OMC,ON,ORCL,ORLY,OTIS,OXY,PARA,PAYC,PAYX,PCAR,PCG,PEAK,PEG,PEP,PFE,PFG,PG,PGR,PH,PHM,PKG,PKI,PLD,PM,PNC,PNR,PNW,PODD,POOL,PPG,PPL,PRU,PSA,PSX,PTC,PWR,PXD,PYPL,QCOM,QRVO,RCL,RE,REG,REGN,RF,RHI,RJF,RL,RMD,ROK,ROL,ROP,ROST,RSG,RTX,SBAC,SBUX,SCHW,SEDG,SEE,SHW,SJM,SLB,SNA,SNPS,SO,SPG,SPGI,SRE,STE,STLD,STT,STX,STZ,SWK,SWKS,SYF,SYK,SYY,T,TAP,TDG,TDY,TECH,TEL,TER,TFC,TFX,TGT,TJX,TMO,TMUS,TPR,TRGP,TRMB,TROW,TRV,TSCO,TSLA,TSN,TT,TTWO,TXN,TXT,TYL,UAL,UDR,UHS,ULTA,UNH,UNP,UPS,URI,USB,V,VFC,VICI,VLO,VMC,VRSK,VRSN,VRTX,VTR,VTRS,VZ,WAB,WAT,WBA,WBD,WDC,WEC,WELL,WFC,WHR,WM,WMB,WMT,WRB,WRK,WST,WTW,WY,WYNN,XEL,XOM,XRAY,XYL,YUM,ZBH,ZBRA,ZION,ZTS"
2023-05-04,"A,AAL,AAP,AAPL,ABBV,ABC,ABT,ACGL,ACN,ADBE,ADI,ADM,ADP,ADSK,AEE,AEP,AES,AFL,AIG,AIZ,AJG,AKAM,ALB,ALGN,ALK,ALL,ALLE,AMAT,AMCR,AMD,AME,AMGN,AMP,AMT,AMZN,ANET,ANSS,AON,AOS,APA,APD,APH,APTV,ARE,ATO,ATVI,AVB,AVGO,AVY,AWK,AXON,AXP,AZO,BA,BAC,BALL,BAX,BBWI,BBY,BDX,BEN,BF.B,BG,BIIB,BIO,BK,BKNG,BKR,BLK,BMY,BR,BRK.B,BRO,BSX,BWA,BXP,C,CAG,CAH,CARR,CAT,CB,CBOE,CBRE,CCI,CCL,CDAY,CDNS,CDW,CE,CEG,CF,CFG,CHD,CHRW,CHTR,CI,CINF,CL,CLX,CMA,CMCSA,CME,CMG,CMI,CMS,CNC,CNP,COF,COO,COP,COST,CPB,CPRT,CPT,CRL,CRM,CSCO,CSGP,CSX,CTAS,CTLT,CTRA,CTSH,CTVA,CVS,CVX,CZR,D,DAL,DD,DE,DFS,DG,DGX,DHI,DHR,DIS,DISH,DLR,DLTR,DOV,DOW,DPZ,DRI,DTE,DUK,DVA,DVN,DXC,DXCM,EA,EBAY,ECL,ED,EFX,EIX,EL,ELV,EMN,EMR,ENPH,EOG,EPAM,EQIX,EQR,EQT,ES,ESS,ETN,ETR,ETSY,EVRG,EW,EXC,EXPD,EXPE,EXR,F,FANG,FAST,FCX,FDS,FDX,FE,FFIV,FICO,FIS,FISV,FITB,FLT,FMC,FOX,FOXA,FRT,FSLR,FTNT,FTV,GD,GE,GEHC,GEN,GILD,GIS,GL,GLW,GM,GNRC,GOOG,GOOGL,GPC,GPN,GRMN,GS,GWW,HAL,HAS,HBAN,HCA,HD,HES,HIG,HII,HLT,HOLX,HON,HPE,HPQ,HRL,HSIC,HST,HSY,HUM,HWM,IBM,ICE,IDXX,IEX,IFF,ILMN,INCY,INTC,INTU,INVH,IP,IPG,IQV,IR,IRM,ISRG,IT,ITW,IVZ,J,JBHT,JCI,JKHY,JNJ,JNPR,JPM,K,KDP,KEY,KEYS,KHC,KIM,KLAC,KMB,KMI,KMX,KO,KR,L,LDOS,LEN,LH,LHX,LIN,LKQ,LLY,LMT,LNC,LNT,LOW,LRCX,LUV,LVS,LW,LYB,LYV,MA,MAA,MAR,MAS,MCD,MCHP,MCK,MCO,MDLZ,MDT,MET,META,MGM,MHK,MKC,MKTX,MLM,MMC,MMM,MNST,MO,MOH,MOS,MPC,MPWR,MRK,MRNA,MRO,MS,MSCI,MSFT,MSI,MTB,MTCH,MTD,MU,NCLH,NDAQ,NDSN,NEE,NEM,NFLX,NI,NKE,NOC,NOW,NRG,NSC,NTAP,NTRS,NUE,NVDA,NVR,NWL,NWS,NWSA,NXPI,O,ODFL,OGN,OKE,OMC,ON,ORCL,ORLY,OTIS,OXY,PARA,PAYC,PAYX,PCAR,PCG,PEAK,PEG,PEP,PFE,PFG,PG,PGR,PH,PHM,PKG,PKI,PLD,PM,PNC,PNR,PNW,PODD,POOL,PPG,PPL,PRU,PSA,PSX,PTC,PWR,PXD,PYPL,QCOM,QRVO,RCL,RE,REG,REGN,RF,RHI,RJF,RL,RMD,ROK,ROL,ROP,ROST,RSG,RTX,SBAC,SBUX,SCHW,SEDG,SEE,SHW,SJM,SLB,SNA,SNPS,SO,SPG,SPGI,SRE,STE,STLD,STT,STX,STZ,SWK,SWKS,SYF,SYK,SYY,T,TAP,TDG,TDY,TECH,TEL,TER,TFC,TFX,TGT,TJX,TMO,TMUS,TPR,TRGP,TRMB,TROW,TRV,TSCO,TSLA,TSN,TT,TTWO,TXN,TXT,TYL,UAL,UDR,UHS,ULTA,UNH,UNP,UPS,URI,USB,V,VFC,VICI,VLO,VMC,VRSK,VRSN,VRTX,VTR,VTRS,VZ,WAB,WAT,WBA,WBD,WDC,WEC,WELL,WFC,WHR,WM,WMB,WMT,WRB,WRK,WST,WTW,WY,WYNN,XEL,XOM,XRAY,XYL,YUM,ZBH,ZBRA,ZION,ZTS"
2023-05-16,"A,AAL,AAP,AAPL,ABBV,ABC,ABT,ACGL,ACN,ADBE,ADI,ADM,ADP,ADSK,AEE,AEP,AES,AFL,AIG,AIZ,AJG,AKAM,ALB,ALGN,ALK,ALL,ALLE,AMAT,AMCR,AMD,AME,AMGN,AMP,AMT,AMZN,ANET,ANSS,AON,AOS,APA,APD,APH,APTV,ARE,ATO,ATVI,AVB,AVGO,AVY,AWK,AXON,AXP,AZO,BA,BAC,BALL,BAX,BBWI,BBY,BDX,BEN,BF.B,BG,BIIB,BIO,BK,BKNG,BKR,BLK,BMY,BR,BRK.B,BRO,BSX,BWA,BXP,C,CAG,CAH,CARR,CAT,CB,CBOE,CBRE,CCI,CCL,CDAY,CDNS,CDW,CE,CEG,CF,CFG,CHD,CHRW,CHTR,CI,CINF,CL,CLX,CMA,CMCSA,CME,CMG,CMI,CMS,CNC,CNP,COF,COO,COP,COST,CPB,CPRT,CPT,CRL,CRM,CSCO,CSGP,CSX,CTAS,CTLT,CTRA,CTSH,CTVA,CVS,CVX,CZR,D,DAL,DD,DE,DFS,DG,DGX,DHI,DHR,DIS,DISH,DLR,DLTR,DOV,DOW,DPZ,DRI,DTE,DUK,DVA,DVN,DXC,DXCM,EA,EBAY,ECL,ED,EFX,EIX,EL,ELV,EMN,EMR,ENPH,EOG,EPAM,EQIX,EQR,EQT,ES,ESS,ETN,ETR,ETSY,EVRG,EW,EXC,EXPD,EXPE,EXR,F,FANG,FAST,FCX,FDS,FDX,FE,FFIV,FICO,FIS,FISV,FITB,FLT,FMC,FOX,FOXA,FRT,FSLR,FTNT,FTV,GD,GE,GEHC,GEN,GILD,GIS,GL,GLW,GM,GNRC,GOOG,GOOGL,GPC,GPN,GRMN,GS,GWW,HAL,HAS,HBAN,HCA,HD,HES,HIG,HII,HLT,HOLX,HON,HPE,HPQ,HRL,HSIC,HST,HSY,HUM,HWM,IBM,ICE,IDXX,IEX,IFF,ILMN,INCY,INTC,INTU,INVH,IP,IPG,IQV,IR,IRM,ISRG,IT,ITW,IVZ,J,JBHT,JCI,JKHY,JNJ,JNPR,JPM,K,KDP,KEY,KEYS,KHC,KIM,KLAC,KMB,KMI,KMX,KO,KR,L,LDOS,LEN,LH,LHX,LIN,LKQ,LLY,LMT,LNC,LNT,LOW,LRCX,LUV,LVS,LW,LYB,LYV,MA,MAA,MAR,MAS,MCD,MCHP,MCK,MCO,MDLZ,MDT,MET,META,MGM,MHK,MKC,MKTX,MLM,MMC,MMM,MNST,MO,MOH,MOS,MPC,MPWR,MRK,MRNA,MRO,MS,MSCI,MSFT,MSI,MTB,MTCH,MTD,MU,NCLH,NDAQ,NDSN,NEE,NEM,NFLX,NI,NKE,NOC,NOW,NRG,NSC,NTAP,NTRS,NUE,NVDA,NVR,NWL,NWS,NWSA,NXPI,O,ODFL,OGN,OKE,OMC,ON,ORCL,ORLY,OTIS,OXY,PARA,PAYC,PAYX,PCAR,PCG,PEAK,PEG,PEP,PFE,PFG,PG,PGR,PH,PHM,PKG,PLD,PM,PNC,PNR,PNW,PODD,POOL,PPG,PPL,PRU,PSA,PSX,PTC,PWR,PXD,PYPL,QCOM,QRVO,RCL,RE,REG,REGN,RF,RHI,RJF,RL,RMD,ROK,ROL,ROP,ROST,RSG,RTX,RVTY,SBAC,SBUX,SCHW,SEDG,SEE,SHW,SJM,SLB,SNA,SNPS,SO,SPG,SPGI,SRE,STE,STLD,STT,STX,STZ,SWK,SWKS,SYF,SYK,SYY,T,TAP,TDG,TDY,TECH,TEL,TER,TFC,TFX,TGT,TJX,TMO,TMUS,TPR,TRGP,TRMB,TROW,TRV,TSCO,TSLA,TSN,TT,TTWO,TXN,TXT,TYL,UAL,UDR,UHS,ULTA,UNH,UNP,UPS,URI,USB,V,VFC,VICI,VLO,VMC,VRSK,VRSN,VRTX,VTR,VTRS,VZ,WAB,WAT,WBA,WBD,WDC,WEC,WELL,WFC,WHR,WM,WMB,WMT,WRB,WRK,WST,WTW,WY,WYNN,XEL,XOM,XRAY,XYL,YUM,ZBH,ZBRA,ZION,ZTS"
2023-06-07,"A,AAL,AAP,AAPL,ABBV,ABC,ABT,ACGL,ACN,ADBE,ADI,ADM,ADP,ADSK,AEE,AEP,AES,AFL,AIG,AIZ,AJG,AKAM,ALB,ALGN,ALK,ALL,ALLE,AMAT,AMCR,AMD,AME,AMGN,AMP,AMT,AMZN,ANET,ANSS,AON,AOS,APA,APD,APH,APTV,ARE,ATO,ATVI,AVB,AVGO,AVY,AWK,AXON,AXP,AZO,BA,BAC,BALL,BAX,BBWI,BBY,BDX,BEN,BF.B,BG,BIIB,BIO,BK,BKNG,BKR,BLK,BMY,BR,BRK.B,BRO,BSX,BWA,BXP,C,CAG,CAH,CARR,CAT,CB,CBOE,CBRE,CCI,CCL,CDAY,CDNS,CDW,CE,CEG,CF,CFG,CHD,CHRW,CHTR,CI,CINF,CL,CLX,CMA,CMCSA,CME,CMG,CMI,CMS,CNC,CNP,COF,COO,COP,COST,CPB,CPRT,CPT,CRL,CRM,CSCO,CSGP,CSX,CTAS,CTLT,CTRA,CTSH,CTVA,CVS,CVX,CZR,D,DAL,DD,DE,DFS,DG,DGX,DHI,DHR,DIS,DISH,DLR,DLTR,DOV,DOW,DPZ,DRI,DTE,DUK,DVA,DVN,DXC,DXCM,EA,EBAY,ECL,ED,EFX,EIX,EL,ELV,EMN,EMR,ENPH,EOG,EPAM,EQIX,EQR,EQT,ES,ESS,ETN,ETR,ETSY,EVRG,EW,EXC,EXPD,EXPE,EXR,F,FANG,FAST,FCX,FDS,FDX,FE,FFIV,FI,FICO,FIS,FITB,FLT,FMC,FOX,FOXA,FRT,FSLR,FTNT,FTV,GD,GE,GEHC,GEN,GILD,GIS,GL,GLW,GM,GNRC,GOOG,GOOGL,GPC,GPN,GRMN,GS,GWW,HAL,HAS,HBAN,HCA,HD,HES,HIG,HII,HLT,HOLX,HON,HPE,HPQ,HRL,HSIC,HST,HSY,HUM,HWM,IBM,ICE,IDXX,IEX,IFF,ILMN,INCY,INTC,INTU,INVH,IP,IPG,IQV,IR,IRM,ISRG,IT,ITW,IVZ,J,JBHT,JCI,JKHY,JNJ,JNPR,JPM,K,KDP,KEY,KEYS,KHC,KIM,KLAC,KMB,KMI,KMX,KO,KR,L,LDOS,LEN,LH,LHX,LIN,LKQ,LLY,LMT,LNC,LNT,LOW,LRCX,LUV,LVS,LW,LYB,LYV,MA,MAA,MAR,MAS,MCD,MCHP,MCK,MCO,MDLZ,MDT,MET,META,MGM,MHK,MKC,MKTX,MLM,MMC,MMM,MNST,MO,MOH,MOS,MPC,MPWR,MRK,MRNA,MRO,MS,MSCI,MSFT,MSI,MTB,MTCH,MTD,MU,NCLH,NDAQ,NDSN,NEE,NEM,NFLX,NI,NKE,NOC,NOW,NRG,NSC,NTAP,NTRS,NUE,NVDA,NVR,NWL,NWS,NWSA,NXPI,O,ODFL,OGN,OKE,OMC,ON,ORCL,ORLY,OTIS,OXY,PARA,PAYC,PAYX,PCAR,PCG,PEAK,PEG,PEP,PFE,PFG,PG,PGR,PH,PHM,PKG,PLD,PM,PNC,PNR,PNW,PODD,POOL,PPG,PPL,PRU,PSA,PSX,PTC,PWR,PXD,PYPL,QCOM,QRVO,RCL,RE,REG,REGN,RF,RHI,RJF,RL,RMD,ROK,ROL,ROP,ROST,RSG,RTX,RVTY,SBAC,SBUX,SCHW,SEDG,SEE,SHW,SJM,SLB,SNA,SNPS,SO,SPG,SPGI,SRE,STE,STLD,STT,STX,STZ,SWK,SWKS,SYF,SYK,SYY,T,TAP,TDG,TDY,TECH,TEL,TER,TFC,TFX,TGT,TJX,TMO,TMUS,TPR,TRGP,TRMB,TROW,TRV,TSCO,TSLA,TSN,TT,TTWO,TXN,TXT,TYL,UAL,UDR,UHS,ULTA,UNH,UNP,UPS,URI,USB,V,VFC,VICI,VLO,VMC,VRSK,VRSN,VRTX,VTR,VTRS,VZ,WAB,WAT,WBA,WBD,WDC,WEC,WELL,WFC,WHR,WM,WMB,WMT,WRB,WRK,WST,WTW,WY,WYNN,XEL,XOM,XRAY,XYL,YUM,ZBH,ZBRA,ZION,ZTS"
2023-06-20,"A,AAL,AAP,AAPL,ABBV,ABC,ABT,ACGL,ACN,ADBE,ADI,ADM,ADP,ADSK,AEE,AEP,AES,AFL,AIG,AIZ,AJG,AKAM,ALB,ALGN,ALK,ALL,ALLE,AMAT,AMCR,AMD,AME,AMGN,AMP,AMT,AMZN,ANET,ANSS,AON,AOS,APA,APD,APH,APTV,ARE,ATO,ATVI,AVB,AVGO,AVY,AWK,AXON,AXP,AZO,BA,BAC,BALL,BAX,BBWI,BBY,BDX,BEN,BF.B,BG,BIIB,BIO,BK,BKNG,BKR,BLK,BMY,BR,BRK.B,BRO,BSX,BWA,BXP,C,CAG,CAH,CARR,CAT,CB,CBOE,CBRE,CCI,CCL,CDAY,CDNS,CDW,CE,CEG,CF,CFG,CHD,CHRW,CHTR,CI,CINF,CL,CLX,CMA,CMCSA,CME,CMG,CMI,CMS,CNC,CNP,COF,COO,COP,COST,CPB,CPRT,CPT,CRL,CRM,CSCO,CSGP,CSX,CTAS,CTLT,CTRA,CTSH,CTVA,CVS,CVX,CZR,D,DAL,DD,DE,DFS,DG,DGX,DHI,DHR,DIS,DLR,DLTR,DOV,DOW,DPZ,DRI,DTE,DUK,DVA,DVN,DXC,DXCM,EA,EBAY,ECL,ED,EFX,EIX,EL,ELV,EMN,EMR,ENPH,EOG,EPAM,EQIX,EQR,EQT,ES,ESS,ETN,ETR,ETSY,EVRG,EW,EXC,EXPD,EXPE,EXR,F,FANG,FAST,FCX,FDS,FDX,FE,FFIV,FI,FICO,FIS,FITB,FLT,FMC,FOX,FOXA,FRT,FSLR,FTNT,FTV,GD,GE,GEHC,GEN,GILD,GIS,GL,GLW,GM,GNRC,GOOG,GOOGL,GPC,GPN,GRMN,GS,GWW,HAL,HAS,HBAN,HCA,HD,HES,HIG,HII,HLT,HOLX,HON,HPE,HPQ,HRL,HSIC,HST,HSY,HUM,HWM,IBM,ICE,IDXX,IEX,IFF,ILMN,INCY,INTC,INTU,INVH,IP,IPG,IQV,IR,IRM,ISRG,IT,ITW,IVZ,J,JBHT,JCI,JKHY,JNJ,JNPR,JPM,K,KDP,KEY,KEYS,KHC,KIM,KLAC,KMB,KMI,KMX,KO,KR,L,LDOS,LEN,LH,LHX,LIN,LKQ,LLY,LMT,LNC,LNT,LOW,LRCX,LUV,LVS,LW,LYB,LYV,MA,MAA,MAR,MAS,MCD,MCHP,MCK,MCO,MDLZ,MDT,MET,META,MGM,MHK,MKC,MKTX,MLM,MMC,MMM,MNST,MO,MOH,MOS,MPC,MPWR,MRK,MRNA,MRO,MS,MSCI,MSFT,MSI,MTB,MTCH,MTD,MU,NCLH,NDAQ,NDSN,NEE,NEM,NFLX,NI,NKE,NOC,NOW,NRG,NSC,NTAP,NTRS,NUE,NVDA,NVR,NWL,NWS,NWSA,NXPI,O,ODFL,OGN,OKE,OMC,ON,ORCL,ORLY,OTIS,OXY,PANW,PARA,PAYC,PAYX,PCAR,PCG,PEAK,PEG,PEP,PFE,PFG,PG,PGR,PH,PHM,PKG,PLD,PM,PNC,PNR,PNW,PODD,POOL,PPG,PPL,PRU,PSA,PSX,PTC,PWR,PXD,PYPL,QCOM,QRVO,RCL,RE,REG,REGN,RF,RHI,RJF,RL,RMD,ROK,ROL,ROP,ROST,RSG,RTX,RVTY,SBAC,SBUX,SCHW,SEDG,SEE,SHW,SJM,SLB,SNA,SNPS,SO,SPG,SPGI,SRE,STE,STLD,STT,STX,STZ,SWK,SWKS,SYF,SYK,SYY,T,TAP,TDG,TDY,TECH,TEL,TER,TFC,TFX,TGT,TJX,TMO,TMUS,TPR,TRGP,TRMB,TROW,TRV,TSCO,TSLA,TSN,TT,TTWO,TXN,TXT,TYL,UAL,UDR,UHS,ULTA,UNH,UNP,UPS,URI,USB,V,VFC,VICI,VLO,VMC,VRSK,VRSN,VRTX,VTR,VTRS,VZ,WAB,WAT,WBA,WBD,WDC,WEC,WELL,WFC,WHR,WM,WMB,WMT,WRB,WRK,WST,WTW,WY,WYNN,XEL,XOM,XRAY,XYL,YUM,ZBH,ZBRA,ZION,ZTS"
2023-07-10,"A,AAL,AAP,AAPL,ABBV,ABC,ABT,ACGL,ACN,ADBE,ADI,ADM,ADP,ADSK,AEE,AEP,AES,AFL,AIG,AIZ,AJG,AKAM,ALB,ALGN,ALK,ALL,ALLE,AMAT,AMCR,AMD,AME,AMGN,AMP,AMT,AMZN,ANET,ANSS,AON,AOS,APA,APD,APH,APTV,ARE,ATO,ATVI,AVB,AVGO,AVY,AWK,AXON,AXP,AZO,BA,BAC,BALL,BAX,BBWI,BBY,BDX,BEN,BF.B,BG,BIIB,BIO,BK,BKNG,BKR,BLK,BMY,BR,BRK.B,BRO,BSX,BWA,BXP,C,CAG,CAH,CARR,CAT,CB,CBOE,CBRE,CCI,CCL,CDAY,CDNS,CDW,CE,CEG,CF,CFG,CHD,CHRW,CHTR,CI,CINF,CL,CLX,CMA,CMCSA,CME,CMG,CMI,CMS,CNC,CNP,COF,COO,COP,COST,CPB,CPRT,CPT,CRL,CRM,CSCO,CSGP,CSX,CTAS,CTLT,CTRA,CTSH,CTVA,CVS,CVX,CZR,D,DAL,DD,DE,DFS,DG,DGX,DHI,DHR,DIS,DLR,DLTR,DOV,DOW,DPZ,DRI,DTE,DUK,DVA,DVN,DXC,DXCM,EA,EBAY,ECL,ED,EFX,EG,EIX,EL,ELV,EMN,EMR,ENPH,EOG,EPAM,EQIX,EQR,EQT,ES,ESS,ETN,ETR,ETSY,EVRG,EW,EXC,EXPD,EXPE,EXR,F,FANG,FAST,FCX,FDS,FDX,FE,FFIV,FI,FICO,FIS,FITB,FLT,FMC,FOX,FOXA,FRT,FSLR,FTNT,FTV,GD,GE,GEHC,GEN,GILD,GIS,GL,GLW,GM,GNRC,GOOG,GOOGL,GPC,GPN,GRMN,GS,GWW,HAL,HAS,HBAN,HCA,HD,HES,HIG,HII,HLT,HOLX,HON,HPE,HPQ,HRL,HSIC,HST,HSY,HUM,HWM,IBM,ICE,IDXX,IEX,IFF,ILMN,INCY,INTC,INTU,INVH,IP,IPG,IQV,IR,IRM,ISRG,IT,ITW,IVZ,J,JBHT,JCI,JKHY,JNJ,JNPR,JPM,K,KDP,KEY,KEYS,KHC,KIM,KLAC,KMB,KMI,KMX,KO,KR,L,LDOS,LEN,LH,LHX,LIN,LKQ,LLY,LMT,LNC,LNT,LOW,LRCX,LUV,LVS,LW,LYB,LYV,MA,MAA,MAR,MAS,MCD,MCHP,MCK,MCO,MDLZ,MDT,MET,META,MGM,MHK,MKC,MKTX,MLM,MMC,MMM,MNST,MO,MOH,MOS,MPC,MPWR,MRK,MRNA,MRO,MS,MSCI,MSFT,MSI,MTB,MTCH,MTD,MU,NCLH,NDAQ,NDSN,NEE,NEM,NFLX,NI,NKE,NOC,NOW,NRG,NSC,NTAP,NTRS,NUE,NVDA,NVR,NWL,NWS,NWSA,NXPI,O,ODFL,OGN,OKE,OMC,ON,ORCL,ORLY,OTIS,OXY,PANW,PARA,PAYC,PAYX,PCAR,PCG,PEAK,PEG,PEP,PFE,PFG,PG,PGR,PH,PHM,PKG,PLD,PM,PNC,PNR,PNW,PODD,POOL,PPG,PPL,PRU,PSA,PSX,PTC,PWR,PXD,PYPL,QCOM,QRVO,RCL,REG,REGN,RF,RHI,RJF,RL,RMD,ROK,ROL,ROP,ROST,RSG,RTX,RVTY,SBAC,SBUX,SCHW,SEDG,SEE,SHW,SJM,SLB,SNA,SNPS,SO,SPG,SPGI,SRE,STE,STLD,STT,STX,STZ,SWK,SWKS,SYF,SYK,SYY,T,TAP,TDG,TDY,TECH,TEL,TER,TFC,TFX,TGT,TJX,TMO,TMUS,TPR,TRGP,TRMB,TROW,TRV,TSCO,TSLA,TSN,TT,TTWO,TXN,TXT,TYL,UAL,UDR,UHS,ULTA,UNH,UNP,UPS,URI,USB,V,VFC,VICI,VLO,VMC,VRSK,VRSN,VRTX,VTR,VTRS,VZ,WAB,WAT,WBA,WBD,WDC,WEC,WELL,WFC,WHR,WM,WMB,WMT,WRB,WRK,WST,WTW,WY,WYNN,XEL,XOM,XRAY,XYL,YUM,ZBH,ZBRA,ZION,ZTS"
2023-08-25,"A,AAL,AAPL,ABBV,ABC,ABT,ACGL,ACN,ADBE,ADI,ADM,ADP,ADSK,AEE,AEP,AES,AFL,AIG,AIZ,AJG,AKAM,ALB,ALGN,ALK,ALL,ALLE,AMAT,AMCR,AMD,AME,AMGN,AMP,AMT,AMZN,ANET,ANSS,AON,AOS,APA,APD,APH,APTV,ARE,ATO,ATVI,AVB,AVGO,AVY,AWK,AXON,AXP,AZO,BA,BAC,BALL,BAX,BBWI,BBY,BDX,BEN,BF.B,BG,BIIB,BIO,BK,BKNG,BKR,BLK,BMY,BR,BRK.B,BRO,BSX,BWA,BXP,C,CAG,CAH,CARR,CAT,CB,CBOE,CBRE,CCI,CCL,CDAY,CDNS,CDW,CE,CEG,CF,CFG,CHD,CHRW,CHTR,CI,CINF,CL,CLX,CMA,CMCSA,CME,CMG,CMI,CMS,CNC,CNP,COF,COO,COP,COST,CPB,CPRT,CPT,CRL,CRM,CSCO,CSGP,CSX,CTAS,CTLT,CTRA,CTSH,CTVA,CVS,CVX,CZR,D,DAL,DD,DE,DFS,DG,DGX,DHI,DHR,DIS,DLR,DLTR,DOV,DOW,DPZ,DRI,DTE,DUK,DVA,DVN,DXC,DXCM,EA,EBAY,ECL,ED,EFX,EG,EIX,EL,ELV,EMN,EMR,ENPH,EOG,EPAM,EQIX,EQR,EQT,ES,ESS,ETN,ETR,ETSY,EVRG,EW,EXC,EXPD,EXPE,EXR,F,FANG,FAST,FCX,FDS,FDX,FE,FFIV,FI,FICO,FIS,FITB,FLT,FMC,FOX,FOXA,FRT,FSLR,FTNT,FTV,GD,GE,GEHC,GEN,GILD,GIS,GL,GLW,GM,GNRC,GOOG,GOOGL,GPC,GPN,GRMN,GS,GWW,HAL,HAS,HBAN,HCA,HD,HES,HIG,HII,HLT,HOLX,HON,HPE,HPQ,HRL,HSIC,HST,HSY,HUM,HWM,IBM,ICE,IDXX,IEX,IFF,ILMN,INCY,INTC,INTU,INVH,IP,IPG,IQV,IR,IRM,ISRG,IT,ITW,IVZ,J,JBHT,JCI,JKHY,JNJ,JNPR,JPM,K,KDP,KEY,KEYS,KHC,KIM,KLAC,KMB,KMI,KMX,KO,KR,KVUE,L,LDOS,LEN,LH,LHX,LIN,LKQ,LLY,LMT,LNC,LNT,LOW,LRCX,LUV,LVS,LW,LYB,LYV,MA,MAA,MAR,MAS,MCD,MCHP,MCK,MCO,MDLZ,MDT,MET,META,MGM,MHK,MKC,MKTX,MLM,MMC,MMM,MNST,MO,MOH,MOS,MPC,MPWR,MRK,MRNA,MRO,MS,MSCI,MSFT,MSI,MTB,MTCH,MTD,MU,NCLH,NDAQ,NDSN,NEE,NEM,NFLX,NI,NKE,NOC,NOW,NRG,NSC,NTAP,NTRS,NUE,NVDA,NVR,NWL,NWS,NWSA,NXPI,O,ODFL,OGN,OKE,OMC,ON,ORCL,ORLY,OTIS,OXY,PANW,PARA,PAYC,PAYX,PCAR,PCG,PEAK,PEG,PEP,PFE,PFG,PG,PGR,PH,PHM,PKG,PLD,PM,PNC,PNR,PNW,PODD,POOL,PPG,PPL,PRU,PSA,PSX,PTC,PWR,PXD,PYPL,QCOM,QRVO,RCL,REG,REGN,RF,RHI,RJF,RL,RMD,ROK,ROL,ROP,ROST,RSG,RTX,RVTY,SBAC,SBUX,SCHW,SEDG,SEE,SHW,SJM,SLB,SNA,SNPS,SO,SPG,SPGI,SRE,STE,STLD,STT,STX,STZ,SWK,SWKS,SYF,SYK,SYY,T,TAP,TDG,TDY,TECH,TEL,TER,TFC,TFX,TGT,TJX,TMO,TMUS,TPR,TRGP,TRMB,TROW,TRV,TSCO,TSLA,TSN,TT,TTWO,TXN,TXT,TYL,UAL,UDR,UHS,ULTA,UNH,UNP,UPS,URI,USB,V,VFC,VICI,VLO,VMC,VRSK,VRSN,VRTX,VTR,VTRS,VZ,WAB,WAT,WBA,WBD,WDC,WEC,WELL,WFC,WHR,WM,WMB,WMT,WRB,WRK,WST,WTW,WY,WYNN,XEL,XOM,XRAY,XYL,YUM,ZBH,ZBRA,ZION,ZTS"
2023-08-30,"A,AAL,AAPL,ABBV,ABT,ACGL,ACN,ADBE,ADI,ADM,ADP,ADSK,AEE,AEP,AES,AFL,AIG,AIZ,AJG,AKAM,ALB,ALGN,ALK,ALL,ALLE,AMAT,AMCR,AMD,AME,AMGN,AMP,AMT,AMZN,ANET,ANSS,AON,AOS,APA,APD,APH,APTV,ARE,ATO,ATVI,AVB,AVGO,AVY,AWK,AXON,AXP,AZO,BA,BAC,BALL,BAX,BBWI,BBY,BDX,BEN,BF.B,BG,BIIB,BIO,BK,BKNG,BKR,BLK,BMY,BR,BRK.B,BRO,BSX,BWA,BXP,C,CAG,CAH,CARR,CAT,CB,CBOE,CBRE,CCI,CCL,CDAY,CDNS,CDW,CE,CEG,CF,CFG,CHD,CHRW,CHTR,CI,CINF,CL,CLX,CMA,CMCSA,CME,CMG,CMI,CMS,CNC,CNP,COF,COO,COP,COR,COST,CPB,CPRT,CPT,CRL,CRM,CSCO,CSGP,CSX,CTAS,CTLT,CTRA,CTSH,CTVA,CVS,CVX,CZR,D,DAL,DD,DE,DFS,DG,DGX,DHI,DHR,DIS,DLR,DLTR,DOV,DOW,DPZ,DRI,DTE,DUK,DVA,DVN,DXC,DXCM,EA,EBAY,ECL,ED,EFX,EG,EIX,EL,ELV,EMN,EMR,ENPH,EOG,EPAM,EQIX,EQR,EQT,ES,ESS,ETN,ETR,ETSY,EVRG,EW,EXC,EXPD,EXPE,EXR,F,FANG,FAST,FCX,FDS,FDX,FE,FFIV,FI,FICO,FIS,FITB,FLT,FMC,FOX,FOXA,FRT,FSLR,FTNT,FTV,GD,GE,GEHC,GEN,GILD,GIS,GL,GLW,GM,GNRC,GOOG,GOOGL,GPC,GPN,GRMN,GS,GWW,HAL,HAS,HBAN,HCA,HD,HES,HIG,HII,HLT,HOLX,HON,HPE,HPQ,HRL,HSIC,HST,HSY,HUM,HWM,IBM,ICE,IDXX,IEX,IFF,ILMN,INCY,INTC,INTU,INVH,IP,IPG,IQV,IR,IRM,ISRG,IT,ITW,IVZ,J,JBHT,JCI,JKHY,JNJ,JNPR,JPM,K,KDP,KEY,KEYS,KHC,KIM,KLAC,KMB,KMI,KMX,KO,KR,KVUE,L,LDOS,LEN,LH,LHX,LIN,LKQ,LLY,LMT,LNC,LNT,LOW,LRCX,LUV,LVS,LW,LYB,LYV,MA,MAA,MAR,MAS,MCD,MCHP,MCK,MCO,MDLZ,MDT,MET,META,MGM,MHK,MKC,MKTX,MLM,MMC,MMM,MNST,MO,MOH,MOS,MPC,MPWR,MRK,MRNA,MRO,MS,MSCI,MSFT,MSI,MTB,MTCH,MTD,MU,NCLH,NDAQ,NDSN,NEE,NEM,NFLX,NI,NKE,NOC,NOW,NRG,NSC,NTAP,NTRS,NUE,NVDA,NVR,NWL,NWS,NWSA,NXPI,O,ODFL,OGN,OKE,OMC,ON,ORCL,ORLY,OTIS,OXY,PANW,PARA,PAYC,PAYX,PCAR,PCG,PEAK,PEG,PEP,PFE,PFG,PG,PGR,PH,PHM,PKG,PLD,PM,PNC,PNR,PNW,PODD,POOL,PPG,PPL,PRU,PSA,PSX,PTC,PWR,PXD,PYPL,QCOM,QRVO,RCL,REG,REGN,RF,RHI,RJF,RL,RMD,ROK,ROL,ROP,ROST,RSG,RTX,RVTY,SBAC,SBUX,SCHW,SEDG,SEE,SHW,SJM,SLB,SNA,SNPS,SO,SPG,SPGI,SRE,STE,STLD,STT,STX,STZ,SWK,SWKS,SYF,SYK,SYY,T,TAP,TDG,TDY,TECH,TEL,TER,TFC,TFX,TGT,TJX,TMO,TMUS,TPR,TRGP,TRMB,TROW,TRV,TSCO,TSLA,TSN,TT,TTWO,TXN,TXT,TYL,UAL,UDR,UHS,ULTA,UNH,UNP,UPS,URI,USB,V,VFC,VICI,VLO,VMC,VRSK,VRSN,VRTX,VTR,VTRS,VZ,WAB,WAT,WBA,WBD,WDC,WEC,WELL,WFC,WHR,WM,WMB,WMT,WRB,WRK,WST,WTW,WY,WYNN,XEL,XOM,XRAY,XYL,YUM,ZBH,ZBRA,ZION,ZTS"
2023-09-18,"A,AAL,AAPL,ABBV,ABNB,ABT,ACGL,ACN,ADBE,ADI,ADM,ADP,ADSK,AEE,AEP,AES,AFL,AIG,AIZ,AJG,AKAM,ALB,ALGN,ALK,ALL,ALLE,AMAT,AMCR,AMD,AME,AMGN,AMP,AMT,AMZN,ANET,ANSS,AON,AOS,APA,APD,APH,APTV,ARE,ATO,ATVI,AVB,AVGO,AVY,AWK,AXON,AXP,AZO,BA,BAC,BALL,BAX,BBWI,BBY,BDX,BEN,BF.B,BG,BIIB,BIO,BK,BKNG,BKR,BLK,BMY,BR,BRK.B,BRO,BSX,BWA,BX,BXP,C,CAG,CAH,CARR,CAT,CB,CBOE,CBRE,CCI,CCL,CDAY,CDNS,CDW,CE,CEG,CF,CFG,CHD,CHRW,CHTR,CI,CINF,CL,CLX,CMA,CMCSA,CME,CMG,CMI,CMS,CNC,CNP,COF,COO,COP,COR,COST,CPB,CPRT,CPT,CRL,CRM,CSCO,CSGP,CSX,CTAS,CTLT,CTRA,CTSH,CTVA,CVS,CVX,CZR,D,DAL,DD,DE,DFS,DG,DGX,DHI,DHR,DIS,DLR,DLTR,DOV,DOW,DPZ,DRI,DTE,DUK,DVA,DVN,DXC,DXCM,EA,EBAY,ECL,ED,EFX,EG,EIX,EL,ELV,EMN,EMR,ENPH,EOG,EPAM,EQIX,EQR,EQT,ES,ESS,ETN,ETR,ETSY,EVRG,EW,EXC,EXPD,EXPE,EXR,F,FANG,FAST,FCX,FDS,FDX,FE,FFIV,FI,FICO,FIS,FITB,FLT,FMC,FOX,FOXA,FRT,FSLR,FTNT,FTV,GD,GE,GEHC,GEN,GILD,GIS,GL,GLW,GM,GNRC,GOOG,GOOGL,GPC,GPN,GRMN,GS,GWW,HAL,HAS,HBAN,HCA,HD,HES,HIG,HII,HLT,HOLX,HON,HPE,HPQ,HRL,HSIC,HST,HSY,HUM,HWM,IBM,ICE,IDXX,IEX,IFF,ILMN,INCY,INTC,INTU,INVH,IP,IPG,IQV,IR,IRM,ISRG,IT,ITW,IVZ,J,JBHT,JCI,JKHY,JNJ,JNPR,JPM,K,KDP,KEY,KEYS,KHC,KIM,KLAC,KMB,KMI,KMX,KO,KR,KVUE,L,LDOS,LEN,LH,LHX,LIN,LKQ,LLY,LMT,LNT,LOW,LRCX,LUV,LVS,LW,LYB,LYV,MA,MAA,MAR,MAS,MCD,MCHP,MCK,MCO,MDLZ,MDT,MET,META,MGM,MHK,MKC,MKTX,MLM,MMC,MMM,MNST,MO,MOH,MOS,MPC,MPWR,MRK,MRNA,MRO,MS,MSCI,MSFT,MSI,MTB,MTCH,MTD,MU,NCLH,NDAQ,NDSN,NEE,NEM,NFLX,NI,NKE,NOC,NOW,NRG,NSC,NTAP,NTRS,NUE,NVDA,NVR,NWS,NWSA,NXPI,O,ODFL,OGN,OKE,OMC,ON,ORCL,ORLY,OTIS,OXY,PANW,PARA,PAYC,PAYX,PCAR,PCG,PEAK,PEG,PEP,PFE,PFG,PG,PGR,PH,PHM,PKG,PLD,PM,PNC,PNR,PNW,PODD,POOL,PPG,PPL,PRU,PSA,PSX,PTC,PWR,PXD,PYPL,QCOM,QRVO,RCL,REG,REGN,RF,RHI,RJF,RL,RMD,ROK,ROL,ROP,ROST,RSG,RTX,RVTY,SBAC,SBUX,SCHW,SEDG,SEE,SHW,SJM,SLB,SNA,SNPS,SO,SPG,SPGI,SRE,STE,STLD,STT,STX,STZ,SWK,SWKS,SYF,SYK,SYY,T,TAP,TDG,TDY,TECH,TEL,TER,TFC,TFX,TGT,TJX,TMO,TMUS,TPR,TRGP,TRMB,TROW,TRV,TSCO,TSLA,TSN,TT,TTWO,TXN,TXT,TYL,UAL,UDR,UHS,ULTA,UNH,UNP,UPS,URI,USB,V,VFC,VICI,VLO,VMC,VRSK,VRSN,VRTX,VTR,VTRS,VZ,WAB,WAT,WBA,WBD,WDC,WEC,WELL,WFC,WHR,WM,WMB,WMT,WRB,WRK,WST,WTW,WY,WYNN,XEL,XOM,XRAY,XYL,YUM,ZBH,ZBRA,ZION,ZTS"
2023-10-02,"A,AAL,AAPL,ABBV,ABNB,ABT,ACGL,ACN,ADBE,ADI,ADM,ADP,ADSK,AEE,AEP,AES,AFL,AIG,AIZ,AJG,AKAM,ALB,ALGN,ALK,ALL,ALLE,AMAT,AMCR,AMD,AME,AMGN,AMP,AMT,AMZN,ANET,ANSS,AON,AOS,APA,APD,APH,APTV,ARE,ATO,ATVI,AVB,AVGO,AVY,AWK,AXON,AXP,AZO,BA,BAC,BALL,BAX,BBWI,BBY,BDX,BEN,BF.B,BG,BIIB,BIO,BK,BKNG,BKR,BLK,BMY,BR,BRK.B,BRO,BSX,BWA,BX,BXP,C,CAG,CAH,CARR,CAT,CB,CBOE,CBRE,CCI,CCL,CDAY,CDNS,CDW,CE,CEG,CF,CFG,CHD,CHRW,CHTR,CI,CINF,CL,CLX,CMA,CMCSA,CME,CMG,CMI,CMS,CNC,CNP,COF,COO,COP,COR,COST,CPB,CPRT,CPT,CRL,CRM,CSCO,CSGP,CSX,CTAS,CTLT,CTRA,CTSH,CTVA,CVS,CVX,CZR,D,DAL,DD,DE,DFS,DG,DGX,DHI,DHR,DIS,DLR,DLTR,DOV,DOW,DPZ,DRI,DTE,DUK,DVA,DVN,DXCM,EA,EBAY,ECL,ED,EFX,EG,EIX,EL,ELV,EMN,EMR,ENPH,EOG,EPAM,EQIX,EQR,EQT,ES,ESS,ETN,ETR,ETSY,EVRG,EW,EXC,EXPD,EXPE,EXR,F,FANG,FAST,FCX,FDS,FDX,FE,FFIV,FI,FICO,FIS,FITB,FLT,FMC,FOX,FOXA,FRT,FSLR,FTNT,FTV,GD,GE,GEHC,GEN,GILD,GIS,GL,GLW,GM,GNRC,GOOG,GOOGL,GPC,GPN,GRMN,GS,GWW,HAL,HAS,HBAN,HCA,HD,HES,HIG,HII,HLT,HOLX,HON,HPE,HPQ,HRL,HSIC,HST,HSY,HUM,HWM,IBM,ICE,IDXX,IEX,IFF,ILMN,INCY,INTC,INTU,INVH,IP,IPG,IQV,IR,IRM,ISRG,IT,ITW,IVZ,J,JBHT,JCI,JKHY,JNJ,JNPR,JPM,K,KDP,KEY,KEYS,KHC,KIM,KLAC,KMB,KMI,KMX,KO,KR,KVUE,L,LDOS,LEN,LH,LHX,LIN,LKQ,LLY,LMT,LNT,LOW,LRCX,LUV,LVS,LW,LYB,LYV,MA,MAA,MAR,MAS,MCD,MCHP,MCK,MCO,MDLZ,MDT,MET,META,MGM,MHK,MKC,MKTX,MLM,MMC,MMM,MNST,MO,MOH,MOS,MPC,MPWR,MRK,MRNA,MRO,MS,MSCI,MSFT,MSI,MTB,MTCH,MTD,MU,NCLH,NDAQ,NDSN,NEE,NEM,NFLX,NI,NKE,NOC,NOW,NRG,NSC,NTAP,NTRS,NUE,NVDA,NVR,NWS,NWSA,NXPI,O,ODFL,OGN,OKE,OMC,ON,ORCL,ORLY,OTIS,OXY,PANW,PARA,PAYC,PAYX,PCAR,PCG,PEAK,PEG,PEP,PFE,PFG,PG,PGR,PH,PHM,PKG,PLD,PM,PNC,PNR,PNW,PODD,POOL,PPG,PPL,PRU,PSA,PSX,PTC,PWR,PXD,PYPL,QCOM,QRVO,RCL,REG,REGN,RF,RHI,RJF,RL,RMD,ROK,ROL,ROP,ROST,RSG,RTX,RVTY,SBAC,SBUX,SCHW,SEDG,SEE,SHW,SJM,SLB,SNA,SNPS,SO,SPG,SPGI,SRE,STE,STLD,STT,STX,STZ,SWK,SWKS,SYF,SYK,SYY,T,TAP,TDG,TDY,TECH,TEL,TER,TFC,TFX,TGT,TJX,TMO,TMUS,TPR,TRGP,TRMB,TROW,TRV,TSCO,TSLA,TSN,TT,TTWO,TXN,TXT,TYL,UAL,UDR,UHS,ULTA,UNH,UNP,UPS,URI,USB,V,VFC,VICI,VLO,VLTO,VMC,VRSK,VRSN,VRTX,VTR,VTRS,VZ,WAB,WAT,WBA,WBD,WDC,WEC,WELL,WFC,WHR,WM,WMB,WMT,WRB,WRK,WST,WTW,WY,WYNN,XEL,XOM,XRAY,XYL,YUM,ZBH,ZBRA,ZION,ZTS"
2023-10-18,"A,AAL,AAPL,ABBV,ABNB,ABT,ACGL,ACN,ADBE,ADI,ADM,ADP,ADSK,AEE,AEP,AES,AFL,AIG,AIZ,AJG,AKAM,ALB,ALGN,ALK,ALL,ALLE,AMAT,AMCR,AMD,AME,AMGN,AMP,AMT,AMZN,ANET,ANSS,AON,AOS,APA,APD,APH,APTV,ARE,ATO,AVB,AVGO,AVY,AWK,AXON,AXP,AZO,BA,BAC,BALL,BAX,BBWI,BBY,BDX,BEN,BF.B,BG,BIIB,BIO,BK,BKNG,BKR,BLK,BMY,BR,BRK.B,BRO,BSX,BWA,BX,BXP,C,CAG,CAH,CARR,CAT,CB,CBOE,CBRE,CCI,CCL,CDAY,CDNS,CDW,CE,CEG,CF,CFG,CHD,CHRW,CHTR,CI,CINF,CL,CLX,CMA,CMCSA,CME,CMG,CMI,CMS,CNC,CNP,COF,COO,COP,COR,COST,CPB,CPRT,CPT,CRL,CRM,CSCO,CSGP,CSX,CTAS,CTLT,CTRA,CTSH,CTVA,CVS,CVX,CZR,D,DAL,DD,DE,DFS,DG,DGX,DHI,DHR,DIS,DLR,DLTR,DOV,DOW,DPZ,DRI,DTE,DUK,DVA,DVN,DXCM,EA,EBAY,ECL,ED,EFX,EG,EIX,EL,ELV,EMN,EMR,ENPH,EOG,EPAM,EQIX,EQR,EQT,ES,ESS,ETN,ETR,ETSY,EVRG,EW,EXC,EXPD,EXPE,EXR,F,FANG,FAST,FCX,FDS,FDX,FE,FFIV,FI,FICO,FIS,FITB,FLT,FMC,FOX,FOXA,FRT,FSLR,FTNT,FTV,GD,GE,GEHC,GEN,GILD,GIS,GL,GLW,GM,GNRC,GOOG,GOOGL,GPC,GPN,GRMN,GS,GWW,HAL,HAS,HBAN,HCA,HD,HES,HIG,HII,HLT,HOLX,HON,HPE,HPQ,HRL,HSIC,HST,HSY,HUBB,HUM,HWM,IBM,ICE,IDXX,IEX,IFF,ILMN,INCY,INTC,INTU,INVH,IP,IPG,IQV,IR,IRM,ISRG,IT,ITW,IVZ,J,JBHT,JCI,JKHY,JNJ,JNPR,JPM,K,KDP,KEY,KEYS,KHC,KIM,KLAC,KMB,KMI,KMX,KO,KR,KVUE,L,LDOS,LEN,LH,LHX,LIN,LKQ,LLY,LMT,LNT,LOW,LRCX,LULU,LUV,LVS,LW,LYB,LYV,MA,MAA,MAR,MAS,MCD,MCHP,MCK,MCO,MDLZ,MDT,MET,META,MGM,MHK,MKC,MKTX,MLM,MMC,MMM,MNST,MO,MOH,MOS,MPC,MPWR,MRK,MRNA,MRO,MS,MSCI,MSFT,MSI,MTB,MTCH,MTD,MU,NCLH,NDAQ,NDSN,NEE,NEM,NFLX,NI,NKE,NOC,NOW,NRG,NSC,NTAP,NTRS,NUE,NVDA,NVR,NWS,NWSA,NXPI,O,ODFL,OKE,OMC,ON,ORCL,ORLY,OTIS,OXY,PANW,PARA,PAYC,PAYX,PCAR,PCG,PEAK,PEG,PEP,PFE,PFG,PG,PGR,PH,PHM,PKG,PLD,PM,PNC,PNR,PNW,PODD,POOL,PPG,PPL,PRU,PSA,PSX,PTC,PWR,PXD,PYPL,QCOM,QRVO,RCL,REG,REGN,RF,RHI,RJF,RL,RMD,ROK,ROL,ROP,ROST,RSG,RTX,RVTY,SBAC,SBUX,SCHW,SEDG,SEE,SHW,SJM,SLB,SNA,SNPS,SO,SPG,SPGI,SRE,STE,STLD,STT,STX,STZ,SWK,SWKS,SYF,SYK,SYY,T,TAP,TDG,TDY,TECH,TEL,TER,TFC,TFX,TGT,TJX,TMO,TMUS,TPR,TRGP,TRMB,TROW,TRV,TSCO,TSLA,TSN,TT,TTWO,TXN,TXT,TYL,UAL,UDR,UHS,ULTA,UNH,UNP,UPS,URI,USB,V,VFC,VICI,VLO,VLTO,VMC,VRSK,VRSN,VRTX,VTR,VTRS,VZ,WAB,WAT,WBA,WBD,WDC,WEC,WELL,WFC,WHR,WM,WMB,WMT,WRB,WRK,WST,WTW,WY,WYNN,XEL,XOM,XRAY,XYL,YUM,ZBH,ZBRA,ZION,ZTS"
2023-12-18,"A,AAL,AAPL,ABBV,ABNB,ABT,ACGL,ACN,ADBE,ADI,ADM,ADP,ADSK,AEE,AEP,AES,AFL,AIG,AIZ,AJG,AKAM,ALB,ALGN,ALL,ALLE,AMAT,AMCR,AMD,AME,AMGN,AMP,AMT,AMZN,ANET,ANSS,AON,AOS,APA,APD,APH,APTV,ARE,ATO,AVB,AVGO,AVY,AWK,AXON,AXP,AZO,BA,BAC,BALL,BAX,BBWI,BBY,BDX,BEN,BF.B,BG,BIIB,BIO,BK,BKNG,BKR,BLDR,BLK,BMY,BR,BRK.B,BRO,BSX,BWA,BX,BXP,C,CAG,CAH,CARR,CAT,CB,CBOE,CBRE,CCI,CCL,CDAY,CDNS,CDW,CE,CEG,CF,CFG,CHD,CHRW,CHTR,CI,CINF,CL,CLX,CMA,CMCSA,CME,CMG,CMI,CMS,CNC,CNP,COF,COO,COP,COR,COST,CPB,CPRT,CPT,CRL,CRM,CSCO,CSGP,CSX,CTAS,CTLT,CTRA,CTSH,CTVA,CVS,CVX,CZR,D,DAL,DD,DE,DFS,DG,DGX,DHI,DHR,DIS,DLR,DLTR,DOV,DOW,DPZ,DRI,DTE,DUK,DVA,DVN,DXCM,EA,EBAY,ECL,ED,EFX,EG,EIX,EL,ELV,EMN,EMR,ENPH,EOG,EPAM,EQIX,EQR,EQT,ES,ESS,ETN,ETR,ETSY,EVRG,EW,EXC,EXPD,EXPE,EXR,F,FANG,FAST,FCX,FDS,FDX,FE,FFIV,FI,FICO,FIS,FITB,FLT,FMC,FOX,FOXA,FRT,FSLR,FTNT,FTV,GD,GE,GEHC,GEN,GILD,GIS,GL,GLW,GM,GNRC,GOOG,GOOGL,GPC,GPN,GRMN,GS,GWW,HAL,HAS,HBAN,HCA,HD,HES,HIG,HII,HLT,HOLX,HON,HPE,HPQ,HRL,HSIC,HST,HSY,HUBB,HUM,HWM,IBM,ICE,IDXX,IEX,IFF,ILMN,INCY,INTC,INTU,INVH,IP,IPG,IQV,IR,IRM,ISRG,IT,ITW,IVZ,J,JBHT,JBL,JCI,JKHY,JNJ,JNPR,JPM,K,KDP,KEY,KEYS,KHC,KIM,KLAC,KMB,KMI,KMX,KO,KR,KVUE,L,LDOS,LEN,LH,LHX,LIN,LKQ,LLY,LMT,LNT,LOW,LRCX,LULU,LUV,LVS,LW,LYB,LYV,MA,MAA,MAR,MAS,MCD,MCHP,MCK,MCO,MDLZ,MDT,MET,META,MGM,MHK,MKC,MKTX,MLM,MMC,MMM,MNST,MO,MOH,MOS,MPC,MPWR,MRK,MRNA,MRO,MS,MSCI,MSFT,MSI,MTB,MTCH,MTD,MU,NCLH,NDAQ,NDSN,NEE,NEM,NFLX,NI,NKE,NOC,NOW,NRG,NSC,NTAP,NTRS,NUE,NVDA,NVR,NWS,NWSA,NXPI,O,ODFL,OKE,OMC,ON,ORCL,ORLY,OTIS,OXY,PANW,PARA,PAYC,PAYX,PCAR,PCG,PEAK,PEG,PEP,PFE,PFG,PG,PGR,PH,PHM,PKG,PLD,PM,PNC,PNR,PNW,PODD,POOL,PPG,PPL,PRU,PSA,PSX,PTC,PWR,PXD,PYPL,QCOM,QRVO,RCL,REG,REGN,RF,RHI,RJF,RL,RMD,ROK,ROL,ROP,ROST,RSG,RTX,RVTY,SBAC,SBUX,SCHW,SHW,SJM,SLB,SNA,SNPS,SO,SPG,SPGI,SRE,STE,STLD,STT,STX,STZ,SWK,SWKS,SYF,SYK,SYY,T,TAP,TDG,TDY,TECH,TEL,TER,TFC,TFX,TGT,TJX,TMO,TMUS,TPR,TRGP,TRMB,TROW,TRV,TSCO,TSLA,TSN,TT,TTWO,TXN,TXT,TYL,UAL,UBER,UDR,UHS,ULTA,UNH,UNP,UPS,URI,USB,V,VFC,VICI,VLO,VLTO,VMC,VRSK,VRSN,VRTX,VTR,VTRS,VZ,WAB,WAT,WBA,WBD,WDC,WEC,WELL,WFC,WHR,WM,WMB,WMT,WRB,WRK,WST,WTW,WY,WYNN,XEL,XOM,XRAY,XYL,YUM,ZBH,ZBRA,ZION,ZTS"
2024-02-01,"A,AAL,AAPL,ABBV,ABNB,ABT,ACGL,ACN,ADBE,ADI,ADM,ADP,ADSK,AEE,AEP,AES,AFL,AIG,AIZ,AJG,AKAM,ALB,ALGN,ALL,ALLE,AMAT,AMCR,AMD,AME,AMGN,AMP,AMT,AMZN,ANET,ANSS,AON,AOS,APA,APD,APH,APTV,ARE,ATO,AVB,AVGO,AVY,AWK,AXON,AXP,AZO,BA,BAC,BALL,BAX,BBWI,BBY,BDX,BEN,BF.B,BG,BIIB,BIO,BK,BKNG,BKR,BLDR,BLK,BMY,BR,BRK.B,BRO,BSX,BWA,BX,BXP,C,CAG,CAH,CARR,CAT,CB,CBOE,CBRE,CCI,CCL,CDNS,CDW,CE,CEG,CF,CFG,CHD,CHRW,CHTR,CI,CINF,CL,CLX,CMA,CMCSA,CME,CMG,CMI,CMS,CNC,CNP,COF,COO,COP,COR,COST,CPB,CPRT,CPT,CRL,CRM,CSCO,CSGP,CSX,CTAS,CTLT,CTRA,CTSH,CTVA,CVS,CVX,CZR,D,DAL,DAY,DD,DE,DFS,DG,DGX,DHI,DHR,DIS,DLR,DLTR,DOV,DOW,DPZ,DRI,DTE,DUK,DVA,DVN,DXCM,EA,EBAY,ECL,ED,EFX,EG,EIX,EL,ELV,EMN,EMR,ENPH,EOG,EPAM,EQIX,EQR,EQT,ES,ESS,ETN,ETR,ETSY,EVRG,EW,EXC,EXPD,EXPE,EXR,F,FANG,FAST,FCX,FDS,FDX,FE,FFIV,FI,FICO,FIS,FITB,FLT,FMC,FOX,FOXA,FRT,FSLR,FTNT,FTV,GD,GE,GEHC,GEN,GILD,GIS,GL,GLW,GM,GNRC,GOOG,GOOGL,GPC,GPN,GRMN,GS,GWW,HAL,HAS,HBAN,HCA,HD,HES,HIG,HII,HLT,HOLX,HON,HPE,HPQ,HRL,HSIC,HST,HSY,HUBB,HUM,HWM,IBM,ICE,IDXX,IEX,IFF,ILMN,INCY,INTC,INTU,INVH,IP,IPG,IQV,IR,IRM,ISRG,IT,ITW,IVZ,J,JBHT,JBL,JCI,JKHY,JNJ,JNPR,JPM,K,KDP,KEY,KEYS,KHC,KIM,KLAC,KMB,KMI,KMX,KO,KR,KVUE,L,LDOS,LEN,LH,LHX,LIN,LKQ,LLY,LMT,LNT,LOW,LRCX,LULU,LUV,LVS,LW,LYB,LYV,MA,MAA,MAR,MAS,MCD,MCHP,MCK,MCO,MDLZ,MDT,MET,META,MGM,MHK,MKC,MKTX,MLM,MMC,MMM,MNST,MO,MOH,MOS,MPC,MPWR,MRK,MRNA,MRO,MS,MSCI,MSFT,MSI,MTB,MTCH,MTD,MU,NCLH,NDAQ,NDSN,NEE,NEM,NFLX,NI,NKE,NOC,NOW,NRG,NSC,NTAP,NTRS,NUE,NVDA,NVR,NWS,NWSA,NXPI,O,ODFL,OKE,OMC,ON,ORCL,ORLY,OTIS,OXY,PANW,PARA,PAYC,PAYX,PCAR,PCG,PEAK,PEG,PEP,PFE,PFG,PG,PGR,PH,PHM,PKG,PLD,PM,PNC,PNR,PNW,PODD,POOL,PPG,PPL,PRU,PSA,PSX,PTC,PWR,PXD,PYPL,QCOM,QRVO,RCL,REG,REGN,RF,RHI,RJF,RL,RMD,ROK,ROL,ROP,ROST,RSG,RTX,RVTY,SBAC,SBUX,SCHW,SHW,SJM,SLB,SNA,SNPS,SO,SPG,SPGI,SRE,STE,STLD,STT,STX,STZ,SWK,SWKS,SYF,SYK,SYY,T,TAP,TDG,TDY,TECH,TEL,TER,TFC,TFX,TGT,TJX,TMO,TMUS,TPR,TRGP,TRMB,TROW,TRV,TSCO,TSLA,TSN,TT,TTWO,TXN,TXT,TYL,UAL,UBER,UDR,UHS,ULTA,UNH,UNP,UPS,URI,USB,V,VFC,VICI,VLO,VLTO,VMC,VRSK,VRSN,VRTX,VTR,VTRS,VZ,WAB,WAT,WBA,WBD,WDC,WEC,WELL,WFC,WHR,WM,WMB,WMT,WRB,WRK,WST,WTW,WY,WYNN,XEL,XOM,XRAY,XYL,YUM,ZBH,ZBRA,ZION,ZTS"
2024-03-04,"A,AAL,AAPL,ABBV,ABNB,ABT,ACGL,ACN,ADBE,ADI,ADM,ADP,ADSK,AEE,AEP,AES,AFL,AIG,AIZ,AJG,AKAM,ALB,ALGN,ALL,ALLE,AMAT,AMCR,AMD,AME,AMGN,AMP,AMT,AMZN,ANET,ANSS,AON,AOS,APA,APD,APH,APTV,ARE,ATO,AVB,AVGO,AVY,AWK,AXON,AXP,AZO,BA,BAC,BALL,BAX,BBWI,BBY,BDX,BEN,BF.B,BG,BIIB,BIO,BK,BKNG,BKR,BLDR,BLK,BMY,BR,BRK.B,BRO,BSX,BWA,BX,BXP,C,CAG,CAH,CARR,CAT,CB,CBOE,CBRE,CCI,CCL,CDNS,CDW,CE,CEG,CF,CFG,CHD,CHRW,CHTR,CI,CINF,CL,CLX,CMA,CMCSA,CME,CMG,CMI,CMS,CNC,CNP,COF,COO,COP,COR,COST,CPB,CPRT,CPT,CRL,CRM,CSCO,CSGP,CSX,CTAS,CTLT,CTRA,CTSH,CTVA,CVS,CVX,CZR,D,DAL,DAY,DD,DE,DFS,DG,DGX,DHI,DHR,DIS,DLR,DLTR,DOC,DOV,DOW,DPZ,DRI,DTE,DUK,DVA,DVN,DXCM,EA,EBAY,ECL,ED,EFX,EG,EIX,EL,ELV,EMN,EMR,ENPH,EOG,EPAM,EQIX,EQR,EQT,ES,ESS,ETN,ETR,ETSY,EVRG,EW,EXC,EXPD,EXPE,EXR,F,FANG,FAST,FCX,FDS,FDX,FE,FFIV,FI,FICO,FIS,FITB,FLT,FMC,FOX,FOXA,FRT,FSLR,FTNT,FTV,GD,GE,GEHC,GEN,GILD,GIS,GL,GLW,GM,GNRC,GOOG,GOOGL,GPC,GPN,GRMN,GS,GWW,HAL,HAS,HBAN,HCA,HD,HES,HIG,HII,HLT,HOLX,HON,HPE,HPQ,HRL,HSIC,HST,HSY,HUBB,HUM,HWM,IBM,ICE,IDXX,IEX,IFF,ILMN,INCY,INTC,INTU,INVH,IP,IPG,IQV,IR,IRM,ISRG,IT,ITW,IVZ,J,JBHT,JBL,JCI,JKHY,JNJ,JNPR,JPM,K,KDP,KEY,KEYS,KHC,KIM,KLAC,KMB,KMI,KMX,KO,KR,KVUE,L,LDOS,LEN,LH,LHX,LIN,LKQ,LLY,LMT,LNT,LOW,LRCX,LULU,LUV,LVS,LW,LYB,LYV,MA,MAA,MAR,MAS,MCD,MCHP,MCK,MCO,MDLZ,MDT,MET,META,MGM,MHK,MKC,MKTX,MLM,MMC,MMM,MNST,MO,MOH,MOS,MPC,MPWR,MRK,MRNA,MRO,MS,MSCI,MSFT,MSI,MTB,MTCH,MTD,MU,NCLH,NDAQ,NDSN,NEE,NEM,NFLX,NI,NKE,NOC,NOW,NRG,NSC,NTAP,NTRS,NUE,NVDA,NVR,NWS,NWSA,NXPI,O,ODFL,OKE,OMC,ON,ORCL,ORLY,OTIS,OXY,PANW,PARA,PAYC,PAYX,PCAR,PCG,PEG,PEP,PFE,PFG,PG,PGR,PH,PHM,PKG,PLD,PM,PNC,PNR,PNW,PODD,POOL,PPG,PPL,PRU,PSA,PSX,PTC,PWR,PXD,PYPL,QCOM,QRVO,RCL,REG,REGN,RF,RHI,RJF,RL,RMD,ROK,ROL,ROP,ROST,RSG,RTX,RVTY,SBAC,SBUX,SCHW,SHW,SJM,SLB,SNA,SNPS,SO,SPG,SPGI,SRE,STE,STLD,STT,STX,STZ,SWK,SWKS,SYF,SYK,SYY,T,TAP,TDG,TDY,TECH,TEL,TER,TFC,TFX,TGT,TJX,TMO,TMUS,TPR,TRGP,TRMB,TROW,TRV,TSCO,TSLA,TSN,TT,TTWO,TXN,TXT,TYL,UAL,UBER,UDR,UHS,ULTA,UNH,UNP,UPS,URI,USB,V,VFC,VICI,VLO,VLTO,VMC,VRSK,VRSN,VRTX,VTR,VTRS,VZ,WAB,WAT,WBA,WBD,WDC,WEC,WELL,WFC,WHR,WM,WMB,WMT,WRB,WRK,WST,WTW,WY,WYNN,XEL,XOM,XRAY,XYL,YUM,ZBH,ZBRA,ZION,ZTS"
2024-03-18,"A,AAL,AAPL,ABBV,ABNB,ABT,ACGL,ACN,ADBE,ADI,ADM,ADP,ADSK,AEE,AEP,AES,AFL,AIG,AIZ,AJG,AKAM,ALB,ALGN,ALL,ALLE,AMAT,AMCR,AMD,AME,AMGN,AMP,AMT,AMZN,ANET,ANSS,AON,AOS,APA,APD,APH,APTV,ARE,ATO,AVB,AVGO,AVY,AWK,AXON,AXP,AZO,BA,BAC,BALL,BAX,BBWI,BBY,BDX,BEN,BF.B,BG,BIIB,BIO,BK,BKNG,BKR,BLDR,BLK,BMY,BR,BRK.B,BRO,BSX,BWA,BX,BXP,C,CAG,CAH,CARR,CAT,CB,CBOE,CBRE,CCI,CCL,CDNS,CDW,CE,CEG,CF,CFG,CHD,CHRW,CHTR,CI,CINF,CL,CLX,CMA,CMCSA,CME,CMG,CMI,CMS,CNC,CNP,COF,COO,COP,COR,COST,CPB,CPRT,CPT,CRL,CRM,CSCO,CSGP,CSX,CTAS,CTLT,CTRA,CTSH,CTVA,CVS,CVX,CZR,D,DAL,DAY,DD,DE,DECK,DFS,DG,DGX,DHI,DHR,DIS,DLR,DLTR,DOC,DOV,DOW,DPZ,DRI,DTE,DUK,DVA,DVN,DXCM,EA,EBAY,ECL,ED,EFX,EG,EIX,EL,ELV,EMN,EMR,ENPH,EOG,EPAM,EQIX,EQR,EQT,ES,ESS,ETN,ETR,ETSY,EVRG,EW,EXC,EXPD,EXPE,EXR,F,FANG,FAST,FCX,FDS,FDX,FE,FFIV,FI,FICO,FIS,FITB,FLT,FMC,FOX,FOXA,FRT,FSLR,FTNT,FTV,GD,GE,GEHC,GEN,GILD,GIS,GL,GLW,GM,GNRC,GOOG,GOOGL,GPC,GPN,GRMN,GS,GWW,HAL,HAS,HBAN,HCA,HD,HES,HIG,HII,HLT,HOLX,HON,HPE,HPQ,HRL,HSIC,HST,HSY,HUBB,HUM,HWM,IBM,ICE,IDXX,IEX,IFF,ILMN,INCY,INTC,INTU,INVH,IP,IPG,IQV,IR,IRM,ISRG,IT,ITW,IVZ,J,JBHT,JBL,JCI,JKHY,JNJ,JNPR,JPM,K,KDP,KEY,KEYS,KHC,KIM,KLAC,KMB,KMI,KMX,KO,KR,KVUE,L,LDOS,LEN,LH,LHX,LIN,LKQ,LLY,LMT,LNT,LOW,LRCX,LULU,LUV,LVS,LW,LYB,LYV,MA,MAA,MAR,MAS,MCD,MCHP,MCK,MCO,MDLZ,MDT,MET,META,MGM,MHK,MKC,MKTX,MLM,MMC,MMM,MNST,MO,MOH,MOS,MPC,MPWR,MRK,MRNA,MRO,MS,MSCI,MSFT,MSI,MTB,MTCH,MTD,MU,NCLH,NDAQ,NDSN,NEE,NEM,NFLX,NI,NKE,NOC,NOW,NRG,NSC,NTAP,NTRS,NUE,NVDA,NVR,NWS,NWSA,NXPI,O,ODFL,OKE,OMC,ON,ORCL,ORLY,OTIS,OXY,PANW,PARA,PAYC,PAYX,PCAR,PCG,PEG,PEP,PFE,PFG,PG,PGR,PH,PHM,PKG,PLD,PM,PNC,PNR,PNW,PODD,POOL,PPG,PPL,PRU,PSA,PSX,PTC,PWR,PXD,PYPL,QCOM,QRVO,RCL,REG,REGN,RF,RHI,RJF,RL,RMD,ROK,ROL,ROP,ROST,RSG,RTX,RVTY,SBAC,SBUX,SCHW,SHW,SJM,SLB,SMCI,SNA,SNPS,SO,SPG,SPGI,SRE,STE,STLD,STT,STX,STZ,SWK,SWKS,SYF,SYK,SYY,T,TAP,TDG,TDY,TECH,TEL,TER,TFC,TFX,TGT,TJX,TMO,TMUS,TPR,TRGP,TRMB,TROW,TRV,TSCO,TSLA,TSN,TT,TTWO,TXN,TXT,TYL,UAL,UBER,UDR,UHS,ULTA,UNH,UNP,UPS,URI,USB,V,VFC,VICI,VLO,VLTO,VMC,VRSK,VRSN,VRTX,VTR,VTRS,VZ,WAB,WAT,WBA,WBD,WDC,WEC,WELL,WFC,WM,WMB,WMT,WRB,WRK,WST,WTW,WY,WYNN,XEL,XOM,XRAY,XYL,YUM,ZBH,ZBRA,ZTS"
2024-03-25,"A,AAL,AAPL,ABBV,ABNB,ABT,ACGL,ACN,ADBE,ADI,ADM,ADP,ADSK,AEE,AEP,AES,AFL,AIG,AIZ,AJG,AKAM,ALB,ALGN,ALL,ALLE,AMAT,AMCR,AMD,AME,AMGN,AMP,AMT,AMZN,ANET,ANSS,AON,AOS,APA,APD,APH,APTV,ARE,ATO,AVB,AVGO,AVY,AWK,AXON,AXP,AZO,BA,BAC,BALL,BAX,BBWI,BBY,BDX,BEN,BF.B,BG,BIIB,BIO,BK,BKNG,BKR,BLDR,BLK,BMY,BR,BRK.B,BRO,BSX,BWA,BX,BXP,C,CAG,CAH,CARR,CAT,CB,CBOE,CBRE,CCI,CCL,CDNS,CDW,CE,CEG,CF,CFG,CHD,CHRW,CHTR,CI,CINF,CL,CLX,CMA,CMCSA,CME,CMG,CMI,CMS,CNC,CNP,COF,COO,COP,COR,COST,CPAY,CPB,CPRT,CPT,CRL,CRM,CSCO,CSGP,CSX,CTAS,CTLT,CTRA,CTSH,CTVA,CVS,CVX,CZR,D,DAL,DAY,DD,DE,DECK,DFS,DG,DGX,DHI,DHR,DIS,DLR,DLTR,DOC,DOV,DOW,DPZ,DRI,DTE,DUK,DVA,DVN,DXCM,EA,EBAY,ECL,ED,EFX,EG,EIX,EL,ELV,EMN,EMR,ENPH,EOG,EPAM,EQIX,EQR,EQT,ES,ESS,ETN,ETR,ETSY,EVRG,EW,EXC,EXPD,EXPE,EXR,F,FANG,FAST,FCX,FDS,FDX,FE,FFIV,FI,FICO,FIS,FITB,FMC,FOX,FOXA,FRT,FSLR,FTNT,FTV,GD,GE,GEHC,GEN,GILD,GIS,GL,GLW,GM,GNRC,GOOG,GOOGL,GPC,GPN,GRMN,GS,GWW,HAL,HAS,HBAN,HCA,HD,HES,HIG,HII,HLT,HOLX,HON,HPE,HPQ,HRL,HSIC,HST,HSY,HUBB,HUM,HWM,IBM,ICE,IDXX,IEX,IFF,ILMN,INCY,INTC,INTU,INVH,IP,IPG,IQV,IR,IRM,ISRG,IT,ITW,IVZ,J,JBHT,JBL,JCI,JKHY,JNJ,JNPR,JPM,K,KDP,KEY,KEYS,KHC,KIM,KLAC,KMB,KMI,KMX,KO,KR,KVUE,L,LDOS,LEN,LH,LHX,LIN,LKQ,LLY,LMT,LNT,LOW,LRCX,LULU,LUV,LVS,LW,LYB,LYV,MA,MAA,MAR,MAS,MCD,MCHP,MCK,MCO,MDLZ,MDT,MET,META,MGM,MHK,MKC,MKTX,MLM,MMC,MMM,MNST,MO,MOH,MOS,MPC,MPWR,MRK,MRNA,MRO,MS,MSCI,MSFT,MSI,MTB,MTCH,MTD,MU,NCLH,NDAQ,NDSN,NEE,NEM,NFLX,NI,NKE,NOC,NOW,NRG,NSC,NTAP,NTRS,NUE,NVDA,NVR,NWS,NWSA,NXPI,O,ODFL,OKE,OMC,ON,ORCL,ORLY,OTIS,OXY,PANW,PARA,PAYC,PAYX,PCAR,PCG,PEG,PEP,PFE,PFG,PG,PGR,PH,PHM,PKG,PLD,PM,PNC,PNR,PNW,PODD,POOL,PPG,PPL,PRU,PSA,PSX,PTC,PWR,PXD,PYPL,QCOM,QRVO,RCL,REG,REGN,RF,RHI,RJF,RL,RMD,ROK,ROL,ROP,ROST,RSG,RTX,RVTY,SBAC,SBUX,SCHW,SHW,SJM,SLB,SMCI,SNA,SNPS,SO,SPG,SPGI,SRE,STE,STLD,STT,STX,STZ,SWK,SWKS,SYF,SYK,SYY,T,TAP,TDG,TDY,TECH,TEL,TER,TFC,TFX,TGT,TJX,TMO,TMUS,TPR,TRGP,TRMB,TROW,TRV,TSCO,TSLA,TSN,TT,TTWO,TXN,TXT,TYL,UAL,UBER,UDR,UHS,ULTA,UNH,UNP,UPS,URI,USB,V,VFC,VICI,VLO,VLTO,VMC,VRSK,VRSN,VRTX,VTR,VTRS,VZ,WAB,WAT,WBA,WBD,WDC,WEC,WELL,WFC,WM,WMB,WMT,WRB,WRK,WST,WTW,WY,WYNN,XEL,XOM,XRAY,XYL,YUM,ZBH,ZBRA,ZTS"
2024-04-01,"A,AAL,AAPL,ABBV,ABNB,ABT,ACGL,ACN,ADBE,ADI,ADM,ADP,ADSK,AEE,AEP,AES,AFL,AIG,AIZ,AJG,AKAM,ALB,ALGN,ALL,ALLE,AMAT,AMCR,AMD,AME,AMGN,AMP,AMT,AMZN,ANET,ANSS,AON,AOS,APA,APD,APH,APTV,ARE,ATO,AVB,AVGO,AVY,AWK,AXON,AXP,AZO,BA,BAC,BALL,BAX,BBWI,BBY,BDX,BEN,BF.B,BG,BIIB,BIO,BK,BKNG,BKR,BLDR,BLK,BMY,BR,BRK.B,BRO,BSX,BWA,BX,BXP,C,CAG,CAH,CARR,CAT,CB,CBOE,CBRE,CCI,CCL,CDNS,CDW,CE,CEG,CF,CFG,CHD,CHRW,CHTR,CI,CINF,CL,CLX,CMA,CMCSA,CME,CMG,CMI,CMS,CNC,CNP,COF,COO,COP,COR,COST,CPAY,CPB,CPRT,CPT,CRL,CRM,CSCO,CSGP,CSX,CTAS,CTLT,CTRA,CTSH,CTVA,CVS,CVX,CZR,D,DAL,DAY,DD,DE,DECK,DFS,DG,DGX,DHI,DHR,DIS,DLR,DLTR,DOC,DOV,DOW,DPZ,DRI,DTE,DUK,DVA,DVN,DXCM,EA,EBAY,ECL,ED,EFX,EG,EIX,EL,ELV,EMN,EMR,ENPH,EOG,EPAM,EQIX,EQR,EQT,ES,ESS,ETN,ETR,ETSY,EVRG,EW,EXC,EXPD,EXPE,EXR,F,FANG,FAST,FCX,FDS,FDX,FE,FFIV,FI,FICO,FIS,FITB,FMC,FOX,FOXA,FRT,FSLR,FTNT,FTV,GD,GE,GEHC,GEN,GILD,GIS,GL,GLW,GM,GNRC,GOOG,GOOGL,GPC,GPN,GRMN,GS,GWW,HAL,HAS,HBAN,HCA,HD,HES,HIG,HII,HLT,HOLX,HON,HPE,HPQ,HRL,HSIC,HST,HSY,HUBB,HUM,HWM,IBM,ICE,IDXX,IEX,IFF,ILMN,INCY,INTC,INTU,INVH,IP,IPG,IQV,IR,IRM,ISRG,IT,ITW,IVZ,J,JBHT,JBL,JCI,JKHY,JNJ,JNPR,JPM,K,KDP,KEY,KEYS,KHC,KIM,KLAC,KMB,KMI,KMX,KO,KR,KVUE,L,LDOS,LEN,LH,LHX,LIN,LKQ,LLY,LMT,LNT,LOW,LRCX,LULU,LUV,LVS,LW,LYB,LYV,MA,MAA,MAR,MAS,MCD,MCHP,MCK,MCO,MDLZ,MDT,MET,META,MGM,MHK,MKC,MKTX,MLM,MMC,MMM,MNST,MO,MOH,MOS,MPC,MPWR,MRK,MRNA,MRO,MS,MSCI,MSFT,MSI,MTB,MTCH,MTD,MU,NCLH,NDAQ,NDSN,NEE,NEM,NFLX,NI,NKE,NOC,NOW,NRG,NSC,NTAP,NTRS,NUE,NVDA,NVR,NWS,NWSA,NXPI,O,ODFL,OKE,OMC,ON,ORCL,ORLY,OTIS,OXY,PANW,PARA,PAYC,PAYX,PCAR,PCG,PEG,PEP,PFE,PFG,PG,PGR,PH,PHM,PKG,PLD,PM,PNC,PNR,PNW,PODD,POOL,PPG,PPL,PRU,PSA,PSX,PTC,PWR,PXD,PYPL,QCOM,QRVO,RCL,REG,REGN,RF,RHI,RJF,RL,RMD,ROK,ROL,ROP,ROST,RSG,RTX,RVTY,SBAC,SBUX,SCHW,SHW,SJM,SLB,SMCI,SNA,SNPS,SO,SOLV,SPG,SPGI,SRE,STE,STLD,STT,STX,STZ,SWK,SWKS,SYF,SYK,SYY,T,TAP,TDG,TDY,TECH,TEL,TER,TFC,TFX,TGT,TJX,TMO,TMUS,TPR,TRGP,TRMB,TROW,TRV,TSCO,TSLA,TSN,TT,TTWO,TXN,TXT,TYL,UAL,UBER,UDR,UHS,ULTA,UNH,UNP,UPS,URI,USB,V,VICI,VLO,VLTO,VMC,VRSK,VRSN,VRTX,VTR,VTRS,VZ,WAB,WAT,WBA,WBD,WDC,WEC,WELL,WFC,WM,WMB,WMT,WRB,WRK,WST,WTW,WY,WYNN,XEL,XOM,XRAY,XYL,YUM,ZBH,ZBRA,ZTS"
2024-04-02,"A,AAL,AAPL,ABBV,ABNB,ABT,ACGL,ACN,ADBE,ADI,ADM,ADP,ADSK,AEE,AEP,AES,AFL,AIG,AIZ,AJG,AKAM,ALB,ALGN,ALL,ALLE,AMAT,AMCR,AMD,AME,AMGN,AMP,AMT,AMZN,ANET,ANSS,AON,AOS,APA,APD,APH,APTV,ARE,ATO,AVB,AVGO,AVY,AWK,AXON,AXP,AZO,BA,BAC,BALL,BAX,BBWI,BBY,BDX,BEN,BF.B,BG,BIIB,BIO,BK,BKNG,BKR,BLDR,BLK,BMY,BR,BRK.B,BRO,BSX,BWA,BX,BXP,C,CAG,CAH,CARR,CAT,CB,CBOE,CBRE,CCI,CCL,CDNS,CDW,CE,CEG,CF,CFG,CHD,CHRW,CHTR,CI,CINF,CL,CLX,CMA,CMCSA,CME,CMG,CMI,CMS,CNC,CNP,COF,COO,COP,COR,COST,CPAY,CPB,CPRT,CPT,CRL,CRM,CSCO,CSGP,CSX,CTAS,CTLT,CTRA,CTSH,CTVA,CVS,CVX,CZR,D,DAL,DAY,DD,DE,DECK,DFS,DG,DGX,DHI,DHR,DIS,DLR,DLTR,DOC,DOV,DOW,DPZ,DRI,DTE,DUK,DVA,DVN,DXCM,EA,EBAY,ECL,ED,EFX,EG,EIX,EL,ELV,EMN,EMR,ENPH,EOG,EPAM,EQIX,EQR,EQT,ES,ESS,ETN,ETR,ETSY,EVRG,EW,EXC,EXPD,EXPE,EXR,F,FANG,FAST,FCX,FDS,FDX,FE,FFIV,FI,FICO,FIS,FITB,FMC,FOX,FOXA,FRT,FSLR,FTNT,FTV,GD,GE,GEHC,GEN,GEV,GILD,GIS,GL,GLW,GM,GNRC,GOOG,GOOGL,GPC,GPN,GRMN,GS,GWW,HAL,HAS,HBAN,HCA,HD,HES,HIG,HII,HLT,HOLX,HON,HPE,HPQ,HRL,HSIC,HST,HSY,HUBB,HUM,HWM,IBM,ICE,IDXX,IEX,IFF,ILMN,INCY,INTC,INTU,INVH,IP,IPG,IQV,IR,IRM,ISRG,IT,ITW,IVZ,J,JBHT,JBL,JCI,JKHY,JNJ,JNPR,JPM,K,KDP,KEY,KEYS,KHC,KIM,KLAC,KMB,KMI,KMX,KO,KR,KVUE,L,LDOS,LEN,LH,LHX,LIN,LKQ,LLY,LMT,LNT,LOW,LRCX,LULU,LUV,LVS,LW,LYB,LYV,MA,MAA,MAR,MAS,MCD,MCHP,MCK,MCO,MDLZ,MDT,MET,META,MGM,MHK,MKC,MKTX,MLM,MMC,MMM,MNST,MO,MOH,MOS,MPC,MPWR,MRK,MRNA,MRO,MS,MSCI,MSFT,MSI,MTB,MTCH,MTD,MU,NCLH,NDAQ,NDSN,NEE,NEM,NFLX,NI,NKE,NOC,NOW,NRG,NSC,NTAP,NTRS,NUE,NVDA,NVR,NWS,NWSA,NXPI,O,ODFL,OKE,OMC,ON,ORCL,ORLY,OTIS,OXY,PANW,PARA,PAYC,PAYX,PCAR,PCG,PEG,PEP,PFE,PFG,PG,PGR,PH,PHM,PKG,PLD,PM,PNC,PNR,PNW,PODD,POOL,PPG,PPL,PRU,PSA,PSX,PTC,PWR,PXD,PYPL,QCOM,QRVO,RCL,REG,REGN,RF,RHI,RJF,RL,RMD,ROK,ROL,ROP,ROST,RSG,RTX,RVTY,SBAC,SBUX,SCHW,SHW,SJM,SLB,SMCI,SNA,SNPS,SO,SOLV,SPG,SPGI,SRE,STE,STLD,STT,STX,STZ,SWK,SWKS,SYF,SYK,SYY,T,TAP,TDG,TDY,TECH,TEL,TER,TFC,TFX,TGT,TJX,TMO,TMUS,TPR,TRGP,TRMB,TROW,TRV,TSCO,TSLA,TSN,TT,TTWO,TXN,TXT,TYL,UAL,UBER,UDR,UHS,ULTA,UNH,UNP,UPS,URI,USB,V,VICI,VLO,VLTO,VMC,VRSK,VRSN,VRTX,VTR,VTRS,VZ,WAB,WAT,WBA,WBD,WDC,WEC,WELL,WFC,WM,WMB,WMT,WRB,WRK,WST,WTW,WY,WYNN,XEL,XOM,XYL,YUM,ZBH,ZBRA,ZTS"
2024-05-08,"A,AAL,AAPL,ABBV,ABNB,ABT,ACGL,ACN,ADBE,ADI,ADM,ADP,ADSK,AEE,AEP,AES,AFL,AIG,AIZ,AJG,AKAM,ALB,ALGN,ALL,ALLE,AMAT,AMCR,AMD,AME,AMGN,AMP,AMT,AMZN,ANET,ANSS,AON,AOS,APA,APD,APH,APTV,ARE,ATO,AVB,AVGO,AVY,AWK,AXON,AXP,AZO,BA,BAC,BALL,BAX,BBWI,BBY,BDX,BEN,BF.B,BG,BIIB,BIO,BK,BKNG,BKR,BLDR,BLK,BMY,BR,BRK.B,BRO,BSX,BWA,BX,BXP,C,CAG,CAH,CARR,CAT,CB,CBOE,CBRE,CCI,CCL,CDNS,CDW,CE,CEG,CF,CFG,CHD,CHRW,CHTR,CI,CINF,CL,CLX,CMA,CMCSA,CME,CMG,CMI,CMS,CNC,CNP,COF,COO,COP,COR,COST,CPAY,CPB,CPRT,CPT,CRL,CRM,CSCO,CSGP,CSX,CTAS,CTLT,CTRA,CTSH,CTVA,CVS,CVX,CZR,D,DAL,DAY,DD,DE,DECK,DFS,DG,DGX,DHI,DHR,DIS,DLR,DLTR,DOC,DOV,DOW,DPZ,DRI,DTE,DUK,DVA,DVN,DXCM,EA,EBAY,ECL,ED,EFX,EG,EIX,EL,ELV,EMN,EMR,ENPH,EOG,EPAM,EQIX,EQR,EQT,ES,ESS,ETN,ETR,ETSY,EVRG,EW,EXC,EXPD,EXPE,EXR,F,FANG,FAST,FCX,FDS,FDX,FE,FFIV,FI,FICO,FIS,FITB,FMC,FOX,FOXA,FRT,FSLR,FTNT,FTV,GD,GE,GEHC,GEN,GEV,GILD,GIS,GL,GLW,GM,GNRC,GOOG,GOOGL,GPC,GPN,GRMN,GS,GWW,HAL,HAS,HBAN,HCA,HD,HES,HIG,HII,HLT,HOLX,HON,HPE,HPQ,HRL,HSIC,HST,HSY,HUBB,HUM,HWM,IBM,ICE,IDXX,IEX,IFF,ILMN,INCY,INTC,INTU,INVH,IP,IPG,IQV,IR,IRM,ISRG,IT,ITW,IVZ,J,JBHT,JBL,JCI,JKHY,JNJ,JNPR,JPM,K,KDP,KEY,KEYS,KHC,KIM,KLAC,KMB,KMI,KMX,KO,KR,KVUE,L,LDOS,LEN,LH,LHX,LIN,LKQ,LLY,LMT,LNT,LOW,LRCX,LULU,LUV,LVS,LW,LYB,LYV,MA,MAA,MAR,MAS,MCD,MCHP,MCK,MCO,MDLZ,MDT,MET,META,MGM,MHK,MKC,MKTX,MLM,MMC,MMM,MNST,MO,MOH,MOS,MPC,MPWR,MRK,MRNA,MRO,MS,MSCI,MSFT,MSI,MTB,MTCH,MTD,MU,NCLH,NDAQ,NDSN,NEE,NEM,NFLX,NI,NKE,NOC,NOW,NRG,NSC,NTAP,NTRS,NUE,NVDA,NVR,NWS,NWSA,NXPI,O,ODFL,OKE,OMC,ON,ORCL,ORLY,OTIS,OXY,PANW,PARA,PAYC,PAYX,PCAR,PCG,PEG,PEP,PFE,PFG,PG,PGR,PH,PHM,PKG,PLD,PM,PNC,PNR,PNW,PODD,POOL,PPG,PPL,PRU,PSA,PSX,PTC,PWR,PYPL,QCOM,QRVO,RCL,REG,REGN,RF,RHI,RJF,RL,RMD,ROK,ROL,ROP,ROST,RSG,RTX,RVTY,SBAC,SBUX,SCHW,SHW,SJM,SLB,SMCI,SNA,SNPS,SO,SOLV,SPG,SPGI,SRE,STE,STLD,STT,STX,STZ,SWK,SWKS,SYF,SYK,SYY,T,TAP,TDG,TDY,TECH,TEL,TER,TFC,TFX,TGT,TJX,TMO,TMUS,TPR,TRGP,TRMB,TROW,TRV,TSCO,TSLA,TSN,TT,TTWO,TXN,TXT,TYL,UAL,UBER,UDR,UHS,ULTA,UNH,UNP,UPS,URI,USB,V,VICI,VLO,VLTO,VMC,VRSK,VRSN,VRTX,VST,VTR,VTRS,VZ,WAB,WAT,WBA,WBD,WDC,WEC,WELL,WFC,WM,WMB,WMT,WRB,WRK,WST,WTW,WY,WYNN,XEL,XOM,XYL,YUM,ZBH,ZBRA,ZTS"
2024-06-24,"A,AAL,AAPL,ABBV,ABNB,ABT,ACGL,ACN,ADBE,ADI,ADM,ADP,ADSK,AEE,AEP,AES,AFL,AIG,AIZ,AJG,AKAM,ALB,ALGN,ALL,ALLE,AMAT,AMCR,AMD,AME,AMGN,AMP,AMT,AMZN,ANET,ANSS,AON,AOS,APA,APD,APH,APTV,ARE,ATO,AVB,AVGO,AVY,AWK,AXON,AXP,AZO,BA,BAC,BALL,BAX,BBWI,BBY,BDX,BEN,BF.B,BG,BIIB,BIO,BK,BKNG,BKR,BLDR,BLK,BMY,BR,BRK.B,BRO,BSX,BWA,BX,BXP,C,CAG,CAH,CARR,CAT,CB,CBOE,CBRE,CCI,CCL,CDNS,CDW,CE,CEG,CF,CFG,CHD,CHRW,CHTR,CI,CINF,CL,CLX,CMCSA,CME,CMG,CMI,CMS,CNC,CNP,COF,COO,COP,COR,COST,CPAY,CPB,CPRT,CPT,CRL,CRM,CRWD,CSCO,CSGP,CSX,CTAS,CTLT,CTRA,CTSH,CTVA,CVS,CVX,CZR,D,DAL,DAY,DD,DE,DECK,DFS,DG,DGX,DHI,DHR,DIS,DLR,DLTR,DOC,DOV,DOW,DPZ,DRI,DTE,DUK,DVA,DVN,DXCM,EA,EBAY,ECL,ED,EFX,EG,EIX,EL,ELV,EMN,EMR,ENPH,EOG,EPAM,EQIX,EQR,EQT,ES,ESS,ETN,ETR,ETSY,EVRG,EW,EXC,EXPD,EXPE,EXR,F,FANG,FAST,FCX,FDS,FDX,FE,FFIV,FI,FICO,FIS,FITB,FMC,FOX,FOXA,FRT,FSLR,FTNT,FTV,GD,GDDY,GE,GEHC,GEN,GEV,GILD,GIS,GL,GLW,GM,GNRC,GOOG,GOOGL,GPC,GPN,GRMN,GS,GWW,HAL,HAS,HBAN,HCA,HD,HES,HIG,HII,HLT,HOLX,HON,HPE,HPQ,HRL,HSIC,HST,HSY,HUBB,HUM,HWM,IBM,ICE,IDXX,IEX,IFF,INCY,INTC,INTU,INVH,IP,IPG,IQV,IR,IRM,ISRG,IT,ITW,IVZ,J,JBHT,JBL,JCI,JKHY,JNJ,JNPR,JPM,K,KDP,KEY,KEYS,KHC,KIM,KKR,KLAC,KMB,KMI,KMX,KO,KR,KVUE,L,LDOS,LEN,LH,LHX,LIN,LKQ,LLY,LMT,LNT,LOW,LRCX,LULU,LUV,LVS,LW,LYB,LYV,MA,MAA,MAR,MAS,MCD,MCHP,MCK,MCO,MDLZ,MDT,MET,META,MGM,MHK,MKC,MKTX,MLM,MMC,MMM,MNST,MO,MOH,MOS,MPC,MPWR,MRK,MRNA,MRO,MS,MSCI,MSFT,MSI,MTB,MTCH,MTD,MU,NCLH,NDAQ,NDSN,NEE,NEM,NFLX,NI,NKE,NOC,NOW,NRG,NSC,NTAP,NTRS,NUE,NVDA,NVR,NWS,NWSA,NXPI,O,ODFL,OKE,OMC,ON,ORCL,ORLY,OTIS,OXY,PANW,PARA,PAYC,PAYX,PCAR,PCG,PEG,PEP,PFE,PFG,PG,PGR,PH,PHM,PKG,PLD,PM,PNC,PNR,PNW,PODD,POOL,PPG,PPL,PRU,PSA,PSX,PTC,PWR,PYPL,QCOM,QRVO,RCL,REG,REGN,RF,RJF,RL,RMD,ROK,ROL,ROP,ROST,RSG,RTX,RVTY,SBAC,SBUX,SCHW,SHW,SJM,SLB,SMCI,SNA,SNPS,SO,SOLV,SPG,SPGI,SRE,STE,STLD,STT,STX,STZ,SWK,SWKS,SYF,SYK,SYY,T,TAP,TDG,TDY,TECH,TEL,TER,TFC,TFX,TGT,TJX,TMO,TMUS,TPR,TRGP,TRMB,TROW,TRV,TSCO,TSLA,TSN,TT,TTWO,TXN,TXT,TYL,UAL,UBER,UDR,UHS,ULTA,UNH,UNP,UPS,URI,USB,V,VICI,VLO,VLTO,VMC,VRSK,VRSN,VRTX,VST,VTR,VTRS,VZ,WAB,WAT,WBA,WBD,WDC,WEC,WELL,WFC,WM,WMB,WMT,WRB,WRK,WST,WTW,WY,WYNN,XEL,XOM,XYL,YUM,ZBH,ZBRA,ZTS"
2024-07-08,"A,AAL,AAPL,ABBV,ABNB,ABT,ACGL,ACN,ADBE,ADI,ADM,ADP,ADSK,AEE,AEP,AES,AFL,AIG,AIZ,AJG,AKAM,ALB,ALGN,ALL,ALLE,AMAT,AMCR,AMD,AME,AMGN,AMP,AMT,AMZN,ANET,ANSS,AON,AOS,APA,APD,APH,APTV,ARE,ATO,AVB,AVGO,AVY,AWK,AXON,AXP,AZO,BA,BAC,BALL,BAX,BBWI,BBY,BDX,BEN,BF.B,BG,BIIB,BIO,BK,BKNG,BKR,BLDR,BLK,BMY,BR,BRK.B,BRO,BSX,BWA,BX,BXP,C,CAG,CAH,CARR,CAT,CB,CBOE,CBRE,CCI,CCL,CDNS,CDW,CE,CEG,CF,CFG,CHD,CHRW,CHTR,CI,CINF,CL,CLX,CMCSA,CME,CMG,CMI,CMS,CNC,CNP,COF,COO,COP,COR,COST,CPAY,CPB,CPRT,CPT,CRL,CRM,CRWD,CSCO,CSGP,CSX,CTAS,CTLT,CTRA,CTSH,CTVA,CVS,CVX,CZR,D,DAL,DAY,DD,DE,DECK,DFS,DG,DGX,DHI,DHR,DIS,DLR,DLTR,DOC,DOV,DOW,DPZ,DRI,DTE,DUK,DVA,DVN,DXCM,EA,EBAY,ECL,ED,EFX,EG,EIX,EL,ELV,EMN,EMR,ENPH,EOG,EPAM,EQIX,EQR,EQT,ES,ESS,ETN,ETR,ETSY,EVRG,EW,EXC,EXPD,EXPE,EXR,F,FANG,FAST,FCX,FDS,FDX,FE,FFIV,FI,FICO,FIS,FITB,FMC,FOX,FOXA,FRT,FSLR,FTNT,FTV,GD,GDDY,GE,GEHC,GEN,GEV,GILD,GIS,GL,GLW,GM,GNRC,GOOG,GOOGL,GPC,GPN,GRMN,GS,GWW,HAL,HAS,HBAN,HCA,HD,HES,HIG,HII,HLT,HOLX,HON,HPE,HPQ,HRL,HSIC,HST,HSY,HUBB,HUM,HWM,IBM,ICE,IDXX,IEX,IFF,INCY,INTC,INTU,INVH,IP,IPG,IQV,IR,IRM,ISRG,IT,ITW,IVZ,J,JBHT,JBL,JCI,JKHY,JNJ,JNPR,JPM,K,KDP,KEY,KEYS,KHC,KIM,KKR,KLAC,KMB,KMI,KMX,KO,KR,KVUE,L,LDOS,LEN,LH,LHX,LIN,LKQ,LLY,LMT,LNT,LOW,LRCX,LULU,LUV,LVS,LW,LYB,LYV,MA,MAA,MAR,MAS,MCD,MCHP,MCK,MCO,MDLZ,MDT,MET,META,MGM,MHK,MKC,MKTX,MLM,MMC,MMM,MNST,MO,MOH,MOS,MPC,MPWR,MRK,MRNA,MRO,MS,MSCI,MSFT,MSI,MTB,MTCH,MTD,MU,NCLH,NDAQ,NDSN,NEE,NEM,NFLX,NI,NKE,NOC,NOW,NRG,NSC,NTAP,NTRS,NUE,NVDA,NVR,NWS,NWSA,NXPI,O,ODFL,OKE,OMC,ON,ORCL,ORLY,OTIS,OXY,PANW,PARA,PAYC,PAYX,PCAR,PCG,PEG,PEP,PFE,PFG,PG,PGR,PH,PHM,PKG,PLD,PM,PNC,PNR,PNW,PODD,POOL,PPG,PPL,PRU,PSA,PSX,PTC,PWR,PYPL,QCOM,QRVO,RCL,REG,REGN,RF,RJF,RL,RMD,ROK,ROL,ROP,ROST,RSG,RTX,RVTY,SBAC,SBUX,SCHW,SHW,SJM,SLB,SMCI,SNA,SNPS,SO,SOLV,SPG,SPGI,SRE,STE,STLD,STT,STX,STZ,SW,SWK,SWKS,SYF,SYK,SYY,T,TAP,TDG,TDY,TECH,TEL,TER,TFC,TFX,TGT,TJX,TMO,TMUS,TPR,TRGP,TRMB,TROW,TRV,TSCO,TSLA,TSN,TT,TTWO,TXN,TXT,TYL,UAL,UBER,UDR,UHS,ULTA,UNH,UNP,UPS,URI,USB,V,VICI,VLO,VLTO,VMC,VRSK,VRSN,VRTX,VST,VTR,VTRS,VZ,WAB,WAT,WBA,WBD,WDC,WEC,WELL,WFC,WM,WMB,WMT,WRB,WST,WTW,WY,WYNN,XEL,XOM,XYL,YUM,ZBH,ZBRA,ZTS"
2024-09-23,"A,AAPL,ABBV,ABNB,ABT,ACGL,ACN,ADBE,ADI,ADM,ADP,ADSK,AEE,AEP,AES,AFL,AIG,AIZ,AJG,AKAM,ALB,ALGN,ALL,ALLE,AMAT,AMCR,AMD,AME,AMGN,AMP,AMT,AMZN,ANET,ANSS,AON,AOS,APA,APD,APH,APTV,ARE,ATO,AVB,AVGO,AVY,AWK,AXON,AXP,AZO,BA,BAC,BALL,BAX,BBWI,BBY,BDX,BEN,BF.B,BG,BIIB,BK,BKNG,BKR,BLDR,BLK,BMY,BR,BRK.B,BRO,BSX,BWA,BX,BXP,C,CAG,CAH,CARR,CAT,CB,CBOE,CBRE,CCI,CCL,CDNS,CDW,CE,CEG,CF,CFG,CHD,CHRW,CHTR,CI,CINF,CL,CLX,CMCSA,CME,CMG,CMI,CMS,CNC,CNP,COF,COO,COP,COR,COST,CPAY,CPB,CPRT,CPT,CRL,CRM,CRWD,CSCO,CSGP,CSX,CTAS,CTLT,CTRA,CTSH,CTVA,CVS,CVX,CZR,D,DAL,DAY,DD,DE,DECK,DELL,DFS,DG,DGX,DHI,DHR,DIS,DLR,DLTR,DOC,DOV,DOW,DPZ,DRI,DTE,DUK,DVA,DVN,DXCM,EA,EBAY,ECL,ED,EFX,EG,EIX,EL,ELV,EMN,EMR,ENPH,EOG,EPAM,EQIX,EQR,EQT,ERIE,ES,ESS,ETN,ETR,EVRG,EW,EXC,EXPD,EXPE,EXR,F,FANG,FAST,FCX,FDS,FDX,FE,FFIV,FI,FICO,FIS,FITB,FMC,FOX,FOXA,FRT,FSLR,FTNT,FTV,GD,GDDY,GE,GEHC,GEN,GEV,GILD,GIS,GL,GLW,GM,GNRC,GOOG,GOOGL,GPC,GPN,GRMN,GS,GWW,HAL,HAS,HBAN,HCA,HD,HES,HIG,HII,HLT,HOLX,HON,HPE,HPQ,HRL,HSIC,HST,HSY,HUBB,HUM,HWM,IBM,ICE,IDXX,IEX,IFF,INCY,INTC,INTU,INVH,IP,IPG,IQV,IR,IRM,ISRG,IT,ITW,IVZ,J,JBHT,JBL,JCI,JKHY,JNJ,JNPR,JPM,K,KDP,KEY,KEYS,KHC,KIM,KKR,KLAC,KMB,KMI,KMX,KO,KR,KVUE,L,LDOS,LEN,LH,LHX,LIN,LKQ,LLY,LMT,LNT,LOW,LRCX,LULU,LUV,LVS,LW,LYB,LYV,MA,MAA,MAR,MAS,MCD,MCHP,MCK,MCO,MDLZ,MDT,MET,META,MGM,MHK,MKC,MKTX,MLM,MMC,MMM,MNST,MO,MOH,MOS,MPC,MPWR,MRK,MRNA,MRO,MS,MSCI,MSFT,MSI,MTB,MTCH,MTD,MU,NCLH,NDAQ,NDSN,NEE,NEM,NFLX,NI,NKE,NOC,NOW,NRG,NSC,NTAP,NTRS,NUE,NVDA,NVR,NWS,NWSA,NXPI,O,ODFL,OKE,OMC,ON,ORCL,ORLY,OTIS,OXY,PANW,PARA,PAYC,PAYX,PCAR,PCG,PEG,PEP,PFE,PFG,PG,PGR,PH,PHM,PKG,PLD,PLTR,PM,PNC,PNR,PNW,PODD,POOL,PPG,PPL,PRU,PSA,PSX,PTC,PWR,PYPL,QCOM,QRVO,RCL,REG,REGN,RF,RJF,RL,RMD,ROK,ROL,ROP,ROST,RSG,RTX,RVTY,SBAC,SBUX,SCHW,SHW,SJM,SLB,SMCI,SNA,SNPS,SO,SOLV,SPG,SPGI,SRE,STE,STLD,STT,STX,STZ,SW,SWK,SWKS,SYF,SYK,SYY,T,TAP,TDG,TDY,TECH,TEL,TER,TFC,TFX,TGT,TJX,TMO,TMUS,TPR,TRGP,TRMB,TROW,TRV,TSCO,TSLA,TSN,TT,TTWO,TXN,TXT,TYL,UAL,UBER,UDR,UHS,ULTA,UNH,UNP,UPS,URI,USB,V,VICI,VLO,VLTO,VMC,VRSK,VRSN,VRTX,VST,VTR,VTRS,VZ,WAB,WAT,WBA,WBD,WDC,WEC,WELL,WFC,WM,WMB,WMT,WRB,WST,WTW,WY,WYNN,XEL,XOM,XYL,YUM,ZBH,ZBRA,ZTS"
2024-09-30,"A,AAPL,ABBV,ABNB,ABT,ACGL,ACN,ADBE,ADI,ADM,ADP,ADSK,AEE,AEP,AES,AFL,AIG,AIZ,AJG,AKAM,ALB,ALGN,ALL,ALLE,AMAT,AMCR,AMD,AME,AMGN,AMP,AMT,AMTM,AMZN,ANET,ANSS,AON,AOS,APA,APD,APH,APTV,ARE,ATO,AVB,AVGO,AVY,AWK,AXON,AXP,AZO,BA,BAC,BALL,BAX,BBWI,BBY,BDX,BEN,BF.B,BG,BIIB,BK,BKNG,BKR,BLDR,BLK,BMY,BR,BRK.B,BRO,BSX,BWA,BX,BXP,C,CAG,CAH,CARR,CAT,CB,CBOE,CBRE,CCI,CCL,CDNS,CDW,CE,CEG,CF,CFG,CHD,CHRW,CHTR,CI,CINF,CL,CLX,CMCSA,CME,CMG,CMI,CMS,CNC,CNP,COF,COO,COP,COR,COST,CPAY,CPB,CPRT,CPT,CRL,CRM,CRWD,CSCO,CSGP,CSX,CTAS,CTLT,CTRA,CTSH,CTVA,CVS,CVX,CZR,D,DAL,DAY,DD,DE,DECK,DELL,DFS,DG,DGX,DHI,DHR,DIS,DLR,DLTR,DOC,DOV,DOW,DPZ,DRI,DTE,DUK,DVA,DVN,DXCM,EA,EBAY,ECL,ED,EFX,EG,EIX,EL,ELV,EMN,EMR,ENPH,EOG,EPAM,EQIX,EQR,EQT,ERIE,ES,ESS,ETN,ETR,EVRG,EW,EXC,EXPD,EXPE,EXR,F,FANG,FAST,FCX,FDS,FDX,FE,FFIV,FI,FICO,FIS,FITB,FMC,FOX,FOXA,FRT,FSLR,FTNT,FTV,GD,GDDY,GE,GEHC,GEN,GEV,GILD,GIS,GL,GLW,GM,GNRC,GOOG,GOOGL,GPC,GPN,GRMN,GS,GWW,HAL,HAS,HBAN,HCA,HD,HES,HIG,HII,HLT,HOLX,HON,HPE,HPQ,HRL,HSIC,HST,HSY,HUBB,HUM,HWM,IBM,ICE,IDXX,IEX,IFF,INCY,INTC,INTU,INVH,IP,IPG,IQV,IR,IRM,ISRG,IT,ITW,IVZ,J,JBHT,JBL,JCI,JKHY,JNJ,JNPR,JPM,K,KDP,KEY,KEYS,KHC,KIM,KKR,KLAC,KMB,KMI,KMX,KO,KR,KVUE,L,LDOS,LEN,LH,LHX,LIN,LKQ,LLY,LMT,LNT,LOW,LRCX,LULU,LUV,LVS,LW,LYB,LYV,MA,MAA,MAR,MAS,MCD,MCHP,MCK,MCO,MDLZ,MDT,MET,META,MGM,MHK,MKC,MKTX,MLM,MMC,MMM,MNST,MO,MOH,MOS,MPC,MPWR,MRK,MRNA,MRO,MS,MSCI,MSFT,MSI,MTB,MTCH,MTD,MU,NCLH,NDAQ,NDSN,NEE,NEM,NFLX,NI,NKE,NOC,NOW,NRG,NSC,NTAP,NTRS,NUE,NVDA,NVR,NWS,NWSA,NXPI,O,ODFL,OKE,OMC,ON,ORCL,ORLY,OTIS,OXY,PANW,PARA,PAYC,PAYX,PCAR,PCG,PEG,PEP,PFE,PFG,PG,PGR,PH,PHM,PKG,PLD,PLTR,PM,PNC,PNR,PNW,PODD,POOL,PPG,PPL,PRU,PSA,PSX,PTC,PWR,PYPL,QCOM,QRVO,RCL,REG,REGN,RF,RJF,RL,RMD,ROK,ROL,ROP,ROST,RSG,RTX,RVTY,SBAC,SBUX,SCHW,SHW,SJM,SLB,SMCI,SNA,SNPS,SO,SOLV,SPG,SPGI,SRE,STE,STLD,STT,STX,STZ,SW,SWK,SWKS,SYF,SYK,SYY,T,TAP,TDG,TDY,TECH,TEL,TER,TFC,TFX,TGT,TJX,TMO,TMUS,TPR,TRGP,TRMB,TROW,TRV,TSCO,TSLA,TSN,TT,TTWO,TXN,TXT,TYL,UAL,UBER,UDR,UHS,ULTA,UNH,UNP,UPS,URI,USB,V,VICI,VLO,VLTO,VMC,VRSK,VRSN,VRTX,VST,VTR,VTRS,VZ,WAB,WAT,WBA,WBD,WDC,WEC,WELL,WFC,WM,WMB,WMT,WRB,WST,WTW,WY,WYNN,XEL,XOM,XYL,YUM,ZBH,ZBRA,ZTS"
2024-10-01,"A,AAPL,ABBV,ABNB,ABT,ACGL,ACN,ADBE,ADI,ADM,ADP,ADSK,AEE,AEP,AES,AFL,AIG,AIZ,AJG,AKAM,ALB,ALGN,ALL,ALLE,AMAT,AMCR,AMD,AME,AMGN,AMP,AMT,AMTM,AMZN,ANET,ANSS,AON,AOS,APA,APD,APH,APTV,ARE,ATO,AVB,AVGO,AVY,AWK,AXON,AXP,AZO,BA,BAC,BALL,BAX,BBY,BDX,BEN,BF.B,BG,BIIB,BK,BKNG,BKR,BLDR,BLK,BMY,BR,BRK.B,BRO,BSX,BWA,BX,BXP,C,CAG,CAH,CARR,CAT,CB,CBOE,CBRE,CCI,CCL,CDNS,CDW,CE,CEG,CF,CFG,CHD,CHRW,CHTR,CI,CINF,CL,CLX,CMCSA,CME,CMG,CMI,CMS,CNC,CNP,COF,COO,COP,COR,COST,CPAY,CPB,CPRT,CPT,CRL,CRM,CRWD,CSCO,CSGP,CSX,CTAS,CTLT,CTRA,CTSH,CTVA,CVS,CVX,CZR,D,DAL,DAY,DD,DE,DECK,DELL,DFS,DG,DGX,DHI,DHR,DIS,DLR,DLTR,DOC,DOV,DOW,DPZ,DRI,DTE,DUK,DVA,DVN,DXCM,EA,EBAY,ECL,ED,EFX,EG,EIX,EL,ELV,EMN,EMR,ENPH,EOG,EPAM,EQIX,EQR,EQT,ERIE,ES,ESS,ETN,ETR,EVRG,EW,EXC,EXPD,EXPE,EXR,F,FANG,FAST,FCX,FDS,FDX,FE,FFIV,FI,FICO,FIS,FITB,FMC,FOX,FOXA,FRT,FSLR,FTNT,FTV,GD,GDDY,GE,GEHC,GEN,GEV,GILD,GIS,GL,GLW,GM,GNRC,GOOG,GOOGL,GPC,GPN,GRMN,GS,GWW,HAL,HAS,HBAN,HCA,HD,HES,HIG,HII,HLT,HOLX,HON,HPE,HPQ,HRL,HSIC,HST,HSY,HUBB,HUM,HWM,IBM,ICE,IDXX,IEX,IFF,INCY,INTC,INTU,INVH,IP,IPG,IQV,IR,IRM,ISRG,IT,ITW,IVZ,J,JBHT,JBL,JCI,JKHY,JNJ,JNPR,JPM,K,KDP,KEY,KEYS,KHC,KIM,KKR,KLAC,KMB,KMI,KMX,KO,KR,KVUE,L,LDOS,LEN,LH,LHX,LIN,LKQ,LLY,LMT,LNT,LOW,LRCX,LULU,LUV,LVS,LW,LYB,LYV,MA,MAA,MAR,MAS,MCD,MCHP,MCK,MCO,MDLZ,MDT,MET,META,MGM,MHK,MKC,MKTX,MLM,MMC,MMM,MNST,MO,MOH,MOS,MPC,MPWR,MRK,MRNA,MRO,MS,MSCI,MSFT,MSI,MTB,MTCH,MTD,MU,NCLH,NDAQ,NDSN,NEE,NEM,NFLX,NI,NKE,NOC,NOW,NRG,NSC,NTAP,NTRS,NUE,NVDA,NVR,NWS,NWSA,NXPI,O,ODFL,OKE,OMC,ON,ORCL,ORLY,OTIS,OXY,PANW,PARA,PAYC,PAYX,PCAR,PCG,PEG,PEP,PFE,PFG,PG,PGR,PH,PHM,PKG,PLD,PLTR,PM,PNC,PNR,PNW,PODD,POOL,PPG,PPL,PRU,PSA,PSX,PTC,PWR,PYPL,QCOM,QRVO,RCL,REG,REGN,RF,RJF,RL,RMD,ROK,ROL,ROP,ROST,RSG,RTX,RVTY,SBAC,SBUX,SCHW,SHW,SJM,SLB,SMCI,SNA,SNPS,SO,SOLV,SPG,SPGI,SRE,STE,STLD,STT,STX,STZ,SW,SWK,SWKS,SYF,SYK,SYY,T,TAP,TDG,TDY,TECH,TEL,TER,TFC,TFX,TGT,TJX,TMO,TMUS,TPR,TRGP,TRMB,TROW,TRV,TSCO,TSLA,TSN,TT,TTWO,TXN,TXT,TYL,UAL,UBER,UDR,UHS,ULTA,UNH,UNP,UPS,URI,USB,V,VICI,VLO,VLTO,VMC,VRSK,VRSN,VRTX,VST,VTR,VTRS,VZ,WAB,WAT,WBA,WBD,WDC,WEC,WELL,WFC,WM,WMB,WMT,WRB,WST,WTW,WY,WYNN,XEL,XOM,XYL,YUM,ZBH,ZBRA,ZTS"
2024-11-26,"A,AAPL,ABBV,ABNB,ABT,ACGL,ACN,ADBE,ADI,ADM,ADP,ADSK,AEE,AEP,AES,AFL,AIG,AIZ,AJG,AKAM,ALB,ALGN,ALL,ALLE,AMAT,AMCR,AMD,AME,AMGN,AMP,AMT,AMTM,AMZN,ANET,ANSS,AON,AOS,APA,APD,APH,APTV,ARE,ATO,AVB,AVGO,AVY,AWK,AXON,AXP,AZO,BA,BAC,BALL,BAX,BBY,BDX,BEN,BF.B,BG,BIIB,BK,BKNG,BKR,BLDR,BLK,BMY,BR,BRK.B,BRO,BSX,BWA,BX,BXP,C,CAG,CAH,CARR,CAT,CB,CBOE,CBRE,CCI,CCL,CDNS,CDW,CE,CEG,CF,CFG,CHD,CHRW,CHTR,CI,CINF,CL,CLX,CMCSA,CME,CMG,CMI,CMS,CNC,CNP,COF,COO,COP,COR,COST,CPAY,CPB,CPRT,CPT,CRL,CRM,CRWD,CSCO,CSGP,CSX,CTAS,CTLT,CTRA,CTSH,CTVA,CVS,CVX,CZR,D,DAL,DAY,DD,DE,DECK,DELL,DFS,DG,DGX,DHI,DHR,DIS,DLR,DLTR,DOC,DOV,DOW,DPZ,DRI,DTE,DUK,DVA,DVN,DXCM,EA,EBAY,ECL,ED,EFX,EG,EIX,EL,ELV,EMN,EMR,ENPH,EOG,EPAM,EQIX,EQR,EQT,ERIE,ES,ESS,ETN,ETR,EVRG,EW,EXC,EXPD,EXPE,EXR,F,FANG,FAST,FCX,FDS,FDX,FE,FFIV,FI,FICO,FIS,FITB,FMC,FOX,FOXA,FRT,FSLR,FTNT,FTV,GD,GDDY,GE,GEHC,GEN,GEV,GILD,GIS,GL,GLW,GM,GNRC,GOOG,GOOGL,GPC,GPN,GRMN,GS,GWW,HAL,HAS,HBAN,HCA,HD,HES,HIG,HII,HLT,HOLX,HON,HPE,HPQ,HRL,HSIC,HST,HSY,HUBB,HUM,HWM,IBM,ICE,IDXX,IEX,IFF,INCY,INTC,INTU,INVH,IP,IPG,IQV,IR,IRM,ISRG,IT,ITW,IVZ,J,JBHT,JBL,JCI,JKHY,JNJ,JNPR,JPM,K,KDP,KEY,KEYS,KHC,KIM,KKR,KLAC,KMB,KMI,KMX,KO,KR,KVUE,L,LDOS,LEN,LH,LHX,LIN,LKQ,LLY,LMT,LNT,LOW,LRCX,LULU,LUV,LVS,LW,LYB,LYV,MA,MAA,MAR,MAS,MCD,MCHP,MCK,MCO,MDLZ,MDT,MET,META,MGM,MHK,MKC,MKTX,MLM,MMC,MMM,MNST,MO,MOH,MOS,MPC,MPWR,MRK,MRNA,MS,MSCI,MSFT,MSI,MTB,MTCH,MTD,MU,NCLH,NDAQ,NDSN,NEE,NEM,NFLX,NI,NKE,NOC,NOW,NRG,NSC,NTAP,NTRS,NUE,NVDA,NVR,NWS,NWSA,NXPI,O,ODFL,OKE,OMC,ON,ORCL,ORLY,OTIS,OXY,PANW,PARA,PAYC,PAYX,PCAR,PCG,PEG,PEP,PFE,PFG,PG,PGR,PH,PHM,PKG,PLD,PLTR,PM,PNC,PNR,PNW,PODD,POOL,PPG,PPL,PRU,PSA,PSX,PTC,PWR,PYPL,QCOM,QRVO,RCL,REG,REGN,RF,RJF,RL,RMD,ROK,ROL,ROP,ROST,RSG,RTX,RVTY,SBAC,SBUX,SCHW,SHW,SJM,SLB,SMCI,SNA,SNPS,SO,SOLV,SPG,SPGI,SRE,STE,STLD,STT,STX,STZ,SW,SWK,SWKS,SYF,SYK,SYY,T,TAP,TDG,TDY,TECH,TEL,TER,TFC,TFX,TGT,TJX,TMO,TMUS,TPL,TPR,TRGP,TRMB,TROW,TRV,TSCO,TSLA,TSN,TT,TTWO,TXN,TXT,TYL,UAL,UBER,UDR,UHS,ULTA,UNH,UNP,UPS,URI,USB,V,VICI,VLO,VLTO,VMC,VRSK,VRSN,VRTX,VST,VTR,VTRS,VZ,WAB,WAT,WBA,WBD,WDC,WEC,WELL,WFC,WM,WMB,WMT,WRB,WST,WTW,WY,WYNN,XEL,XOM,XYL,YUM,ZBH,ZBRA,ZTS"
2024-12-23,"A,AAPL,ABBV,ABNB,ABT,ACGL,ACN,ADBE,ADI,ADM,ADP,ADSK,AEE,AEP,AES,AFL,AIG,AIZ,AJG,AKAM,ALB,ALGN,ALL,ALLE,AMAT,AMCR,AMD,AME,AMGN,AMP,AMT,AMZN,ANET,ANSS,AON,AOS,APA,APD,APH,APO,APTV,ARE,ATO,AVB,AVGO,AVY,AWK,AXON,AXP,AZO,BA,BAC,BALL,BAX,BBY,BDX,BEN,BF.B,BG,BIIB,BK,BKNG,BKR,BLDR,BLK,BMY,BR,BRK.B,BRO,BSX,BWA,BX,BXP,C,CAG,CAH,CARR,CAT,CB,CBOE,CBRE,CCI,CCL,CDNS,CDW,CE,CEG,CF,CFG,CHD,CHRW,CHTR,CI,CINF,CL,CLX,CMCSA,CME,CMG,CMI,CMS,CNC,CNP,COF,COO,COP,COR,COST,CPAY,CPB,CPRT,CPT,CRL,CRM,CRWD,CSCO,CSGP,CSX,CTAS,CTRA,CTSH,CTVA,CVS,CVX,CZR,D,DAL,DAY,DD,DE,DECK,DELL,DFS,DG,DGX,DHI,DHR,DIS,DLR,DLTR,DOC,DOV,DOW,DPZ,DRI,DTE,DUK,DVA,DVN,DXCM,EA,EBAY,ECL,ED,EFX,EG,EIX,EL,ELV,EMN,EMR,ENPH,EOG,EPAM,EQIX,EQR,EQT,ERIE,ES,ESS,ETN,ETR,EVRG,EW,EXC,EXPD,EXPE,EXR,F,FANG,FAST,FCX,FDS,FDX,FE,FFIV,FI,FICO,FIS,FITB,FMC,FOX,FOXA,FRT,FSLR,FTNT,FTV,GD,GDDY,GE,GEHC,GEN,GEV,GILD,GIS,GL,GLW,GM,GNRC,GOOG,GOOGL,GPC,GPN,GRMN,GS,GWW,HAL,HAS,HBAN,HCA,HD,HES,HIG,HII,HLT,HOLX,HON,HPE,HPQ,HRL,HSIC,HST,HSY,HUBB,HUM,HWM,IBM,ICE,IDXX,IEX,IFF,INCY,INTC,INTU,INVH,IP,IPG,IQV,IR,IRM,ISRG,IT,ITW,IVZ,J,JBHT,JBL,JCI,JKHY,JNJ,JNPR,JPM,K,KDP,KEY,KEYS,KHC,KIM,KKR,KLAC,KMB,KMI,KMX,KO,KR,KVUE,L,LDOS,LEN,LH,LHX,LII,LIN,LKQ,LLY,LMT,LNT,LOW,LRCX,LULU,LUV,LVS,LW,LYB,LYV,MA,MAA,MAR,MAS,MCD,MCHP,MCK,MCO,MDLZ,MDT,MET,META,MGM,MHK,MKC,MKTX,MLM,MMC,MMM,MNST,MO,MOH,MOS,MPC,MPWR,MRK,MRNA,MS,MSCI,MSFT,MSI,MTB,MTCH,MTD,MU,NCLH,NDAQ,NDSN,NEE,NEM,NFLX,NI,NKE,NOC,NOW,NRG,NSC,NTAP,NTRS,NUE,NVDA,NVR,NWS,NWSA,NXPI,O,ODFL,OKE,OMC,ON,ORCL,ORLY,OTIS,OXY,PANW,PARA,PAYC,PAYX,PCAR,PCG,PEG,PEP,PFE,PFG,PG,PGR,PH,PHM,PKG,PLD,PLTR,PM,PNC,PNR,PNW,PODD,POOL,PPG,PPL,PRU,PSA,PSX,PTC,PWR,PYPL,QCOM,RCL,REG,REGN,RF,RJF,RL,RMD,ROK,ROL,ROP,ROST,RSG,RTX,RVTY,SBAC,SBUX,SCHW,SHW,SJM,SLB,SMCI,SNA,SNPS,SO,SOLV,SPG,SPGI,SRE,STE,STLD,STT,STX,STZ,SW,SWK,SWKS,SYF,SYK,SYY,T,TAP,TDG,TDY,TECH,TEL,TER,TFC,TFX,TGT,TJX,TMO,TMUS,TPL,TPR,TRGP,TRMB,TROW,TRV,TSCO,TSLA,TSN,TT,TTWO,TXN,TXT,TYL,UAL,UBER,UDR,UHS,ULTA,UNH,UNP,UPS,URI,USB,V,VICI,VLO,VLTO,VMC,VRSK,VRSN,VRTX,VST,VTR,VTRS,VZ,WAB,WAT,WBA,WBD,WDAY,WDC,WEC,WELL,WFC,WM,WMB,WMT,WRB,WST,WTW,WY,WYNN,XEL,XOM,XYL,YUM,ZBH,ZBRA,ZTS"
2025-03-24,"A,AAPL,ABBV,ABNB,ABT,ACGL,ACN,ADBE,ADI,ADM,ADP,ADSK,AEE,AEP,AES,AFL,AIG,AIZ,AJG,AKAM,ALB,ALGN,ALL,ALLE,AMAT,AMCR,AMD,AME,AMGN,AMP,AMT,AMZN,ANET,ANSS,AON,AOS,APA,APD,APH,APO,APTV,ARE,ATO,AVB,AVGO,AVY,AWK,AXON,AXP,AZO,BA,BAC,BALL,BAX,BBY,BDX,BEN,BF.B,BG,BIIB,BK,BKNG,BKR,BLDR,BLK,BMY,BR,BRK.B,BRO,BSX,BX,BXP,C,CAG,CAH,CARR,CAT,CB,CBOE,CBRE,CCI,CCL,CDNS,CDW,CEG,CF,CFG,CHD,CHRW,CHTR,CI,CINF,CL,CLX,CMCSA,CME,CMG,CMI,CMS,CNC,CNP,COF,COO,COP,COR,COST,CPAY,CPB,CPRT,CPT,CRL,CRM,CRWD,CSCO,CSGP,CSX,CTAS,CTRA,CTSH,CTVA,CVS,CVX,CZR,D,DAL,DASH,DAY,DD,DE,DECK,DELL,DFS,DG,DGX,DHI,DHR,DIS,DLR,DLTR,DOC,DOV,DOW,DPZ,DRI,DTE,DUK,DVA,DVN,DXCM,EA,EBAY,ECL,ED,EFX,EG,EIX,EL,ELV,EMN,EMR,ENPH,EOG,EPAM,EQIX,EQR,EQT,ERIE,ES,ESS,ETN,ETR,EVRG,EW,EXC,EXE,EXPD,EXPE,EXR,F,FANG,FAST,FCX,FDS,FDX,FE,FFIV,FI,FICO,FIS,FITB,FOX,FOXA,FRT,FSLR,FTNT,FTV,GD,GDDY,GE,GEHC,GEN,GEV,GILD,GIS,GL,GLW,GM,GNRC,GOOG,GOOGL,GPC,GPN,GRMN,GS,GWW,HAL,HAS,HBAN,HCA,HD,HES,HIG,HII,HLT,HOLX,HON,HPE,HPQ,HRL,HSIC,HST,HSY,HUBB,HUM,HWM,IBM,ICE,IDXX,IEX,IFF,INCY,INTC,INTU,INVH,IP,IPG,IQV,IR,IRM,ISRG,IT,ITW,IVZ,J,JBHT,JBL,JCI,JKHY,JNJ,JNPR,JPM,K,KDP,KEY,KEYS,KHC,KIM,KKR,KLAC,KMB,KMI,KMX,KO,KR,KVUE,L,LDOS,LEN,LH,LHX,LII,LIN,LKQ,LLY,LMT,LNT,LOW,LRCX,LULU,LUV,LVS,LW,LYB,LYV,MA,MAA,MAR,MAS,MCD,MCHP,MCK,MCO,MDLZ,MDT,MET,META,MGM,MHK,MKC,MKTX,MLM,MMC,MMM,MNST,MO,MOH,MOS,MPC,MPWR,MRK,MRNA,MS,MSCI,MSFT,MSI,MTB,MTCH,MTD,MU,NCLH,NDAQ,NDSN,NEE,NEM,NFLX,NI,NKE,NOC,NOW,NRG,NSC,NTAP,NTRS,NUE,NVDA,NVR,NWS,NWSA,NXPI,O,ODFL,OKE,OMC,ON,ORCL,ORLY,OTIS,OXY,PANW,PARA,PAYC,PAYX,PCAR,PCG,PEG,PEP,PFE,PFG,PG,PGR,PH,PHM,PKG,PLD,PLTR,PM,PNC,PNR,PNW,PODD,POOL,PPG,PPL,PRU,PSA,PSX,PTC,PWR,PYPL,QCOM,RCL,REG,REGN,RF,RJF,RL,RMD,ROK,ROL,ROP,ROST,RSG,RTX,RVTY,SBAC,SBUX,SCHW,SHW,SJM,SLB,SMCI,SNA,SNPS,SO,SOLV,SPG,SPGI,SRE,STE,STLD,STT,STX,STZ,SW,SWK,SWKS,SYF,SYK,SYY,T,TAP,TDG,TDY,TECH,TEL,TER,TFC,TGT,TJX,TKO,TMO,TMUS,TPL,TPR,TRGP,TRMB,TROW,TRV,TSCO,TSLA,TSN,TT,TTWO,TXN,TXT,TYL,UAL,UBER,UDR,UHS,ULTA,UNH,UNP,UPS,URI,USB,V,VICI,VLO,VLTO,VMC,VRSK,VRSN,VRTX,VST,VTR,VTRS,VZ,WAB,WAT,WBA,WBD,WDAY,WDC,WEC,WELL,WFC,WM,WMB,WMT,WRB,WSM,WST,WTW,WY,WYNN,XEL,XOM,XYL,YUM,ZBH,ZBRA,ZTS"
2025-05-19,"A,AAPL,ABBV,ABNB,ABT,ACGL,ACN,ADBE,ADI,ADM,ADP,ADSK,AEE,AEP,AES,AFL,AIG,AIZ,AJG,AKAM,ALB,ALGN,ALL,ALLE,AMAT,AMCR,AMD,AME,AMGN,AMP,AMT,AMZN,ANET,ANSS,AON,AOS,APA,APD,APH,APO,APTV,ARE,ATO,AVB,AVGO,AVY,AWK,AXON,AXP,AZO,BA,BAC,BALL,BAX,BBY,BDX,BEN,BF.B,BG,BIIB,BK,BKNG,BKR,BLDR,BLK,BMY,BR,BRK.B,BRO,BSX,BX,BXP,C,CAG,CAH,CARR,CAT,CB,CBOE,CBRE,CCI,CCL,CDNS,CDW,CEG,CF,CFG,CHD,CHRW,CHTR,CI,CINF,CL,CLX,CMCSA,CME,CMG,CMI,CMS,CNC,CNP,COF,COIN,COO,COP,COR,COST,CPAY,CPB,CPRT,CPT,CRL,CRM,CRWD,CSCO,CSGP,CSX,CTAS,CTRA,CTSH,CTVA,CVS,CVX,CZR,D,DAL,DASH,DAY,DD,DE,DECK,DELL,DG,DGX,DHI,DHR,DIS,DLR,DLTR,DOC,DOV,DOW,DPZ,DRI,DTE,DUK,DVA,DVN,DXCM,EA,EBAY,ECL,ED,EFX,EG,EIX,EL,ELV,EMN,EMR,ENPH,EOG,EPAM,EQIX,EQR,EQT,ERIE,ES,ESS,ETN,ETR,EVRG,EW,EXC,EXE,EXPD,EXPE,EXR,F,FANG,FAST,FCX,FDS,FDX,FE,FFIV,FI,FICO,FIS,FITB,FOX,FOXA,FRT,FSLR,FTNT,FTV,GD,GDDY,GE,GEHC,GEN,GEV,GILD,GIS,GL,GLW,GM,GNRC,GOOG,GOOGL,GPC,GPN,GRMN,GS,GWW,HAL,HAS,HBAN,HCA,HD,HES,HIG,HII,HLT,HOLX,HON,HPE,HPQ,HRL,HSIC,HST,HSY,HUBB,HUM,HWM,IBM,ICE,IDXX,IEX,IFF,INCY,INTC,INTU,INVH,IP,IPG,IQV,IR,IRM,ISRG,IT,ITW,IVZ,J,JBHT,JBL,JCI,JKHY,JNJ,JNPR,JPM,K,KDP,KEY,KEYS,KHC,KIM,KKR,KLAC,KMB,KMI,KMX,KO,KR,KVUE,L,LDOS,LEN,LH,LHX,LII,LIN,LKQ,LLY,LMT,LNT,LOW,LRCX,LULU,LUV,LVS,LW,LYB,LYV,MA,MAA,MAR,MAS,MCD,MCHP,MCK,MCO,MDLZ,MDT,MET,META,MGM,MHK,MKC,MKTX,MLM,MMC,MMM,MNST,MO,MOH,MOS,MPC,MPWR,MRK,MRNA,MS,MSCI,MSFT,MSI,MTB,MTCH,MTD,MU,NCLH,NDAQ,NDSN,NEE,NEM,NFLX,NI,NKE,NOC,NOW,NRG,NSC,NTAP,NTRS,NUE,NVDA,NVR,NWS,NWSA,NXPI,O,ODFL,OKE,OMC,ON,ORCL,ORLY,OTIS,OXY,PANW,PARA,PAYC,PAYX,PCAR,PCG,PEG,PEP,PFE,PFG,PG,PGR,PH,PHM,PKG,PLD,PLTR,PM,PNC,PNR,PNW,PODD,POOL,PPG,PPL,PRU,PSA,PSX,PTC,PWR,PYPL,QCOM,RCL,REG,REGN,RF,RJF,RL,RMD,ROK,ROL,ROP,ROST,RSG,RTX,RVTY,SBAC,SBUX,SCHW,SHW,SJM,SLB,SMCI,SNA,SNPS,SO,SOLV,SPG,SPGI,SRE,STE,STLD,STT,STX,STZ,SW,SWK,SWKS,SYF,SYK,SYY,T,TAP,TDG,TDY,TECH,TEL,TER,TFC,TGT,TJX,TKO,TMO,TMUS,TPL,TPR,TRGP,TRMB,TROW,TRV,TSCO,TSLA,TSN,TT,TTWO,TXN,TXT,TYL,UAL,UBER,UDR,UHS,ULTA,UNH,UNP,UPS,URI,USB,V,VICI,VLO,VLTO,VMC,VRSK,VRSN,VRTX,VST,VTR,VTRS,VZ,WAB,WAT,WBA,WBD,WDAY,WDC,WEC,WELL,WFC,WM,WMB,WMT,WRB,WSM,WST,WTW,WY,WYNN,XEL,XOM,XYL,YUM,ZBH,ZBRA,ZTS"
2025-07-09,"A,AAPL,ABBV,ABNB,ABT,ACGL,ACN,ADBE,ADI,ADM,ADP,ADSK,AEE,AEP,AES,AFL,AIG,AIZ,AJG,AKAM,ALB,ALGN,ALL,ALLE,AMAT,AMCR,AMD,AME,AMGN,AMP,AMT,AMZN,ANET,ANSS,AON,AOS,APA,APD,APH,APO,APTV,ARE,ATO,AVB,AVGO,AVY,AWK,AXON,AXP,AZO,BA,BAC,BALL,BAX,BBY,BDX,BEN,BF.B,BG,BIIB,BK,BKNG,BKR,BLDR,BLK,BMY,BR,BRK.B,BRO,BSX,BX,BXP,C,CAG,CAH,CARR,CAT,CB,CBOE,CBRE,CCI,CCL,CDNS,CDW,CEG,CF,CFG,CHD,CHRW,CHTR,CI,CINF,CL,CLX,CMCSA,CME,CMG,CMI,CMS,CNC,CNP,COF,COIN,COO,COP,COR,COST,CPAY,CPB,CPRT,CPT,CRL,CRM,CRWD,CSCO,CSGP,CSX,CTAS,CTRA,CTSH,CTVA,CVS,CVX,CZR,D,DAL,DASH,DAY,DD,DDOG,DE,DECK,DELL,DG,DGX,DHI,DHR,DIS,DLR,DLTR,DOC,DOV,DOW,DPZ,DRI,DTE,DUK,DVA,DVN,DXCM,EA,EBAY,ECL,ED,EFX,EG,EIX,EL,ELV,EMN,EMR,ENPH,EOG,EPAM,EQIX,EQR,EQT,ERIE,ES,ESS,ETN,ETR,EVRG,EW,EXC,EXE,EXPD,EXPE,EXR,F,FANG,FAST,FCX,FDS,FDX,FE,FFIV,FI,FICO,FIS,FITB,FOX,FOXA,FRT,FSLR,FTNT,FTV,GD,GDDY,GE,GEHC,GEN,GEV,GILD,GIS,GL,GLW,GM,GNRC,GOOG,GOOGL,GPC,GPN,GRMN,GS,GWW,HAL,HAS,HBAN,HCA,HD,HES,HIG,HII,HLT,HOLX,HON,HPE,HPQ,HRL,HSIC,HST,HSY,HUBB,HUM,HWM,IBM,ICE,IDXX,IEX,IFF,INCY,INTC,INTU,INVH,IP,IPG,IQV,IR,IRM,ISRG,IT,ITW,IVZ,J,JBHT,JBL,JCI,JKHY,JNJ,JPM,K,KDP,KEY,KEYS,KHC,KIM,KKR,KLAC,KMB,KMI,KMX,KO,KR,KVUE,L,LDOS,LEN,LH,LHX,LII,LIN,LKQ,LLY,LMT,LNT,LOW,LRCX,LULU,LUV,LVS,LW,LYB,LYV,MA,MAA,MAR,MAS,MCD,MCHP,MCK,MCO,MDLZ,MDT,MET,META,MGM,MHK,MKC,MKTX,MLM,MMC,MMM,MNST,MO,MOH,MOS,MPC,MPWR,MRK,MRNA,MS,MSCI,MSFT,MSI,MTB,MTCH,MTD,MU,NCLH,NDAQ,NDSN,NEE,NEM,NFLX,NI,NKE,NOC,NOW,NRG,NSC,NTAP,NTRS,NUE,NVDA,NVR,NWS,NWSA,NXPI,O,ODFL,OKE,OMC,ON,ORCL,ORLY,OTIS,OXY,PANW,PARA,PAYC,PAYX,PCAR,PCG,PEG,PEP,PFE,PFG,PG,PGR,PH,PHM,PKG,PLD,PLTR,PM,PNC,PNR,PNW,PODD,POOL,PPG,PPL,PRU,PSA,PSX,PTC,PWR,PYPL,QCOM,RCL,REG,REGN,RF,RJF,RL,RMD,ROK,ROL,ROP,ROST,RSG,RTX,RVTY,SBAC,SBUX,SCHW,SHW,SJM,SLB,SMCI,SNA,SNPS,SO,SOLV,SPG,SPGI,SRE,STE,STLD,STT,STX,STZ,SW,SWK,SWKS,SYF,SYK,SYY,T,TAP,TDG,TDY,TECH,TEL,TER,TFC,TGT,TJX,TKO,TMO,TMUS,TPL,TPR,TRGP,TRMB,TROW,TRV,TSCO,TSLA,TSN,TT,TTWO,TXN,TXT,TYL,UAL,UBER,UDR,UHS,ULTA,UNH,UNP,UPS,URI,USB,V,VICI,VLO,VLTO,VMC,VRSK,VRSN,VRTX,VST,VTR,VTRS,VZ,WAB,WAT,WBA,WBD,WDAY,WDC,WEC,WELL,WFC,WM,WMB,WMT,WRB,WSM,WST,WTW,WY,WYNN,XEL,XOM,XYL,YUM,ZBH,ZBRA,ZTS"
2025-07-18,"A,AAPL,ABBV,ABNB,ABT,ACGL,ACN,ADBE,ADI,ADM,ADP,ADSK,AEE,AEP,AES,AFL,AIG,AIZ,AJG,AKAM,ALB,ALGN,ALL,ALLE,AMAT,AMCR,AMD,AME,AMGN,AMP,AMT,AMZN,ANET,AON,AOS,APA,APD,APH,APO,APTV,ARE,ATO,AVB,AVGO,AVY,AWK,AXON,AXP,AZO,BA,BAC,BALL,BAX,BBY,BDX,BEN,BF.B,BG,BIIB,BK,BKNG,BKR,BLDR,BLK,BMY,BR,BRK.B,BRO,BSX,BX,BXP,C,CAG,CAH,CARR,CAT,CB,CBOE,CBRE,CCI,CCL,CDNS,CDW,CEG,CF,CFG,CHD,CHRW,CHTR,CI,CINF,CL,CLX,CMCSA,CME,CMG,CMI,CMS,CNC,CNP,COF,COIN,COO,COP,COR,COST,CPAY,CPB,CPRT,CPT,CRL,CRM,CRWD,CSCO,CSGP,CSX,CTAS,CTRA,CTSH,CTVA,CVS,CVX,CZR,D,DAL,DASH,DAY,DD,DDOG,DE,DECK,DELL,DG,DGX,DHI,DHR,DIS,DLR,DLTR,DOC,DOV,DOW,DPZ,DRI,DTE,DUK,DVA,DVN,DXCM,EA,EBAY,ECL,ED,EFX,EG,EIX,EL,ELV,EMN,EMR,ENPH,EOG,EPAM,EQIX,EQR,EQT,ERIE,ES,ESS,ETN,ETR,EVRG,EW,EXC,EXE,EXPD,EXPE,EXR,F,FANG,FAST,FCX,FDS,FDX,FE,FFIV,FI,FICO,FIS,FITB,FOX,FOXA,FRT,FSLR,FTNT,FTV,GD,GDDY,GE,GEHC,GEN,GEV,GILD,GIS,GL,GLW,GM,GNRC,GOOG,GOOGL,GPC,GPN,GRMN,GS,GWW,HAL,HAS,HBAN,HCA,HD,HES,HIG,HII,HLT,HOLX,HON,HPE,HPQ,HRL,HSIC,HST,HSY,HUBB,HUM,HWM,IBM,ICE,IDXX,IEX,IFF,INCY,INTC,INTU,INVH,IP,IPG,IQV,IR,IRM,ISRG,IT,ITW,IVZ,J,JBHT,JBL,JCI,JKHY,JNJ,JPM,K,KDP,KEY,KEYS,KHC,KIM,KKR,KLAC,KMB,KMI,KMX,KO,KR,KVUE,L,LDOS,LEN,LH,LHX,LII,LIN,LKQ,LLY,LMT,LNT,LOW,LRCX,LULU,LUV,LVS,LW,LYB,LYV,MA,MAA,MAR,MAS,MCD,MCHP,MCK,MCO,MDLZ,MDT,MET,META,MGM,MHK,MKC,MKTX,MLM,MMC,MMM,MNST,MO,MOH,MOS,MPC,MPWR,MRK,MRNA,MS,MSCI,MSFT,MSI,MTB,MTCH,MTD,MU,NCLH,NDAQ,NDSN,NEE,NEM,NFLX,NI,NKE,NOC,NOW,NRG,NSC,NTAP,NTRS,NUE,NVDA,NVR,NWS,NWSA,NXPI,O,ODFL,OKE,OMC,ON,ORCL,ORLY,OTIS,OXY,PANW,PARA,PAYC,PAYX,PCAR,PCG,PEG,PEP,PFE,PFG,PG,PGR,PH,PHM,PKG,PLD,PLTR,PM,PNC,PNR,PNW,PODD,POOL,PPG,PPL,PRU,PSA,PSX,PTC,PWR,PYPL,QCOM,RCL,REG,REGN,RF,RJF,RL,RMD,ROK,ROL,ROP,ROST,RSG,RTX,RVTY,SBAC,SBUX,SCHW,SHW,SJM,SLB,SMCI,SNA,SNPS,SO,SOLV,SPG,SPGI,SRE,STE,STLD,STT,STX,STZ,SW,SWK,SWKS,SYF,SYK,SYY,T,TAP,TDG,TDY,TECH,TEL,TER,TFC,TGT,TJX,TKO,TMO,TMUS,TPL,TPR,TRGP,TRMB,TROW,TRV,TSCO,TSLA,TSN,TT,TTD,TTWO,TXN,TXT,TYL,UAL,UBER,UDR,UHS,ULTA,UNH,UNP,UPS,URI,USB,V,VICI,VLO,VLTO,VMC,VRSK,VRSN,VRTX,VST,VTR,VTRS,VZ,WAB,WAT,WBA,WBD,WDAY,WDC,WEC,WELL,WFC,WM,WMB,WMT,WRB,WSM,WST,WTW,WY,WYNN,XEL,XOM,XYL,YUM,ZBH,ZBRA,ZTS"
2025-07-23,"A,AAPL,ABBV,ABNB,ABT,ACGL,ACN,ADBE,ADI,ADM,ADP,ADSK,AEE,AEP,AES,AFL,AIG,AIZ,AJG,AKAM,ALB,ALGN,ALL,ALLE,AMAT,AMCR,AMD,AME,AMGN,AMP,AMT,AMZN,ANET,AON,AOS,APA,APD,APH,APO,APTV,ARE,ATO,AVB,AVGO,AVY,AWK,AXON,AXP,AZO,BA,BAC,BALL,BAX,BBY,BDX,BEN,BF.B,BG,BIIB,BK,BKNG,BKR,BLDR,BLK,BMY,BR,BRK.B,BRO,BSX,BX,BXP,C,CAG,CAH,CARR,CAT,CB,CBOE,CBRE,CCI,CCL,CDNS,CDW,CEG,CF,CFG,CHD,CHRW,CHTR,CI,CINF,CL,CLX,CMCSA,CME,CMG,CMI,CMS,CNC,CNP,COF,COIN,COO,COP,COR,COST,CPAY,CPB,CPRT,CPT,CRL,CRM,CRWD,CSCO,CSGP,CSX,CTAS,CTRA,CTSH,CTVA,CVS,CVX,CZR,D,DAL,DASH,DAY,DD,DDOG,DE,DECK,DELL,DG,DGX,DHI,DHR,DIS,DLR,DLTR,DOC,DOV,DOW,DPZ,DRI,DTE,DUK,DVA,DVN,DXCM,EA,EBAY,ECL,ED,EFX,EG,EIX,EL,ELV,EMN,EMR,ENPH,EOG,EPAM,EQIX,EQR,EQT,ERIE,ES,ESS,ETN,ETR,EVRG,EW,EXC,EXE,EXPD,EXPE,EXR,F,FANG,FAST,FCX,FDS,FDX,FE,FFIV,FI,FICO,FIS,FITB,FOX,FOXA,FRT,FSLR,FTNT,FTV,GD,GDDY,GE,GEHC,GEN,GEV,GILD,GIS,GL,GLW,GM,GNRC,GOOG,GOOGL,GPC,GPN,GRMN,GS,GWW,HAL,HAS,HBAN,HCA,HD,HIG,HII,HLT,HOLX,HON,HPE,HPQ,HRL,HSIC,HST,HSY,HUBB,HUM,HWM,IBM,ICE,IDXX,IEX,IFF,INCY,INTC,INTU,INVH,IP,IPG,IQV,IR,IRM,ISRG,IT,ITW,IVZ,J,JBHT,JBL,JCI,JKHY,JNJ,JPM,K,KDP,KEY,KEYS,KHC,KIM,KKR,KLAC,KMB,KMI,KMX,KO,KR,KVUE,L,LDOS,LEN,LH,LHX,LII,LIN,LKQ,LLY,LMT,LNT,LOW,LRCX,LULU,LUV,LVS,LW,LYB,LYV,MA,MAA,MAR,MAS,MCD,MCHP,MCK,MCO,MDLZ,MDT,MET,META,MGM,MHK,MKC,MKTX,MLM,MMC,MMM,MNST,MO,MOH,MOS,MPC,MPWR,MRK,MRNA,MS,MSCI,MSFT,MSI,MTB,MTCH,MTD,MU,NCLH,NDAQ,NDSN,NEE,NEM,NFLX,NI,NKE,NOC,NOW,NRG,NSC,NTAP,NTRS,NUE,NVDA,NVR,NWS,NWSA,NXPI,O,ODFL,OKE,OMC,ON,ORCL,ORLY,OTIS,OXY,PANW,PARA,PAYC,PAYX,PCAR,PCG,PEG,PEP,PFE,PFG,PG,PGR,PH,PHM,PKG,PLD,PLTR,PM,PNC,PNR,PNW,PODD,POOL,PPG,PPL,PRU,PSA,PSX,PTC,PWR,PYPL,QCOM,RCL,REG,REGN,RF,RJF,RL,RMD,ROK,ROL,ROP,ROST,RSG,RTX,RVTY,SBAC,SBUX,SCHW,SHW,SJM,SLB,SMCI,SNA,SNPS,SO,SOLV,SPG,SPGI,SRE,STE,STLD,STT,STX,STZ,SW,SWK,SWKS,SYF,SYK,SYY,T,TAP,TDG,TDY,TECH,TEL,TER,TFC,TGT,TJX,TKO,TMO,TMUS,TPL,TPR,TRGP,TRMB,TROW,TRV,TSCO,TSLA,TSN,TT,TTD,TTWO,TXN,TXT,TYL,UAL,UBER,UDR,UHS,ULTA,UNH,UNP,UPS,URI,USB,V,VICI,VLO,VLTO,VMC,VRSK,VRSN,VRTX,VST,VTR,VTRS,VZ,WAB,WAT,WBA,WBD,WDAY,WDC,WEC,WELL,WFC,WM,WMB,WMT,WRB,WSM,WST,WTW,WY,WYNN,XEL,XOM,XYL,XYZ,YUM,ZBH,ZBRA,ZTS"
2025-08-08,"A,AAPL,ABBV,ABNB,ABT,ACGL,ACN,ADBE,ADI,ADM,ADP,ADSK,AEE,AEP,AES,AFL,AIG,AIZ,AJG,AKAM,ALB,ALGN,ALL,ALLE,AMAT,AMCR,AMD,AME,AMGN,AMP,AMT,AMZN,ANET,AON,AOS,APA,APD,APH,APO,APTV,ARE,ATO,AVB,AVGO,AVY,AWK,AXON,AXP,AZO,BA,BAC,BALL,BAX,BBY,BDX,BEN,BF.B,BG,BIIB,BK,BKNG,BKR,BLDR,BLK,BMY,BR,BRK.B,BRO,BSX,BX,BXP,C,CAG,CAH,CARR,CAT,CB,CBOE,CBRE,CCI,CCL,CDNS,CDW,CEG,CF,CFG,CHD,CHRW,CHTR,CI,CINF,CL,CLX,CMCSA,CME,CMG,CMI,CMS,CNC,CNP,COF,COIN,COO,COP,COR,COST,CPAY,CPB,CPRT,CPT,CRL,CRM,CRWD,CSCO,CSGP,CSX,CTAS,CTRA,CTSH,CTVA,CVS,CVX,CZR,D,DAL,DASH,DAY,DD,DDOG,DE,DECK,DELL,DG,DGX,DHI,DHR,DIS,DLR,DLTR,DOC,DOV,DOW,DPZ,DRI,DTE,DUK,DVA,DVN,DXCM,EA,EBAY,ECL,ED,EFX,EG,EIX,EL,ELV,EMN,EMR,ENPH,EOG,EPAM,EQIX,EQR,EQT,ERIE,ES,ESS,ETN,ETR,EVRG,EW,EXC,EXE,EXPD,EXPE,EXR,F,FANG,FAST,FCX,FDS,FDX,FE,FFIV,FI,FICO,FIS,FITB,FOX,FOXA,FRT,FSLR,FTNT,FTV,GD,GDDY,GE,GEHC,GEN,GEV,GILD,GIS,GL,GLW,GM,GNRC,GOOG,GOOGL,GPC,GPN,GRMN,GS,GWW,HAL,HAS,HBAN,HCA,HD,HIG,HII,HLT,HOLX,HON,HPE,HPQ,HRL,HSIC,HST,HSY,HUBB,HUM,HWM,IBM,ICE,IDXX,IEX,IFF,INCY,INTC,INTU,INVH,IP,IPG,IQV,IR,IRM,ISRG,IT,ITW,IVZ,J,JBHT,JBL,JCI,JKHY,JNJ,JPM,K,KDP,KEY,KEYS,KHC,KIM,KKR,KLAC,KMB,KMI,KMX,KO,KR,KVUE,L,LDOS,LEN,LH,LHX,LII,LIN,LKQ,LLY,LMT,LNT,LOW,LRCX,LULU,LUV,LVS,LW,LYB,LYV,MA,MAA,MAR,MAS,MCD,MCHP,MCK,MCO,MDLZ,MDT,MET,META,MGM,MHK,MKC,MKTX,MLM,MMC,MMM,MNST,MO,MOH,MOS,MPC,MPWR,MRK,MRNA,MS,MSCI,MSFT,MSI,MTB,MTCH,MTD,MU,NCLH,NDAQ,NDSN,NEE,NEM,NFLX,NI,NKE,NOC,NOW,NRG,NSC,NTAP,NTRS,NUE,NVDA,NVR,NWS,NWSA,NXPI,O,ODFL,OKE,OMC,ON,ORCL,ORLY,OTIS,OXY,PANW,PAYC,PAYX,PCAR,PCG,PEG,PEP,PFE,PFG,PG,PGR,PH,PHM,PKG,PLD,PLTR,PM,PNC,PNR,PNW,PODD,POOL,PPG,PPL,PRU,PSA,PSKY,PSX,PTC,PWR,PYPL,QCOM,RCL,REG,REGN,RF,RJF,RL,RMD,ROK,ROL,ROP,ROST,RSG,RTX,RVTY,SBAC,SBUX,SCHW,SHW,SJM,SLB,SMCI,SNA,SNPS,SO,SOLV,SPG,SPGI,SRE,STE,STLD,STT,STX,STZ,SW,SWK,SWKS,SYF,SYK,SYY,T,TAP,TDG,TDY,TECH,TEL,TER,TFC,TGT,TJX,TKO,TMO,TMUS,TPL,TPR,TRGP,TRMB,TROW,TRV,TSCO,TSLA,TSN,TT,TTD,TTWO,TXN,TXT,TYL,UAL,UBER,UDR,UHS,ULTA,UNH,UNP,UPS,URI,USB,V,VICI,VLO,VLTO,VMC,VRSK,VRSN,VRTX,VST,VTR,VTRS,VZ,WAB,WAT,WBA,WBD,WDAY,WDC,WEC,WELL,WFC,WM,WMB,WMT,WRB,WSM,WST,WTW,WY,WYNN,XEL,XOM,XYL,XYZ,YUM,ZBH,ZBRA,ZTS"
2025-08-28,"A,AAPL,ABBV,ABNB,ABT,ACGL,ACN,ADBE,ADI,ADM,ADP,ADSK,AEE,AEP,AES,AFL,AIG,AIZ,AJG,AKAM,ALB,ALGN,ALL,ALLE,AMAT,AMCR,AMD,AME,AMGN,AMP,AMT,AMZN,ANET,AON,AOS,APA,APD,APH,APO,APTV,ARE,ATO,AVB,AVGO,AVY,AWK,AXON,AXP,AZO,BA,BAC,BALL,BAX,BBY,BDX,BEN,BF.B,BG,BIIB,BK,BKNG,BKR,BLDR,BLK,BMY,BR,BRK.B,BRO,BSX,BX,BXP,C,CAG,CAH,CARR,CAT,CB,CBOE,CBRE,CCI,CCL,CDNS,CDW,CEG,CF,CFG,CHD,CHRW,CHTR,CI,CINF,CL,CLX,CMCSA,CME,CMG,CMI,CMS,CNC,CNP,COF,COIN,COO,COP,COR,COST,CPAY,CPB,CPRT,CPT,CRL,CRM,CRWD,CSCO,CSGP,CSX,CTAS,CTRA,CTSH,CTVA,CVS,CVX,CZR,D,DAL,DASH,DAY,DD,DDOG,DE,DECK,DELL,DG,DGX,DHI,DHR,DIS,DLR,DLTR,DOC,DOV,DOW,DPZ,DRI,DTE,DUK,DVA,DVN,DXCM,EA,EBAY,ECL,ED,EFX,EG,EIX,EL,ELV,EMN,EMR,ENPH,EOG,EPAM,EQIX,EQR,EQT,ERIE,ES,ESS,ETN,ETR,EVRG,EW,EXC,EXE,EXPD,EXPE,EXR,F,FANG,FAST,FCX,FDS,FDX,FE,FFIV,FI,FICO,FIS,FITB,FOX,FOXA,FRT,FSLR,FTNT,FTV,GD,GDDY,GE,GEHC,GEN,GEV,GILD,GIS,GL,GLW,GM,GNRC,GOOG,GOOGL,GPC,GPN,GRMN,GS,GWW,HAL,HAS,HBAN,HCA,HD,HIG,HII,HLT,HOLX,HON,HPE,HPQ,HRL,HSIC,HST,HSY,HUBB,HUM,HWM,IBKR,IBM,ICE,IDXX,IEX,IFF,INCY,INTC,INTU,INVH,IP,IPG,IQV,IR,IRM,ISRG,IT,ITW,IVZ,J,JBHT,JBL,JCI,JKHY,JNJ,JPM,K,KDP,KEY,KEYS,KHC,KIM,KKR,KLAC,KMB,KMI,KMX,KO,KR,KVUE,L,LDOS,LEN,LH,LHX,LII,LIN,LKQ,LLY,LMT,LNT,LOW,LRCX,LULU,LUV,LVS,LW,LYB,LYV,MA,MAA,MAR,MAS,MCD,MCHP,MCK,MCO,MDLZ,MDT,MET,META,MGM,MHK,MKC,MKTX,MLM,MMC,MMM,MNST,MO,MOH,MOS,MPC,MPWR,MRK,MRNA,MS,MSCI,MSFT,MSI,MTB,MTCH,MTD,MU,NCLH,NDAQ,NDSN,NEE,NEM,NFLX,NI,NKE,NOC,NOW,NRG,NSC,NTAP,NTRS,NUE,NVDA,NVR,NWS,NWSA,NXPI,O,ODFL,OKE,OMC,ON,ORCL,ORLY,OTIS,OXY,PANW,PAYC,PAYX,PCAR,PCG,PEG,PEP,PFE,PFG,PG,PGR,PH,PHM,PKG,PLD,PLTR,PM,PNC,PNR,PNW,PODD,POOL,PPG,PPL,PRU,PSA,PSKY,PSX,PTC,PWR,PYPL,QCOM,RCL,REG,REGN,RF,RJF,RL,RMD,ROK,ROL,ROP,ROST,RSG,RTX,RVTY,SBAC,SBUX,SCHW,SHW,SJM,SLB,SMCI,SNA,SNPS,SO,SOLV,SPG,SPGI,SRE,STE,STLD,STT,STX,STZ,SW,SWK,SWKS,SYF,SYK,SYY,T,TAP,TDG,TDY,TECH,TEL,TER,TFC,TGT,TJX,TKO,TMO,TMUS,TPL,TPR,TRGP,TRMB,TROW,TRV,TSCO,TSLA,TSN,TT,TTD,TTWO,TXN,TXT,TYL,UAL,UBER,UDR,UHS,ULTA,UNH,UNP,UPS,URI,USB,V,VICI,VLO,VLTO,VMC,VRSK,VRSN,VRTX,VST,VTR,VTRS,VZ,WAB,WAT,WBD,WDAY,WDC,WEC,WELL,WFC,WM,WMB,WMT,WRB,WSM,WST,WTW,WY,WYNN,XEL,XOM,XYL,XYZ,YUM,ZBH,ZBRA,ZTS"
2025-09-22,"A,AAPL,ABBV,ABNB,ABT,ACGL,ACN,ADBE,ADI,ADM,ADP,ADSK,AEE,AEP,AES,AFL,AIG,AIZ,AJG,AKAM,ALB,ALGN,ALL,ALLE,AMAT,AMCR,AMD,AME,AMGN,AMP,AMT,AMZN,ANET,AON,AOS,APA,APD,APH,APO,APP,APTV,ARE,ATO,AVB,AVGO,AVY,AWK,AXON,AXP,AZO,BA,BAC,BALL,BAX,BBY,BDX,BEN,BF.B,BG,BIIB,BK,BKNG,BKR,BLDR,BLK,BMY,BR,BRK.B,BRO,BSX,BX,BXP,C,CAG,CAH,CARR,CAT,CB,CBOE,CBRE,CCI,CCL,CDNS,CDW,CEG,CF,CFG,CHD,CHRW,CHTR,CI,CINF,CL,CLX,CMCSA,CME,CMG,CMI,CMS,CNC,CNP,COF,COIN,COO,COP,COR,COST,CPAY,CPB,CPRT,CPT,CRL,CRM,CRWD,CSCO,CSGP,CSX,CTAS,CTRA,CTSH,CTVA,CVS,CVX,D,DAL,DASH,DAY,DD,DDOG,DE,DECK,DELL,DG,DGX,DHI,DHR,DIS,DLR,DLTR,DOC,DOV,DOW,DPZ,DRI,DTE,DUK,DVA,DVN,DXCM,EA,EBAY,ECL,ED,EFX,EG,EIX,EL,ELV,EME,EMN,EMR,EOG,EPAM,EQIX,EQR,EQT,ERIE,ES,ESS,ETN,ETR,EVRG,EW,EXC,EXE,EXPD,EXPE,EXR,F,FANG,FAST,FCX,FDS,FDX,FE,FFIV,FI,FICO,FIS,FITB,FOX,FOXA,FRT,FSLR,FTNT,FTV,GD,GDDY,GE,GEHC,GEN,GEV,GILD,GIS,GL,GLW,GM,GNRC,GOOG,GOOGL,GPC,GPN,GRMN,GS,GWW,HAL,HAS,HBAN,HCA,HD,HIG,HII,HLT,HOLX,HON,HOOD,HPE,HPQ,HRL,HSIC,HST,HSY,HUBB,HUM,HWM,IBKR,IBM,ICE,IDXX,IEX,IFF,INCY,INTC,INTU,INVH,IP,IPG,IQV,IR,IRM,ISRG,IT,ITW,IVZ,J,JBHT,JBL,JCI,JKHY,JNJ,JPM,K,KDP,KEY,KEYS,KHC,KIM,KKR,KLAC,KMB,KMI,KMX,KO,KR,KVUE,L,LDOS,LEN,LH,LHX,LII,LIN,LKQ,LLY,LMT,LNT,LOW,LRCX,LULU,LUV,LVS,LW,LYB,LYV,MA,MAA,MAR,MAS,MCD,MCHP,MCK,MCO,MDLZ,MDT,MET,META,MGM,MHK,MKC,MLM,MMC,MMM,MNST,MO,MOH,MOS,MPC,MPWR,MRK,MRNA,MS,MSCI,MSFT,MSI,MTB,MTCH,MTD,MU,NCLH,NDAQ,NDSN,NEE,NEM,NFLX,NI,NKE,NOC,NOW,NRG,NSC,NTAP,NTRS,NUE,NVDA,NVR,NWS,NWSA,NXPI,O,ODFL,OKE,OMC,ON,ORCL,ORLY,OTIS,OXY,PANW,PAYC,PAYX,PCAR,PCG,PEG,PEP,PFE,PFG,PG,PGR,PH,PHM,PKG,PLD,PLTR,PM,PNC,PNR,PNW,PODD,POOL,PPG,PPL,PRU,PSA,PSKY,PSX,PTC,PWR,PYPL,QCOM,RCL,REG,REGN,RF,RJF,RL,RMD,ROK,ROL,ROP,ROST,RSG,RTX,RVTY,SBAC,SBUX,SCHW,SHW,SJM,SLB,SMCI,SNA,SNPS,SO,SOLV,SPG,SPGI,SRE,STE,STLD,STT,STX,STZ,SW,SWK,SWKS,SYF,SYK,SYY,T,TAP,TDG,TDY,TECH,TEL,TER,TFC,TGT,TJX,TKO,TMO,TMUS,TPL,TPR,TRGP,TRMB,TROW,TRV,TSCO,TSLA,TSN,TT,TTD,TTWO,TXN,TXT,TYL,UAL,UBER,UDR,UHS,ULTA,UNH,UNP,UPS,URI,USB,V,VICI,VLO,VLTO,VMC,VRSK,VRSN,VRTX,VST,VTR,VTRS,VZ,WAB,WAT,WBD,WDAY,WDC,WEC,WELL,WFC,WM,WMB,WMT,WRB,WSM,WST,WTW,WY,WYNN,XEL,XOM,XYL,XYZ,YUM,ZBH,ZBRA,ZTS"
2025-10-30,"A,AAPL,ABBV,ABNB,ABT,ACGL,ACN,ADBE,ADI,ADM,ADP,ADSK,AEE,AEP,AES,AFL,AIG,AIZ,AJG,AKAM,ALB,ALGN,ALL,ALLE,AMAT,AMCR,AMD,AME,AMGN,AMP,AMT,AMZN,ANET,AON,AOS,APA,APD,APH,APO,APP,APTV,ARE,ATO,AVB,AVGO,AVY,AWK,AXON,AXP,AZO,BA,BAC,BALL,BAX,BBY,BDX,BEN,BF.B,BG,BIIB,BK,BKNG,BKR,BLDR,BLK,BMY,BR,BRK.B,BRO,BSX,BX,BXP,C,CAG,CAH,CARR,CAT,CB,CBOE,CBRE,CCI,CCL,CDNS,CDW,CEG,CF,CFG,CHD,CHRW,CHTR,CI,CINF,CL,CLX,CMCSA,CME,CMG,CMI,CMS,CNC,CNP,COF,COIN,COO,COP,COR,COST,CPAY,CPB,CPRT,CPT,CRL,CRM,CRWD,CSCO,CSGP,CSX,CTAS,CTRA,CTSH,CTVA,CVS,CVX,D,DAL,DASH,DAY,DD,DDOG,DE,DECK,DELL,DG,DGX,DHI,DHR,DIS,DLR,DLTR,DOC,DOV,DOW,DPZ,DRI,DTE,DUK,DVA,DVN,DXCM,EA,EBAY,ECL,ED,EFX,EG,EIX,EL,ELV,EME,EMN,EMR,EOG,EPAM,EQIX,EQR,EQT,ERIE,ES,ESS,ETN,ETR,EVRG,EW,EXC,EXE,EXPD,EXPE,EXR,F,FANG,FAST,FCX,FDS,FDX,FE,FFIV,FI,FICO,FIS,FITB,FOX,FOXA,FRT,FSLR,FTNT,FTV,GD,GDDY,GE,GEHC,GEN,GEV,GILD,GIS,GL,GLW,GM,GNRC,GOOG,GOOGL,GPC,GPN,GRMN,GS,GWW,HAL,HAS,HBAN,HCA,HD,HIG,HII,HLT,HOLX,HON,HOOD,HPE,HPQ,HRL,HSIC,HST,HSY,HUBB,HUM,HWM,IBKR,IBM,ICE,IDXX,IEX,IFF,INCY,INTC,INTU,INVH,IP,IPG,IQV,IR,IRM,ISRG,IT,ITW,IVZ,J,JBHT,JBL,JCI,JKHY,JNJ,JPM,K,KDP,KEY,KEYS,KHC,KIM,KKR,KLAC,KMB,KMI,KMX,KO,KR,KVUE,L,LDOS,LEN,LH,LHX,LII,LIN,LKQ,LLY,LMT,LNT,LOW,LRCX,LULU,LUV,LVS,LW,LYB,LYV,MA,MAA,MAR,MAS,MCD,MCHP,MCK,MCO,MDLZ,MDT,MET,META,MGM,MHK,MKC,MLM,MMC,MMM,MNST,MO,MOH,MOS,MPC,MPWR,MRK,MRNA,MS,MSCI,MSFT,MSI,MTB,MTCH,MTD,MU,NCLH,NDAQ,NDSN,NEE,NEM,NFLX,NI,NKE,NOC,NOW,NRG,NSC,NTAP,NTRS,NUE,NVDA,NVR,NWS,NWSA,NXPI,O,ODFL,OKE,OMC,ON,ORCL,ORLY,OTIS,OXY,PANW,PAYC,PAYX,PCAR,PCG,PEG,PEP,PFE,PFG,PG,PGR,PH,PHM,PKG,PLD,PLTR,PM,PNC,PNR,PNW,PODD,POOL,PPG,PPL,PRU,PSA,PSKY,PSX,PTC,PWR,PYPL,QCOM,RCL,REG,REGN,RF,RJF,RL,RMD,ROK,ROL,ROP,ROST,RSG,RTX,RVTY,SBAC,SBUX,SCHW,SHW,SJM,SLB,SMCI,SNA,SNPS,SO,SOLS,SOLV,SPG,SPGI,SRE,STE,STLD,STT,STX,STZ,SW,SWK,SWKS,SYF,SYK,SYY,T,TAP,TDG,TDY,TECH,TEL,TER,TFC,TGT,TJX,TKO,TMO,TMUS,TPL,TPR,TRGP,TRMB,TROW,TRV,TSCO,TSLA,TSN,TT,TTD,TTWO,TXN,TXT,TYL,UAL,UBER,UDR,UHS,ULTA,UNH,UNP,UPS,URI,USB,V,VICI,VLO,VLTO,VMC,VRSK,VRSN,VRTX,VST,VTR,VTRS,VZ,WAB,WAT,WBD,WDAY,WDC,WEC,WELL,WFC,WM,WMB,WMT,WRB,WSM,WST,WTW,WY,WYNN,XEL,XOM,XYL,XYZ,YUM,ZBH,ZBRA,ZTS"
2025-10-31,"A,AAPL,ABBV,ABNB,ABT,ACGL,ACN,ADBE,ADI,ADM,ADP,ADSK,AEE,AEP,AES,AFL,AIG,AIZ,AJG,AKAM,ALB,ALGN,ALL,ALLE,AMAT,AMCR,AMD,AME,AMGN,AMP,AMT,AMZN,ANET,AON,AOS,APA,APD,APH,APO,APP,APTV,ARE,ATO,AVB,AVGO,AVY,AWK,AXON,AXP,AZO,BA,BAC,BALL,BAX,BBY,BDX,BEN,BF.B,BG,BIIB,BK,BKNG,BKR,BLDR,BLK,BMY,BR,BRK.B,BRO,BSX,BX,BXP,C,CAG,CAH,CARR,CAT,CB,CBOE,CBRE,CCI,CCL,CDNS,CDW,CEG,CF,CFG,CHD,CHRW,CHTR,CI,CINF,CL,CLX,CMCSA,CME,CMG,CMI,CMS,CNC,CNP,COF,COIN,COO,COP,COR,COST,CPAY,CPB,CPRT,CPT,CRL,CRM,CRWD,CSCO,CSGP,CSX,CTAS,CTRA,CTSH,CTVA,CVS,CVX,D,DAL,DASH,DAY,DD,DDOG,DE,DECK,DELL,DG,DGX,DHI,DHR,DIS,DLR,DLTR,DOC,DOV,DOW,DPZ,DRI,DTE,DUK,DVA,DVN,DXCM,EA,EBAY,ECL,ED,EFX,EG,EIX,EL,ELV,EME,EMN,EMR,EOG,EPAM,EQIX,EQR,EQT,ERIE,ES,ESS,ETN,ETR,EVRG,EW,EXC,EXE,EXPD,EXPE,EXR,F,FANG,FAST,FCX,FDS,FDX,FE,FFIV,FI,FICO,FIS,FITB,FOX,FOXA,FRT,FSLR,FTNT,FTV,GD,GDDY,GE,GEHC,GEN,GEV,GILD,GIS,GL,GLW,GM,GNRC,GOOG,GOOGL,GPC,GPN,GRMN,GS,GWW,HAL,HAS,HBAN,HCA,HD,HIG,HII,HLT,HOLX,HON,HOOD,HPE,HPQ,HRL,HSIC,HST,HSY,HUBB,HUM,HWM,IBKR,IBM,ICE,IDXX,IEX,IFF,INCY,INTC,INTU,INVH,IP,IPG,IQV,IR,IRM,ISRG,IT,ITW,IVZ,J,JBHT,JBL,JCI,JKHY,JNJ,JPM,K,KDP,KEY,KEYS,KHC,KIM,KKR,KLAC,KMB,KMI,KO,KR,KVUE,L,LDOS,LEN,LH,LHX,LII,LIN,LKQ,LLY,LMT,LNT,LOW,LRCX,LULU,LUV,LVS,LW,LYB,LYV,MA,MAA,MAR,MAS,MCD,MCHP,MCK,MCO,MDLZ,MDT,MET,META,MGM,MHK,MKC,MLM,MMC,MMM,MNST,MO,MOH,MOS,MPC,MPWR,MRK,MRNA,MS,MSCI,MSFT,MSI,MTB,MTCH,MTD,MU,NCLH,NDAQ,NDSN,NEE,NEM,NFLX,NI,NKE,NOC,NOW,NRG,NSC,NTAP,NTRS,NUE,NVDA,NVR,NWS,NWSA,NXPI,O,ODFL,OKE,OMC,ON,ORCL,ORLY,OTIS,OXY,PANW,PAYC,PAYX,PCAR,PCG,PEG,PEP,PFE,PFG,PG,PGR,PH,PHM,PKG,PLD,PLTR,PM,PNC,PNR,PNW,PODD,POOL,PPG,PPL,PRU,PSA,PSKY,PSX,PTC,PWR,PYPL,QCOM,RCL,REG,REGN,RF,RJF,RL,RMD,ROK,ROL,ROP,ROST,RSG,RTX,RVTY,SBAC,SBUX,SCHW,SHW,SJM,SLB,SMCI,SNA,SNPS,SO,SOLS,SOLV,SPG,SPGI,SRE,STE,STLD,STT,STX,STZ,SW,SWK,SWKS,SYF,SYK,SYY,T,TAP,TDG,TDY,TECH,TEL,TER,TFC,TGT,TJX,TKO,TMO,TMUS,TPL,TPR,TRGP,TRMB,TROW,TRV,TSCO,TSLA,TSN,TT,TTD,TTWO,TXN,TXT,TYL,UAL,UBER,UDR,UHS,ULTA,UNH,UNP,UPS,URI,USB,V,VICI,VLO,VLTO,VMC,VRSK,VRSN,VRTX,VST,VTR,VTRS,VZ,WAB,WAT,WBD,WDAY,WDC,WEC,WELL,WFC,WM,WMB,WMT,WRB,WSM,WST,WTW,WY,WYNN,XEL,XOM,XYL,XYZ,YUM,ZBH,ZBRA,ZTS"
2025-11-03,"A,AAPL,ABBV,ABNB,ABT,ACGL,ACN,ADBE,ADI,ADM,ADP,ADSK,AEE,AEP,AES,AFL,AIG,AIZ,AJG,AKAM,ALB,ALGN,ALL,ALLE,AMAT,AMCR,AMD,AME,AMGN,AMP,AMT,AMZN,ANET,AON,AOS,APA,APD,APH,APO,APP,APTV,ARE,ATO,AVB,AVGO,AVY,AWK,AXON,AXP,AZO,BA,BAC,BALL,BAX,BBY,BDX,BEN,BF.B,BG,BIIB,BK,BKNG,BKR,BLDR,BLK,BMY,BR,BRK.B,BRO,BSX,BX,BXP,C,CAG,CAH,CARR,CAT,CB,CBOE,CBRE,CCI,CCL,CDNS,CDW,CEG,CF,CFG,CHD,CHRW,CHTR,CI,CINF,CL,CLX,CMCSA,CME,CMG,CMI,CMS,CNC,CNP,COF,COIN,COO,COP,COR,COST,CPAY,CPB,CPRT,CPT,CRL,CRM,CRWD,CSCO,CSGP,CSX,CTAS,CTRA,CTSH,CTVA,CVS,CVX,D,DAL,DASH,DAY,DD,DDOG,DE,DECK,DELL,DG,DGX,DHI,DHR,DIS,DLR,DLTR,DOC,DOV,DOW,DPZ,DRI,DTE,DUK,DVA,DVN,DXCM,EA,EBAY,ECL,ED,EFX,EG,EIX,EL,ELV,EME,EMN,EMR,EOG,EPAM,EQIX,EQR,EQT,ERIE,ES,ESS,ETN,ETR,EVRG,EW,EXC,EXE,EXPD,EXPE,EXR,F,FANG,FAST,FCX,FDS,FDX,FE,FFIV,FI,FICO,FIS,FITB,FOX,FOXA,FRT,FSLR,FTNT,FTV,GD,GDDY,GE,GEHC,GEN,GEV,GILD,GIS,GL,GLW,GM,GNRC,GOOG,GOOGL,GPC,GPN,GRMN,GS,GWW,HAL,HAS,HBAN,HCA,HD,HIG,HII,HLT,HOLX,HON,HOOD,HPE,HPQ,HRL,HSIC,HST,HSY,HUBB,HUM,HWM,IBKR,IBM,ICE,IDXX,IEX,IFF,INCY,INTC,INTU,INVH,IP,IPG,IQV,IR,IRM,ISRG,IT,ITW,IVZ,J,JBHT,JBL,JCI,JKHY,JNJ,JPM,K,KDP,KEY,KEYS,KHC,KIM,KKR,KLAC,KMB,KMI,KO,KR,KVUE,L,LDOS,LEN,LH,LHX,LII,LIN,LKQ,LLY,LMT,LNT,LOW,LRCX,LULU,LUV,LVS,LW,LYB,LYV,MA,MAA,MAR,MAS,MCD,MCHP,MCK,MCO,MDLZ,MDT,MET,META,MGM,MHK,MKC,MLM,MMC,MMM,MNST,MO,MOH,MOS,MPC,MPWR,MRK,MRNA,MS,MSCI,MSFT,MSI,MTB,MTCH,MTD,MU,NCLH,NDAQ,NDSN,NEE,NEM,NFLX,NI,NKE,NOC,NOW,NRG,NSC,NTAP,NTRS,NUE,NVDA,NVR,NWS,NWSA,NXPI,O,ODFL,OKE,OMC,ON,ORCL,ORLY,OTIS,OXY,PANW,PAYC,PAYX,PCAR,PCG,PEG,PEP,PFE,PFG,PG,PGR,PH,PHM,PKG,PLD,PLTR,PM,PNC,PNR,PNW,PODD,POOL,PPG,PPL,PRU,PSA,PSKY,PSX,PTC,PWR,PYPL,Q,QCOM,RCL,REG,REGN,RF,RJF,RL,RMD,ROK,ROL,ROP,ROST,RSG,RTX,RVTY,SBAC,SBUX,SCHW,SHW,SJM,SLB,SMCI,SNA,SNPS,SO,SOLS,SOLV,SPG,SPGI,SRE,STE,STLD,STT,STX,STZ,SW,SWK,SWKS,SYF,SYK,SYY,T,TAP,TDG,TDY,TECH,TEL,TER,TFC,TGT,TJX,TKO,TMO,TMUS,TPL,TPR,TRGP,TRMB,TROW,TRV,TSCO,TSLA,TSN,TT,TTD,TTWO,TXN,TXT,TYL,UAL,UBER,UDR,UHS,ULTA,UNH,UNP,UPS,URI,USB,V,VICI,VLO,VLTO,VMC,VRSK,VRSN,VRTX,VST,VTR,VTRS,VZ,WAB,WAT,WBD,WDAY,WDC,WEC,WELL,WFC,WM,WMB,WMT,WRB,WSM,WST,WTW,WY,WYNN,XEL,XOM,XYL,XYZ,YUM,ZBH,ZBRA,ZTS"
2025-11-04,"A,AAPL,ABBV,ABNB,ABT,ACGL,ACN,ADBE,ADI,ADM,ADP,ADSK,AEE,AEP,AES,AFL,AIG,AIZ,AJG,AKAM,ALB,ALGN,ALL,ALLE,AMAT,AMCR,AMD,AME,AMGN,AMP,AMT,AMZN,ANET,AON,AOS,APA,APD,APH,APO,APP,APTV,ARE,ATO,AVB,AVGO,AVY,AWK,AXON,AXP,AZO,BA,BAC,BALL,BAX,BBY,BDX,BEN,BF.B,BG,BIIB,BK,BKNG,BKR,BLDR,BLK,BMY,BR,BRK.B,BRO,BSX,BX,BXP,C,CAG,CAH,CARR,CAT,CB,CBOE,CBRE,CCI,CCL,CDNS,CDW,CEG,CF,CFG,CHD,CHRW,CHTR,CI,CINF,CL,CLX,CMCSA,CME,CMG,CMI,CMS,CNC,CNP,COF,COIN,COO,COP,COR,COST,CPAY,CPB,CPRT,CPT,CRL,CRM,CRWD,CSCO,CSGP,CSX,CTAS,CTRA,CTSH,CTVA,CVS,CVX,D,DAL,DASH,DAY,DD,DDOG,DE,DECK,DELL,DG,DGX,DHI,DHR,DIS,DLR,DLTR,DOC,DOV,DOW,DPZ,DRI,DTE,DUK,DVA,DVN,DXCM,EA,EBAY,ECL,ED,EFX,EG,EIX,EL,ELV,EME,EMR,EOG,EPAM,EQIX,EQR,EQT,ERIE,ES,ESS,ETN,ETR,EVRG,EW,EXC,EXE,EXPD,EXPE,EXR,F,FANG,FAST,FCX,FDS,FDX,FE,FFIV,FI,FICO,FIS,FITB,FOX,FOXA,FRT,FSLR,FTNT,FTV,GD,GDDY,GE,GEHC,GEN,GEV,GILD,GIS,GL,GLW,GM,GNRC,GOOG,GOOGL,GPC,GPN,GRMN,GS,GWW,HAL,HAS,HBAN,HCA,HD,HIG,HII,HLT,HOLX,HON,HOOD,HPE,HPQ,HRL,HSIC,HST,HSY,HUBB,HUM,HWM,IBKR,IBM,ICE,IDXX,IEX,IFF,INCY,INTC,INTU,INVH,IP,IPG,IQV,IR,IRM,ISRG,IT,ITW,IVZ,J,JBHT,JBL,JCI,JKHY,JNJ,JPM,K,KDP,KEY,KEYS,KHC,KIM,KKR,KLAC,KMB,KMI,KO,KR,KVUE,L,LDOS,LEN,LH,LHX,LII,LIN,LKQ,LLY,LMT,LNT,LOW,LRCX,LULU,LUV,LVS,LW,LYB,LYV,MA,MAA,MAR,MAS,MCD,MCHP,MCK,MCO,MDLZ,MDT,MET,META,MGM,MHK,MKC,MLM,MMC,MMM,MNST,MO,MOH,MOS,MPC,MPWR,MRK,MRNA,MS,MSCI,MSFT,MSI,MTB,MTCH,MTD,MU,NCLH,NDAQ,NDSN,NEE,NEM,NFLX,NI,NKE,NOC,NOW,NRG,NSC,NTAP,NTRS,NUE,NVDA,NVR,NWS,NWSA,NXPI,O,ODFL,OKE,OMC,ON,ORCL,ORLY,OTIS,OXY,PANW,PAYC,PAYX,PCAR,PCG,PEG,PEP,PFE,PFG,PG,PGR,PH,PHM,PKG,PLD,PLTR,PM,PNC,PNR,PNW,PODD,POOL,PPG,PPL,PRU,PSA,PSKY,PSX,PTC,PWR,PYPL,Q,QCOM,RCL,REG,REGN,RF,RJF,RL,RMD,ROK,ROL,ROP,ROST,RSG,RTX,RVTY,SBAC,SBUX,SCHW,SHW,SJM,SLB,SMCI,SNA,SNPS,SO,SOLS,SOLV,SPG,SPGI,SRE,STE,STLD,STT,STX,STZ,SW,SWK,SWKS,SYF,SYK,SYY,T,TAP,TDG,TDY,TECH,TEL,TER,TFC,TGT,TJX,TKO,TMO,TMUS,TPL,TPR,TRGP,TRMB,TROW,TRV,TSCO,TSLA,TSN,TT,TTD,TTWO,TXN,TXT,TYL,UAL,UBER,UDR,UHS,ULTA,UNH,UNP,UPS,URI,USB,V,VICI,VLO,VLTO,VMC,VRSK,VRSN,VRTX,VST,VTR,VTRS,VZ,WAB,WAT,WBD,WDAY,WDC,WEC,WELL,WFC,WM,WMB,WMT,WRB,WSM,WST,WTW,WY,WYNN,XEL,XOM,XYL,XYZ,YUM,ZBH,ZBRA,ZTS"
2025-11-11,"A,AAPL,ABBV,ABNB,ABT,ACGL,ACN,ADBE,ADI,ADM,ADP,ADSK,AEE,AEP,AES,AFL,AIG,AIZ,AJG,AKAM,ALB,ALGN,ALL,ALLE,AMAT,AMCR,AMD,AME,AMGN,AMP,AMT,AMZN,ANET,AON,AOS,APA,APD,APH,APO,APP,APTV,ARE,ATO,AVB,AVGO,AVY,AWK,AXON,AXP,AZO,BA,BAC,BALL,BAX,BBY,BDX,BEN,BF.B,BG,BIIB,BK,BKNG,BKR,BLDR,BLK,BMY,BR,BRK.B,BRO,BSX,BX,BXP,C,CAG,CAH,CARR,CAT,CB,CBOE,CBRE,CCI,CCL,CDNS,CDW,CEG,CF,CFG,CHD,CHRW,CHTR,CI,CINF,CL,CLX,CMCSA,CME,CMG,CMI,CMS,CNC,CNP,COF,COIN,COO,COP,COR,COST,CPAY,CPB,CPRT,CPT,CRL,CRM,CRWD,CSCO,CSGP,CSX,CTAS,CTRA,CTSH,CTVA,CVS,CVX,D,DAL,DASH,DAY,DD,DDOG,DE,DECK,DELL,DG,DGX,DHI,DHR,DIS,DLR,DLTR,DOC,DOV,DOW,DPZ,DRI,DTE,DUK,DVA,DVN,DXCM,EA,EBAY,ECL,ED,EFX,EG,EIX,EL,ELV,EME,EMR,EOG,EPAM,EQIX,EQR,EQT,ERIE,ES,ESS,ETN,ETR,EVRG,EW,EXC,EXE,EXPD,EXPE,EXR,F,FANG,FAST,FCX,FDS,FDX,FE,FFIV,FICO,FIS,FISV,FITB,FOX,FOXA,FRT,FSLR,FTNT,FTV,GD,GDDY,GE,GEHC,GEN,GEV,GILD,GIS,GL,GLW,GM,GNRC,GOOG,GOOGL,GPC,GPN,GRMN,GS,GWW,HAL,HAS,HBAN,HCA,HD,HIG,HII,HLT,HOLX,HON,HOOD,HPE,HPQ,HRL,HSIC,HST,HSY,HUBB,HUM,HWM,IBKR,IBM,ICE,IDXX,IEX,IFF,INCY,INTC,INTU,INVH,IP,IPG,IQV,IR,IRM,ISRG,IT,ITW,IVZ,J,JBHT,JBL,JCI,JKHY,JNJ,JPM,K,KDP,KEY,KEYS,KHC,KIM,KKR,KLAC,KMB,KMI,KO,KR,KVUE,L,LDOS,LEN,LH,LHX,LII,LIN,LKQ,LLY,LMT,LNT,LOW,LRCX,LULU,LUV,LVS,LW,LYB,LYV,MA,MAA,MAR,MAS,MCD,MCHP,MCK,MCO,MDLZ,MDT,MET,META,MGM,MHK,MKC,MLM,MMC,MMM,MNST,MO,MOH,MOS,MPC,MPWR,MRK,MRNA,MS,MSCI,MSFT,MSI,MTB,MTCH,MTD,MU,NCLH,NDAQ,NDSN,NEE,NEM,NFLX,NI,NKE,NOC,NOW,NRG,NSC,NTAP,NTRS,NUE,NVDA,NVR,NWS,NWSA,NXPI,O,ODFL,OKE,OMC,ON,ORCL,ORLY,OTIS,OXY,PANW,PAYC,PAYX,PCAR,PCG,PEG,PEP,PFE,PFG,PG,PGR,PH,PHM,PKG,PLD,PLTR,PM,PNC,PNR,PNW,PODD,POOL,PPG,PPL,PRU,PSA,PSKY,PSX,PTC,PWR,PYPL,Q,QCOM,RCL,REG,REGN,RF,RJF,RL,RMD,ROK,ROL,ROP,ROST,RSG,RTX,RVTY,SBAC,SBUX,SCHW,SHW,SJM,SLB,SMCI,SNA,SNPS,SO,SOLS,SOLV,SPG,SPGI,SRE,STE,STLD,STT,STX,STZ,SW,SWK,SWKS,SYF,SYK,SYY,T,TAP,TDG,TDY,TECH,TEL,TER,TFC,TGT,TJX,TKO,TMO,TMUS,TPL,TPR,TRGP,TRMB,TROW,TRV,TSCO,TSLA,TSN,TT,TTD,TTWO,TXN,TXT,TYL,UAL,UBER,UDR,UHS,ULTA,UNH,UNP,UPS,URI,USB,V,VICI,VLO,VLTO,VMC,VRSK,VRSN,VRTX,VST,VTR,VTRS,VZ,WAB,WAT,WBD,WDAY,WDC,WEC,WELL,WFC,WM,WMB,WMT,WRB,WSM,WST,WTW,WY,WYNN,XEL,XOM,XYL,XYZ,YUM,ZBH,ZBRA,ZTS"
2025-11-28,"A,AAPL,ABBV,ABNB,ABT,ACGL,ACN,ADBE,ADI,ADM,ADP,ADSK,AEE,AEP,AES,AFL,AIG,AIZ,AJG,AKAM,ALB,ALGN,ALL,ALLE,AMAT,AMCR,AMD,AME,AMGN,AMP,AMT,AMZN,ANET,AON,AOS,APA,APD,APH,APO,APP,APTV,ARE,ATO,AVB,AVGO,AVY,AWK,AXON,AXP,AZO,BA,BAC,BALL,BAX,BBY,BDX,BEN,BF.B,BG,BIIB,BK,BKNG,BKR,BLDR,BLK,BMY,BR,BRK.B,BRO,BSX,BX,BXP,C,CAG,CAH,CARR,CAT,CB,CBOE,CBRE,CCI,CCL,CDNS,CDW,CEG,CF,CFG,CHD,CHRW,CHTR,CI,CINF,CL,CLX,CMCSA,CME,CMG,CMI,CMS,CNC,CNP,COF,COIN,COO,COP,COR,COST,CPAY,CPB,CPRT,CPT,CRL,CRM,CRWD,CSCO,CSGP,CSX,CTAS,CTRA,CTSH,CTVA,CVS,CVX,D,DAL,DASH,DAY,DD,DDOG,DE,DECK,DELL,DG,DGX,DHI,DHR,DIS,DLR,DLTR,DOC,DOV,DOW,DPZ,DRI,DTE,DUK,DVA,DVN,DXCM,EA,EBAY,ECL,ED,EFX,EG,EIX,EL,ELV,EME,EMR,EOG,EPAM,EQIX,EQR,EQT,ERIE,ES,ESS,ETN,ETR,EVRG,EW,EXC,EXE,EXPD,EXPE,EXR,F,FANG,FAST,FCX,FDS,FDX,FE,FFIV,FICO,FIS,FISV,FITB,FOX,FOXA,FRT,FSLR,FTNT,FTV,GD,GDDY,GE,GEHC,GEN,GEV,GILD,GIS,GL,GLW,GM,GNRC,GOOG,GOOGL,GPC,GPN,GRMN,GS,GWW,HAL,HAS,HBAN,HCA,HD,HIG,HII,HLT,HOLX,HON,HOOD,HPE,HPQ,HRL,HSIC,HST,HSY,HUBB,HUM,HWM,IBKR,IBM,ICE,IDXX,IEX,IFF,INCY,INTC,INTU,INVH,IP,IQV,IR,IRM,ISRG,IT,ITW,IVZ,J,JBHT,JBL,JCI,JKHY,JNJ,JPM,K,KDP,KEY,KEYS,KHC,KIM,KKR,KLAC,KMB,KMI,KO,KR,KVUE,L,LDOS,LEN,LH,LHX,LII,LIN,LKQ,LLY,LMT,LNT,LOW,LRCX,LULU,LUV,LVS,LW,LYB,LYV,MA,MAA,MAR,MAS,MCD,MCHP,MCK,MCO,MDLZ,MDT,MET,META,MGM,MHK,MKC,MLM,MMC,MMM,MNST,MO,MOH,MOS,MPC,MPWR,MRK,MRNA,MS,MSCI,MSFT,MSI,MTB,MTCH,MTD,MU,NCLH,NDAQ,NDSN,NEE,NEM,NFLX,NI,NKE,NOC,NOW,NRG,NSC,NTAP,NTRS,NUE,NVDA,NVR,NWS,NWSA,NXPI,O,ODFL,OKE,OMC,ON,ORCL,ORLY,OTIS,OXY,PANW,PAYC,PAYX,PCAR,PCG,PEG,PEP,PFE,PFG,PG,PGR,PH,PHM,PKG,PLD,PLTR,PM,PNC,PNR,PNW,PODD,POOL,PPG,PPL,PRU,PSA,PSKY,PSX,PTC,PWR,PYPL,Q,QCOM,RCL,REG,REGN,RF,RJF,RL,RMD,ROK,ROL,ROP,ROST,RSG,RTX,RVTY,SBAC,SBUX,SCHW,SHW,SJM,SLB,SMCI,SNA,SNDK,SNPS,SO,SOLS,SOLV,SPG,SPGI,SRE,STE,STLD,STT,STX,STZ,SW,SWK,SWKS,SYF,SYK,SYY,T,TAP,TDG,TDY,TECH,TEL,TER,TFC,TGT,TJX,TKO,TMO,TMUS,TPL,TPR,TRGP,TRMB,TROW,TRV,TSCO,TSLA,TSN,TT,TTD,TTWO,TXN,TXT,TYL,UAL,UBER,UDR,UHS,ULTA,UNH,UNP,UPS,URI,USB,V,VICI,VLO,VLTO,VMC,VRSK,VRSN,VRTX,VST,VTR,VTRS,VZ,WAB,WAT,WBD,WDAY,WDC,WEC,WELL,WFC,WM,WMB,WMT,WRB,WSM,WST,WTW,WY,WYNN,XEL,XOM,XYL,XYZ,YUM,ZBH,ZBRA,ZTS"
2025-12-11,"A,AAPL,ABBV,ABNB,ABT,ACGL,ACN,ADBE,ADI,ADM,ADP,ADSK,AEE,AEP,AES,AFL,AIG,AIZ,AJG,AKAM,ALB,ALGN,ALL,ALLE,AMAT,AMCR,AMD,AME,AMGN,AMP,AMT,AMZN,ANET,AON,AOS,APA,APD,APH,APO,APP,APTV,ARE,ARES,ATO,AVB,AVGO,AVY,AWK,AXON,AXP,AZO,BA,BAC,BALL,BAX,BBY,BDX,BEN,BF.B,BG,BIIB,BK,BKNG,BKR,BLDR,BLK,BMY,BR,BRK.B,BRO,BSX,BX,BXP,C,CAG,CAH,CARR,CAT,CB,CBOE,CBRE,CCI,CCL,CDNS,CDW,CEG,CF,CFG,CHD,CHRW,CHTR,CI,CINF,CL,CLX,CMCSA,CME,CMG,CMI,CMS,CNC,CNP,COF,COIN,COO,COP,COR,COST,CPAY,CPB,CPRT,CPT,CRL,CRM,CRWD,CSCO,CSGP,CSX,CTAS,CTRA,CTSH,CTVA,CVS,CVX,D,DAL,DASH,DAY,DD,DDOG,DE,DECK,DELL,DG,DGX,DHI,DHR,DIS,DLR,DLTR,DOC,DOV,DOW,DPZ,DRI,DTE,DUK,DVA,DVN,DXCM,EA,EBAY,ECL,ED,EFX,EG,EIX,EL,ELV,EME,EMR,EOG,EPAM,EQIX,EQR,EQT,ERIE,ES,ESS,ETN,ETR,EVRG,EW,EXC,EXE,EXPD,EXPE,EXR,F,FANG,FAST,FCX,FDS,FDX,FE,FFIV,FICO,FIS,FISV,FITB,FOX,FOXA,FRT,FSLR,FTNT,FTV,GD,GDDY,GE,GEHC,GEN,GEV,GILD,GIS,GL,GLW,GM,GNRC,GOOG,GOOGL,GPC,GPN,GRMN,GS,GWW,HAL,HAS,HBAN,HCA,HD,HIG,HII,HLT,HOLX,HON,HOOD,HPE,HPQ,HRL,HSIC,HST,HSY,HUBB,HUM,HWM,IBKR,IBM,ICE,IDXX,IEX,IFF,INCY,INTC,INTU,INVH,IP,IQV,IR,IRM,ISRG,IT,ITW,IVZ,J,JBHT,JBL,JCI,JKHY,JNJ,JPM,KDP,KEY,KEYS,KHC,KIM,KKR,KLAC,KMB,KMI,KO,KR,KVUE,L,LDOS,LEN,LH,LHX,LII,LIN,LKQ,LLY,LMT,LNT,LOW,LRCX,LULU,LUV,LVS,LW,LYB,LYV,MA,MAA,MAR,MAS,MCD,MCHP,MCK,MCO,MDLZ,MDT,MET,META,MGM,MHK,MKC,MLM,MMC,MMM,MNST,MO,MOH,MOS,MPC,MPWR,MRK,MRNA,MS,MSCI,MSFT,MSI,MTB,MTCH,MTD,MU,NCLH,NDAQ,NDSN,NEE,NEM,NFLX,NI,NKE,NOC,NOW,NRG,NSC,NTAP,NTRS,NUE,NVDA,NVR,NWS,NWSA,NXPI,O,ODFL,OKE,OMC,ON,ORCL,ORLY,OTIS,OXY,PANW,PAYC,PAYX,PCAR,PCG,PEG,PEP,PFE,PFG,PG,PGR,PH,PHM,PKG,PLD,PLTR,PM,PNC,PNR,PNW,PODD,POOL,PPG,PPL,PRU,PSA,PSKY,PSX,PTC,PWR,PYPL,Q,QCOM,RCL,REG,REGN,RF,RJF,RL,RMD,ROK,ROL,ROP,ROST,RSG,RTX,RVTY,SBAC,SBUX,SCHW,SHW,SJM,SLB,SMCI,SNA,SNDK,SNPS,SO,SOLS,SOLV,SPG,SPGI,SRE,STE,STLD,STT,STX,STZ,SW,SWK,SWKS,SYF,SYK,SYY,T,TAP,TDG,TDY,TECH,TEL,TER,TFC,TGT,TJX,TKO,TMO,TMUS,TPL,TPR,TRGP,TRMB,TROW,TRV,TSCO,TSLA,TSN,TT,TTD,TTWO,TXN,TXT,TYL,UAL,UBER,UDR,UHS,ULTA,UNH,UNP,UPS,URI,USB,V,VICI,VLO,VLTO,VMC,VRSK,VRSN,VRTX,VST,VTR,VTRS,VZ,WAB,WAT,WBD,WDAY,WDC,WEC,WELL,WFC,WM,WMB,WMT,WRB,WSM,WST,WTW,WY,WYNN,XEL,XOM,XYL,XYZ,YUM,ZBH,ZBRA,ZTS"
2025-12-22,"A,AAPL,ABBV,ABNB,ABT,ACGL,ACN,ADBE,ADI,ADM,ADP,ADSK,AEE,AEP,AES,AFL,AIG,AIZ,AJG,AKAM,ALB,ALGN,ALL,ALLE,AMAT,AMCR,AMD,AME,AMGN,AMP,AMT,AMZN,ANET,AON,AOS,APA,APD,APH,APO,APP,APTV,ARE,ARES,ATO,AVB,AVGO,AVY,AWK,AXON,AXP,AZO,BA,BAC,BALL,BAX,BBY,BDX,BEN,BF.B,BG,BIIB,BK,BKNG,BKR,BLDR,BLK,BMY,BR,BRK.B,BRO,BSX,BX,BXP,C,CAG,CAH,CARR,CAT,CB,CBOE,CBRE,CCI,CCL,CDNS,CDW,CEG,CF,CFG,CHD,CHRW,CHTR,CI,CINF,CL,CLX,CMCSA,CME,CMG,CMI,CMS,CNC,CNP,COF,COIN,COO,COP,COR,COST,CPAY,CPB,CPRT,CPT,CRH,CRL,CRM,CRWD,CSCO,CSGP,CSX,CTAS,CTRA,CTSH,CTVA,CVNA,CVS,CVX,D,DAL,DASH,DAY,DD,DDOG,DE,DECK,DELL,DG,DGX,DHI,DHR,DIS,DLR,DLTR,DOC,DOV,DOW,DPZ,DRI,DTE,DUK,DVA,DVN,DXCM,EA,EBAY,ECL,ED,EFX,EG,EIX,EL,ELV,EME,EMR,EOG,EPAM,EQIX,EQR,EQT,ERIE,ES,ESS,ETN,ETR,EVRG,EW,EXC,EXE,EXPD,EXPE,EXR,F,FANG,FAST,FCX,FDS,FDX,FE,FFIV,FICO,FIS,FISV,FITB,FIX,FOX,FOXA,FRT,FSLR,FTNT,FTV,GD,GDDY,GE,GEHC,GEN,GEV,GILD,GIS,GL,GLW,GM,GNRC,GOOG,GOOGL,GPC,GPN,GRMN,GS,GWW,HAL,HAS,HBAN,HCA,HD,HIG,HII,HLT,HOLX,HON,HOOD,HPE,HPQ,HRL,HSIC,HST,HSY,HUBB,HUM,HWM,IBKR,IBM,ICE,IDXX,IEX,IFF,INCY,INTC,INTU,INVH,IP,IQV,IR,IRM,ISRG,IT,ITW,IVZ,J,JBHT,JBL,JCI,JKHY,JNJ,JPM,KDP,KEY,KEYS,KHC,KIM,KKR,KLAC,KMB,KMI,KO,KR,KVUE,L,LDOS,LEN,LH,LHX,LII,LIN,LLY,LMT,LNT,LOW,LRCX,LULU,LUV,LVS,LW,LYB,LYV,MA,MAA,MAR,MAS,MCD,MCHP,MCK,MCO,MDLZ,MDT,MET,META,MGM,MKC,MLM,MMC,MMM,MNST,MO,MOH,MOS,MPC,MPWR,MRK,MRNA,MS,MSCI,MSFT,MSI,MTB,MTCH,MTD,MU,NCLH,NDAQ,NDSN,NEE,NEM,NFLX,NI,NKE,NOC,NOW,NRG,NSC,NTAP,NTRS,NUE,NVDA,NVR,NWS,NWSA,NXPI,O,ODFL,OKE,OMC,ON,ORCL,ORLY,OTIS,OXY,PANW,PAYC,PAYX,PCAR,PCG,PEG,PEP,PFE,PFG,PG,PGR,PH,PHM,PKG,PLD,PLTR,PM,PNC,PNR,PNW,PODD,POOL,PPG,PPL,PRU,PSA,PSKY,PSX,PTC,PWR,PYPL,Q,QCOM,RCL,REG,REGN,RF,RJF,RL,RMD,ROK,ROL,ROP,ROST,RSG,RTX,RVTY,SBAC,SBUX,SCHW,SHW,SJM,SLB,SMCI,SNA,SNDK,SNPS,SO,SOLV,SPG,SPGI,SRE,STE,STLD,STT,STX,STZ,SW,SWK,SWKS,SYF,SYK,SYY,T,TAP,TDG,TDY,TECH,TEL,TER,TFC,TGT,TJX,TKO,TMO,TMUS,TPL,TPR,TRGP,TRMB,TROW,TRV,TSCO,TSLA,TSN,TT,TTD,TTWO,TXN,TXT,TYL,UAL,UBER,UDR,UHS,ULTA,UNH,UNP,UPS,URI,USB,V,VICI,VLO,VLTO,VMC,VRSK,VRSN,VRTX,VST,VTR,VTRS,VZ,WAB,WAT,WBD,WDAY,WDC,WEC,WELL,WFC,WM,WMB,WMT,WRB,WSM,WST,WTW,WY,WYNN,XEL,XOM,XYL,XYZ,YUM,ZBH,ZBRA,ZTS"
2026-01-14,"A,AAPL,ABBV,ABNB,ABT,ACGL,ACN,ADBE,ADI,ADM,ADP,ADSK,AEE,AEP,AES,AFL,AIG,AIZ,AJG,AKAM,ALB,ALGN,ALL,ALLE,AMAT,AMCR,AMD,AME,AMGN,AMP,AMT,AMZN,ANET,AON,AOS,APA,APD,APH,APO,APP,APTV,ARE,ARES,ATO,AVB,AVGO,AVY,AWK,AXON,AXP,AZO,BA,BAC,BALL,BAX,BBY,BDX,BEN,BF.B,BG,BIIB,BK,BKNG,BKR,BLDR,BLK,BMY,BR,BRK.B,BRO,BSX,BX,BXP,C,CAG,CAH,CARR,CAT,CB,CBOE,CBRE,CCI,CCL,CDNS,CDW,CEG,CF,CFG,CHD,CHRW,CHTR,CI,CINF,CL,CLX,CMCSA,CME,CMG,CMI,CMS,CNC,CNP,COF,COIN,COO,COP,COR,COST,CPAY,CPB,CPRT,CPT,CRH,CRL,CRM,CRWD,CSCO,CSGP,CSX,CTAS,CTRA,CTSH,CTVA,CVNA,CVS,CVX,D,DAL,DASH,DAY,DD,DDOG,DE,DECK,DELL,DG,DGX,DHI,DHR,DIS,DLR,DLTR,DOC,DOV,DOW,DPZ,DRI,DTE,DUK,DVA,DVN,DXCM,EA,EBAY,ECL,ED,EFX,EG,EIX,EL,ELV,EME,EMR,EOG,EPAM,EQIX,EQR,EQT,ERIE,ES,ESS,ETN,ETR,EVRG,EW,EXC,EXE,EXPD,EXPE,EXR,F,FANG,FAST,FCX,FDS,FDX,FE,FFIV,FICO,FIS,FISV,FITB,FIX,FOX,FOXA,FRT,FSLR,FTNT,FTV,GD,GDDY,GE,GEHC,GEN,GEV,GILD,GIS,GL,GLW,GM,GNRC,GOOG,GOOGL,GPC,GPN,GRMN,GS,GWW,HAL,HAS,HBAN,HCA,HD,HIG,HII,HLT,HOLX,HON,HOOD,HPE,HPQ,HRL,HSIC,HST,HSY,HUBB,HUM,HWM,IBKR,IBM,ICE,IDXX,IEX,IFF,INCY,INTC,INTU,INVH,IP,IQV,IR,IRM,ISRG,IT,ITW,IVZ,J,JBHT,JBL,JCI,JKHY,JNJ,JPM,KDP,KEY,KEYS,KHC,KIM,KKR,KLAC,KMB,KMI,KO,KR,KVUE,L,LDOS,LEN,LH,LHX,LII,LIN,LLY,LMT,LNT,LOW,LRCX,LULU,LUV,LVS,LW,LYB,LYV,MA,MAA,MAR,MAS,MCD,MCHP,MCK,MCO,MDLZ,MDT,MET,META,MGM,MKC,MLM,MMM,MNST,MO,MOH,MOS,MPC,MPWR,MRK,MRNA,MRSH,MS,MSCI,MSFT,MSI,MTB,MTCH,MTD,MU,NCLH,NDAQ,NDSN,NEE,NEM,NFLX,NI,NKE,NOC,NOW,NRG,NSC,NTAP,NTRS,NUE,NVDA,NVR,NWS,NWSA,NXPI,O,ODFL,OKE,OMC,ON,ORCL,ORLY,OTIS,OXY,PANW,PAYC,PAYX,PCAR,PCG,PEG,PEP,PFE,PFG,PG,PGR,PH,PHM,PKG,PLD,PLTR,PM,PNC,PNR,PNW,PODD,POOL,PPG,PPL,PRU,PSA,PSKY,PSX,PTC,PWR,PYPL,Q,QCOM,RCL,REG,REGN,RF,RJF,RL,RMD,ROK,ROL,ROP,ROST,RSG,RTX,RVTY,SBAC,SBUX,SCHW,SHW,SJM,SLB,SMCI,SNA,SNDK,SNPS,SO,SOLV,SPG,SPGI,SRE,STE,STLD,STT,STX,STZ,SW,SWK,SWKS,SYF,SYK,SYY,T,TAP,TDG,TDY,TECH,TEL,TER,TFC,TGT,TJX,TKO,TMO,TMUS,TPL,TPR,TRGP,TRMB,TROW,TRV,TSCO,TSLA,TSN,TT,TTD,TTWO,TXN,TXT,TYL,UAL,UBER,UDR,UHS,ULTA,UNH,UNP,UPS,URI,USB,V,VICI,VLO,VLTO,VMC,VRSK,VRSN,VRTX,VST,VTR,VTRS,VZ,WAB,WAT,WBD,WDAY,WDC,WEC,WELL,WFC,WM,WMB,WMT,WRB,WSM,WST,WTW,WY,WYNN,XEL,XOM,XYL,XYZ,YUM,ZBH,ZBRA,ZTS"
2026-02-09,"A,AAPL,ABBV,ABNB,ABT,ACGL,ACN,ADBE,ADI,ADM,ADP,ADSK,AEE,AEP,AES,AFL,AIG,AIZ,AJG,AKAM,ALB,ALGN,ALL,ALLE,AMAT,AMCR,AMD,AME,AMGN,AMP,AMT,AMZN,ANET,AON,AOS,APA,APD,APH,APO,APP,APTV,ARE,ARES,ATO,AVB,AVGO,AVY,AWK,AXON,AXP,AZO,BA,BAC,BALL,BAX,BBY,BDX,BEN,BF.B,BG,BIIB,BK,BKNG,BKR,BLDR,BLK,BMY,BR,BRK.B,BRO,BSX,BX,BXP,C,CAG,CAH,CARR,CAT,CB,CBOE,CBRE,CCI,CCL,CDNS,CDW,CEG,CF,CFG,CHD,CHRW,CHTR,CI,CIEN,CINF,CL,CLX,CMCSA,CME,CMG,CMI,CMS,CNC,CNP,COF,COIN,COO,COP,COR,COST,CPAY,CPB,CPRT,CPT,CRH,CRL,CRM,CRWD,CSCO,CSGP,CSX,CTAS,CTRA,CTSH,CTVA,CVNA,CVS,CVX,D,DAL,DASH,DD,DDOG,DE,DECK,DELL,DG,DGX,DHI,DHR,DIS,DLR,DLTR,DOC,DOV,DOW,DPZ,DRI,DTE,DUK,DVA,DVN,DXCM,EA,EBAY,ECL,ED,EFX,EG,EIX,EL,ELV,EME,EMR,EOG,EPAM,EQIX,EQR,EQT,ERIE,ES,ESS,ETN,ETR,EVRG,EW,EXC,EXE,EXPD,EXPE,EXR,F,FANG,FAST,FCX,FDS,FDX,FE,FFIV,FICO,FIS,FISV,FITB,FIX,FOX,FOXA,FRT,FSLR,FTNT,FTV,GD,GDDY,GE,GEHC,GEN,GEV,GILD,GIS,GL,GLW,GM,GNRC,GOOG,GOOGL,GPC,GPN,GRMN,GS,GWW,HAL,HAS,HBAN,HCA,HD,HIG,HII,HLT,HOLX,HON,HOOD,HPE,HPQ,HRL,HSIC,HST,HSY,HUBB,HUM,HWM,IBKR,IBM,ICE,IDXX,IEX,IFF,INCY,INTC,INTU,INVH,IP,IQV,IR,IRM,ISRG,IT,ITW,IVZ,J,JBHT,JBL,JCI,JKHY,JNJ,JPM,KDP,KEY,KEYS,KHC,KIM,KKR,KLAC,KMB,KMI,KO,KR,KVUE,L,LDOS,LEN,LH,LHX,LII,LIN,LLY,LMT,LNT,LOW,LRCX,LULU,LUV,LVS,LW,LYB,LYV,MA,MAA,MAR,MAS,MCD,MCHP,MCK,MCO,MDLZ,MDT,MET,META,MGM,MKC,MLM,MMM,MNST,MO,MOH,MOS,MPC,MPWR,MRK,MRNA,MRSH,MS,MSCI,MSFT,MSI,MTB,MTCH,MTD,MU,NCLH,NDAQ,NDSN,NEE,NEM,NFLX,NI,NKE,NOC,NOW,NRG,NSC,NTAP,NTRS,NUE,NVDA,NVR,NWS,NWSA,NXPI,O,ODFL,OKE,OMC,ON,ORCL,ORLY,OTIS,OXY,PANW,PAYC,PAYX,PCAR,PCG,PEG,PEP,PFE,PFG,PG,PGR,PH,PHM,PKG,PLD,PLTR,PM,PNC,PNR,PNW,PODD,POOL,PPG,PPL,PRU,PSA,PSKY,PSX,PTC,PWR,PYPL,Q,QCOM,RCL,REG,REGN,RF,RJF,RL,RMD,ROK,ROL,ROP,ROST,RSG,RTX,RVTY,SBAC,SBUX,SCHW,SHW,SJM,SLB,SMCI,SNA,SNDK,SNPS,SO,SOLV,SPG,SPGI,SRE,STE,STLD,STT,STX,STZ,SW,SWK,SWKS,SYF,SYK,SYY,T,TAP,TDG,TDY,TECH,TEL,TER,TFC,TGT,TJX,TKO,TMO,TMUS,TPL,TPR,TRGP,TRMB,TROW,TRV,TSCO,TSLA,TSN,TT,TTD,TTWO,TXN,TXT,TYL,UAL,UBER,UDR,UHS,ULTA,UNH,UNP,UPS,URI,USB,V,VICI,VLO,VLTO,VMC,VRSK,VRSN,VRTX,VST,VTR,VTRS,VZ,WAB,WAT,WBD,WDAY,WDC,WEC,WELL,WFC,WM,WMB,WMT,WRB,WSM,WST,WTW,WY,WYNN,XEL,XOM,XYL,XYZ,YUM,ZBH,ZBRA,ZTS"
2026-03-23,"A,AAPL,ABBV,ABNB,ABT,ACGL,ACN,ADBE,ADI,ADM,ADP,ADSK,AEE,AEP,AES,AFL,AIG,AIZ,AJG,AKAM,ALB,ALGN,ALL,ALLE,AMAT,AMCR,AMD,AME,AMGN,AMP,AMT,AMZN,ANET,AON,AOS,APA,APD,APH,APO,APP,APTV,ARE,ARES,ATO,AVB,AVGO,AVY,AWK,AXON,AXP,AZO,BA,BAC,BALL,BAX,BBY,BDX,BEN,BF.B,BG,BIIB,BK,BKNG,BKR,BLDR,BLK,BMY,BR,BRK.B,BRO,BSX,BX,BXP,C,CAG,CAH,CARR,CAT,CB,CBOE,CBRE,CCI,CCL,CDNS,CDW,CEG,CF,CFG,CHD,CHRW,CHTR,CI,CIEN,CINF,CL,CLX,CMCSA,CME,CMG,CMI,CMS,CNC,CNP,COF,COHR,COIN,COO,COP,COR,COST,CPAY,CPB,CPRT,CPT,CRH,CRL,CRM,CRWD,CSCO,CSGP,CSX,CTAS,CTRA,CTSH,CTVA,CVNA,CVS,CVX,D,DAL,DASH,DD,DDOG,DE,DECK,DELL,DG,DGX,DHI,DHR,DIS,DLR,DLTR,DOC,DOV,DOW,DPZ,DRI,DTE,DUK,DVA,DVN,DXCM,EA,EBAY,ECL,ED,EFX,EG,EIX,EL,ELV,EME,EMR,EOG,EPAM,EQIX,EQR,EQT,ERIE,ES,ESS,ETN,ETR,EVRG,EW,EXC,EXE,EXPD,EXPE,EXR,F,FANG,FAST,FCX,FDS,FDX,FE,FFIV,FICO,FIS,FISV,FITB,FIX,FOX,FOXA,FRT,FSLR,FTNT,FTV,GD,GDDY,GE,GEHC,GEN,GEV,GILD,GIS,GL,GLW,GM,GNRC,GOOG,GOOGL,GPC,GPN,GRMN,GS,GWW,HAL,HAS,HBAN,HCA,HD,HIG,HII,HLT,HOLX,HON,HOOD,HPE,HPQ,HRL,HSIC,HST,HSY,HUBB,HUM,HWM,IBKR,IBM,ICE,IDXX,IEX,IFF,INCY,INTC,INTU,INVH,IP,IQV,IR,IRM,ISRG,IT,ITW,IVZ,J,JBHT,JBL,JCI,JKHY,JNJ,JPM,KDP,KEY,KEYS,KHC,KIM,KKR,KLAC,KMB,KMI,KO,KR,KVUE,L,LDOS,LEN,LH,LHX,LII,LIN,LITE,LLY,LMT,LNT,LOW,LRCX,LULU,LUV,LVS,LYB,LYV,MA,MAA,MAR,MAS,MCD,MCHP,MCK,MCO,MDLZ,MDT,MET,META,MGM,MKC,MLM,MMM,MNST,MO,MOS,MPC,MPWR,MRK,MRNA,MRSH,MS,MSCI,MSFT,MSI,MTB,MTD,MU,NCLH,NDAQ,NDSN,NEE,NEM,NFLX,NI,NKE,NOC,NOW,NRG,NSC,NTAP,NTRS,NUE,NVDA,NVR,NWS,NWSA,NXPI,O,ODFL,OKE,OMC,ON,ORCL,ORLY,OTIS,OXY,PANW,PAYX,PCAR,PCG,PEG,PEP,PFE,PFG,PG,PGR,PH,PHM,PKG,PLD,PLTR,PM,PNC,PNR,PNW,PODD,POOL,PPG,PPL,PRU,PSA,PSKY,PSX,PTC,PWR,PYPL,Q,QCOM,RCL,REG,REGN,RF,RJF,RL,RMD,ROK,ROL,ROP,ROST,RSG,RTX,RVTY,SATS,SBAC,SBUX,SCHW,SHW,SJM,SLB,SMCI,SNA,SNDK,SNPS,SO,SOLV,SPG,SPGI,SRE,STE,STLD,STT,STX,STZ,SW,SWK,SWKS,SYF,SYK,SYY,T,TAP,TDG,TDY,TECH,TEL,TER,TFC,TGT,TJX,TKO,TMO,TMUS,TPL,TPR,TRGP,TRMB,TROW,TRV,TSCO,TSLA,TSN,TT,TTD,TTWO,TXN,TXT,TYL,UAL,UBER,UDR,UHS,ULTA,UNH,UNP,UPS,URI,USB,V,VICI,VLO,VLTO,VMC,VRSK,VRSN,VRT,VRTX,VST,VTR,VTRS,VZ,WAB,WAT,WBD,WDAY,WDC,WEC,WELL,WFC,WM,WMB,WMT,WRB,WSM,WST,WTW,WY,WYNN,XEL,XOM,XYL,XYZ,YUM,ZBH,ZBRA,ZTS"
2026-04-09,"A,AAPL,ABBV,ABNB,ABT,ACGL,ACN,ADBE,ADI,ADM,ADP,ADSK,AEE,AEP,AES,AFL,AIG,AIZ,AJG,AKAM,ALB,ALGN,ALL,ALLE,AMAT,AMCR,AMD,AME,AMGN,AMP,AMT,AMZN,ANET,AON,AOS,APA,APD,APH,APO,APP,APTV,ARE,ARES,ATO,AVB,AVGO,AVY,AWK,AXON,AXP,AZO,BA,BAC,BALL,BAX,BBY,BDX,BEN,BF.B,BG,BIIB,BK,BKNG,BKR,BLDR,BLK,BMY,BR,BRK.B,BRO,BSX,BX,BXP,C,CAG,CAH,CARR,CASY,CAT,CB,CBOE,CBRE,CCI,CCL,CDNS,CDW,CEG,CF,CFG,CHD,CHRW,CHTR,CI,CIEN,CINF,CL,CLX,CMCSA,CME,CMG,CMI,CMS,CNC,CNP,COF,COHR,COIN,COO,COP,COR,COST,CPAY,CPB,CPRT,CPT,CRH,CRL,CRM,CRWD,CSCO,CSGP,CSX,CTAS,CTRA,CTSH,CTVA,CVNA,CVS,CVX,D,DAL,DASH,DD,DDOG,DE,DECK,DELL,DG,DGX,DHI,DHR,DIS,DLR,DLTR,DOC,DOV,DOW,DPZ,DRI,DTE,DUK,DVA,DVN,DXCM,EA,EBAY,ECL,ED,EFX,EG,EIX,EL,ELV,EME,EMR,EOG,EPAM,EQIX,EQR,EQT,ERIE,ES,ESS,ETN,ETR,EVRG,EW,EXC,EXE,EXPD,EXPE,EXR,F,FANG,FAST,FCX,FDS,FDX,FE,FFIV,FICO,FIS,FISV,FITB,FIX,FOX,FOXA,FRT,FSLR,FTNT,FTV,GD,GDDY,GE,GEHC,GEN,GEV,GILD,GIS,GL,GLW,GM,GNRC,GOOG,GOOGL,GPC,GPN,GRMN,GS,GWW,HAL,HAS,HBAN,HCA,HD,HIG,HII,HLT,HON,HOOD,HPE,HPQ,HRL,HSIC,HST,HSY,HUBB,HUM,HWM,IBKR,IBM,ICE,IDXX,IEX,IFF,INCY,INTC,INTU,INVH,IP,IQV,IR,IRM,ISRG,IT,ITW,IVZ,J,JBHT,JBL,JCI,JKHY,JNJ,JPM,KDP,KEY,KEYS,KHC,KIM,KKR,KLAC,KMB,KMI,KO,KR,KVUE,L,LDOS,LEN,LH,LHX,LII,LIN,LITE,LLY,LMT,LNT,LOW,LRCX,LULU,LUV,LVS,LYB,LYV,MA,MAA,MAR,MAS,MCD,MCHP,MCK,MCO,MDLZ,MDT,MET,META,MGM,MKC,MLM,MMM,MNST,MO,MOS,MPC,MPWR,MRK,MRNA,MRSH,MS,MSCI,MSFT,MSI,MTB,MTD,MU,NCLH,NDAQ,NDSN,NEE,NEM,NFLX,NI,NKE,NOC,NOW,NRG,NSC,NTAP,NTRS,NUE,NVDA,NVR,NWS,NWSA,NXPI,O,ODFL,OKE,OMC,ON,ORCL,ORLY,OTIS,OXY,PANW,PAYX,PCAR,PCG,PEG,PEP,PFE,PFG,PG,PGR,PH,PHM,PKG,PLD,PLTR,PM,PNC,PNR,PNW,PODD,POOL,PPG,PPL,PRU,PSA,PSKY,PSX,PTC,PWR,PYPL,Q,QCOM,RCL,REG,REGN,RF,RJF,RL,RMD,ROK,ROL,ROP,ROST,RSG,RTX,RVTY,SATS,SBAC,SBUX,SCHW,SHW,SJM,SLB,SMCI,SNA,SNDK,SNPS,SO,SOLV,SPG,SPGI,SRE,STE,STLD,STT,STX,STZ,SW,SWK,SWKS,SYF,SYK,SYY,T,TAP,TDG,TDY,TECH,TEL,TER,TFC,TGT,TJX,TKO,TMO,TMUS,TPL,TPR,TRGP,TRMB,TROW,TRV,TSCO,TSLA,TSN,TT,TTD,TTWO,TXN,TXT,TYL,UAL,UBER,UDR,UHS,ULTA,UNH,UNP,UPS,URI,USB,V,VICI,VLO,VLTO,VMC,VRSK,VRSN,VRT,VRTX,VST,VTR,VTRS,VZ,WAB,WAT,WBD,WDAY,WDC,WEC,WELL,WFC,WM,WMB,WMT,WRB,WSM,WST,WTW,WY,WYNN,XEL,XOM,XYL,XYZ,YUM,ZBH,ZBRA,ZTS"
2026-05-07,"A,AAPL,ABBV,ABNB,ABT,ACGL,ACN,ADBE,ADI,ADM,ADP,ADSK,AEE,AEP,AES,AFL,AIG,AIZ,AJG,AKAM,ALB,ALGN,ALL,ALLE,AMAT,AMCR,AMD,AME,AMGN,AMP,AMT,AMZN,ANET,AON,AOS,APA,APD,APH,APO,APP,APTV,ARE,ARES,ATO,AVB,AVGO,AVY,AWK,AXON,AXP,AZO,BA,BAC,BALL,BAX,BBY,BDX,BEN,BF.B,BG,BIIB,BK,BKNG,BKR,BLDR,BLK,BMY,BR,BRK.B,BRO,BSX,BX,BXP,C,CAG,CAH,CARR,CASY,CAT,CB,CBOE,CBRE,CCI,CCL,CDNS,CDW,CEG,CF,CFG,CHD,CHRW,CHTR,CI,CIEN,CINF,CL,CLX,CMCSA,CME,CMG,CMI,CMS,CNC,CNP,COF,COHR,COIN,COO,COP,COR,COST,CPAY,CPB,CPRT,CPT,CRH,CRL,CRM,CRWD,CSCO,CSGP,CSX,CTAS,CTSH,CTVA,CVNA,CVS,CVX,D,DAL,DASH,DD,DDOG,DE,DECK,DELL,DG,DGX,DHI,DHR,DIS,DLR,DLTR,DOC,DOV,DOW,DPZ,DRI,DTE,DUK,DVA,DVN,DXCM,EA,EBAY,ECL,ED,EFX,EG,EIX,EL,ELV,EME,EMR,EOG,EPAM,EQIX,EQR,EQT,ERIE,ES,ESS,ETN,ETR,EVRG,EW,EXC,EXE,EXPD,EXPE,EXR,F,FANG,FAST,FCX,FDS,FDX,FE,FFIV,FICO,FIS,FISV,FITB,FIX,FOX,FOXA,FRT,FSLR,FTNT,FTV,GD,GDDY,GE,GEHC,GEN,GEV,GILD,GIS,GL,GLW,GM,GNRC,GOOG,GOOGL,GPC,GPN,GRMN,GS,GWW,HAL,HAS,HBAN,HCA,HD,HIG,HII,HLT,HON,HOOD,HPE,HPQ,HRL,HSIC,HST,HSY,HUBB,HUM,HWM,IBKR,IBM,ICE,IDXX,IEX,IFF,INCY,INTC,INTU,INVH,IP,IQV,IR,IRM,ISRG,IT,ITW,IVZ,J,JBHT,JBL,JCI,JKHY,JNJ,JPM,KDP,KEY,KEYS,KHC,KIM,KKR,KLAC,KMB,KMI,KO,KR,KVUE,L,LDOS,LEN,LH,LHX,LII,LIN,LITE,LLY,LMT,LNT,LOW,LRCX,LULU,LUV,LVS,LYB,LYV,MA,MAA,MAR,MAS,MCD,MCHP,MCK,MCO,MDLZ,MDT,MET,META,MGM,MKC,MLM,MMM,MNST,MO,MOS,MPC,MPWR,MRK,MRNA,MRSH,MS,MSCI,MSFT,MSI,MTB,MTD,MU,NCLH,NDAQ,NDSN,NEE,NEM,NFLX,NI,NKE,NOC,NOW,NRG,NSC,NTAP,NTRS,NUE,NVDA,NVR,NWS,NWSA,NXPI,O,ODFL,OKE,OMC,ON,ORCL,ORLY,OTIS,OXY,PANW,PAYX,PCAR,PCG,PEG,PEP,PFE,PFG,PG,PGR,PH,PHM,PKG,PLD,PLTR,PM,PNC,PNR,PNW,PODD,POOL,PPG,PPL,PRU,PSA,PSKY,PSX,PTC,PWR,PYPL,Q,QCOM,RCL,REG,REGN,RF,RJF,RL,RMD,ROK,ROL,ROP,ROST,RSG,RTX,RVTY,SATS,SBAC,SBUX,SCHW,SHW,SJM,SLB,SMCI,SNA,SNDK,SNPS,SO,SOLV,SPG,SPGI,SRE,STE,STLD,STT,STX,STZ,SW,SWK,SWKS,SYF,SYK,SYY,T,TAP,TDG,TDY,TECH,TEL,TER,TFC,TGT,TJX,TKO,TMO,TMUS,TPL,TPR,TRGP,TRMB,TROW,TRV,TSCO,TSLA,TSN,TT,TTD,TTWO,TXN,TXT,TYL,UAL,UBER,UDR,UHS,ULTA,UNH,UNP,UPS,URI,USB,V,VEEV,VICI,VLO,VLTO,VMC,VRSK,VRSN,VRT,VRTX,VST,VTR,VTRS,VZ,WAB,WAT,WBD,WDAY,WDC,WEC,WELL,WFC,WM,WMB,WMT,WRB,WSM,WST,WTW,WY,WYNN,XEL,XOM,XYL,XYZ,YUM,ZBH,ZBRA,ZTS"
2026-05-21,"A,AAPL,ABBV,ABNB,ABT,ACGL,ACN,ADBE,ADI,ADM,ADP,ADSK,AEE,AEP,AES,AFL,AIG,AIZ,AJG,AKAM,ALB,ALGN,ALL,ALLE,AMAT,AMCR,AMD,AME,AMGN,AMP,AMT,AMZN,ANET,AON,AOS,APA,APD,APH,APO,APP,APTV,ARE,ARES,ATO,AVB,AVGO,AVY,AWK,AXON,AXP,AZO,BA,BAC,BALL,BAX,BBY,BDX,BEN,BF.B,BG,BIIB,BKNG,BKR,BLDR,BLK,BMY,BNY,BR,BRK.B,BRO,BSX,BX,BXP,C,CAG,CAH,CARR,CASY,CAT,CB,CBOE,CBRE,CCI,CCL,CDNS,CDW,CEG,CF,CFG,CHD,CHRW,CHTR,CI,CIEN,CINF,CL,CLX,CMCSA,CME,CMG,CMI,CMS,CNC,CNP,COF,COHR,COIN,COO,COP,COR,COST,CPAY,CPB,CPRT,CPT,CRH,CRL,CRM,CRWD,CSCO,CSGP,CSX,CTAS,CTSH,CTVA,CVNA,CVS,CVX,D,DAL,DASH,DD,DDOG,DE,DECK,DELL,DG,DGX,DHI,DHR,DIS,DLR,DLTR,DOC,DOV,DOW,DPZ,DRI,DTE,DUK,DVA,DVN,DXCM,EA,EBAY,ECL,ED,EFX,EG,EIX,EL,ELV,EME,EMR,EOG,EPAM,EQIX,EQR,EQT,ERIE,ES,ESS,ETN,ETR,EVRG,EW,EXC,EXE,EXPD,EXPE,EXR,F,FANG,FAST,FCX,FDS,FDX,FE,FFIV,FICO,FIS,FISV,FITB,FIX,FOX,FOXA,FRT,FSLR,FTNT,FTV,GD,GDDY,GE,GEHC,GEN,GEV,GILD,GIS,GL,GLW,GM,GNRC,GOOG,GOOGL,GPC,GPN,GRMN,GS,GWW,HAL,HAS,HBAN,HCA,HD,HIG,HII,HLT,HON,HOOD,HPE,HPQ,HRL,HSIC,HST,HSY,HUBB,HUM,HWM,IBKR,IBM,ICE,IDXX,IEX,IFF,INCY,INTC,INTU,INVH,IP,IQV,IR,IRM,ISRG,IT,ITW,IVZ,J,JBHT,JBL,JCI,JKHY,JNJ,JPM,KDP,KEY,KEYS,KHC,KIM,KKR,KLAC,KMB,KMI,KO,KR,KVUE,L,LDOS,LEN,LH,LHX,LII,LIN,LITE,LLY,LMT,LNT,LOW,LRCX,LULU,LUV,LVS,LYB,LYV,MA,MAA,MAR,MAS,MCD,MCHP,MCK,MCO,MDLZ,MDT,MET,META,MGM,MKC,MLM,MMM,MNST,MO,MOS,MPC,MPWR,MRK,MRNA,MRSH,MS,MSCI,MSFT,MSI,MTB,MTD,MU,NCLH,NDAQ,NDSN,NEE,NEM,NFLX,NI,NKE,NOC,NOW,NRG,NSC,NTAP,NTRS,NUE,NVDA,NVR,NWS,NWSA,NXPI,O,ODFL,OKE,OMC,ON,ORCL,ORLY,OTIS,OXY,PANW,PAYX,PCAR,PCG,PEG,PEP,PFE,PFG,PG,PGR,PH,PHM,PKG,PLD,PLTR,PM,PNC,PNR,PNW,PODD,POOL,PPG,PPL,PRU,PSA,PSKY,PSX,PTC,PWR,PYPL,Q,QCOM,RCL,REG,REGN,RF,RJF,RL,RMD,ROK,ROL,ROP,ROST,RSG,RTX,RVTY,SATS,SBAC,SBUX,SCHW,SHW,SJM,SLB,SMCI,SNA,SNDK,SNPS,SO,SOLV,SPG,SPGI,SRE,STE,STLD,STT,STX,STZ,SW,SWK,SWKS,SYF,SYK,SYY,T,TAP,TDG,TDY,TECH,TEL,TER,TFC,TGT,TJX,TKO,TMO,TMUS,TPL,TPR,TRGP,TRMB,TROW,TRV,TSCO,TSLA,TSN,TT,TTD,TTWO,TXN,TXT,TYL,UAL,UBER,UDR,UHS,ULTA,UNH,UNP,UPS,URI,USB,V,VEEV,VICI,VLO,VLTO,VMC,VRSK,VRSN,VRT,VRTX,VST,VTR,VTRS,VZ,WAB,WAT,WBD,WDAY,WDC,WEC,WELL,WFC,WM,WMB,WMT,WRB,WSM,WST,WTW,WY,WYNN,XEL,XOM,XYL,XYZ,YUM,ZBH,ZBRA,ZTS"
2026-06-01,"A,AAPL,ABBV,ABNB,ABT,ACGL,ACN,ADBE,ADI,ADM,ADP,ADSK,AEE,AEP,AES,AFL,AIG,AIZ,AJG,AKAM,ALB,ALGN,ALL,ALLE,AMAT,AMCR,AMD,AME,AMGN,AMP,AMT,AMZN,ANET,AON,AOS,APA,APD,APH,APO,APP,APTV,ARE,ARES,ATO,AVB,AVGO,AVY,AWK,AXON,AXP,AZO,BA,BAC,BALL,BAX,BBY,BDX,BEN,BF.B,BG,BIIB,BKNG,BKR,BLDR,BLK,BMY,BNY,BR,BRK.B,BRO,BSX,BX,BXP,C,CAG,CAH,CARR,CASY,CAT,CB,CBOE,CBRE,CCI,CCL,CDNS,CDW,CEG,CF,CFG,CHD,CHRW,CHTR,CI,CIEN,CINF,CL,CLX,CMCSA,CME,CMG,CMI,CMS,CNC,CNP,COF,COHR,COIN,COO,COP,COR,COST,CPAY,CPB,CPRT,CPT,CRH,CRL,CRM,CRWD,CSCO,CSGP,CSX,CTAS,CTSH,CTVA,CVNA,CVS,CVX,D,DAL,DASH,DD,DDOG,DE,DECK,DELL,DG,DGX,DHI,DHR,DIS,DLR,DLTR,DOC,DOV,DOW,DPZ,DRI,DTE,DUK,DVA,DVN,DXCM,EA,EBAY,ECL,ED,EFX,EG,EIX,EL,ELV,EME,EMR,EOG,EPAM,EQIX,EQR,EQT,ERIE,ES,ESS,ETN,ETR,EVRG,EW,EXC,EXE,EXPD,EXPE,EXR,F,FANG,FAST,FCX,FDS,FDX,FDXF,FE,FFIV,FICO,FIS,FISV,FITB,FIX,FOX,FOXA,FRT,FSLR,FTNT,FTV,GD,GDDY,GE,GEHC,GEN,GEV,GILD,GIS,GL,GLW,GM,GNRC,GOOG,GOOGL,GPC,GPN,GRMN,GS,GWW,HAL,HAS,HBAN,HCA,HD,HIG,HII,HLT,HON,HOOD,HPE,HPQ,HRL,HSIC,HST,HSY,HUBB,HUM,HWM,IBKR,IBM,ICE,IDXX,IEX,IFF,INCY,INTC,INTU,INVH,IP,IQV,IR,IRM,ISRG,IT,ITW,IVZ,J,JBHT,JBL,JCI,JKHY,JNJ,JPM,KDP,KEY,KEYS,KHC,KIM,KKR,KLAC,KMB,KMI,KO,KR,KVUE,L,LDOS,LEN,LH,LHX,LII,LIN,LITE,LLY,LMT,LNT,LOW,LRCX,LULU,LUV,LVS,LYB,LYV,MA,MAA,MAR,MAS,MCD,MCHP,MCK,MCO,MDLZ,MDT,MET,META,MGM,MKC,MLM,MMM,MNST,MO,MOS,MPC,MPWR,MRK,MRNA,MRSH,MS,MSCI,MSFT,MSI,MTB,MTD,MU,NCLH,NDAQ,NDSN,NEE,NEM,NFLX,NI,NKE,NOC,NOW,NRG,NSC,NTAP,NTRS,NUE,NVDA,NVR,NWS,NWSA,NXPI,O,ODFL,OKE,OMC,ON,ORCL,ORLY,OTIS,OXY,PANW,PAYX,PCAR,PCG,PEG,PEP,PFE,PFG,PG,PGR,PH,PHM,PKG,PLD,PLTR,PM,PNC,PNR,PNW,PODD,POOL,PPG,PPL,PRU,PSA,PSKY,PSX,PTC,PWR,PYPL,Q,QCOM,RCL,REG,REGN,RF,RJF,RL,RMD,ROK,ROL,ROP,ROST,RSG,RTX,RVTY,SATS,SBAC,SBUX,SCHW,SHW,SJM,SLB,SMCI,SNA,SNDK,SNPS,SO,SOLV,SPG,SPGI,SRE,STE,STLD,STT,STX,STZ,SW,SWK,SWKS,SYF,SYK,SYY,T,TAP,TDG,TDY,TECH,TEL,TER,TFC,TGT,TJX,TKO,TMO,TMUS,TPL,TPR,TRGP,TRMB,TROW,TRV,TSCO,TSLA,TSN,TT,TTD,TTWO,TXN,TXT,TYL,UAL,UBER,UDR,UHS,ULTA,UNH,UNP,UPS,URI,USB,V,VEEV,VICI,VLO,VLTO,VMC,VRSK,VRSN,VRT,VRTX,VST,VTR,VTRS,VZ,WAB,WAT,WBD,WDAY,WDC,WEC,WELL,WFC,WM,WMB,WMT,WRB,WSM,WST,WTW,WY,WYNN,XEL,XOM,XYL,XYZ,YUM,ZBH,ZBRA,ZTS"
2026-06-02,"A,AAPL,ABBV,ABNB,ABT,ACGL,ACN,ADBE,ADI,ADM,ADP,ADSK,AEE,AEP,AES,AFL,AIG,AIZ,AJG,AKAM,ALB,ALGN,ALL,ALLE,AMAT,AMCR,AMD,AME,AMGN,AMP,AMT,AMZN,ANET,AON,AOS,APA,APD,APH,APO,APP,APTV,ARE,ARES,ATO,AVB,AVGO,AVY,AWK,AXON,AXP,AZO,BA,BAC,BALL,BAX,BBY,BDX,BEN,BF.B,BG,BIIB,BKNG,BKR,BLDR,BLK,BMY,BNY,BR,BRK.B,BRO,BSX,BX,BXP,C,CAG,CAH,CARR,CASY,CAT,CB,CBOE,CBRE,CCI,CCL,CDNS,CDW,CEG,CF,CFG,CHD,CHRW,CHTR,CI,CIEN,CINF,CL,CLX,CMCSA,CME,CMG,CMI,CMS,CNC,CNP,COF,COHR,COIN,COO,COP,COR,COST,CPAY,CPB,CPRT,CPT,CRH,CRL,CRM,CRWD,CSCO,CSGP,CSX,CTAS,CTSH,CTVA,CVNA,CVS,CVX,D,DAL,DASH,DD,DDOG,DE,DECK,DELL,DG,DGX,DHI,DHR,DIS,DLR,DLTR,DOC,DOV,DOW,DPZ,DRI,DTE,DUK,DVA,DVN,DXCM,EA,EBAY,ECL,ED,EFX,EG,EIX,EL,ELV,EME,EMR,EOG,EQIX,EQR,EQT,ERIE,ES,ESS,ETN,ETR,EVRG,EW,EXC,EXE,EXPD,EXPE,EXR,F,FANG,FAST,FCX,FDS,FDX,FDXF,FE,FFIV,FICO,FIS,FISV,FITB,FIX,FOX,FOXA,FRT,FSLR,FTNT,FTV,GD,GDDY,GE,GEHC,GEN,GEV,GILD,GIS,GL,GLW,GM,GNRC,GOOG,GOOGL,GPC,GPN,GRMN,GS,GWW,HAL,HAS,HBAN,HCA,HD,HIG,HII,HLT,HON,HOOD,HPE,HPQ,HRL,HSIC,HST,HSY,HUBB,HUM,HWM,IBKR,IBM,ICE,IDXX,IEX,IFF,INCY,INTC,INTU,INVH,IP,IQV,IR,IRM,ISRG,IT,ITW,IVZ,J,JBHT,JBL,JCI,JKHY,JNJ,JPM,KDP,KEY,KEYS,KHC,KIM,KKR,KLAC,KMB,KMI,KO,KR,KVUE,L,LDOS,LEN,LH,LHX,LII,LIN,LITE,LLY,LMT,LNT,LOW,LRCX,LULU,LUV,LVS,LYB,LYV,MA,MAA,MAR,MAS,MCD,MCHP,MCK,MCO,MDLZ,MDT,MET,META,MGM,MKC,MLM,MMM,MNST,MO,MOS,MPC,MPWR,MRK,MRNA,MRSH,MS,MSCI,MSFT,MSI,MTB,MTD,MU,NCLH,NDAQ,NDSN,NEE,NEM,NFLX,NI,NKE,NOC,NOW,NRG,NSC,NTAP,NTRS,NUE,NVDA,NVR,NWS,NWSA,NXPI,O,ODFL,OKE,OMC,ON,ORCL,ORLY,OTIS,OXY,PANW,PAYX,PCAR,PCG,PEG,PEP,PFE,PFG,PG,PGR,PH,PHM,PKG,PLD,PLTR,PM,PNC,PNR,PNW,PODD,POOL,PPG,PPL,PRU,PSA,PSKY,PSX,PTC,PWR,PYPL,Q,QCOM,RCL,REG,REGN,RF,RJF,RL,RMD,ROK,ROL,ROP,ROST,RSG,RTX,RVTY,SATS,SBAC,SBUX,SCHW,SHW,SJM,SLB,SMCI,SNA,SNDK,SNPS,SO,SOLV,SPG,SPGI,SRE,STE,STLD,STT,STX,STZ,SW,SWK,SWKS,SYF,SYK,SYY,T,TAP,TDG,TDY,TECH,TEL,TER,TFC,TGT,TJX,TKO,TMO,TMUS,TPL,TPR,TRGP,TRMB,TROW,TRV,TSCO,TSLA,TSN,TT,TTD,TTWO,TXN,TXT,TYL,UAL,UBER,UDR,UHS,ULTA,UNH,UNP,UPS,URI,USB,V,VEEV,VICI,VLO,VLTO,VMC,VRSK,VRSN,VRT,VRTX,VST,VTR,VTRS,VZ,WAB,WAT,WBD,WDAY,WDC,WEC,WELL,WFC,WM,WMB,WMT,WRB,WSM,WST,WTW,WY,WYNN,XEL,XOM,XYL,XYZ,YUM,ZBH,ZBRA,ZTS"
2026-06-22,"A,AAPL,ABBV,ABNB,ABT,ACGL,ACN,ADBE,ADI,ADM,ADP,ADSK,AEE,AEP,AES,AFL,AIG,AIZ,AJG,AKAM,ALB,ALGN,ALL,ALLE,AMAT,AMCR,AMD,AME,AMGN,AMP,AMT,AMZN,ANET,AON,AOS,APA,APD,APH,APO,APP,APTV,ARE,ARES,ATO,AVB,AVGO,AVY,AWK,AXON,AXP,AZO,BA,BAC,BALL,BAX,BBY,BDX,BEN,BF.B,BG,BIIB,BKNG,BKR,BLDR,BLK,BMY,BNY,BR,BRK.B,BRO,BSX,BX,BXP,C,CAG,CAH,CARR,CASY,CAT,CB,CBOE,CBRE,CCI,CCL,CDNS,CDW,CEG,CF,CFG,CHD,CHRW,CHTR,CI,CIEN,CINF,CL,CLX,CMCSA,CME,CMG,CMI,CMS,CNC,CNP,COF,COHR,COIN,COO,COP,COR,COST,CPAY,CPRT,CPT,CRH,CRL,CRM,CRWD,CSCO,CSGP,CSX,CTAS,CTSH,CTVA,CVNA,CVS,CVX,D,DAL,DASH,DD,DDOG,DE,DECK,DELL,DG,DGX,DHI,DHR,DIS,DLR,DLTR,DOC,DOV,DOW,DPZ,DRI,DTE,DUK,DVA,DVN,DXCM,EA,EBAY,ECL,ED,EFX,EG,EIX,EL,ELV,EME,EMR,EOG,EQIX,EQR,EQT,ERIE,ES,ESS,ETN,ETR,EVRG,EW,EXC,EXE,EXPD,EXPE,EXR,F,FANG,FAST,FCX,FDS,FDX,FDXF,FE,FFIV,FICO,FIS,FISV,FITB,FIX,FLEX,FOX,FOXA,FRT,FSLR,FTNT,FTV,GD,GDDY,GE,GEHC,GEN,GEV,GILD,GIS,GL,GLW,GM,GNRC,GOOG,GOOGL,GPC,GPN,GRMN,GS,GWW,HAL,HAS,HBAN,HCA,HD,HIG,HII,HLT,HON,HOOD,HPE,HPQ,HRL,HSIC,HST,HSY,HUBB,HUM,HWM,IBKR,IBM,ICE,IDXX,IEX,IFF,INCY,INTC,INTU,INVH,IP,IQV,IR,IRM,ISRG,IT,ITW,IVZ,J,JBHT,JBL,JCI,JKHY,JNJ,JPM,KDP,KEY,KEYS,KHC,KIM,KKR,KLAC,KMB,KMI,KO,KR,KVUE,L,LDOS,LEN,LH,LHX,LII,LIN,LITE,LLY,LMT,LNT,LOW,LRCX,LULU,LUV,LVS,LYB,LYV,MA,MAA,MAR,MAS,MCD,MCHP,MCK,MCO,MDLZ,MDT,MET,META,MGM,MKC,MLM,MMM,MNST,MO,MOS,MPC,MPWR,MRK,MRNA,MRSH,MRVL,MS,MSCI,MSFT,MSI,MTB,MTD,MU,NCLH,NDAQ,NDSN,NEE,NEM,NFLX,NI,NKE,NOC,NOW,NRG,NSC,NTAP,NTRS,NUE,NVDA,NVR,NWS,NWSA,NXPI,O,ODFL,OKE,OMC,ON,ORCL,ORLY,OTIS,OXY,PANW,PAYX,PCAR,PCG,PEG,PEP,PFE,PFG,PG,PGR,PH,PHM,PKG,PLD,PLTR,PM,PNC,PNR,PNW,PODD,PPG,PPL,PRU,PSA,PSKY,PSX,PTC,PWR,PYPL,Q,QCOM,RCL,REG,REGN,RF,RJF,RL,RMD,ROK,ROL,ROP,ROST,RSG,RTX,RVTY,SATS,SBAC,SBUX,SCHW,SHW,SJM,SLB,SMCI,SNA,SNDK,SNPS,SO,SOLV,SPG,SPGI,SRE,STE,STLD,STT,STX,STZ,SW,SWK,SWKS,SYF,SYK,SYY,T,TAP,TDG,TDY,TECH,TEL,TER,TFC,TGT,TJX,TKO,TMO,TMUS,TPL,TPR,TRGP,TRMB,TROW,TRV,TSCO,TSLA,TSN,TT,TTD,TTWO,TXN,TXT,TYL,UAL,UBER,UDR,UHS,ULTA,UNH,UNP,UPS,URI,USB,V,VEEV,VICI,VLO,VLTO,VMC,VRSK,VRSN,VRT,VRTX,VST,VTR,VTRS,VZ,WAB,WAT,WBD,WDAY,WDC,WEC,WELL,WFC,WM,WMB,WMT,WRB,WSM,WST,WTW,WY,WYNN,XEL,XOM,XYL,XYZ,YUM,ZBH,ZBRA,ZTS"
2026-06-24,"A,AAPL,ABBV,ABNB,ABT,ACGL,ACN,ADBE,ADI,ADM,ADP,ADSK,AEE,AEP,AES,AFL,AIG,AIZ,AJG,AKAM,ALB,ALGN,ALL,ALLE,AMAT,AMCR,AMD,AME,AMGN,AMP,AMT,AMZN,ANET,AON,AOS,APA,APD,APH,APO,APP,APTV,ARE,ARES,ATO,AVB,AVGO,AVY,AWK,AXON,AXP,AZO,BA,BAC,BALL,BAX,BBY,BDX,BEN,BF.B,BG,BIIB,BKNG,BKR,BLDR,BLK,BMY,BNY,BR,BRK.B,BRO,BSX,BX,BXP,C,CAG,CAH,CARR,CASY,CAT,CB,CBOE,CBRE,CCI,CCL,CDNS,CDW,CEG,CF,CFG,CHD,CHRW,CHTR,CI,CIEN,CINF,CL,CLX,CMCSA,CME,CMG,CMI,CMS,CNC,CNP,COF,COHR,COIN,COO,COP,COR,COST,CPAY,CPRT,CPT,CRH,CRL,CRM,CRWD,CSCO,CSGP,CSX,CTAS,CTSH,CTVA,CVNA,CVS,CVX,D,DAL,DASH,DD,DDOG,DE,DECK,DELL,DG,DGX,DHI,DHR,DIS,DLR,DLTR,DOC,DOV,DOW,DPZ,DRI,DTE,DUK,DVA,DVN,DXCM,EA,EBAY,ECHO,ECL,ED,EFX,EG,EIX,EL,ELV,EME,EMR,EOG,EQIX,EQR,EQT,ERIE,ES,ESS,ETN,ETR,EVRG,EW,EXC,EXE,EXPD,EXPE,EXR,F,FANG,FAST,FCX,FDS,FDX,FDXF,FE,FFIV,FICO,FIS,FISV,FITB,FIX,FLEX,FOX,FOXA,FRT,FSLR,FTNT,FTV,GD,GDDY,GE,GEHC,GEN,GEV,GILD,GIS,GL,GLW,GM,GNRC,GOOG,GOOGL,GPC,GPN,GRMN,GS,GWW,HAL,HAS,HBAN,HCA,HD,HIG,HII,HLT,HON,HOOD,HPE,HPQ,HRL,HSIC,HST,HSY,HUBB,HUM,HWM,IBKR,IBM,ICE,IDXX,IEX,IFF,INCY,INTC,INTU,INVH,IP,IQV,IR,IRM,ISRG,IT,ITW,IVZ,J,JBHT,JBL,JCI,JKHY,JNJ,JPM,KDP,KEY,KEYS,KHC,KIM,KKR,KLAC,KMB,KMI,KO,KR,KVUE,L,LDOS,LEN,LH,LHX,LII,LIN,LITE,LLY,LMT,LNT,LOW,LRCX,LULU,LUV,LVS,LYB,LYV,MA,MAA,MAR,MAS,MCD,MCHP,MCK,MCO,MDLZ,MDT,MET,META,MGM,MKC,MLM,MMM,MNST,MO,MOS,MPC,MPWR,MRK,MRNA,MRSH,MRVL,MS,MSCI,MSFT,MSI,MTB,MTD,MU,NCLH,NDAQ,NDSN,NEE,NEM,NFLX,NI,NKE,NOC,NOW,NRG,NSC,NTAP,NTRS,NUE,NVDA,NVR,NWS,NWSA,NXPI,O,ODFL,OKE,OMC,ON,ORCL,ORLY,OTIS,OXY,PANW,PAYX,PCAR,PCG,PEG,PEP,PFE,PFG,PG,PGR,PH,PHM,PKG,PLD,PLTR,PM,PNC,PNR,PNW,PODD,PPG,PPL,PRU,PSA,PSKY,PSX,PTC,PWR,PYPL,Q,QCOM,RCL,REG,REGN,RF,RJF,RL,RMD,ROK,ROL,ROP,ROST,RSG,RTX,RVTY,SBAC,SBUX,SCHW,SHW,SJM,SLB,SMCI,SNA,SNDK,SNPS,SO,SOLV,SPG,SPGI,SRE,STE,STLD,STT,STX,STZ,SW,SWK,SWKS,SYF,SYK,SYY,T,TAP,TDG,TDY,TECH,TEL,TER,TFC,TGT,TJX,TKO,TMO,TMUS,TPL,TPR,TRGP,TRMB,TROW,TRV,TSCO,TSLA,TSN,TT,TTD,TTWO,TXN,TXT,TYL,UAL,UBER,UDR,UHS,ULTA,UNH,UNP,UPS,URI,USB,V,VEEV,VICI,VLO,VLTO,VMC,VRSK,VRSN,VRT,VRTX,VST,VTR,VTRS,VZ,WAB,WAT,WBD,WDAY,WDC,WEC,WELL,WFC,WM,WMB,WMT,WRB,WSM,WST,WTW,WY,WYNN,XEL,XOM,XYL,XYZ,YUM,ZBH,ZBRA,ZTS"
2026-06-29,"A,AAPL,ABBV,ABNB,ABT,ACGL,ACN,ADBE,ADI,ADM,ADP,ADSK,AEE,AEP,AES,AFL,AIG,AIZ,AJG,AKAM,ALB,ALGN,ALL,ALLE,AMAT,AMCR,AMD,AME,AMGN,AMP,AMT,AMZN,ANET,AON,AOS,APA,APD,APH,APO,APP,APTV,ARE,ARES,ATO,AVB,AVGO,AVY,AWK,AXON,AXP,AZO,BA,BAC,BALL,BAX,BBY,BDX,BEN,BF.B,BG,BIIB,BKNG,BKR,BLDR,BLK,BMY,BNY,BR,BRK.B,BRO,BSX,BX,BXP,C,CAG,CAH,CARR,CASY,CAT,CB,CBOE,CBRE,CCI,CCL,CDNS,CDW,CEG,CF,CFG,CHD,CHRW,CHTR,CI,CIEN,CINF,CL,CLX,CMCSA,CME,CMG,CMI,CMS,CNC,CNP,COF,COHR,COIN,COO,COP,COR,COST,CPAY,CPRT,CPT,CRH,CRL,CRM,CRWD,CSCO,CSGP,CSX,CTAS,CTSH,CTVA,CVNA,CVS,CVX,D,DAL,DASH,DD,DDOG,DE,DECK,DELL,DG,DGX,DHI,DHR,DIS,DLR,DLTR,DOC,DOV,DOW,DPZ,DRI,DTE,DUK,DVA,DVN,DXCM,EA,EBAY,ECHO,ECL,ED,EFX,EG,EIX,EL,ELV,EME,EMR,EOG,EQIX,EQR,EQT,ERIE,ES,ESS,ETN,ETR,EVRG,EW,EXC,EXE,EXPD,EXPE,EXR,F,FANG,FAST,FCX,FDS,FDX,FDXF,FE,FFIV,FICO,FIS,FISV,FITB,FIX,FLEX,FOX,FOXA,FRT,FSLR,FTNT,FTV,GD,GDDY,GE,GEHC,GEN,GEV,GILD,GIS,GL,GLW,GM,GNRC,GOOG,GOOGL,GPC,GPN,GRMN,GS,GWW,HAL,HAS,HBAN,HCA,HD,HIG,HII,HLT,HON,HONA,HOOD,HPE,HPQ,HRL,HSIC,HST,HSY,HUBB,HUM,HWM,IBKR,IBM,ICE,IDXX,IEX,IFF,INCY,INTC,INTU,INVH,IP,IQV,IR,IRM,ISRG,IT,ITW,IVZ,J,JBHT,JBL,JCI,JKHY,JNJ,JPM,KDP,KEY,KEYS,KHC,KIM,KKR,KLAC,KMB,KMI,KO,KR,KVUE,L,LDOS,LEN,LH,LHX,LII,LIN,LITE,LLY,LMT,LNT,LOW,LRCX,LULU,LUV,LVS,LYB,LYV,MA,MAA,MAR,MAS,MCD,MCHP,MCK,MCO,MDLZ,MDT,MET,META,MGM,MKC,MLM,MMM,MNST,MO,MOS,MPC,MPWR,MRK,MRNA,MRSH,MRVL,MS,MSCI,MSFT,MSI,MTB,MTD,MU,NCLH,NDAQ,NDSN,NEE,NEM,NFLX,NI,NKE,NOC,NOW,NRG,NSC,NTAP,NTRS,NUE,NVDA,NVR,NWS,NWSA,NXPI,O,ODFL,OKE,OMC,ON,ORCL,ORLY,OTIS,OXY,PANW,PAYX,PCAR,PCG,PEG,PEP,PFE,PFG,PG,PGR,PH,PHM,PKG,PLD,PLTR,PM,PNC,PNR,PNW,PODD,PPG,PPL,PRU,PSA,PSKY,PSX,PTC,PWR,PYPL,Q,QCOM,RCL,REG,REGN,RF,RJF,RL,RMD,ROK,ROL,ROP,ROST,RSG,RTX,RVTY,SBAC,SBUX,SCHW,SHW,SJM,SLB,SMCI,SNA,SNDK,SNPS,SO,SOLV,SPG,SPGI,SRE,STE,STLD,STT,STX,STZ,SW,SWK,SWKS,SYF,SYK,SYY,T,TAP,TDG,TDY,TECH,TEL,TER,TFC,TGT,TJX,TKO,TMO,TMUS,TPL,TPR,TRGP,TRMB,TROW,TRV,TSCO,TSLA,TSN,TT,TTD,TTWO,TXN,TXT,TYL,UAL,UBER,UDR,UHS,ULTA,UNH,UNP,UPS,URI,USB,V,VEEV,VICI,VLO,VLTO,VMC,VRSK,VRSN,VRT,VRTX,VST,VTR,VTRS,VZ,WAB,WAT,WBD,WDAY,WDC,WEC,WELL,WFC,WM,WMB,WMT,WRB,WSM,WST,WTW,WY,WYNN,XEL,XOM,XYL,XYZ,YUM,ZBH,ZBRA,ZTS"
2026-06-30,"A,AAPL,ABBV,ABNB,ABT,ACGL,ACN,ADBE,ADI,ADM,ADP,ADSK,AEE,AEP,AES,AFL,AIG,AIZ,AJG,AKAM,ALB,ALGN,ALL,ALLE,AMAT,AMCR,AMD,AME,AMGN,AMP,AMT,AMZN,ANET,AON,AOS,APA,APD,APH,APO,APP,APTV,ARE,ARES,ATO,AVB,AVGO,AVY,AWK,AXON,AXP,AZO,BA,BAC,BALL,BAX,BBY,BDX,BEN,BF.B,BG,BIIB,BKNG,BKR,BLDR,BLK,BMY,BNY,BR,BRK.B,BRO,BSX,BX,BXP,C,CAH,CARR,CASY,CAT,CB,CBOE,CBRE,CCI,CCL,CDNS,CDW,CEG,CF,CFG,CHD,CHRW,CHTR,CI,CIEN,CINF,CL,CLX,CMCSA,CME,CMG,CMI,CMS,CNC,CNP,COF,COHR,COIN,COO,COP,COR,COST,CPAY,CPRT,CPT,CRH,CRL,CRM,CRWD,CSCO,CSGP,CSX,CTAS,CTSH,CTVA,CVNA,CVS,CVX,D,DAL,DASH,DD,DDOG,DE,DECK,DELL,DG,DGX,DHI,DHR,DIS,DLR,DLTR,DOC,DOV,DOW,DPZ,DRI,DTE,DUK,DVA,DVN,DXCM,EA,EBAY,ECHO,ECL,ED,EFX,EG,EIX,EL,ELV,EME,EMR,EOG,EQIX,EQR,EQT,ERIE,ES,ESS,ETN,ETR,EVRG,EW,EXC,EXE,EXPD,EXPE,EXR,F,FANG,FAST,FCX,FDS,FDX,FDXF,FE,FFIV,FICO,FIS,FISV,FITB,FIX,FLEX,FOX,FOXA,FRT,FSLR,FTNT,FTV,GD,GDDY,GE,GEHC,GEN,GEV,GILD,GIS,GL,GLW,GM,GNRC,GOOG,GOOGL,GPC,GPN,GRMN,GS,GWW,HAL,HAS,HBAN,HCA,HD,HIG,HII,HLT,HON,HONA,HOOD,HPE,HPQ,HRL,HSIC,HST,HSY,HUBB,HUM,HWM,IBKR,IBM,ICE,IDXX,IEX,IFF,INCY,INTC,INTU,INVH,IP,IQV,IR,IRM,ISRG,IT,ITW,IVZ,J,JBHT,JBL,JCI,JKHY,JNJ,JPM,KDP,KEY,KEYS,KHC,KIM,KKR,KLAC,KMB,KMI,KO,KR,KVUE,L,LDOS,LEN,LH,LHX,LII,LIN,LITE,LLY,LMT,LNT,LOW,LRCX,LULU,LUV,LVS,LYB,LYV,MA,MAA,MAR,MAS,MCD,MCHP,MCK,MCO,MDLZ,MDT,MET,META,MGM,MKC,MLM,MMM,MNST,MO,MOS,MPC,MPWR,MRK,MRNA,MRSH,MRVL,MS,MSCI,MSFT,MSI,MTB,MTD,MU,NCLH,NDAQ,NDSN,NEE,NEM,NFLX,NI,NKE,NOC,NOW,NRG,NSC,NTAP,NTRS,NUE,NVDA,NVR,NWS,NWSA,NXPI,O,ODFL,OKE,OMC,ON,ORCL,ORLY,OTIS,OXY,PANW,PAYX,PCAR,PCG,PEG,PEP,PFE,PFG,PG,PGR,PH,PHM,PKG,PLD,PLTR,PM,PNC,PNR,PNW,PODD,PPG,PPL,PRU,PSA,PSKY,PSX,PTC,PWR,PYPL,Q,QCOM,RCL,REG,REGN,RF,RJF,RL,RMD,ROK,ROL,ROP,ROST,RSG,RTX,RVTY,SBAC,SBUX,SCHW,SHW,SJM,SLB,SMCI,SNA,SNDK,SNPS,SO,SOLV,SPG,SPGI,SRE,STE,STLD,STT,STX,STZ,SW,SWK,SWKS,SYF,SYK,SYY,T,TAP,TDG,TDY,TECH,TEL,TER,TFC,TGT,TJX,TKO,TMO,TMUS,TPL,TPR,TRGP,TRMB,TROW,TRV,TSCO,TSLA,TSN,TT,TTD,TTWO,TXN,TXT,TYL,UAL,UBER,UDR,UHS,ULTA,UNH,UNP,UPS,URI,USB,V,VEEV,VICI,VLO,VLTO,VMC,VRSK,VRSN,VRT,VRTX,VST,VTR,VTRS,VZ,WAB,WAT,WBD,WDAY,WDC,WEC,WELL,WFC,WM,WMB,WMT,WRB,WSM,WST,WTW,WY,WYNN,XEL,XOM,XYL,XYZ,YUM,ZBH,ZBRA,ZTS"
